Hirschsprung disease is generally consistent with sex-modified multifactorial inheritance. However, mutations in genes related to the disease may also result in dominant or recessive patterns of inheritance.
Insufficient evidence in retrieved documents.
yes
yes
yes
no
miR-132 | miR-26a | let-7b | miR-145
Acetylcholinesterase inhibitors | Pyridostigmine bromide | Neostigmine
yes
Insufficient evidence in retrieved documents.
Bazex syndrome | Acrokeratosis paraneoplastica of Bazex
Class I | Class II | Class III | Class IV
There are four different mammalian Notch receptors
Arrested cell-cycle progression | Development of aberrant gene expression with proinflammatory behavior
castration-resistant prostate cancer | prostate cancer
no
Oct4 | Sox2 | Klf4 | c-Myc
The Chromosome-centric Human Proteome Project (C-HPP) aims to systematically map the entire human proteome and create an annotated proteomic catalog for each chromosome. This international effort seeks to enhance our understanding of human biology at the cellular level and to make progress in understanding human biology in health and disease. The project follows a chromosome-centric strategy to map the proteins encoded by the human genome.
Plasma membrane | ATP release channel | Open-channel conformations
Alpers syndrome | Progressive external ophthalmoplegia | Ataxia-neuropathy syndromes
Ivabradine improves left ventricular function in heart failure and reduces remodeling following myocardial infarction. It also improves prognosis in patients with heart failure and left ventricular dysfunction.
Insufficient evidence in retrieved documents.
yes
Autosomal dominant | Autosomal dominant mode of inheritance
yes
Calsequestrin | Ryanodine receptor calcium release channel | Triadin | Junctin
Insufficient evidence in retrieved documents.
TRH exerts a positive inotropic effect on cardiac contractility. Specifically, TRH in the range of 0.1-10 mumol/l increases cardiac contractility.
yes
left-handed, four-helix bundle topology | conserved bromodomain structural fold | DnaQ family fold
Insufficient evidence in retrieved documents.
Renal sympathetic denervation reduces blood pressure, renal and systemic sympathetic nerve activity, and heart rate. The reduction in blood pressure appears to be sustained for at least 3 years. It is also considered a promising new approach for some patients.
c-Jun NH2-terminal kinase (Jnk)
Insufficient evidence in retrieved documents.
yes
Insufficient evidence in retrieved documents.
EWS-FLI1 | EWS/FLI1 | EWS-Fli1
Acquired hemolytic anemia | Microangiopathic hemolytic anemia | Thrombocytopenia | Renal failure | Acute renal failure
yes
Inhibition of cell migration of human colon carcinoma cells in wound-healing assays. | Decreased RhoA activation in Mv1Lu epithelial cells.
acute ischemic stroke
Insufficient evidence in retrieved documents.
yes
The EORTC QLQ-INFO25 questionnaire evaluates the information received by cancer patients.
yes
Available data suggest an association between hormone replacement therapy and increased meningioma risk, although this association is not definitive. Estrogen replacement therapy is recommended for postmenopausal women for other health benefits.
no
yes
Insufficient evidence in retrieved documents.
yes
S-adenosyl-L-methionine (AdoMet) | S-adenosylmethionine (SAMe) | AdoHcy
yes
Hh pathway
S-phase | G2/M
Insufficient evidence in retrieved documents.
Aryl hydrocarbon receptor interacting protein (AIP) gene | AIP gene | Aryl-hydrocarbon interacting protein gene
L29Q | A8V | E134D | D145E | C84Y
Auricular acupuncture may have some effect on smoking cessation, but one study found it no more effective than sham acupuncture. However, acupuncture combined with auricular point sticking and pressing may have a reliable therapeutic effect. Another study found no significant difference in smoking cessation rates between treatment and control groups.
high methylation of H3 lysine 9
telomerase | human telomerase reverse transcriptase
Insufficient evidence in retrieved documents.
yes
yes
no
Insufficient evidence in retrieved documents.
Are you asking about clathrin in the context of a specific disease, drug, or research area?
Insufficient evidence in retrieved documents.
yes
yes
Insufficient evidence in retrieved documents.
Insufficient evidence in retrieved documents.
Insufficient evidence in retrieved documents.
yes
Advanced, oestrogen receptor-positive, HER2-negative breast cancer patients
yes
Side effects that warrant further investigation
yes
Filter-aided sample preparation
Insufficient evidence in retrieved documents.
yes
physical activity in daily life | time upright (standing or walking) | time standing | time walking | step count | whole-body acceleration | objective activity data | activity levels
JASPAR 2022 | JASPAR 2010 | JASPAR phyloFACTS | JASPAR CORE
Ichthyosis follicularis | Atrichia | Photophobia
Insufficient evidence in retrieved documents.
yes
Transcription Factor EB (TFEB)
Antibiotics which inhibit bacterial peptidoglycan biosynthesis | Bacitracin | Fosfomycin
no
no
*   Almost total lack of myelin within the cerebral hemispheres
*   Patchy hypomyelination of the cerebellum
*   Strongly prolonged visual evoked response pointed to a dysfunction of the white matter
Insufficient evidence in retrieved documents.
The personality trait of neuroticism is associated with advanced stages of neurofibrillary tangles and tau, which are risk factors for Alzheimer's disease. Neuroticism may also moderate the relationship between the APOE [Latin Small Letter Open E]-4 genotype and cognitive outcomes.
Insufficient evidence in retrieved documents.
no
Chromosomal translocation | Detection of gene fusion events | cDNA arrays
yes
Insufficient evidence in retrieved documents.
Hypertrophic cardiomyopathy (HCM) is a clinically heterogeneous genetic heart disease characterized by left ventricular hypertrophy in the absence of another disease that could explain the wall thickening. It is also one of the most common heart disorders, with gene mutations in the cardiac sarcomere.
mutations in both the CBP and EP300 genes
Insufficient evidence in retrieved documents.
Self-renewal of embryonic stem (ES) cells | Promotes the expression of the pluripotent factor Lin28 | Promotes the self-renewal of embryonic stem cells through Lin28.
The principle of the PAR-CLIP methodology involves identifying the precise position of crosslinking by identifying mutations residing in the sequenced cDNA of cDNA libraries prepared by PAR-CliP.
lithium carbonate | antithyroid drugs
Spastic diplegia diagnosis can be challenging, particularly in distinguishing it from hereditary spastic paraparesis (HSP) in early-onset cases. Full body gait analysis may improve diagnostic discrimination between these conditions. The diagnosis of spastic diplegia is made in children with conditions such as human immunodeficiency virus encephalopathy (HIVE).
mutations in the neurofibromin (NF1) gene | mutation in chromosome 17 | somatic mutational spectrum of the neurofibromatosis type 1 (NF1) gene
selenoprotein P | HSelP
r3Cseq
Insufficient evidence in retrieved documents.
yes
yes
Insufficient evidence in retrieved documents.
Insufficient evidence in retrieved documents.
To isolate soluble lysosomal proteins, affinity chromatography using immobilized mannose-6-phosphate receptor (MPR) can be used. This method exploits the presence of mannose-6-phosphate (M6P) on these proteins.
Insufficient evidence in retrieved documents.
Multiple | Three | One
Brooke-Spiegler syndrome | Familial cylindromatosis | Familial trichoepithelioma
Loss of function of the survival motor neuron gene (SMN1) | Mutations in TRPV4 | Survival motor neuron (SMN) protein deficiency
Signs and symptoms resulting from chronic exposure to excess corticosteroids
TBC1D7
Insufficient evidence in retrieved documents.
Chk2 splice variants impair wild-type Chk2 activity through heterodimerization, independent of their intrinsic kinase activity. These variants express a dominant-negative effect on wild-type Chk2 kinase activity.
Insufficient evidence in retrieved documents.
Coxsackie B viruses (types 1 to 5)
CCM1/KRIT1 | CCM2/MGC4607 | CCM3/PDCD10
yes
Tarlov cysts, also known as perineurial cysts, are lesions of the nerve root often found in the sacral region. They are also referred to as sacral perineural cysts. These cysts can be disseminated.
Medications searched for in Medline and Embase | Medications searched for in Medline, Embase, and Cochrane Database
mutational status of immunoglobulin heavy variable (IGHV) genes | mutated CLL (M-CLL) and unmutated CLL (U-CLL)
no
yes
Insufficient evidence in retrieved documents.
Are you asking about hyperosmia as a symptom, or something else?
Over 10,000 | lncRNAs | enhancer-derived RNAs
Clostridium botulinum
Protects against | Promotes early stages of aggregation
hypomyelination | hypodontia | hypogonadotropic hypogonadism
Insufficient evidence in retrieved documents.
yes
Dnmt3
centromeric nucleosomes | inner kinetochore plate | active mammalian centromeres
Chromatic proteins | Regulatory proteins | Chromodomain helicase DNA-binding protein-7 | HP1 proteins | Polycomb proteins | CDY family proteins | CDY | CDYL | CDYL2
Are you asking about the Genomicus database or something else?
yes
Insufficient evidence in retrieved documents.
COUGER is a tool that takes as input two sets of genomic regions bound by paralogous TFs and identifies a small set of putative co-factors that best distinguish the two sets of sequences. It uses a classification approach, with features that reflect the DNA-binding specificities of the putative co-factors.
*   Insufficient evidence in retrieved documents.
no
yes
Insufficient evidence in retrieved documents.
Insufficient evidence in retrieved documents.
yes
GBshape
Ceftriaxone has been evaluated as a potential therapeutic agent for amyotrophic lateral sclerosis (ALS) and has been in clinical trials. While phase 2 data was promising, a phase 3 trial of ceftriaxone in ALS did not demonstrate clinical efficacy.
Insufficient evidence in retrieved documents.
yes
Insufficient evidence in retrieved documents.
yes
Insufficient evidence in retrieved documents.
Insufficient evidence in retrieved documents.
yes
yes
Histone methyltransferases mediate histone methylation, as shown by their ability to methylate histone H3 at lysine 9 (H3-Lys9). SU(VAR)3-9 like histone methyltransferases control heterochromatic domains in eukaryotes.
yes
yes
E3-ubiquitin ligase activity
ATG3 | ATG8/LC3 | lamp2a
yes
yes
Type A antigen | Synthesis from Neu5Ac | Exogenously and metabolically incorporate from dietary sources
yes
Insufficient evidence in retrieved documents.
Insufficient evidence in retrieved documents.
yes
Insufficient evidence in retrieved documents.
Weaver syndrome | Myeloid malignancies
*   ExTopoDB
Hirschsprung disease (HSCR) | Hirschsprung disease | HSCR
Fanconi anemia (FA) | Fanconi anemia | The disease
Orally administered | Orally bioavailable | Second-generation PI
Insufficient evidence in retrieved documents.
Establishment of structurally and functionally distinct chromatin compartments | Genes in "open" chromatin compartments have access to transcription and splicing complexes | Large-scale organization of chromatin within the eukaryotic nucleus
no
yes
Insufficient evidence in retrieved documents.
Functional associations of proteins can be inferred from gene fusion events through domain fusion analysis and systematic genome comparisons. Detecting gene fusion events can predict functional associations, including physical interactions or complex formation of proteins. Gene fusion can yield valuable information to infer the interactions and functions of proteins.
*   Paraspeckle protein component 1
Insufficient evidence in retrieved documents.
yes
yes
The Genomic Regions Enrichment of Annotations Tool (GREAT) is a tool developed to analyze the functional significance of cis-regulatory regions identified by localized measurements of DNA binding events across an entire genome. GREAT incorporates distal binding sites and controls for false positives using a binomial test over the input genomic regions.
Insufficient evidence in retrieved documents.
no
Ras-induced RhoA activation is involved in the invasion and migration of bladder cancer.
Orai1 | Orai3 | SHMT2
Insufficient evidence in retrieved documents.
Thyroid hormone levels are correlated with myocardial functional status in heart failure patients [1]. Thyroid hormone may also play a cardioprotective role in reverting adverse cardiac remodeling [2]. Reduced expression of thyroid hormone receptors is associated with heart failure [3, 4].
Insufficient evidence in retrieved documents.
transcribed strand | transcribed strand of active genes
Chromosome 3p24.2-p26 | Chromosome 17q25
UUCCUUAAC
Protein A from Staphylococcus aureus is used as an affinity ligand for purification of immunoglobulin G (IgG). This application is based on affinity chromatography.
Clarithromycin and azithromycin are suggested antimicrobial therapies for Mycobacterium avium infections. Clarithromycin is specifically mentioned for Mycobacterium avium complex infections and Mycobacterium avium infection in AIDS patients. Capuramycin analogues are also being tested as antimycobacterial agents against Mycobacterium avium.
Insufficient evidence in retrieved documents.
Loss of TSC1 (9q34) or TSC2 (16p13.3) genes | Genetic alterations related to the tuberous sclerosis complex (TSC) | Studies of the genetic disease tuberous sclerosis complex (TSC)
Regulation of transcription | Genome-wide incorporation of H3.3 into paternal chromatin | Alter the levels of HP1a
Insufficient evidence in retrieved documents.
D22S1 | D22S15
no
Insufficient evidence in retrieved documents.
NEDD8-activating enzyme (NAE) | Nedd8-activating enzyme | NEDD8-activating enzyme inhibitor
HS-1-associated protein X-1 (HAX-1) | HAX-1
yes
MammaPrint has prognostic value. The retrieved document suggests it is a prognostic signature.
yes
no
Insufficient evidence in retrieved documents.
no
Insufficient evidence in retrieved documents.
no
May reduce the number of exacerbations | Not recommended | Insufficient evidence in retrieved documents.
no
Insufficient evidence in retrieved documents.
yes
Are you asking about a specific gene, a research technique, or something else related to "enCHIP"?
At least eight (HOXD3-HOXD13) of the nine | Nine | Insufficient evidence in retrieved documents.
Are you currently pregnant, or planning to become pregnant?
Mdm2 | MDM2
yes
Human neurodegenerative diseases
hEAAT2 | EAAT1
Sorting nexin 27 (SNX27) participates in vesicular and protein trafficking and regulates the intracellular trafficking of ion channels and receptors. It is involved in intracellular trafficking.
yes
Insufficient evidence in retrieved documents.
classical silver staining method | Stain-Free technology
Aptamers have potential clinical uses, with one (Macugen) already approved and others in clinical trials. Specific applications under consideration include alleviating blood clotting and treating AIDS. Aptamers are in various stages of development, including pre-clinical studies, clinical trials, and as FDA-approved therapeutics.
Insufficient evidence in retrieved documents.
Insufficient evidence in retrieved documents.
Bilambdoid synostosis | Posterior sagittal synostosis | Sagittal suture
yes
Hedgehog (Hh) | Notch | Wnt | c-Met | erbB2 | IGF-R | TrkC | Myc | Insulin-like growth factor (IGF) | Phosphatidylinositol 3'-kinase/AKT
Invadopodia drive local invasion in metastasis. The transcription factor Twist1, a central regulator of EMT, promotes invadopodia formation. Inhibition of invadopodia blocks matrix degradation.
Cancer driver genes are genes involved in cancer development that can be identified through methods like exome sequencing. Identifying these genes can be improved by adjusting for mutation frequency biases and combining complementary methods. NetDiseaseSNP can also discriminate between cancer driver and passenger mutations.
Insufficient evidence in retrieved documents.
Amiodarone-induced thyrotoxicosis can be treated with timely administration of anti-thyroid medications, with or without corticosteroids. The addition of lithium carbonate to other drugs has also been shown to be a successful and safe therapy.
Insufficient evidence in retrieved documents.
yes
Fever | Skin rash | Gastrointestinal disorders | Respiratory symptoms | Enanthema
Insufficient evidence in retrieved documents.
yes
yes
t(11;22)(q24;q12) translocation | telomerase | Insufficient evidence in retrieved documents.
Mage-A4 | alpha-defensins (DEFA)
mTOR pathway | Hedgehog pathway | Notch pathway
yes
Insufficient evidence in retrieved documents.
Insufficient evidence in retrieved documents.
Insufficient evidence in retrieved documents.
The evidence suggests that it is not sufficiently established whether Helicobacter pylori infection represents a risk factor for ischemic stroke. Studies have yielded variable results, and one case-control study did not reveal any strong association between chronic Helicobacter pylori infection and ischemic stroke.
Flaccid dysarthria | Spastic dysarthria | Ataxic dysarthria | Hyperkinetic dysarthria | Hypokinetic dysarthria | Mixed dysarthria
yes
The LINX system treats gastroesophageal reflux disease (GERD) through magnetic sphincter augmentation (MSA) of the gastroesophageal junction. The LINX Reflux Management System is a form of MSA.
beta-galactosidase | acid beta-galactosidase | β-d-galactosidase
Characteristic features diagnostic of cerebral hemiatrophy | Characteristic features | Cellular hypersensitivity to DNA cross-linking agents
TAZ gene | tafazzin | SOX10
Insufficient evidence in retrieved documents.
Down-regulation of Bmal1 accelerates the development of tumours [1]. BMAL1 is a positive element of the circadian autoregulatory feedback loop [5] and plays a role in transcriptional activation [3]. Altered expression patterns of Bmal1 have been observed [4].
Histone H3 methylation
CLIC1 is localized in the cytoplasm and plasma membrane of cells. Its nuclear localization pattern can be changed by insulin stimulation.
K/R-X-K/R-X-X-S/T
Rivaroxaban | Warfarin
The SPIKE database stores, organizes, and allows retrieval of information about human signaling pathways. It contains curated interactions and literature-referenced information and provides a tool for analysis and visualization of pathways. This makes it useful for the research community.
yes
Insufficient evidence in retrieved documents.
The Barr body is an inactivated X chromosome in a female somatic cell.
yes
yes
Insufficient evidence in retrieved documents.
yes
no
Insufficient evidence in retrieved documents.
Three | 3
yes
no
Eye reaction | Motor function | Brainstem reflexes | Respiratory pattern
bone | cartilage | muscles | vessels | nerves in the craniomaxillofacial complex | liver | lymphoid organs | vascularized human organs
yes
yes
Insufficient evidence in retrieved documents.
yes
In acoustic neuroma patients, the likelihood of depression may increase with the number of symptoms. The number of symptoms predicts depression in these patients. This appears to be the first study among acoustic neuroma patients in which anxiety and depression were compared across management options.
Insufficient evidence in retrieved documents.
Insufficient evidence in retrieved documents.
yes
Small-cell lung cancer | Anaplastic small-cell lung cancer
Lanthionine-containing peptide antibiotics
Early-onset congenital cataracts | Microcornea | Microphthalmos | Micropupil
no
yes
Could you please specify the context or specific gene/condition you are interested in?
yes
yes
Ras | Raf | BRAF
Are you asking about a specific hemoglobin variant?
Insufficient evidence in retrieved documents.
Are you asking about the specific protein target of MK-3475 and CT-011 in a particular malignancy, or in general?
Insufficient evidence in retrieved documents.
Insufficient evidence in retrieved documents.
Formin family | Formin family proteins
yes
yes
delta-distance
Insufficient evidence in retrieved documents.
Insufficient evidence in retrieved documents.
Genomics | Transcriptomics | Proteomics | Glycomics | Epigenomics
Insufficient evidence in retrieved documents.
Insufficient evidence in retrieved documents.
Squamous cell carcinoma
yes
Insufficient evidence in retrieved documents.
no
1:5000 of live-born | Insufficient evidence in retrieved documents.
yes
Insufficient evidence in retrieved documents.
* Insufficient evidence in retrieved documents.
parkin gene
Ranolazine reduces sodium-dependent calcium overload in the heart. It also has only a small effect on the basal calcium current.
The Reverse Warburg effect involves energy transfer where stromal fibroblasts undergo aerobic glycolysis, producing pyruvate/lactate that cancer cells use as fuel. In contrast, the conventional Warburg effect, as described in the snippets, occurs in the stromal fibroblasts themselves. Thus, the primary distinction lies in the direction of energy flow and the cell type primarily exhibiting aerobic glycolysis.
Period (Per) genes are key circadian rhythm regulators in mammals. Genetic ablation of mPER1 and mPER2 results in a complete loss of circadian rhythm control.
no
BCR-ABL tyrosine kinase | Bcr-Abl tyrosine kinase | BCR-ABL fusion protein
Insufficient evidence in retrieved documents.
CancerSubtypes | psygenet2r | Insufficient evidence in retrieved documents.
Hydrocephaly | Chorioretinitis | Intracerebral calcifications
Fewer than 100 | More than 200 | Insufficient evidence in retrieved documents.
yes
Insufficient evidence in retrieved documents.
Differentiated cells | Almost all cell types | Early vertebrate embryos
Insufficient evidence in retrieved documents.
Insufficient evidence in retrieved documents.
Directional mutation pressure introduces mutational biases between alpha-bases (A or T) and gamma-bases (G or C). This pressure contributes to the variation of the DNA G + C content.
What is the specific context or application you're interested in regarding the yeast proteome?
Arg403Gln missense mutation in the alpha-myosin heavy chain
Aortic regurgitation with progressive dilatation of the aortic root | Dissection and rupture of the ascending aorta | Mitral valve prolapse | Mitral valve regurgitation | Aortic root dilation | Annuloaortic ectasia
A novel alpha-tropomyosin mutation associates with both | Excessively thickened endocardial layer with deep intertrabecular recesses | Reminiscent of the myocardium during early embryogenesis
AMPK activation protects cardiac structure and function in the diabetic heart by increasing cardiac autophagy. Conversely, genetic inhibition of AMPK in cardiomyocytes exacerbates cardiac dysfunction and increases mortality in diabetic mice.
yes
Hypertrophic cardiomyopathy (HCM) | Hypertrophic cardiomyopathy
no
10% to 15% since 2001
Insufficient evidence in retrieved documents.
Significantly modifies respiratory function and plant performance | Alters the mitochondrial proteome | Leads to altered metabolite profiles | Leads to growth retardation | No accumulation of oxidative damage | Small but broad alterations in the mitochondrial proteome | Subtly changing steady-state protein assembly, stability, and damage of a range of components | Debilitate an anaplerotic role for mitochondria in cellular carbon metabolism
GAN gene | gigaxonin gene
no
no
Insufficient evidence in retrieved documents.
Insufficient evidence in retrieved documents.
yes
Eukaryotic DNA replication terminates when replisomes from adjacent replication origins converge. Termination involves local completion of DNA synthesis, decatenation of daughter molecules, and replisome disassembly.
Insufficient evidence in retrieved documents.
Insufficient evidence in retrieved documents.
no
Alemtuzumab
yes
Nucleus accumbens
yes
The lunar cycle seems to affect the incidence of intracranial aneurysm rupture. Specifically, the new moon is associated with an increased risk of aneurysmal subarachnoid hemorrhage (SAH).
yes
no
Insufficient evidence in retrieved documents.
Patients with risk factors | Depends on the presence of risk factors | Insufficient evidence in retrieved documents.
no
Homoplasy can make regions unreliable for phylogenetic reconstruction and may alter phylogenetic reconstructions. Distinguishing phylogenetic signal from homoplasy is a challenge in phylogenetic reconstruction. Minimal homoplasy, on the other hand, allows for highly accurate phylogenetic reconstruction.
Maternal use of antidepressants, including selective serotonin reuptake inhibitors (SSRIs) during pregnancy has been associated with an increased risk of autism spectrum disorders in offspring. Prenatal exposure to SSRIs, particularly during the first trimester, may modestly increase the risk of ASD.
SNAIL | SLUG | TWIST | Transcription factor 3 (TCF3) | snail-2 (SLUG)
yes
no
Prader-Willi Syndrome (PWS) | Temple Syndrome | Kagami-Ogata Syndrome
Chromatin insulators are incorporated into gene therapy vectors to overcome the problem of position effects. They shelter genes from the transcriptional influence of surrounding chromatin.
Iron deficiency | Brain iron deficiency | Iron deficiency in the central nervous system
Insufficient evidence in retrieved documents.
loss of memory | memory problems
yes
Pheochromocytomas | Paragangliomas | Pancreatic neuroendocrine tumors (PNETs)
Three
yes
SERCA levels are reduced in diabetic hearts. SERCA is a pump expressed in cardiac muscle, and its function is modulated by phospholamban (PLB) and sarcolipin (SLN).
no
Insufficient evidence in retrieved documents.
no
2-deoxycoformicin | Pentostatin
yes
no
In academic neurosurgery, there is a positive association between h-index and academic rank. The h-index increases with academic rank, and clear differences in h-indices exist between different academic ranks. An increase of the h index by 5 appears to correspond to the next highest academic rank, with the exception of chairperson.
yes
Mindfulness training may be valuable in supporting dietary changes for men with recurrent prostate cancer. One study suggests it may help with both starting and maintaining these changes. This provides encouraging evidence for the feasibility of dietary programs that include mindfulness training for this patient population.
There is no current national prostate cancer screening program in the UK, and screening of asymptomatic men is not encouraged by the NHS or recommended by the National Screening Council [2, 3]. However, research trials such as the CAP and ProtecT studies are evaluating prostate cancer screening and treatment [1]. PSA testing is being utilized in regions where screening is not recommended [5].
Deficient expression of calcitonin | Deficiency of calcitonin | Reduced calcitonin levels
Secreted frizzled-related protein 3 (sFRP3) is produced by multiple myeloma cells. However, it is also hypothesized to be a tumor suppressor gene, and its chromosomal region is frequently deleted in cancers, suggesting its levels may be decreased in some cancers. Down-regulation of frizzled-related proteins has been observed in many human cancers.
Albumin depletion is a suitable prefractionation method for structural determination of glycoproteins in the study of neurodegenerative disorders and can be performed without CV impairment. There is no mention of any disadvantages in the provided snippets.
LincRNAs affect gene expression regulation through cis-eQTLs, with their regulation being independent of neighboring protein-coding genes [1]. They are also involved in transcriptional regulation in cis, potentially through enhancer marks in their promoters [2]. Some lincRNAs may regulate neighboring protein-coding genes, particularly those with developmental functions [3].
Insufficient evidence in retrieved documents.
Serine 129 | Ser129
yes
Insufficient evidence in retrieved documents.
no
Insufficient evidence in retrieved documents.
yes
Treatment of insomnia (trazodone) | Treatment of premature ejaculation (dapoxetine) | Use in children and adolescents | Treatment of stress incontinence after radical prostatectomy or cystectomy (duloxetine)
Pyknons arrange combinatorially in the untranslated and coding regions of numerous human genes where they form mosaics. They have only been discovered in the human genome.
yes
Deadenylases catalyze the degradation of eukaryotic mRNA poly(A) tails. They play a key role in the regulated shortening of the poly(A) tail, which is the first step in mRNA turnover. Deadenylases also have a role in miRNA-mediated regulation of mRNA expression.
Insufficient evidence in retrieved documents.
6 kb | 7kb | Insufficient evidence in retrieved documents.
NF1 gene | NF1
Insufficient evidence in retrieved documents.
yes
U1 small nuclear RNA can be used therapeutically to correct splice defects or carry antisense sequences. Mutation-adapted U1 small nuclear RNA or U1 adaptors can be used to rescue splicing in diseases like Haemophilia B, cystic fibrosis, and spinal muscular atrophy [3, 4].
Generic switch after ramipril patent expiry is not associated with decreased pharmacy refill compliance.
yes
yes
no
TP53 | ATM | MYD88 | NOTCH1 | SF3B1 | ZMYM3 | MAPK1 | FBXW7 | DDX3X
Immunotherapy using dendritic cells has been successfully introduced in clinical vaccination protocols and has proven to be feasible and effective in some patients. However, a better understanding of how dendritic cells induce and modulate immunity is necessary to optimally exploit them in anticancer vaccines.
Insufficient evidence in retrieved documents.
Christianson syndrome
Insufficient evidence in retrieved documents.
Lock mass is used to compensate for drifts in instrument calibration, providing an internal mass standard in every spectrum during Orbitrap measurements. This helps ensure accurate mass determination when using the Orbitrap mass analyzer.
CMV infection and disease | CMV disease | specific indications
yes
Insufficient evidence in retrieved documents.
translocation of the EWS gene with the transcription factor gene FLI1 | t(11;22)(q24;q12) | EWS-FLI1 fusion
yes
Could you specify which tissue type(s) you are interested in?
Ascites | Pleural effusion
Might stabilize c-myc mRNA | Protecting it from endonucleolytic cleavage
Insufficient evidence in retrieved documents.
yes
no
Insufficient evidence in retrieved documents.
alpha-synuclein
Fetal aneuploidy | Hirschsprung disease | IUGR | Intrauterine fetal demise
Insufficient evidence in retrieved documents.
Lipid phosphatases | Phosphoinositide lipid phosphatases | Protein-tyrosine phosphatase-like enzymes
yes
Insufficient evidence in retrieved documents.
no
Insufficient evidence in retrieved documents.
The Carotid Occlusion Surgery Study (COSS) examined whether superficial temporal artery-middle cerebral artery (STA-MCA) bypass, in addition to best medical therapy, reduced the risk of ipsilateral ischemic stroke in patients with carotid artery occlusion and hemodynamic cerebral ischemia.
*   Provides a global perspective of H2A regulation through the cell cycle.
*   Unequivocal identification of H2A forms.
Situs inversus, bronchiectasis and sinusitis triad | Situs viscerum inversus, bronchiectasis and sinusitis triad | Clinical triad of bronchitis, sinusitis, and situs inversus
yes
Insufficient evidence in retrieved documents.
KDEL | Lys-Asp-Glu-Leu
Insufficient evidence in retrieved documents. The snippets mention a clinical trial investigating metformin use in women with polycystic ovary syndrome undergoing IVF, but the outcomes of the trial are not provided.
Trypsin
Mfd
The association between generalized anxiety disorder and mortality risk is complex. While some evidence suggests increased mortality, particularly in older people, other findings indicate no significant excess mortality and potentially even a protective effect in depressive elderly individuals. The relationship requires further investigation.
Insufficient evidence in retrieved documents.
Insufficient evidence in retrieved documents.
yes
Treatment with recombinant human granulocyte colony-stimulating factor (r-metHuG-CSF) leads to a rise in the absolute neutrophil counts (ANC) in patients with severe congenital neutropenia.
KVLQT1 | HERG | SCN5A | KCNE1 | KCNE2
yes
Resveratrol inhibits mTOR signaling. This inhibition occurs through promotion of the interaction between mTOR and DEPTOR and by reducing phosphorylation of ribosomal protein S6. Resveratrol also inhibits mTOR mitogenic signaling.
yes
Insufficient evidence in retrieved documents.
AMP-activated protein kinase (AMPK) is a key sensor of cellular energy. Activation of AMPK by metformin prevents cardiac remodeling after myocardial infarction (MI).
Insufficient evidence in retrieved documents.
Skin hyperextensibility | Dystrophic scarring | Joint hypermobility
Gabapentin | Amitriptyline
The "calcium paradox" in the isolated perfused heart refers to the deleterious effects and irreversible cell damage that occur when the heart is perfused with a calcium-containing solution after being perfused with a calcium-free solution. This phenomenon is characterized by alterations in the physiology and biochemistry of the tissue, including loss of mechanical activity and sarcomere disruption. It is also associated with rapid consumption of myocardial high-energy phosphate stores.
no
Hsp70 and Hsp110 proteins bind to RNA motifs involved in mRNA stability. They preferentially bind AU-rich RNA in vitro.
Insufficient evidence in retrieved documents.
Insufficient evidence in retrieved documents.
yes
Insufficient evidence in retrieved documents.
Are you asking about the FINDbase database of mutations and allelic variants, or something else?
yes
MeCP2 | methyl-CpG-binding protein 2 | MECP2
yes
D2
TIEG | PON1 | PON2 | PON3 | stimulator of interferon genes (STING)
Insufficient evidence in retrieved documents.
Empagliflozin | Dapagliflozin | Canagliflozin
glucocerebrosidase gene | GBA
Insufficient evidence in retrieved documents.
DEB and MMC stressing are reliable techniques for the definitive cytogenetic diagnosis of Fanconi anemia homozygosity. A cytogenetic test is also reliable in ascertaining the diagnosis of FA.
yes
Lysine-specific demethylase 1 (LSD1) is involved in Sal-like protein 4 (SALL4)-mediated transcriptional repression in hematopoietic stem cells. It restricts hematopoietic progenitor proliferation and is essential for terminal differentiation. Furthermore, the interaction of TAL1 with LSD1, regulated by phosphorylation, influences methylation and gene activation during hematopoiesis.
Psychosis | Symptoms such as delusions, hallucinations, agitation and aggressive behaviour | Schizophrenia | Childhood and adolescent schizophrenia | Late prodromal stages of psychosis
Insufficient evidence in retrieved documents.
Induced pluripotent stem cells (iPSCs) hold promise for studying cardiovascular development and cell-based therapy of heart diseases. They also have potential applications in regenerative medicine for cardiovascular disease. iPSCs are expected to change the practice of cardiovascular medicine.
Hirschsprung disease | mental retardation | microcephaly
LEKTI | serine protease inhibitor Kazal-type 5 protein
SPINK5 gene | Serine protease inhibitor Kazal-type 5 protein (LEKTI)
Parkinson's disease | Lewy body diseases | Dementia with Lewy bodies
type I iodothyronine deiodinase | type III iodothyronine deiodinase
Mastermind (Mam/MAML) | Notch intracellular domain (NICD) | Suppressor of Hairless (CSL)
Insufficient evidence in retrieved documents.
Repressor
yes
yes
Insufficient evidence in retrieved documents.
Type 2 diabetes | Type 2 diabetes and CKD | Type 2 diabetes mellitus
*   Pharmacophore mapping
*   3D pharmacophore methods
*   HypoGen pharmacophore model
*   Pharmacophore Elucidation
yes
First trimester | During the first trimester of pregnancy | first-trimester maternal plasma
yes
yes
Are you asking about a specific gene, protein, or something else related to TFBSshape?
yes
yes
*   2-aminobenzamide histone deacetylase inhibitors
*   Histone deacetylase inhibitors (HDACi)
Insufficient evidence in retrieved documents.
*   MLC-2 gene
yes
Tofacitinib | Xeljanz
A truncated reading frame upstream of an IRES is generated by exon skipping, which leads to the synthesis of a functional N-truncated dystrophin isoform. This isoform attenuates dystrophinopathy by protecting muscle from contraction-induced injury and correcting muscle force.
Insufficient evidence in retrieved documents.
yes
Plays a role in serotonin clearance | Serotonin clearance | Influences mood and behavior
Individuals with Fanconi anemia face an increased risk of malignancy, cancer, and leukemia. Specifically, they have an increased risk of ESCC (esophageal squamous cell carcinoma), especially in Iran, associated with mutations in Fanconi anemia-predisposing genes.
yes
yes
yes
Wnt signaling pathways | canonical and noncanonical Wnt signaling pathways | Insufficient evidence in retrieved documents.
alpha-galactosidase A | Defective lysosomal alpha-galactosidase A (Gla)
no
yes
yes
IGF-1 prevents cell death and limits ventricular dilation, myocardial loading, and cardiac hypertrophy after myocardial infarction. Nanofiber-mediated IGF-1 delivery can also improve the recovery of myocardial structure and function after infarction when combined with CPC therapy.
There is currently no prostate cancer screening program in the UK, as it is not recommended by the National Screening Council or encouraged by the NHS. However, trials evaluating prostate cancer screening and treatment have been conducted in the UK. Some individuals have been reluctant to provide information about screening, possibly because it is not freely available in their area.
yes
CASPASE-1 (CASP1) | caspases-4 | caspases-5
insect genomes | Drosophila
Neutrophil elastase gene (ELA2) | ELA2 | Neutrophil elastase gene
Insufficient evidence in retrieved documents.
*   Everolimus
no
yes
*   TFCONES
Insufficient evidence in retrieved documents.
yes
The mammalian gene Irg1 is the mammalian ortholog of methylcitrate dehydratase, also known as immune response gene 1. The provided snippets do not elaborate on the specific function of Irg1 or methylcitrate dehydratase.
yes
Insufficient evidence in retrieved documents.
Systemic nickel allergy syndrome (SNAS) is a condition characterized by systemic reactions, including cutaneous and/or gastrointestinal symptoms, in individuals with nickel sensitivity or allergic contact dermatitis. These reactions are often triggered by ingesting nickel-rich foods.
Insufficient evidence in retrieved documents.
ILK is important for the function of osteoclasts. | ILK is significant for regulation of hepatocyte proliferation and differentiation. | Targeted ablation of ILK from the murine heart results in dilated cardiomyopathy and spontaneous heart failure. | ILK knockdown had no effect on the viability or survival pathway activity pattern of MM cells.
no
Insufficient evidence in retrieved documents.
yes
ELMO1 functions as a complex with Dock180 to mediate Rac activation in mammalian cell migration. ELMO1 also plays an essential role in Dock2-dependent lymphocyte migration.
Insufficient evidence in retrieved documents.
no
RNA polymerase II | RNA polymerase I | Unidentified RNA polymerase activity resistant to alpha-amanitin
Insufficient evidence in retrieved documents.
Insufficient evidence in retrieved documents.
There is no consensus on vancomycin dosing in newborns and young infants, and significant variation exists in dosing regimens. Simulations suggest that vancomycin dosing guidelines based on serum creatinine concentration may be more likely to achieve target trough concentrations in the 5-15-mg/L range. Standardized, evidence-based protocols should be prioritized.
Part of the CRISPR/Cas9 tool | Single guide RNAs (sgRNAs) | Insufficient evidence in retrieved documents.
Insufficient evidence in retrieved documents.
Carbamazepine | Valproate | Insufficient evidence in retrieved documents.
Insufficient evidence in retrieved documents.
1,4-benzothiazepine
Higher | Upregulated | Insufficient evidence in retrieved documents.
Are you asking about the use of oxantel pamoate specifically, or another form of oxantel?
Are you asking about apelin as a gene, a protein, or its role in a specific disease or condition?
Insufficient evidence in retrieved documents.
Insufficient evidence in retrieved documents.
Autosomal dominant
Insufficient evidence in retrieved documents.
yes
yes
mRNA P-bodies (processing bodies) harbour much of the mRNA decay machinery. Xrn1, LSM1, GW182, DDX3, and DDX6 are components of P-bodies.
Insufficient evidence in retrieved documents.
rfx6
no
Dermatology | Weight-loss
yes
DKC1 | TERC | TERT | NOP10
yes
circRNA_finder | find_circ | CIRCexplorer | CIRI | MapSplice
Insufficient evidence in retrieved documents.
alpha-synuclein | alpha-synuclein (AS)
Thyroid hormone influences mitochondrial biogenesis in the myocardium by inducing phenotypic alterations in cardiac mitochondria, influencing protein import and the expression of mitochondrial heat shock protein (mtHsp70). It also increases mitochondrial mass.
Transcription-factor occupancy at HOT regions quantitatively predicts RNA polymerase recruitment | HOT regions quantitatively tune the promoter for RNA polymerase II recruitment | HOT regions integrate signals to tune promoter for RNA polymerase II recruitment
non-synonymous single nucleotide polymorphisms | MC1R variants
XRN1
Distal hereditary motor neuropathy | Silver syndrome | Spastic paraplegia 17 | Distal HMN V
Insufficient evidence in retrieved documents.
AZ10397767 | SCH-527123
The FAA gene contains 43 exons spanning approximately 80 kb. Exon sizes range from 34 to 188 bp.
Are you asking about the SNORD116 gene, a condition related to it, or something else?
Insufficient evidence in retrieved documents.
Insufficient evidence in retrieved documents.
Catecholaminergic polymorphic ventricular tachycardia (CPVT) | Catecholaminergic polymorphic ventricular tachycardia (CPVT-2)
According to the provided evidence, the most frequent non-canonical sequence motifs at donor and acceptor splice sites are GC-AG pairs, which constitute 0.56% of such sites. Other non-canonical sequences exist, but they occur in small groups.
L-type channel antagonist | L-type channel blocker | Block of mammalian Ca(v) 1.2 currents
Cranberry juice helps combat urinary tract infections by preventing the adhesion of bacteria, such as Escherichia coli, to the bladder epithelium. This antiadhesion property is the proposed mechanism of action that makes cranberry juice a therapeutic agent for UTIs. Daily consumption of concentrated cranberry juice can prevent the recurrence of symptomatic UTIs.
Haemophilia | Respiratory Illness | Inflammatory diseases
Multiple myeloma (MM) | Myeloma growth | Relapsed and/or refractory multiple myeloma
*   LC3 subfamily
*   GABARAP subfamily
*   GABARAPL1
Flaviviridae
yes
The Triplex R/Bioconductor package searches DNA sequence data for nucleotide patterns that can form intramolecular triplexes (H-DNA). It combines a triplex DNA search algorithm with visualization tools, producing 2D and 3D diagrams of identified triplexes.
Based on the provided evidence:

Insufficient evidence in retrieved documents.
no
Insufficient evidence in retrieved documents.
Are you asking about transvection in the context of genetics, or something else?
Probiotics are recognized by gastrointestinal disease specialists as part of their therapeutic options. Specifically, *B. clausii* probiotics have been evaluated in clinical studies for managing various gastrointestinal disorders and symptoms. Probiotics also have immunomodulatory effects in inflammatory bowel diseases.
Arachnodactyly | Aortic root dilation | Mitral valve prolapse (MVP)
Insufficient evidence in retrieved documents.
dominantly inherited | genetic | genetic and phenotypic heterogeneity
HBS1L-MYB intergenic variants affect regulatory elements that interact with MYB, a regulator of erythroid development and HbF levels. These variants reduce transcription factor binding, affecting long-range interactions with MYB and its expression, thus modulating fetal hemoglobin levels. These variants act as enhancers that regulate the transcription of target genes.
Insufficient evidence in retrieved documents.
no
∼ 25 nm | 25 nm | 24 nm
yes
Insufficient evidence in retrieved documents.
Insufficient evidence in retrieved documents.
G-CSF treatment for severe congenital neutropenia carries a risk of developing MDS and acute myeloid leukemia (AML). The risk of leukemia increases with the degree of G-CSF exposure, and 10-30% of patients may develop acute myeloid leukemia. However, the risk of leukemia is stable long-term.
ventral intermediate thalamic nucleus (VIM)
Myosins-Ibeta | Myosin-VI | Myosin-VIIa
The treatment strategy for spinocerebellar ataxia type 3 (SCA3) involves ataxin-3 protein modification through the removal of the CAG-containing exon.
The angiogenin binding element (ABE) is located in the nontranscribed region of the ribosomal RNA gene. It is a DNA sequence with abundant CT repeats. Recombinant angiogenin concentrates in the pars granulosa of the nucleus.
IκBs | Sef | IkappaBgamma | p105
Insufficient evidence in retrieved documents.
Intracranial GBM | Spinal GBM | Recurrent glioblastoma | RGBM
Insufficient evidence in retrieved documents.
Could you please specify the context in which you're interested in angiocrine factors? For example, are you interested in a particular disease, organ, or research area?
Insufficient evidence in retrieved documents.
Mutations in the gene encoding a glial glutamate transporter, the excitatory amino acid transporter-1 | Reduced glutamate uptake by mutant excitatory amino acid transporter-1 | Mutations in the excitatory amino acid transporter-1 gene
Coordinates helicase and DNA polymerase alpha | Coupling MCM2-7 to replicative polymerases | Key role in coupling the MCM2-7 helicase to DNA polymerase alpha
yes
Inn1 couples contraction of the actomyosin ring to membrane ingression during cytokinesis. It interacts with Hof1 and Cyk3, and this interaction is important for cytokinesis. Cdc14 counteracts Cdk1 phosphorylation of Inn1 to facilitate Inn1-Cyk3 complex formation and promote cytokinesis.
Growth hormone deficiency | Cortisol deficiency
Cdc45 | Ctf4 | GINS complex subunits | PCNA | RPA | MCM2-7 helicase | SCF(Dia2) | AND-1 | DNA polymerases
Minimal absent words are a class of absent words. These words are minimal in the sense that if their leftmost or rightmost character is removed, then the resulting word is no longer an absent word.
Congenital central hypoventilation (CCHS) and Mowat-Wilson syndrome (MWS) are syndromic HSCR entities. CCHS is caused by PHOX2B gene mutations, and MWS is caused by ZFHX1B gene mutations.
cftr ΔF508 mutation | delta F508 CFTR | F508del
Aip1 | Ede1 | Inn1
yes
*   etioplasts
* Anti-IL-5 monoclonal antibodies
* Approved for biological therapy of uncontrolled eosinophilic asthma
* Biologics
Insufficient evidence in retrieved documents.
no
LRSAM1
ATF-2/c-Jun | IRF-3/IRF-7 | NF-kappaB | HMGI(Y)
yes
seqbias
meningiomas
Insufficient evidence in retrieved documents.
yes
Insufficient evidence in retrieved documents.
SGLT-2 | hSGLT-1
Muenke syndrome, also known as FGFR3-related craniosynostosis, is characterized by increased digital markings. Patients with unilateral coronal synostosis may show more severe asymmetry in the anterior part of the skull.
Cognitive behavioural treatment | Balovaptan
Istradefylline
Characterize myocardial diffuse fibrosis | Assess diffuse fibrosis | Detecting cardiac AL amyloidosis
Chaperone-mediated autophagy (CMA)
Insufficient evidence in retrieved documents.
Dabigatran therapy in atrial fibrillation patients can lead to prolonged aPTT values, but normal aPTT results can also be observed even with therapeutic dabigatran concentrations. There is a wide distribution of aPTT values in these patients. High aPTT might indicate bleeding risks.
skin-type anti-freeze protein-3 | type III anti-freeze proteins | pe III anti-freeze protein (AFP) | anti-freeze glycoprotein of Antarctic and Arctic notothenoids
CTD | Phosphorylated RNA Polymerase II | Insufficient evidence in retrieved documents.
yes
microRNAs | transcribed ultraconserved regions (T-UCRs) | small nucleolar RNAs (snoRNAs)
Insufficient evidence in retrieved documents.
Botulinum toxin type-A (BTX-A) can be considered as an add-on in the prophylactic treatment of cluster headache.
Phospholamban (PLN) inhibits the activity of the sarco(endo)plasmic reticulum calcium ATPase (SERCA). PLN is an endogenous regulator of SERCA and participates in maintaining normal intracellular calcium handling.
Sin1 | Rictor | mTOR
Digit ratio (2D:4D) is associated with gastric and oral cancers. A high digit ratio is also predictive of prostate cancer in men undergoing prostate biopsy, with a digit ratio greater than 0.95 significantly increasing the risk. The right hand digit ratio is specifically associated with oral cancer.
yes
yes
Atherogenic dyslipidemia | Elevated blood pressure | Elevated plasma glucose | Prothrombotic state | Proinflammatory state | Insulin resistance | Abdominal obesity | Glucose dysregulation | Central obesity | Dyslipidemia | Hypertension | Essential hypertension
gefitinib | erlotinib | tofacitinib | filgotinib | upadacitinib
no
yes
Palindromic words | Avoided words of length k | Avoided words of x
Insufficient evidence in retrieved documents.
yes
norvaline
yes
Randomised studies have demonstrated the efficacy of hypothermia for the treatment of perinatal hypoxic-ischaemic encephalopathy (HIE) in term or late preterm infants.
Stain-Free technology in Western blotting allows for rapid visualization of gel separation and protein transfer. This provides checkpoints throughout the Western blotting process.
Insufficient evidence in retrieved documents.
Insufficient evidence in retrieved documents.
yes
yes
The second parity rule (PR2) states that complementary nucleotides occur with almost equal frequencies in single-stranded DNA. It also states that A=T and G=C within each strand. This rule holds across the living world with minor exceptions.
yes
no
Proteostasis is the folding biology common to all three kingdoms of life. The proteostasis network (PN) functions to generate, protect, and degrade the proteome.
MTM1 gene
yes
Adiponectin has been linked to migraine, but the association between serum adiponectin and migraine remains elusive, according to the retrieved evidence.
Oncogene addiction is a phenomenon where cancer cell survival depends on an activated oncogene or inactivation of a tumor suppressor gene. Inhibition of the initiating oncogene often leads to tumor cell death. Experiments show that tumor growth depends on the continued activation of an oncogene, and tumor regression occurs upon oncogene inactivation.
no
Cells at advanced stages of differentiation in the upper epidermis | Differentiating inner root sheath and hair shaft | Mature sebocytes of the sebaceous gland and preputial, meibomium, ceruminous gland, and anal glands
N-terminal domain | N-terminal | amino-terminal domain
yes
anti-GQ1b IgG antibody | anti-ganglioside antibodies
Insufficient evidence in retrieved documents.
no
yes
yes
Insufficient evidence in retrieved documents.
Insufficient evidence in retrieved documents.
RNGTT | RNMT
Are you asking about HOCOMOCO in the context of gene regulation or something else?
inflamed psoriatic skin | psoriasis
no
yes
Insufficient evidence in retrieved documents.
Fascin | MAYP/PSTPIP2 | mDia (mammalian Diaphanous) | Eps8 | IRSp53 | dDia2 (Diaphanous-related formin) | VASP (vasodilator-stimulated phosphoprotein)
Insufficient evidence in retrieved documents.
Insufficient evidence in retrieved documents.
The "Universal Proteomics Standard 2" (UPS2) is a proteomic dynamic range standard introduced by The Association of Biomolecular Resource Facilities Proteomics Standards Research Group in 2006.
ataxin-2
Viroids | Satellite RNAs | Satellite viruses
acute invasive schistosomiasis | schistosomiasis | Katayama fever (acute schistosomiasis)
Insufficient evidence in retrieved documents.
mpMoRFsDB
LepChorionDB
yes
yes
Aurora A kinase | Aurora A | human Aurora kinases
yes
no
cognitive disorder | gait disturbance | urinary urgency
Insufficient evidence in retrieved documents.
Disulphide bonds | Hydrogen bonds | Hydrophobic interactions
yes
yes
At least 15% | 27% | High risk
Insufficient evidence in retrieved documents.
Maternal plasma DNA analysis | Non-invasive prenatal testing of cell-free fetal DNA (cffDNA) in maternal plasma | RNA-based determination
*   SERCA2a
ecallantide
Bidirectional ventricular tachycardia (BVT) is an uncommon type of polymorphic ventricular tachycardia (PVT). It is also referred to as an arrhythmia.
LRRK2 gene | Three genes associated with iron status
yes
no
piggyBac | Sleeping Beauty
During heat stress, TORC1 is recruited to and sequestered into stress granules (SGs). This sequestration delays the reactivation of TORC1 signaling during recovery from heat stress. TORC1 reactivation is directed through SG disassembly.
yes
Insufficient evidence in retrieved documents.
yes
Network-based methods | Gene prioritization system (GPSy)
Insufficient evidence in retrieved documents.
Ultraconserved elements are useful in resolving the phylogeny of organisms, as demonstrated in the case of Australasian smurf-weevils.
prostacyclin
Insufficient evidence in retrieved documents.
glucocerebrosidase | lysosomal enzyme beta glucocerebrosidase
Pharmacologic inhibition of Hsp90 exerts antiproliferative effects in pancreatic cancer cells. In colon cancer cells, Hsp90 inhibition results in depletion of c-raf-1 and akt and inhibition of signal transduction. Dicoumarol is an Hsp90 inhibitor.
medulloblastoma | cerebellar primitive neuroectodermal tumor
Insufficient evidence in retrieved documents.
C-phycocyanin (C-PC)
yes
Fungal kingdom | unusual derived fungi | fungi
X-linked inheritance pattern | Autosomal dominant inheritance pattern | Autosomal recessive inheritance pattern | X-linked recessive inheritance pattern | Sporadic inheritance pattern
Insufficient evidence in retrieved documents.
Batten disease | localizes to the vacuole | Defective in Batten disease
Insufficient evidence in retrieved documents.
yes
MetaTM | HMMpTM | HMM_RA | PHD | Dsc | Sopma
no
yes
*   Flybow
*   Brainbow
Insufficient evidence in retrieved documents.
Insufficient evidence in retrieved documents.
yes
Insufficient evidence in retrieved documents.
yes
*   Histone H3K27ac
*   H2BNTac
Insufficient evidence in retrieved documents.
Insufficient evidence in retrieved documents.
Insufficient evidence in retrieved documents.
Mismatched uracil DNA glycosylase (Mug) from Escherichia coli is an initiating enzyme in the base-excision repair pathway. It is a mismatch-specific uracil DNA glycosylase with activity against mismatched uracil base pairs.
Insufficient evidence in retrieved documents.
Insufficient evidence in retrieved documents.
PSA
Lipid storage | Lipid hydrolysis | Energy storage
Competing endogenous RNAs in multiple types of cancer | Cell-type specific | Ratio of circular to linear transcripts for each gene
no
yes
INDOC | askHERMES (http://www.askhermes.org/) | EAGLi (http://eagl.unige.ch/EAGLi/) | HONQA (http://services.hon.ch/cgi-bin/QA10/qa.pl)
Insufficient evidence in retrieved documents.
Monoubiquitination of FANCD2 | Disruption of DNA repair | Biallelic mutations in Fanconi anemia complementation group genes
Neonatal allopurinol treatment may have a neuroprotective effect in moderately asphyxiated infants.
no
Neurofilament light-chain (NfL) protein is a blood-based marker of neuroaxonal injury. It is also a biomarker associated with abnormal kidney function and brain structure in chronic kidney disease (CKD), and elevated NFL levels are observed in some frontotemporal dementia (FTD) cases.
yes
Thyroid hormone influences the mRNA encoding sarcoplasmic reticulum (SR) Ca2+ ATPase in the hearts of intact animals. However, thyroid hormone treatment did not restore microsomal calcium transport in diabetic animals.
anthocyanin MYB-like protein
Insufficient evidence in retrieved documents.
Insufficient evidence in retrieved documents.
Elongation | Transcriptional activity | Insufficient evidence in retrieved documents.
Cytoplasmic poly(A) binding protein 4
10 nm | Intermediate in diameter between microtubules and microfilaments
Genomic Regulatory Blocks (GRBs) are chromosomal regions containing highly conserved non-coding elements (HCNEs) that regulate a target gene within the region. These target genes are frequently transcription factors involved in embryonic development and differentiation.
Therapeutic interventions for frailty, which may be related to sarcopenia, include hormone replacement therapy (specifically testosterone), antioxidants, anti-inflammatory agents, modafinil, and armodafinil. The effectiveness of antioxidants and anti-inflammatory agents appears limited.
The genetic basis of progeria, in most cases, is a mutation at the nucleotide position 1824 of the lamin A gene.
DA cells contain clock-related proteins | cryptochrome-1 mRNA was found in DA cells | Insufficient evidence in retrieved documents.
Are you asking about the "July Effect" in the context of medical training, or something else?
nestin
DNMT1 | DNA methyltransferase-1 | DNA methyltransferase 1
yes
low density lipoprotein receptor (LDLr) | P450R promoter/chloramphenicol acetyl transferase (CAT)
yes
Clinically safe and effective | Insufficient evidence in retrieved documents.
no
diffuse neuroendocrine system | PNET patients
no
Non-syndromic hearing loss | Syndromic hearing loss | X-linked Charcot-Marie-Tooth disease type 5 (CMTX5) | Arts syndrome | Non-syndromic sensorineural deafness (DFN2)
yes
Insufficient evidence in retrieved documents.
Insufficient evidence in retrieved documents.
no
Insufficient evidence in retrieved documents.
yes
yes
no
streptavidin | His-affinity | oligo(dT) | antibody-targeted
no
yes
DNA topoisomerase II inhibitors, many of which are DNA intercalators, inhibit DNA topoisomerase II activity by intercalating into DNA. This may interfere with DNA binding sites and stabilize cleavage intermediates, leading to inhibition of DNA synthesis.
no
yes
Insufficient evidence in retrieved documents.
Insufficient evidence in retrieved documents. While one study investigates the effects of exogenous bFGF on myocardial regeneration after acute myocardial infarction, the specific role of FGF-2 is not detailed in the provided snippet.
yes
Parathyroid gland | Pituitary gland | Pancreas
Ataxin-3
Are you asking about Tn-seq in the context of bacterial genetics, cancer research, or something else?
yes
no
yes
6.9 cases/100,000 inhabitants | 25 affected individuals/100,000 inhabitants | 1:25,000 newborn in Finland
yes
sonic hedgehog (Shh) | desert hedgehog (Dhh) | Indian hedgehog (Ihh)
Insufficient evidence in retrieved documents.
Among patients with Joubert Syndrome (JBTS) and a cerebello-oculo-renal phenotype, mutations in CEP290 (NPHP6) are the most common genetic lesion.
Patient Health Questionnaire (PHQ) | 2-item Patient Health Questionnaire (PHQ-2) | 9-item Patient Health Questionnaire (PHQ-9)
no
The HP1 class of chromobox genes, including CBX1, are thought to encode proteins involved in the packaging of chromosomal DNA into repressive heterochromatin domains, as seen in position-effect variegation.
yes
yes
no
human T-type channels
55 S | 39 S large and 28 S small subunits
Insufficient evidence in retrieved documents.
Histone-like proteins (Hlps) | Escherichia coli histone-like protein HU
Insufficient evidence in retrieved documents.
Photodynamic therapy is a promising treatment for human brain tumors, including meningiomas, due to the selective retention of certain compounds by tumor cells. Research is focused on understanding and enhancing the effects of photodynamic therapy on meningioma cells, including the role of ferrochelatase activity.
yes
yes
Arnold-Chiari malformation is a rare hindbrain abnormality characterized by herniation of the hindbrain through the foramen magnum. Arnold-Chiari Syndrome I is a malformation of the cervicomedullary junction, often manifesting with downbeat nystagmus, palsy of the caudal cerebral nerves, headache, and vertigo. The origin of Arnold-Chiari syndrome is connected with narrowness in the posterior fossa, particularly with narrowing of the arachnoid spaces.
Insufficient evidence in retrieved documents.
Huntington's disease | Fragile X-related disorders
yes
BCR-ABL | Platelet-derived growth factor receptor | c-kit kinases
*   subependymal nodule (SN) - subependymal giant cell astrocytoma (SGCA) complex
*   pulmonary lymphangioleiomyomatosis
MER41 repeat sequences contain inducible STAT1 binding sites.
Functional connectivity in the default mode network is reduced or disrupted in patients with disorders of consciousness. Assessment of this functional connectivity could be a useful marker of consciousness disturbance.
yes
Insufficient evidence in retrieved documents.
yes
Proximal muscle weakness initially affecting gait | Autonomic symptoms (dry mouth, constipation, erectile failure) | Augmentation of strength during initial voluntary activation | Primary respiratory failure
The pyroptotic pathway leads to pyroptotic cell death. Caspase-1 is involved in this process, leading to caspase-1-induced pyroptotic cell death. Further details about the pathway are not available in the provided snippets.
Insufficient evidence in retrieved documents.
Insufficient evidence in retrieved documents.
translocation (11;22)(q24;q12) | t(11;22)
The AtxA pleiotropic regulator, encoded on the pXO1 virulence plasmid, activates transcription of the anthrax toxin genes and is essential for virulence. Its presence is required for certain responses, and its accumulation can be reduced in mutant strains.
yes
Insufficient evidence in retrieved documents.
yes
traseR | LOLA
yes
The Hydrocephalus Outcome Questionnaire (HOQ) is used to quantify the quality of life (QOL) for children with hydrocephalus and identify predictors of long-term outcome. It is also used in comparison with other outcome measures.
Prior studies suggested a possible association between maternal smoking during pregnancy and the risk of childhood brain tumors. However, more recent data do not support a clear association, with one study showing a non-statistically significant result. The available epidemiological data do not support a clear association between maternal smoking during pregnancy and pediatric brain tumor development.
Insufficient evidence in retrieved documents.
yes
Insufficient evidence in retrieved documents.
H3K36me3 | H2Bub1
yes
psychiatric disorders
Insufficient evidence in retrieved documents.
yes
Insufficient evidence in retrieved documents.
autosomal dominant | autosomal dominant mode of inheritance
yes
Rheumatoid arthritis | Multiple sclerosis | Alzheimer's disease
Blunt thoracic impact causing fatality without structural damage of the heart and internal organs | Rare cause of death in young athletes due to blunt trauma to the precordium | Cases of blunt thoracic impact causing fatality without structural damage of the heart and internal organs
Pthirus pubis | crab louse
yes
Insufficient evidence in retrieved documents.
yes
Plakoglobin (Jup) gene | Plakoglobin | Jup
Edaravone confers neuroprotection against traumatic brain injury in rats and has neuroprotective effects in animal models of traumatic brain injury. It minimizes traumatic brain injury by functioning as a synthetic antioxidant.
yes
Cortical dysplasia
In preclinical studies, erythropoietin improved cardiac function after myocardial infarction. However, clinical trials have not supported these beneficial effects in patients.
yes
no
no
CLOCK | BMAL1 | PER1 | PER2 | CRY1 | CRY2 | Per | Cry
hereditary motor and sensory neuropathy-Lom | CMT4D | Charcot-Marie-Tooth disease type 4D
yes
yes
LAMP-2A
The hallmarks of congestive heart failure include accumulation of oxidized matrix between the endothelium and cardiac muscle, endocardial endothelial dysfunction, increased sympathetic tone, exaggerated neurohumoral compensatory mechanisms and derangements of the peripheral circulation, and disturbed myocardial calcium handling.
Autosomal dominant | Autosomal dominant mode of inheritance
*   International Subarachnoid Aneurysm Trial (ISAT)
*   Barrow Ruptured Aneurysm Trial (BRAT)
Narcolepsy cases developed after H1N1 influenza vaccination may be the result of an autoimmune reaction triggered by the vaccination in susceptible individuals. However, a correlation between narcolepsy onset and H1N1 infections was observed to be independent of H1N1 vaccination in the majority of a sample.
Insufficient evidence in retrieved documents.
Comprehensive characterization of the mouse transcriptome | FANTOM3 annotation system | Automated computational prediction, manual curation, and final expert curation
GC-rich isochores
yes
codons 12 and 13 | codons 15, 16, 18, and 31
DYNC2H1 | Cytoplasmic dynein-2 | dynein-2
Ocrelizumab is a B-cell-targeted treatment for multiple sclerosis. The provided evidence suggests ocrelizumab plays a role in treating multiple sclerosis by targeting B-cells.
Insufficient evidence in retrieved documents.
X-inactive specific transcript (Xist) | XIST | X-chromosome inactive specific transcript (Xist)
Viral vectors are used to deliver genetic material for optogenetic applications. Specifically, they facilitate the expression of transgenes in specific neurons or are used in ocular gene therapy for vision restoration by delivering optogenetic tools. Recombinant viral vectors can be used for transgene expression in specific neurons.
aggregation-promoting prion-like domains | prion-like domain (PrLD) | prion-like domains
yes
Any patient with adrenocortical cancer (ACC), irrespective of age and family history, is at high risk for a TP53 germline mutation.
Ceritinib can overcome crizotinib resistance. | Ceritinib is effective in patients with crizotinib-resistant disease. | Ceritinib effectively inhibits ALK harboring L1196M, G1269A, I1171T, and S1206Y mutations. | Ceritinib did not overcome two crizotinib-resistant ALK mutations, G1202R and F1174C.
Antioxidant enzyme | Anti-oxidant enzyme | H(2)O(2) reduction enzyme
yes
GPUs are used to accelerate computationally intensive tasks in biological applications. For example, they can improve the performance of programs like MODFLOW and Arioc by accelerating computationally-expensive programming logic and enabling real-time rendering of large datasets.
DITPA | T(4) | 3,5-diiodothyropropionic acid | GC-1 | GC-24 | TRIAC | L-T3 | D-T3 | L-T4 | triiodothyroacetic acid | T3 | T4 | tetraiodothyroacetic acid
yes
The treatment of choice for GIST is surgical resection. In cases of inoperable or metastatic lesions, a tyrosinase kinase inhibitor such as imatinib is the preferred treatment.
Situs inversus | Bronchiectasis | Sinusitis | Chronic rhinosinusitis
Insufficient evidence in retrieved documents.
Insufficient evidence in retrieved documents.
*   Inhibition of the APOBEC3 family of innate antiretroviral defense factors.
H3 lysine 9 methylation | H4K20me3 | H3K9me3 | H3 trimethylation at lysine 36
Complete recording of fragment ion spectra | Data-independent acquisition method | Analyzing biological samples
yes
Drug validation | Studying the genetic control of life-history traits in natural populations | Investigating the effects of experimental manipulations on longevity and age-related pathologies
Insufficient evidence in retrieved documents.
yes
A review of randomised controlled trials revealed that certolizumab pegol improved clinical results (ACR50, 28 joint disease activity score (DAS-28) remission and HAQ scores). However, adverse events were more frequent with certolizumab, including a statistically significant increase in serious adverse events, infections, and hypertension.
Lys-ɛ-Gly-Gly (K-ɛ-GG) | diglycine (GlyGly) | Nedd8
Insufficient evidence in retrieved documents.
Insufficient evidence in retrieved documents.
yes
Entacapone | Tolcapone
Insufficient evidence in retrieved documents.
Insufficient evidence in retrieved documents.
CREST and certain other ALS-linked proteins share several features implicated in ALS pathogenesis. These features include the ability to aggregate, be recruited to stress granules, and alter paraspeckle integrity. Changes in CREST levels in neurons might have a profound negative effect on neuronal homeostasis.
Ryr2 | RYR2
Insufficient evidence in retrieved documents.
Discovery Studio program
yes
Insufficient evidence in retrieved documents.
* existing methods for ctDNA detection are restricted to genetic mutations
FGFR3 | FGFR-3
Are you asking about the safety of Abatacept for the mother or the developing fetus?
Are you asking about a gene, a research method, or something else?
no
malaria | varicella zoster | Insufficient evidence in retrieved documents.
Topological domains (TADs) are large, megabase-sized local chromatin interaction domains and a pervasive structural feature of genome organization. They are stable across different cell types and conserved across species. The Hi-C method reveals genome-wide interactions within these domains. Disruptions of TADs can cause pathogenic rewiring of gene-enhancer interactions.
The vibrational theory of olfaction proposes that electron transfer occurs across odorants at the active sites of odorant receptors (ORs). This electron transfer measures odorant vibrational frequencies, leading to olfactory perception.
yes
Insufficient evidence in retrieved documents.
yes
Insufficient evidence in retrieved documents.
* Insufficient evidence in retrieved documents.
ANN-based methods | SVM-based methods | Neural network-based predictor
Theatre is a web-based computing system used for the comparative analysis of genomic sequences, particularly for motifs involved in gene expression regulation. It interfaces with sequence analysis tools and databases to predict the positions of coding regions, repetitive sequences, and transcription factor binding sites in DNA sequence families. The information is displayed in an easily understandable manner and can produce publication-quality figures.
CRMs (cis-regulatory modules) are defined as closely located binding sites. Several tools exist to detect significant co-occurrences of these sites.
SUMO-1 | SUMO1 | SUMOylation of SERCA2a
ZEB2 | deletion of ZEB2
Insufficient evidence in retrieved documents.
MDM two binding protein (MTBP)
Are you asking about oprozomib in relation to a specific disease or condition?
yes
Naloxone
pericentromeric heterochromatin compartments (PCH)
yes
UvrABC endonuclease
yes
Deregulation of microRNA (miRNA) expression has been observed in various human cancers, suggesting their involvement in carcinogenesis. However, the molecular mechanism underlying the alteration of miRNA expression is unknown based on the provided evidence.
Heterodimeric Rag GTPases | Rag GTPases | RagA/B GTPases
*   Genomic regions of interest
*   Chromosomal regions spanned by highly conserved non-coding elements (HCNEs)
X-linked dystonia-parkinsonism | Lubag | sex-linked recessive trait
Prostate cancer | Breast cancer
Venous angioplasty, specifically percutaneous transluminal angioplasty, has been investigated as a treatment for chronic cerebrospinal venous insufficiency (CCSVI) in multiple sclerosis patients. However, there are reports of serious complications associated with this procedure. A Cochrane systematic review has also examined this treatment approach.
Which specific signaling pathway are you asking about?
yes
yes
yes
no
Proportional to the product of lengths of the sequences being aligned | Time proportional to the product of lengths of the sequences being aligned | Insufficient evidence in retrieved documents.
Dominant-negative GFI1B mutation | Mutations in NBEAL2 | Biallelic mutations in the NBEAL2 gene
yes
yes
Anoikis is a type of programmed cell death that occurs after the loss of cell-cell and cell-extracellular matrix interactions. It is also described as an apoptotic process, a form of cell death due to loss of contact with the extracellular matrix or neighboring cells.
Insufficient evidence in retrieved documents.
Are you asking about Piebaldism in the context of a specific patient, a genetic study, or something else?
SLC49 family
yes
lateral hypothalamus | hypothalamus | hypothalamic mRNA
APOBEC3G inhibits HIV-1 replication by inserting G-to-A mutations in viral DNA and/or impairing viral reverse transcription independently of its deaminase activity. It is a potent restriction factor of HIV-1.
incontinentia pigmenti
Are you asking about a specific medication, a research study, or something else?
Could you specify the cell type or organism from which the pseudopodia would be purified?
In ALS spinal motor neurons, TDP43 is predominantly localized to the cytosol and not the nucleus. It appears as punctuate immunoreactivity and as dense skeins. TDP43 can also be found in stress granules.
PIAS3
yes
H2A.X | H2A.Z
*   Collecting users' vital signs with a set of wireless sensors
In what context are you asking about ultraconserved elements and their clusters?
Functional class scoring (FCS) examines the statistical distribution of individual gene scores among all genes in the gene ontology class without an initial gene selection step. It is a semi-supervised method that explores both the expression pattern and the functional annotation of genes, focusing on the correlation between pathway genes and the class of the samples.
Timothy syndrome is a human genetic disorder caused by mutations in the Ca(V)1.2 gene. It is associated with long QT, syndactyly, joint contractures, and stroke, and can involve CACNA1C mutations.
Severe disruption of early craniofacial development | Complete loss of function of ALX1 protein | Insufficient evidence in retrieved documents.
Insufficient evidence in retrieved documents.
Invadopodia formation | Matrix degradation | Invadopodium assembly and maturation
chromosome XII
Exon skipping in Duchenne muscular dystrophy (DMD) utilizes antisense oligomers (AOs) to target splicing elements. This process restores the open reading frame of the DMD gene and enables dystrophin protein production. Eteplirsen, a phosphorodiamidate morpholino oligomer, facilitates exon 51 skipping to achieve this.
Long columns, such as RP columns or polymer-based monolithic capillary columns, when used in conjunction with other techniques, can achieve high proteome coverage and are useful for characterizing complex proteolytic digests.
late G1 phase | G2/M | interphase
Rett syndrome | RTT
Corticosteroid therapy is a treatment option for Riedel disease (thyroiditis), as it can decrease fibrosis.
Dax1-interacting protein | Interaction mediated through LXXLL motifs | Esrrb enhances Dax1 gene promoter activity
Are you asking about dovitinib in relation to a specific condition or treatment?
yes
Active pulmonary tuberculosis | Tuberculosis | Sepsis | Liver function
yes
Muller's ratchet describes an evolutionary process where the accumulation of deleterious mutations in a population directly contributes to how long that population will exist.
Insufficient evidence in retrieved documents.
NSD1 | EWS gene to FLI1
Insufficient evidence in retrieved documents.
yes
Insufficient evidence in retrieved documents.
KSR1 | MP1 | IQGAP1 | KSR-2
Insufficient evidence in retrieved documents.
HeT-A | TART | TAHRE
Insufficient evidence in retrieved documents.
EZH2 up-regulation increases H3K27me3, a modification of chromatin. Knockdown of EZH2 affects H3K27 trimethylation of the RUNX3 promoter.
no
yes
Generic versions of Viagra contain sildenafil citrate.
FOG-1 | Gfi-1b | MeCP1 complex | ACF/WCRF complex | Ldb-1 | Eto-2 | Lmo4 | CdK9 | TAL-1
*   Menkes disease
Insufficient evidence in retrieved documents.
Insufficient evidence in retrieved documents.
SECIS element
yes
IkappaB | NF-kappaB1 p105 precursor protein | p50 subunit of NF-kappaB
Insufficient evidence in retrieved documents.
yes
*   Red/ET recombination
*   Unique restriction site elimination
*   Ponseti method of manipulation and serial casting
yes
BRG1 | brm-related gene 1 product
yes
AzgA | Fcy21p
GDNF (Glial-Derived Neurotrophic Factor) | Neurturin
Insufficient evidence in retrieved documents.
V95I | A1649V | delF1617 | p.W1095X (c.3284G>A) | c.4810+3_4810+6dupGGGT | Q55X
Sotos syndrome is closely related to Weaver syndrome and involves Alu-related 5q35 microdeletions.
Insufficient evidence in retrieved documents.
PMID 22992327 | PMID 19357145 | PMID 24323793
yes
Insufficient evidence in retrieved documents.
Fanconi anemia (FA) | dyskeratosis congenita (DC) | Diamond-Blackfan anemia (DBA) | Shwachman-Diamond syndrome (SDS) | amegakaryocytic thrombocytopenia
Yellow fever virus is an arthropod-transmitted pathogen. Specifically, it can be transmitted from human to human by Aedes aegypti mosquitoes.
yes
Controls mouse erythropoiesis | TAF10 is enriched on the GATA1 locus in human fetal erythroid cells | TAF10 interacts directly with GATA1
Insufficient evidence in retrieved documents.
Enterococcus faecium | Staphylococcus aureus | Klebsiella pneumoniae | Acinetobacter baumannii | Pseudomonas aeruginosa | Enterobacter species
Insufficient evidence in retrieved documents.
Insufficient evidence in retrieved documents.
Calcium-induced calcium release (CICR) is a process in cardiac muscle where calcium influx through L-type calcium channels induces the release of calcium from the sarcoplasmic reticulum (SR) through ryanodine receptors. This process releases the majority of contractile calcium in cardiac muscle, playing a crucial role in cardiomyocyte contractility.
Insufficient evidence in retrieved documents.
Dual specificity phosphatases (DUSPs) dephosphorylate and regulate the activity of MAP kinases.
Ultrasound | Ultrasonography | US
semagacestat | hydroxylvaleryl monobenzocaprolactam | Insufficient evidence in retrieved documents.
yes
HPRT gene | hypoxanthine-guanine phosphoribosyltransferase
S-adenosylmethionine (SAMe) | adenosylmethionine | S-adenosyl-L-methionine (AdoMet)
Insufficient evidence in retrieved documents.
KPC-2 or -3 | VIM-1 | IMP-1 | SME-2 | NMC-A | OXA-48
Genomic regulatory blocks (GRBs) are chromosomal regions spanned by highly conserved non-coding elements (HCNEs), most of which serve as regulatory inputs of one target gene in the region. The target genes are most often transcription factors involved in embryonic development and differentiation. GRBs often contain extensive gene deserts, as well as additional 'bystander' genes.
RET protooncogene | RET | Insufficient evidence in retrieved documents.
*   Excessively thickened endocardial layer
*   Deep intertrabecular recesses
Are you asking about STARR-seq in the context of a specific disease or gene?
*   Inactive X chromosome (Xi)
no
7SL RNA gene
lumbosacral | lumbar
Insufficient evidence in retrieved documents.
Insufficient evidence in retrieved documents.
yes
Insufficient evidence in retrieved documents.
yes
RND-type efflux transporters play a main role in intrinsic resistance to various antimicrobial agents in many gram-negative bacteria. Vibrio parahaemolyticus is an example of a bacteria that utilizes this mechanism.
The minimal genome build refers to the design and construction of a functional minimal genome, a key step in building a minimal artificial cell. A minimal bacterial gene set, estimated to include 300-350 protein-coding genes, comprises the genetic elements needed for survival of an engineered bacterium on a rich medium. However, minimal gene sets are context-dependent, and a universal minimal genome remains elusive.
yes
yes
Atrial fibrillation
no
Insufficient evidence in retrieved documents.
IKK-α | IKK-β | IKK-γ
yes
Moisture-producing glands | Salivary and lacrimal glands
Are you interested in the diagnosis, treatment, or complications of a Malgaigne fracture?
GeneMark.hmm-E | GeneMark-ES
*   Hypoxia-inducible factor-1α (HIF-1α)
*   Hypoxia-inducible transcription factor (HIF)
EGFR gene
Insufficient evidence in retrieved documents.
Are you asking about the application of marine metaproteomics in the context of human health, environmental monitoring, or another specific area?
NF1 gene | chromosome 17
KCNQ1 | KCNE1
Metabolites | Metabolomics database | Insufficient evidence in retrieved documents.
AATAAA
*   DEEP
*   TMBETAPRED-RBF
Amyloid (Aβ 1-42) | Total tau (t-tau) | Phosphorylated tau (p-tau 181p) | Neurogranin
no
Are you asking about GRO-seq in the context of a specific disease, gene, or research area?
Insufficient evidence in retrieved documents.
no
KCNH2 | KCNQ1 | KCNJ2
Localized suppurative peritonitis in the postoperative period | Duodenal ulcer | Fastening ulcer healing | Increasing the effectiveness of Helicobacter pylori eradication | Improving the condition of the gastroduodenal mucosa
Suppurative otitis media | Abducens nerve palsy | Pain in the ophthalmic division of the trigeminal nerve
yes
yes
yes
Insufficient evidence in retrieved documents.
Insufficient evidence in retrieved documents.
yes
Insufficient evidence in retrieved documents.
Insufficient evidence in retrieved documents.
Caenorhabditis elegans Heterochromatin protein 1 (HPL-2) acts in germline and vulval development and is a marker for heterochromatin domains in developing embryos. HPL-2 also links developmental plasticity.
no
yes
Insufficient evidence in retrieved documents.
Are you asking about the prediction of DNA shape features from sequence, or something else?
Thyroid hormone treatment did not restore microsomal calcium transport in diabetic rats, despite decreased plasma thyroid hormone levels [2]. Intracellular calcium overload is implicated in the development of diabetic cardiomyopathy [1, 4]. However, the exact mechanism by which thyroid hormones are involved in diabetic cardiomyopathy is not fully explained in the provided snippets.
Bootstrapping
methylate lysines 4 and 36 of histone H3
no
Insufficient evidence in retrieved documents.
Stroke | Suspected stroke
Histone deacetylation is generally related to transcriptional gene silencing. It can cause transcriptional repression by promoter histone deacetylation and directs DNA methylation in gene silencing. It is also part of a complex involved in transcriptional regulation.
Insufficient evidence in retrieved documents.
Finasteride (Propecia) | Topical minoxidil | Oral finasteride
Insufficient evidence in retrieved documents.
yes
SAHA treatment dramatically improved motor impairment in R6/2 mice, suggesting its potential as a therapeutic for Huntington's disease. Additionally, SAHA exhibits neurotrophic and neuroprotective effects, further supporting its potential use in treating neurodegenerative diseases.
Insufficient evidence in retrieved documents.
Insufficient evidence in retrieved documents.
no
Could you specify which species or type of contaminant you're most interested in?
Insufficient evidence in retrieved documents.
To detect cell viability | Cell-viability analysis | Cell death assay
Pulmonary arterial hypertension
Ranolazine partially reverses abnormalities related to enhanced Ca(2+)/calmodulin kinase II (CaMKII) activity and increased phosphorylation of its targets in cardiomyocytes. This suggests ranolazine reduces kinase signaling activation in the heart.
Developmental delay | Insensitivity to SU (sulfonylurea) | Permanent neonatal diabetes mellitus | Neurological features
Database of protein structure modifications | RESID Database of Protein Modifications | Supplemental information on post-translational modifications for the standardized annotations appearing in the PIR-International Protein Sequence Database
HD
yes
yes
yes
Proteasome
yes
RPS10 | RPS26
yes
Insufficient evidence in retrieved documents.
yes
The Beck Depression Inventory (BDI), Hospital Anxiety and Depression Scale-depression subscale (HADS-D), Hamilton Rating Scale for Depression (HAMD), and Montgomery-Asberg Depression Rating Scale (MADRS) were shown to have good discriminating abilities for poststroke depression. The Poststroke Depression Rating Scale (PSDRS) was also evaluated as a diagnostic tool for poststroke depression. However, one study suggests that none of the instruments are satisfactory for case-finding.
Trichostatin A (TSA) exerts antitumor activity as a histone deacetylase (HDAC) inhibitor. It specifically inhibits the biochemical functions of HDAC.
no
yes
dabigatran
Enlargement of the vestibular aqueduct | Deafness | Sensorineural hearing loss | Thyroid dyshormonogenesis
A collection of curated protein families | An important tool in genome annotation | A database of protein families
Insufficient evidence in retrieved documents.
yes
Insufficient evidence in retrieved documents.
*   Borrelia afzelii
*   Borrelia burgdorferi sensu lato complex
Monocarboxylate transporter 8 (MCT8)
p50 subunit | p65 subunits
no
JNK phosphorylation | rosiglitazone | DUSP8
Insufficient evidence in retrieved documents.
Insufficient evidence in retrieved documents.
Insufficient evidence in retrieved documents.
1:2500 newborn | 1:2000 to 1:3500 liveborns | 1 in 3,200
Endoplasmic stress inducer | SERCA inhibitor | Endoplasmic reticulum Ca(2+) pump inhibitor
Insufficient evidence in retrieved documents.
Membrane protein structural biology | Investigations of ultra-fast wet chemistry | Atomic-resolution diffractive imaging of single biological molecules | Room temperature X-ray diffraction data of PS II microcrystals
protein kinase A (PKA) | calcium-calmodulin-dependent protein kinases (CAMKII)
Humans cannot synthesize Neu5Gc due to the dysfunction of the CMP-N-acetylneuraminic acid hydroxylase (CMAH) gene, which results in a lack of functional CMAH protein. This protein is responsible for converting CMP-Neu5Ac to CMP-Neu5Gc, a necessary step in Neu5Gc synthesis.
Insufficient evidence in retrieved documents.
Microcephalic osteodysplastic primordial dwarfism type 1 (MOPD 1) | Taybi-Linder syndrome (TALS) | MOPD I
Insufficient evidence in retrieved documents.
Pediatric Autoimmune Neuropsychiatric Disorders Associated with Streptococcal Infections (PANDAS) | Sjögren's syndrome | Systemic lupus erythematosus | Systemic sclerosis | Gluten ataxia
TREAT-NMD has developed brief standards of care for DMD, available on their website. Additionally, the TREAT-NMD Care and Trial Site Registry (CTSR) provides infrastructure for clinical trial feasibility and recruitment related to DMD.
yes
Insufficient evidence in retrieved documents.
A patient with Christianson syndrome broadens the spectrum of SLC9A6 mutations and contributes to the clinical delineation of the syndrome.
yes
Controlling the Wnt-signaling pathway | Repression of mTOR under low ATP conditions | Activation of the Wnt-signaling pathway
Heterotachy describes a molecular evolutionary process where the substitution rate of sites in a gene changes through time, and the relative evolutionary rates among sites differ across lineages. This is likely due to variations in the intensity of purifying selection and adaptive forces at specific sequence positions in different species.
Insufficient evidence in retrieved documents.
Insufficient evidence in retrieved documents.
Insufficient evidence in retrieved documents.
Pentalogy of Fallot (POF) is a rare form of congenital heart disease characterized by the association of Tetralogy of Fallot (TOF) with an atrial septal defect (ASD). | Tetralogy of Fallot with an atrial septal defect is a subclass of Pentalogy of Fallot. | Overriding Aorta | Ventricular Septal Defect | Atrial Septal Defect | Pulmonary Atresia
Insufficient evidence in retrieved documents.
BCR-ABL
no
yes
Rotor-type hyperbilirubinemia
Non-small-cell lung cancer (NSCLC) | EGFR-mutant NSCLC
yes
Insufficient evidence in retrieved documents.
Domain fusion | NDComplex
PiggyBac transposons are mutagenic vectors used for gene mutagenesis, particularly in Drosophila, where they can integrate randomly into the genome and excise precisely. They are also used in mammalian cell expression systems for inducible protein production.
no
Nuclear
no
yes
CAGEr | R | CAGE toolbox
yes
GATA-4 is upregulated during the myogenic differentiation of CD117+ stem cells, which assists in myocardial regeneration after intramyocardial implantation. This suggests GATA-4 plays a role in heart regeneration after myocardial infarction.
Insufficient evidence in retrieved documents.
yes
Insufficient evidence in retrieved documents.
Neural network-based predictor | ANN-based methods | SVM-based methods | TMBpro
5'-AMP-activated protein kinase alpha regulates stress granule biogenesis.
There was no significant association between glioma and mobile phone use. Since glioblastoma is a type of glioma, this suggests no association between cell phone use and glioblastoma.
yes
yes
yes
peroxisome proliferator-activated receptor | PPAR-α/γ | PPARalpha and PPARgamma
Catecholaminergic Polymorphic Ventricular Tachycardia (CPVT) is an inherited arrhythmia syndrome or heart rhythm disorder. It is characterized by polymorphic ventricular tachycardia induced by adrenergic stress or adrenergically mediated polymorphic ventricular tachycardia. Mutations in the CASQ2 gene are linked to CPVT, and some KCNJ2 mutation carriers share its phenotype.
no
yes
Insufficient evidence in retrieved documents.
Insufficient evidence in retrieved documents.
Insufficient evidence in retrieved documents.
Insufficient evidence in retrieved documents.
alpha-fetoprotein | beta-chorionic gonadotrophin | unconjugated oestriol | hCG
sildenafil citrate
p62 | SLC38A9 | Insufficient evidence in retrieved documents.
serogroup B Neisseria meningitidis | Neisseria meningitidis serogroup B | swine dysentery
Arachnoid cyst
Are you asking about the potential impact of listening to Mozart's music on cognitive function or a different topic related to the "Mozart effect?"
The Tokuhashi scoring system is a prognostic tool used to evaluate the predictive value for the life expectancy or survival time of patients with spinal metastases. It is a widely used system.
3-Iodothyronamine (T(1)AM) | dronedarone | GC1
yes
BRCA genes
Receptor activator of nuclear factor-κB ligand (RANKL) | Receptor activator of nuclear factor κB ligand | Insufficient evidence in retrieved documents.
green fluorescent protein (GFP) | DsRed2 | coral fluorescent reporter protein | red fluorescent reporter protein
MutT proteins protect bacteria from mutations induced by DNA lesions by hydrolyzing oxidized guanine nucleotides before their incorporation into nucleic acids. This action prevents the deleterious effects of these nucleotides.
yes
Oct4 | Sox2 | Klf4 | c-Myc
Insufficient evidence in retrieved documents.
Insufficient evidence in retrieved documents.
Oxaliplatin monotherapy is efficacious in patients with previously untreated metastatic colorectal carcinoma, according to a phase II study.
yes
Insufficient evidence in retrieved documents.
no
Insufficient evidence in retrieved documents.
Insufficient evidence in retrieved documents.
no
Chromomethylases in plants, such as Arabidopsis CMT1 and CMT3, are DNA methyltransferases. They possess C-terminal motifs characteristic of both eukaryotic and prokaryotic DNA methyltransferases.
yes
Cerebral Cavernous Malformation is a vascular disease of the brain. It arises due to loss-of-function mutations in genes encoding three intracellular adaptor proteins: CCM1, CCM2, and CCM3. This disease can cause headaches, seizures, and cerebral hemorrhage.
yes
mTOR pathway | mTORC1 and mTORC2 | SGK1 kinase
Insufficient evidence in retrieved documents.
FUS/TLS or FUS | TDP-43
yes
Insufficient evidence in retrieved documents.
Insufficient evidence in retrieved documents.
yes
Rif1 is a key regulator of DNA replication timing in both yeast and mammals. Rif1 deficiency can lead to defective G1/S transition and chromatin re-organization after DNA replication. Rif1 controls DNA replication timing in yeast through the PP1 phosphatase Glc7.
yes
Celiac disease is a common food intolerance affecting approximately 1% of the general population, triggered by gluten ingestion. It is also considered a model of autoimmune disease.
yes
Electronic dietary records are more effective than traditional food diaries in reducing fat percentage, suggesting they increase healthy-eating awareness [1]. A smartphone-based Personal Allergy Assistant (PAA) is one example of an electronic food diary, allowing users to scan barcodes of consumed food [5].
yes
Endoplasmic reticulum-associated degradation (ERAD) is a quality control process in the endoplasmic reticulum where misfolded or unwanted proteins are targeted for degradation. This process involves recognition of misfolded proteins, ubiquitination, retrotranslocation to the cytosol, deglycosylation, and degradation by the proteasome.
Vemurafenib | BRAF selective inhibitors
J wave
The estimated total cost of treating stress urinary incontinence in South Korea was 122 billion KRW in 2006 and 59 billion KRW in 2007 (PMID 22500250).
Yap and Taz | Insufficient evidence in retrieved documents. | Insufficient evidence in retrieved documents.
A series of candidate genes | Insufficient evidence in retrieved documents.
yes
Insufficient evidence in retrieved documents.
E-cadherin | ZEB family transcription factors | TWIST family transcription factors | SNAIL family transcription factors | Numb | Par protein complex | beta-catenin | IGF-II
yes
yes
p53
Mutations in the CHCHD10 gene have been studied in the context of frontotemporal dementia (FTD) and amyotrophic lateral sclerosis (ALS), including FTD-ALS phenotypes. However, the exact contribution of CHCHD10 to these diseases remains unknown.
Flumazenil | N-acetylcysteine (NAC)
no
Next-generation sequencing can be used in mutation screening to identify the genetic cause of autosomal dominant essential tremor (ET) [1]. It is also suitable for mutation screening of X-linked recessive disorders [4] and for exploring the genetic complexity of ciliopathies [3].
Periodic hypothermia | Hyperhidrosis | Agenesis of the corpus callosum
BTBR T+ tf/J mouse model | poly(IC) mouse model
Are you asking about BioASQ in the context of a specific disease, treatment, or research area?
Contribute to stress granule formation | Play a role in the formation of SGs in various human cells and thereby recovery from these cellular stresses | Expression of shRNA targeting either G3BP1 or G3BP2 in human cancer cell lines resulted in marked upregulation of p53 levels and activity.
EBP | EBP in treatment-refractory low CSF pressure headache | a treatment option
The histidine-rich calcium binding protein (HRC) is located in the sarcoplasmic reticulum and interacts with triadin and SERCA, affecting calcium cycling. A mutation in HRC has been linked to cardiac arrhythmias in idiopathic dilated cardiomyopathy patients, potentially due to increased spontaneous calcium release.
1-2 per 100,000 athletes per annum | 1-3 per 100,000 person years
In the mdx mouse model of Duchenne muscular dystrophy, amitriptyline ameliorates muscle inflammation and depressive symptoms. Additionally, chronic amitriptyline treatment remarkably reduces Interleukin-6 mRNA expression in the amygdala of these mice.
Insufficient evidence in retrieved documents.
Insufficient evidence in retrieved documents.
Geobacter species | Pseudomonas aeruginosa | Geobacter uraniireducens | Geobacter | Gram-negative bacterium, strain Rf4T
Less than 350 ms | Below 330 ms | <320 ms
Insufficient evidence in retrieved documents.
Insufficient evidence in retrieved documents.
Are you asking about methods to increase neprilysin activity, or about directly delivering the neprilysin protein itself?
alpha-proteobacteria
Insufficient evidence in retrieved documents.
SERCA2a | SERCA | Sarcoplasmic reticulum calcium ATPase
X-linked | inherited disease linked to the X chromosome
Insufficient evidence in retrieved documents.
Insufficient evidence in retrieved documents.
no
Insufficient evidence in retrieved documents.
Necroptosis | Apoptosis | Pro-survival/inflammation NF-κB activation
reflex dilation of the pupil
no
Epithelial-mesenchymal transition (EMT) is a fundamental process governing morphogenesis in multicellular organisms, and is reactivated in diseases including fibrosis and carcinoma progression. EMT is crucial for the development of an invasive and metastatic carcinoma cell phenotype. Transcription factors like Twist, Snail, Slug, ZEB1 and ZEB2 regulate EMT.
yes
T-cell leukemia | Other cancers | Multiple Sclerosis | CADASIL | Alagille Syndrome | Spondylocostal Dysostosis
yes
no
yes
Male transmission | Dominant inheritance | Female transmission
Experimental autoimmune encephalomyelitis (EAE)
HER2+ (63-83 %) | HER-2 positive | Insufficient evidence in retrieved documents.
Insufficient evidence in retrieved documents.
yes
Insufficient evidence in retrieved documents.
SCFbeta-Trcp | SCF(betaTrcp)
yes
RARβ(2) | APC
yes
prion-related domain | glutamine-rich prion-related domain | prion domain
yes
SET domain (ESET) | PHD finger domain | double PHD finger domain
Are you asking about smFISH in the context of a specific disease, research area, or gene target?
* TAPAS
* TissueEnrich
* UCSC Genome Browser
(-)-medicarpin | (6aR, 11aR)-medicarpin
Silencing SPARC resulted in growth inhibition in melanoma cell lines. However, SPARC also delayed tumor growth, with the extent of the delay correlating with SPARC expression levels.
Chediak-Higashi syndrome (CHS) | Chédiak-Higashi syndrome | Aleutian color and the associated Chédiak-Higashi syndrome
no
Insufficient evidence in retrieved documents.
SPS1 (selenophosphate synthetase 1) | SPS2
Insufficient evidence in retrieved documents.
*   p27
*   p16
Brain and spinal cord TRH receptors may play an important role in the pathophysiology of hypertension. The renin-angiotensin system seems to be involved in the cardiovascular effects of TRH, as TRH antisense treatment diminished elevated diencephalic angiotensin II content in hypertensive rats. These findings suggest TRH plays a role in the development and/or maintenance of hypertension.
yes
Renal insufficiency
Inhibitor 1 (I-1) | Ser67-phosphorylated inhibitor 1 | phosphorylated I-1
NETs are implicated in the pathogenesis of systemic lupus erythematosus (SLE) through dysregulation, exuberant NETosis, and impaired clearance. They can stimulate IFNα release, damage tissues like the endothelium, expose immunostimulatory molecules, and potentially lead to organ damage. NETs may play an important role in propagation of the lupus phenotype.
Hsp90
no
Insufficient evidence in retrieved documents.
Could you please specify the context in which you're asking about HER2 dimerization, such as a particular cancer type or treatment?
HLA-B*5701
yes
yes
*   CpG
*   GCA.TGC
*   CTA.TAG
no
Insufficient evidence in retrieved documents.
Adaptive mutagenesis (stationary-phase mutagenesis) in *Bacillus subtilis* is associated with error-prone processing of apurinic/apyrimidinic (AP) sites by PolX, the role of mfd, defects in the error prevention oxidized guanine system, and the roles of YqjH and YqjW.
extraversion | agreeableness | conscientiousness | emotional stability | openness to experience
Insufficient evidence in retrieved documents.
yes
Insufficient evidence in retrieved documents.
APOBEC3G | APOBEC3F
no
Insufficient evidence in retrieved documents.
Macrostomum lignano is a useful model organism for studying the role of ion channels in stem cell activity, particularly in processes like migration, proliferation, and body axis patterning. Experimental tools are available for this model, and manipulation of membrane potential in M. lignano influences regeneration.
no
L-DOPA | catechol-O-methyltransferase inhibitors
Inherited | Familial | Insufficient evidence in retrieved documents.
The INSURE procedure stands for Intubation SURfactant Extubation and is used in preterm neonates.
A system for the detection of mentions of protein-protein interactions in the biomedical scientific literature developed as a part of the OntoGene project | tmVar: a text mining approach for extracting sequence variants in biomedical literature
In autoimmune thyroiditis, thyrocyte destruction is induced through Fas-mediated mechanisms. Specifically, interactions between CD95 and its ligand (CD95L), as well as autocrine/paracrine Fas-FasL interactions, mediate thyrocyte destruction. IL-1beta-induced Fas expression also serves as a limiting factor for thyrocyte destruction.
heterochromatin | chromatin | Insufficient evidence in retrieved documents.
LHCII | light-harvesting complex of Photosystem II
yes
yes
Insufficient evidence in retrieved documents.
yes
yes
yes
Insufficient evidence in retrieved documents.
Insufficient evidence in retrieved documents.
Are you asking about a medical condition or something else?
Histatin 5 resistance in Candida glabrata can be reversed by inserting Candida albicans polyamine transporter-encoding genes DUR3 and DUR31. This suggests that Histatin 5 normally inhibits Candida glabrata, but the organism can develop resistance.
galactocerebrosidase (GALC) | galactocerebrosidase | GALC enzyme
no
RIFIN proteins exhibit distinct subcellular localization and are expressed on the surface of infected erythrocytes. They are variant surface antigens.
Insufficient evidence in retrieved documents.
yes
Insufficient evidence in retrieved documents.
Bone marrow surveillance is an important part of the clinical management of Fanconi anemia.
yes
no
*   Icatibant
yes
Insufficient evidence in retrieved documents.
Insufficient evidence in retrieved documents.
no
Syndactyly | Symbrachyphalangism | Growth disturbances | II-V finger syndactyly | Proximal phalanx of the bilateral thumb "in delta"
yes
relapsed and refractory multiple myeloma
Insufficient evidence in retrieved documents.
0.01% | 0.10%, 0.08%, and 0.06% | 0.4%, 0.3%, and 0.3%
Insufficient evidence in retrieved documents.
no
Hot water epilepsy (HWE) is a rare form of reflex epilepsy, also known as bathing epilepsy. Seizures are provoked by hot water, resulting from the association of both cutaneous and heat stimuli.
Volatile organic compounds (VOCs) | Oxidative stress products (alkanes and alkane derivatives) | Volatile metabolites of M. tuberculosis (cyclohexane and benzene derivatives)
Insufficient evidence in retrieved documents.
Insufficient evidence in retrieved documents.
Insufficient evidence in retrieved documents.
yes
Mood disorder | Parkinsonian syndrome | Frontal cognitive impairment | Respiratory compromise
Calsequestrin | junctate | histidine-rich Ca(2+)-binding protein
yes
Friedreich's ataxia (FRDA) | Huntington's disease (HD)
yes
Aducanumab | LY2062430 | Bapineuzumab | Solanezumab
Are you asking about specific subtypes of calcium channels (e.g., N-type, P/Q-type, etc.)?
The fractal globule is a knot-free, compact polymer conformation that enables dense packing and easy folding/unfolding of genomic loci. It arises from topological constraints preventing chain crossing and results in spatial segregation of the chain at all length scales. This conformation has been proposed as a model for chromatin organization within the cell nucleus.
*   etoposide (VP-16)
*   teniposide (VM-26)
*   dovitinib
Are you asking about SHAPE-Seq in the context of RNA structure probing, or something else?
Insufficient evidence in retrieved documents.
Insufficient evidence in retrieved documents.
Conserved noncoding elements (CNEs) are found in Hox clusters and are putative cis-regulatory elements involved in the regulation of Hox genes. This regulation is highly conserved across chordates, as evidenced by comparisons between species like elephant shark, human, lamprey, and amphioxus. These CNEs are located in both intergenic and intronic regions.
Insufficient evidence in retrieved documents.
Targeted Chromatin Capture (T2C) is a novel technique used to interrogate large selected regions of the genome.
Insufficient evidence in retrieved documents.
yes
Loss of memory | memory problems | Insufficient evidence in retrieved documents.
Are you interested in the symptoms, causes, diagnosis, or treatment of Heyde syndrome?
yes
MutY | MutM | MutT
Cancer prognosis | Genetics | Genomics | Predictors of response to antidepressant therapy | Radiomics (extraction and analysis of quantitative data from medical images)
no
Insufficient evidence in retrieved documents.
no
Insufficient evidence in retrieved documents.
The lunar cycle seems to affect the incidence of intracranial aneurysm rupture. Specifically, the new moon is associated with an increased risk of aneurysmal subarachnoid hemorrhage (SAH).
Insufficient evidence in retrieved documents.
Insufficient evidence in retrieved documents.
Met1Val (M1V) | restless legs/periodic limb movements in sleep syndrome (RLS/PLMS) | pregabalin
Insufficient evidence in retrieved documents.
OikoBase
NT-proBNP levels are associated with cognitive function. Higher levels of NT-proBNP are associated with poorer cognitive function, with some studies indicating a strong association and others a weaker, but still significant, association.
cell elongation | GTPase | cell division | bacterial cytoskeleton
Insufficient evidence in retrieved documents.
Insufficient evidence in retrieved documents.
Insulin receptor
no
yes
yes
What is the purpose of determining the proteome of the FFPE tissue?
Cancer patients with a Type D personality are less satisfied with the information they receive and experience poorer quality of life and mental health. They also experience higher physical and psychological distress compared to those without a Type D personality.
Genomicus | GeneMANIA
Aspergillus terreus
*   Melanomas
Rash of DH | Dermatitis herpetiformis
MutS | MutL | MutH
yes
tick vector
yes
yes
Insufficient evidence in retrieved documents.
Insufficient evidence in retrieved documents.
Insufficient evidence in retrieved documents.
Mannose 6-phosphate receptors (M6PR) | Cation-independent mannose 6-phosphate receptor (CIMPR)
Insufficient evidence in retrieved documents.
yes
4.0 mm
yes
yes
Insufficient evidence in retrieved documents.
yes
*   Insufficient evidence in retrieved documents.
no
The C-terminal decapeptide of prothymosin alpha stimulates the functions of human neutrophils in vitro. The C-terminal region is also the immunologically active site and is required for nuclear migration and stimulation of p53-dependent transcription.
yes
The Ada O6-alkylguanine-DNA alkyltransferase functions in DNA repair by directly dealkylating mutagenic O6-alkylguanine and correcting premutagenic O6-alkylguanine lesions in DNA. It also acts as a positive regulator.
Insufficient evidence in retrieved documents.
Insufficient evidence in retrieved documents.
no
Insufficient evidence in retrieved documents.
>76× coverage | Insufficient evidence in retrieved documents. | Whole-exome sequencing
About 70% | Vast majority | Insufficient evidence in retrieved documents.
no
yes
Insufficient evidence in retrieved documents.
antidepressant | depression | insomnia
Are you asking about using transcranial ultrasound for diagnostic imaging, therapeutic intervention, or something else related to the subthalamic nucleus?
Global epigenetic alterations | BORIS activation in cancer may be due to global genetic or epigenetic changes | TET3-mediated DNA demethylation occurs at the global level
no
High dose intravenous ascorbate treatments may reduce inflammation in cancer patients by affecting C-reactive protein levels and pro-inflammation cytokines. This modulation of inflammation correlated with decreases in tumor marker levels. The use of high dose ascorbate in cancer treatment has been reexamined.
antiparallel dimers | antiparallel | Insufficient evidence in retrieved documents.
no
SMIM1 protein
Insufficient evidence in retrieved documents.
yes
Insufficient evidence in retrieved documents.
Insufficient evidence in retrieved documents.
LQVVR
ChIRP-seq (Chromatin Isolation by RNA Purification sequencing) is a method where tiling oligonucleotides retrieve specific lncRNAs with bound protein and DNA sequences. These retrieved sequences are then enumerated by deep sequencing.
MammaPrint and Oncotype DX are prognostic signatures. Oncotype DX is a diagnostic test used to predict the likelihood of disease recurrence and response to chemotherapy, while MammaPrint is a 70-gene signature panel.
yes
yes
Insufficient evidence in retrieved documents.
*   cardiac-specific genes
*   contractile behavior of the heart
yes
Insufficient evidence in retrieved documents.
1100delC
no
Deficient expression of calcitonin | Deficiency of calcitonin
Curative resection is the treatment of choice for gastric lymphoma. Radiation therapy may offer some benefit when complete resection is not feasible.
Flow cytometry | DNA fragmentation assays | DAPI staining assay | Single-cell gel electrophoresis (comet assay) | Nile blue staining | Cytochemical labeling of DNA fragmentation
no
Insufficient evidence in retrieved documents.
yes
Nucleus | In complex samples | Insufficient evidence in retrieved documents.
Insufficient evidence in retrieved documents.
yes
yes
Insufficient evidence in retrieved documents.
Music therapy, particularly active and improvised music therapy, may serve as an adjuvant treatment in the early rehabilitation of severe brain-injured patients during coma recovery. It is used in neurological early rehabilitation of patients with coma and other disorders of consciousness.
Plasmodium falciparum | Plasmodium falciparum malaria parasite
Cardiomyopathy and heart failure | Cardiotoxicity | Myelosuppression
Are you asking about GDF10 as a gene, a protein, or something else?
yes
yes
yes
A to I | adenosine residue is base-modified to inosine
yes
APOBEC3G | APOBEC3F
yes
Long non-coding RNAs are RNAs longer than 200 nucleotides that do not code for proteins [2]. Some lncRNAs originate from enhancers [1], while others can promote mRNA translation [3, 4].
no
yes
15q11-13 deletions of paternal origin | maternal chromosome 15 uniparental disomy (UPD) | genetic defects in certain regions of chromosome 15q11-13 | Defects of the SNRPN gene
4.43 years (mean age) | 32.3 ± 12.2 years (average age with biologic use) | 43.7 ± 16.3 years (average age without biologic use)
Insufficient evidence in retrieved documents.
Insufficient evidence in retrieved documents.
yes
Insufficient evidence in retrieved documents.
Long-standing celiac sprue
yes
Insufficient evidence in retrieved documents.
Calcineurin | Protein phosphatase 2B/calcineurin (CaN) | PP2B
yes
yes
no
Insufficient evidence in retrieved documents.
To measure the genome-wide dynamics of transcription-start-site usage in the human monocytic cell line THP-1 throughout a time course of growth arrest and differentiation. | Using deep sequencing (deepCAGE) | FANTOM4 study
yes
Based on the provided evidence, iron deficiency is associated with, and may be a cause of, restless leg syndrome (RLS). The association between iron deficiency and RLS is increasingly recognized. RLS is also purported to be linked to brain iron deficiency.
Insufficient evidence in retrieved documents.
yes
Insufficient evidence in retrieved documents.
Induces skipping of exon 51 in the dystrophin gene | Systemic treatment for 12 weeks | Single dose intramuscular clinical trial
Insufficient evidence in retrieved documents.
no
Estrogen receptor-positive (ER+)
*   5-azacytosine
Armoured brain is a rare condition characterized by dense calcification over the brain. It can be caused by chronic subdural collections masking underlying hydrocephalus.
Histone acetylation | Histone H3K4me1 | Histone H3K27ac
Insufficient evidence in retrieved documents.
yes
yes
Insufficient evidence in retrieved documents.
Insufficient evidence in retrieved documents.
SAGA transcriptional co-activator complex | TREX2/THSC | TREX-2 | DUBm
yes
The principle of ATAC-seq (Assay for Transposase-Accessible Chromatin with high-throughput sequencing) is to identify open, accessible regions of chromatin for genome-wide chromatin accessibility profiling.
Upf1p | Upf2p | Upf3p
Insufficient evidence in retrieved documents.
no
Insufficient evidence in retrieved documents.
Radiotherapy | Chemotherapy | Temozolomide (TMZ)
Insufficient evidence in retrieved documents.
Insufficient evidence in retrieved documents.
yes
yes
no
Hutchinson-Gilford progeria syndrome (HGPS) is caused by the production of a mutant form of prelamin A known as progerin. This mutant protein is the genetic basis of the disease.
base excision repair pathway | base excision repair | DNA repair pathways
yes
Protrusio acetabuli | Otto pelvis
The "proteomic ruler" is a tool for protein copy number and concentration estimation without spike-in standards.
HIV-1-encoded Vif protein allows virus replication by counteracting the antiviral activity of APOBEC3 proteins. Vif targets APOBEC3 proteins for degradation via the ubiquitin-proteasome pathway, inhibits A3G mRNA translation, or uses a direct competition mechanism.
p38 alpha | p38 beta 2 | p38 gamma | p38 delta
yes
Insufficient evidence in retrieved documents.
Rash (in adults, possibly related to gabapentin, range from 1% to 10%) | Gabapentin treatment failure as a consequence of rash (in adults, 0.4% of 3000 patients) | The product monograph does not mention rash in children.
Ranolazine improves cardiac diastolic function by inhibiting the late sodium current, reducing sodium-dependent calcium overload, and modulating myofilament calcium sensitivity. This can improve diastolic tone and accelerate the contraction-relaxation cycle. Ranolazine may be of therapeutic benefit in conditions of diastolic dysfunction due to elevated sodium and diastolic calcium.
Gemcitabine, particularly in combination with other agents, shows potential efficacy in treating recurrent, platinum-resistant epithelial ovarian cancer. Specifically, gemcitabine combined with pegylated liposomal doxorubicin, pertuzumab, or endostar may be beneficial. Gemcitabine plus endostar improves progression-free survival.
Foxa proteins function as 'pioneer factors' by binding to promoters and enhancers. This binding enables chromatin access for other tissue-specific transcription factors.
Gata4 | Mef2c | Tbx5
ibrutinib | Fenebrutinib
yes
yes
In vivo biotinylation tagging involves fusing a short sequence tag to the N-terminus of a transcription factor, such as GATA-1, and coexpressing it with BirA for efficient biotinylation. The biotinylated transcription factor is then captured from nuclear extracts via direct binding to streptavidin beads. This allows for the isolation and subsequent identification of associated proteins by mass spectrometry.
yes
The FAA cDNA is 5.5 kb with an open reading frame of 4,368 nucleotides. The predicted FAA protein has a molecular weight of 162,752 and contains two overlapping bipartite nuclear localization signals and a partial leucine zipper consensus. These characteristics suggest a nuclear localization for the FAA protein.
Skeletal muscle satellite cells are quiescent mononucleated myogenic cells located between the basal lamina and plasma membrane of myofibers or between the sarcolemma and basement membrane of terminally-differentiated muscle fibres. They are required for skeletal muscle regeneration and provide the myogenic precursors that rebuild damaged muscle tissue.
Neurogranin in cerebrospinal fluid is a marker of synaptic degeneration in Alzheimer's disease.
no
Four | four disulfide bridges
Insufficient evidence in retrieved documents.
Thr-68 | S19 | S33/35
yes
DNA base composition asymmetry | Z curve | Cell division cycle (cdc6) gene location | Location of consensus origin recognition box (ORB) sequences
Emulsion PCR is used in the preparation of Next Generation Sequencing libraries. It is performed before normalization of multiplex NGS libraries [1]. However, PCR can introduce bias due to the generation of high copy numbers of DNA fragments [2].
no
Thyroid hormone signaling acts as a neurogenic switch in adult neural stem cells [1]. In vitro stem cell differentiation techniques stimulate thyroid hormone receptor pathways [2].
Insufficient evidence in retrieved documents.
Multiple autoimmune phenotypes | Wegener's granulomatosis | Rheumatoid arthritis (RA) | Type 1 diabetes (T1D) | Systemic lupus erythematosus (SLE) | Autoimmune thyroiditis (AIT)
Insufficient evidence in retrieved documents.
*   Specific chromatin patterns of histone modifications mark developmental enhancers and active promoters.
*   DNA methylation and histone modifications such as methylation, acetylation, and phosphorylation, are two types of epigenetic modifications that alter gene expression.
Outer membrane of mammalian mitochondrion | Mitochondrial outer membrane | Outer membrane protein of mammalian mitochondria
Insufficient evidence in retrieved documents.
Insufficient evidence in retrieved documents.
Temperature-dependent change in mRNA stability | Temperature shift | Insufficient evidence in retrieved documents.
DSIF | NELF
Progressive bone marrow failure starting in the first decade of life | Recapitulates many key features of the human genetic illness Fanconi anemia
cyclophilin | GIP receptor and GLP-1 receptor | Insufficient evidence in retrieved documents.
Proton-pump inhibitors | Antacids | A long list of drugs
yes
HEXA | mutated HEXA alleles | Insufficient evidence in retrieved documents.
Nucleotide excision repair (NER)
Insufficient evidence in retrieved documents.
yes
endovascular treatment | ET | interventional treatment
Impaired thyroid hormone synthesis | Diffuse thyroid enlargement (goiter) | Goiter
autosomal recessive | autosomal-recessive | autosomal recessive inheritance
glide docking program | ZDOCK program | DockTrina
NBEAL2 | GFI1B
inhibit | inhibits
yes
no
no
According to the provided evidence, cancer cells rely on the MTH1 protein to prevent the incorporation of deadly oxidized nucleotides into DNA. MTH1, also known as NUDT1, is also involved in the repair of 7,8-dihydro-8-oxoguanine (8-oxo-G).
yes
yes
Insufficient evidence in retrieved documents.
no
mutations in the cardiac ryanodine receptor (RYR2) | mutations in the cardiac ryanodine receptor gene (Ryr2) | mutations in the cardiac ryanodine receptor type 2 (RyR2)
Han Chinese population | Chinese Han population
Researchers have studied markers of telomere integrity and function in Fanconi anemia patients to understand the mechanisms and consequences of telomere erosion. This research is based on previous work suggesting an accelerated shortening of telomeres in Fanconi anemia.
yes
The Tsix gene, an antisense counterpart of Xist, represses the Xist allele. In the mouse placenta, Tsix represses the maternal Xist allele. Additionally, a region containing the Tsix gene prevents the initiation of X chromosome inactivation in male differentiating ES cells.
yes
histone H3 at threonine-3 | histone H3 at Thr3 residue | H3T3ph
Insufficient evidence in retrieved documents.
Insufficient evidence in retrieved documents.
Neutral loss detection in phosphoproteomics enhances the fragment ion mass spectra of phosphorylated peptides through higher-order fragmentations of neutral loss ions.
yes
The mechanism of drug-induced gingival overgrowth is not well understood, but may involve the over-expression of cyclin B1. Cathepsin-L is also implicated as a key molecule in the pathogenesis. Phenytoin is one drug known to induce gingival overgrowth as a side effect.
yes
p16(INK4a)
Insufficient evidence in retrieved documents.
yes
KB-R7943 | Cyclosporin A | Bradykinin
Are you asking about ceritinib as a medication, or something else?
frataxin | Drosophila frataxin (dfh) | mitochondrial protein frataxin
Regulation of Hox genes | cis-regulatory elements | Animal body plans
Human papillomavirus proteins E6 and E7 contribute to cell transformation by interacting with and targeting the p53 and Rb pathways. Specifically, E6 promotes the degradation of p53, and E7 promotes the degradation of pRb, and binds to pRB, abrogating cell cycle checkpoints and inducing genomic instability.
Insufficient evidence in retrieved documents.
mRNA processing and transport | RNA life cycle | Adipogenesis
Insufficient evidence in retrieved documents.
Insufficient evidence in retrieved documents.
hUCB-MSC transplantation | Memantine
5hmC plays a role in differentiation, particularly in T-cell development where it is enriched in highly expressed genes and active enhancers. Its presence correlates positively with gene expression, especially in genes encoding key transcriptional regulators. However, the role of 5hmC in ESC differentiation, especially neuronal differentiation, remains elusive.
Insufficient evidence in retrieved documents.
Are you asking about CRISPRi in the context of a specific disease, gene, or research area?
motor neurons | cells | Insufficient evidence in retrieved documents.
yes
yes
no
Insufficient evidence in retrieved documents.
Med220 subunit | Med70 subunit
Amyotrophic lateral sclerosis (ALS)
yes
Rolling circle mechanism that is exclusively RNA dependent | Host enzyme copies infecting viroid RNA molecules | Dependent on host transcription machinery
Insufficient evidence in retrieved documents.
XK gene | XK
yes
TOR (Target Of Rapamycin)
yes
AD | Carpal tunnel syndrome (CTS)
Insufficient evidence in retrieved documents.
Long-range epigenetic silencing (LRES) involves the coordinated suppression of large regions of chromosomes, consolidating the cancer genome into domains of repressive chromatin. Ikaros hypermethylation can occur in the context of LRES.
Insufficient evidence in retrieved documents.
yes
Sequential therapy | Quadruple therapy (bismuth-based) | Quadruple therapy (non-bismuth-based)
receptor tyrosine-protein kinase erbB-3
AMPK phosphorylates TSC2 under conditions of low intracellular ATP and various metabolic stress conditions. This phosphorylation contributes to the suppression of mTORC1.
Insufficient evidence in retrieved documents.
LaTcOm | Sherlocc
15 | Fifteen | KLK1-KLK15
yes
Dlk1-Dio3 and Kcnq1/Kcnq1ot1 loci | Ig loci | Two additional imprinted loci
ophthalmoplegia | ataxia | mental confusion
yes
yes
Three isoforms | RyR1 | RyR2 | RyR3
Insufficient evidence in retrieved documents.
Insufficient evidence in retrieved documents.
Insufficient evidence in retrieved documents.
Here's a list of the most prominent sequence consensus for the polyadenylation site, based solely on the provided evidence:

*   AATAAA
*   AAUAAA
*   mRNA polyadenylation in prokaryotes does not require specific consensus sequences as in eukaryotes.
yes
Insufficient evidence in retrieved documents.
Intrinsically disordered proteins lack stable tertiary and/or secondary structures under physiological conditions in vitro. They undergo significant conformational transitions to well-folded forms only on binding to a partner.
Transcriptional corepressor | Metazoan corepressor | Gro
Insufficient evidence in retrieved documents.
The catalytic mechanism of DNA (cytosine-5) methyltransferases involves the attack of the C6 of substrate cytosines by an enzyme nucleophile, leading to the formation of a transient covalent adduct. This mechanism has been studied using 5-fluorocytosine residues.
yes
Insufficient evidence in retrieved documents.
Insufficient evidence in retrieved documents.
There is an inverse correlation between the number of pregnancies and the age at onset of rheumatoid arthritis.
yes
*   Ligand pose prediction
*   Pose rankings
*   Virtual screening of compound libraries
*   Discovery of enzymatic inhibitors
*   Generation of queries for virtual screening
Dengue viruses, which belong to the Flaviviridae family, are transmitted to humans (vertebrates) via the bites of infected mosquitoes Aedes aegypti and Aedes albopictus.
The aim of the HAMLET clinical trial was to assess the effect of decompressive surgery within 4 days of the onset of symptoms in patients with space-occupying hemispheric infarction.
Amifostine, as a prodrug, is metabolized into an active form that is assumed to protect healthy tissues during antineoplastic therapy by detoxifying anticancer drugs and/or eliminating free radicals. It can detoxify free oxygen radicals generated by drugs such as anthracyclines, platinum analogues, and alkylating agents. However, amifostine may not protect against cytotoxicity induced by all chemotherapy drugs, such as doxorubicin in germ line stem cells.
9 bp deletion and a 29 bp duplication | Murine B1 is a homolog of the human SINE Alu | Distribution across functional classes
yes
Insufficient evidence in retrieved documents.
Spinal Muscular Atrophy (SMA) is caused by the loss of function of the survival motor neuron gene (SMN1), leading to a deficiency of the survival motor neuron (SMN) protein. This deficiency results in the degeneration of motor neurons.
Metformin-rosiglitazone
Insufficient evidence in retrieved documents.
Alpha-synuclein | AlphaS | AS
yes
The Kub5-Hera/RPRD1B interactome has a novel role in preserving genetic stability by regulating DNA mismatch repair.
Restless legs syndrome (RLS) | Willis-Ekbom Disease (WED)
Insufficient evidence in retrieved documents.
Hepatotoxicity | Increased transaminase levels | Nausea | Diarrhea | Vomiting | Weight loss | Gastrointestinal side effects
yes
yes
tyrosine hydroxylase | dopamine-ß-hydroxylase | phenylethanolamine N-methyltransferase
Six
yes
Are you asking about the drug's effects, its chemical properties, or something else related to desomorphine?
sofosbuvir | ledipasvir
Mff overexpression in mitochondria leads to increased mitochondrial fission and stimulates the recruitment of Drp1 to the mitochondria. It also increases the interaction between DLP1 and Pex11pβ.
yes
Fatal familial insomnia (FFI) is a hereditary prion disease characterized by insomnia and dysautonomia. It is also characterized by inattention and motor signs, and may involve dementia and damage to select thalamic nuclei. FFI is autosomal dominant.
Insufficient evidence in retrieved documents.
Insufficient evidence in retrieved documents.
JAMM
ENCODE | ROADMAP | BLUEPRINT | DEEP
Essential tremor | Intractable tremor
no
yes
CARMEN, or (CAR)diac (M)esoderm (E)nhancer-associated (N)oncoding RNA, is upstream of the cardiac mesoderm-specifying gene regulatory network. CARMEN knockdown inhibits cardiac specification and differentiation in cardiac precursor cells. CARMEN is a crucial regulator of cardiac cell differentiation and homeostasis.
yes
teriflunomide
Insufficient evidence in retrieved documents.
Insufficient evidence in retrieved documents.
protein-coding genes related to reproduction | microRNA genes related to reproduction
Insufficient evidence in retrieved documents.
5.476% | 8% | Insufficient evidence in retrieved documents.
yes
Insufficient evidence in retrieved documents.
Insufficient evidence in retrieved documents.
no
Insufficient evidence in retrieved documents.
Insufficient evidence in retrieved documents.
Insufficient evidence in retrieved documents.
Exonic splice enhancers are non-splice site motifs. In humans, much of the information specifying splice sites is not at the splice site, and exonic splice enhancers are one of the principle non-splice site motifs.
Zika virus infection is associated with congenital birth defects. Microcephaly is one specific birth defect associated with Zika virus. Other birth defects are also associated with Zika virus infection.
Neisseria adhesin A (NadA) is an adhesin and invasin of Neisseria meningitidis that is present on the meningococcal surface. It contributes to adhesion to and invasion of human cells and is one of the antigens of the Bexsero vaccine. Human monocytes/macrophages are a target of NadA, and NadA targets beta1 integrins.
CAFE | KC-SMARTR
Insufficient evidence in retrieved documents.
Accumulation in the somatodendritic compartment | Aggregation into insoluble filaments | Generation of neurofibrillary tangles | Pathological deposition as neurofibrillary tangles
Insufficient evidence in retrieved documents.
Are you asking about the cause of scurvy in general, or something more specific?
Ambras syndrome (AMS) is a unique form of universal congenital hypertrichosis.
Stevens-Johnson syndrome (SJS) | toxic epidermal necrolysis (TEN) | erythema multiforme | acute generalized exanthematous pustulosis (AGEP) | drug reaction with eosinophilia and systemic symptoms complex (DRESS) | drug reaction with eosinophilia and systemic symptoms (DRESS)
INCA
Are you referring to a specific research study, gene, protein, or something else?
Insufficient evidence in retrieved documents.
In what context are you asking about regioneR (e.g., genomic analysis, a specific disease study, etc.)?
Relapsed and refractory multiple myeloma | A complication of leprosy | Various types of cancer | Dermatoses
Reactive metabolites are believed to be responsible for most idiosyncratic drug reactions. Certain drugs are transformed into reactive metabolites by cytochrome P-450, a hepatic microsomal enzyme. These metabolites can covalently bind to hepatocyte macromolecules, potentially causing liver lesions.
The "wearing-off" phenomenon occurs in levodopa-treated parkinsonian patients. It can be controlled with more frequent levodopa dosage, and tolcapone may offer relief. Postsynaptic dopamine receptor mechanisms are involved in this phenomenon.
Are you asking about prions in relation to a specific disease or condition?
yes
Are you asking about sQTLseekeR in the context of a specific disease, gene, or study?
Creutzfeldt-Jakob disease (CJD) is a rare, rapidly progressive, and fatal neurodegenerative disease affecting the central nervous system. It is classified as a transmissible spongiform encephalopathy and is presumably caused by a slow infectious pathogen or prion. Principal clinical features include dementia, pyramidal and extrapyramidal symptoms and signs, cerebellar dysfunction, and myoclonus.
Athelia is a very rare entity characterized by the absence of the nipple-areola complex.
yes
Are you asking about a specific BioCreative challenge, or BioCreative in general?
Treatment of obesity | Investigational fixed-dose combination drug of naltrexone and bupropion | Phase III clinical trials
5p15.32 | 5p15.3 | short arm of chromosome 5
transposable element | insertion of a large, tandemly repeated, transposable element
huntingtin (HTT) gene | HTT | mutant HTT
PHYLUCE
SLC9A6 gene
Eteplirsen (Exondys 51) is an antisense oligonucleotide designed to induce exon 51 skipping, developed by Sarepta Therapeutics. It has received accelerated approval from the US FDA for the treatment of Duchenne muscular dystrophy (DMD) in patients with a confirmed mutation of the DMD gene amenable to exon 51 skipping. It is also referred to as a morpholino AO to skip exon 51.
Insufficient evidence in retrieved documents.
Are you asking about the diagnostic criteria, potential causes, or treatment options for trichotillomania?
Insufficient evidence in retrieved documents.
Insufficient evidence in retrieved documents.
yes
The shelterin complex shields telomeres against the DNA damage response (DDR). In humans, it binds TTAGGG DNA repeats and provides capping to chromosome ends.
Alzheimer's disease (AD) | Alzheimer's disease
Microdeletion syndromes | Trisomy 8 in myelodysplastic syndromes | DiGeorge syndrome | Velocardiofacial syndrome | Conotruncal anomaly face syndromes | -5/5q- chromosome abnormality in myelodysplastic syndromes | Cytogenetic aberrations in myelodysplastic syndrome
Epilepsy | Ataxia | Sensorineural deafness | Renal tubulopathy
Insufficient evidence in retrieved documents.
yes
Statins | Simvastatin | Ezetimibe
PD-1 inhibitors block PD-L1 and PD-L2 binding to PD-1 and enhance T-cell proliferation. Cemiplimab is a PD-1 inhibitor that has antitumor activity, with adverse events similar to other PD-1 inhibitors.
yes
Sibutramine | Rofecoxib | Valdecoxib | Sertindole
yes
crypt base | bottom of the crypts of Lieberkühn | intestinal crypts
HSV-2-meningitis
Oral hypoglycaemic drugs
PeakXus | MACE | MACS2
Statins have shown broad-spectrum anti-cancer properties in laboratory studies and may reduce the odds of developing pancreatic cancer. However, they do not appear to have a positive benefit on cognition in elderly participants and may induce myopathy.
Insufficient evidence in retrieved documents.
yes
escape of metaphase I arrest
Could you please specify what context you are asking about Path2PPI in?
Lung cancer | Cervical cancer | Breast cancer
Zika virus infection can cause a self-limiting, systemic illness. It is associated with microcephaly and other fetal malformations in infants whose mothers were infected during pregnancy. Guillain-Barré syndrome has also been associated with Zika virus.
Oseltamivir is an antiviral drug that functions by blocking the activity of the viral neuraminidase protein. It is also effective for the prevention of influenza.
The gamma-secretase complex includes presenilin-1, APH-1, CRB2, and NCT. The transmembrane domain of NCT is critically required for interaction with other gamma-secretase complex components and the formation of an active complex.
Insufficient evidence in retrieved documents.
yes
Sole E2-conjugating enzyme required for sumoylation | Interacts with almost all partners required for sumoylation | Loss of UBC9 completely abolishes the SUMOylation pathway
yes
yes
fimA genotype II | fimA genotype Ib | fimA genotype IV
yes
Cohesins form chromosomal cis-interactions at the developmentally regulated IFNG locus.
Are you interested in the ECG changes associated with Wellens' syndrome, or something else related to the condition?
ALS
ApoE epsilon2
yes
yes
webSDA | SDA
yes
Transthyretin facilitates the transport of thyroid hormones in cerebrospinal fluid. It may have an important function in the transport of thyroxine from the blood to the brain. Transthyretin is also the main thyroxine-binding protein in the cerebrospinal fluid of both rodents and humans.
Originated by physician intervention | Physician created | Difficult to truly define
Neural crest | Neural crest-derived cells | Multipotent population of neural crest cells
Insufficient evidence in retrieved documents.
no
Slitrk1 is localized to excitatory synapses.
Insufficient evidence in retrieved documents.
The constitutive photomorphogenesis 9 signalosome (CSN) is a multiprotein complex. It directs the production of vascular endothelial growth factor (VEGF) in HeLa and HL-60 cells and may regulate the degradation of polyubiquitinated proteins.
yes
Legg-Calvé-Perthes disease is a childhood hip disorder characterized by avascular necrosis or osteonecrosis of the head of the femur or the proximal femoral epiphysis. This disease may result in a deformed and poorly functioning hip.
ERAP1-ERAP2 dimerization increases peptide-trimming efficiency.
Common cause of plantar heel pain | Common foot disorder | Common cause of heel pain
Insufficient evidence in retrieved documents.
Insufficient evidence in retrieved documents.
yes
Adhesive capsulitis is a condition characterized by pain and limitation of shoulder movement, affecting both active and passive motion. It results from fibrosis and contracture of the joint capsule, and its etiology is poorly understood. In most cases, it is self-limiting.
Semantic MediaWiki (SMW) was used in the SSTAR database for the FANTOM5 project. Its use demonstrated the utility of the framework for disseminating large-scale analysis results. SSTAR serves as a case study for handling biological data from large-scale research projects.
yes
chromDraw | cancersubtypes | CAFE
yes
gastrointestinal tracts of humans and animals | gut | Insufficient evidence in retrieved documents.
yes
Nox1
yes
Insufficient evidence in retrieved documents.
Bartter syndrome is an inherited hypokalemic renal tubulopathy with clinical subtypes including classic Bartter syndrome (cBS). Bartter syndrome Type III, a type of classic Bartter syndrome, is caused by genetic alterations in the chloride channel kidney B (CLCNKB) gene and often presents in the first 2 years of life.
yes
*   RMBase
*   MODOMICS
Hemolysis | Elevated liver enzymes | Low platelet count
MITF
Insufficient evidence in retrieved documents.
HBB gene
Indian hedgehog (IHH) regulates chondrocyte differentiation, proliferation, and hypertrophy. It also plays a role in the epiphyseal growth zone.
Facilitate expansion of resident stem cells | R-spondin 1 and noggin facilitate expansion | R-spondin 1 and noggin
Insufficient evidence in retrieved documents.
Gaucher disease
Symmetry breaking | Left-right asymmetry
Insufficient evidence in retrieved documents.
The HSP70-HSP110 disaggregase machinery is involved in clearing protein aggregates. UBQLN2 acts with this machinery to degrade aggregated and misfolded proteins via the 26S proteasome. Human Hsp70 disaggregase can reverse Parkinson's-linked α-Synuclein Amyloid Fibrils.
yes
GBshape
yes
yes
no
yes
Insufficient evidence in retrieved documents.
Insufficient evidence in retrieved documents.
Insufficient evidence in retrieved documents.
*   noggin gene
Insufficient evidence in retrieved documents.
Role in the amyloidogenic processing of β-amyloid precursor protein | Plays a role | Promising target
Insufficient evidence in retrieved documents.
Insufficient evidence in retrieved documents.
yes
Are you asking about a MRSA infection in general, or something more specific?
*   Higher-order fragmentations of neutral loss ions
*   Tandem mass spectrometry
yes
Insufficient evidence in retrieved documents.
Insufficient evidence in retrieved documents.
Are you asking about Bexsero the vaccine?
yes
Insufficient evidence in retrieved documents.
Insufficient evidence in retrieved documents.
Insufficient evidence in retrieved documents.
Orbit | Retrobulbar segment | Orbital surface of the medial rectus and inferior rectus
Insufficient evidence in retrieved documents.
PROFtmb prediction method
Insufficient evidence in retrieved documents.
Alzheimer's disease
In what context are you asking about lncRNA?
10(14) cells | Approximately 500 species per individual | Insufficient evidence in retrieved documents.
Inhibitors of the oxytocinase subfamily of M1 aminopeptidases with immune-regulating properties | Immune-regulating properties | Inhibitors of the oxytocinase subfamily of M1 aminopeptidases
yes
Eastern Siberia | Siberia | Iakut people of Siberia
Are you asking about septins in relation to a specific disease, cell type, or organism?
Insufficient evidence in retrieved documents.
Severe form of epilepsy | Epileptic syndrome of infancy | Insufficient evidence in retrieved documents.
Telomerase is an attractive drug target because of its differential expression in cancer cells compared to normal cells, which have considerable telomere reserve. Also, almost 100% of adenocarcinoma expresses telomerase, making it a good target for telomerase-related therapy. The association of telomerase activity with carcinogenesis also makes it an attractive target.
Are you asking about a gene, a disease, or something else?
Tokuhashi revised scoring system | Modified Tokuhashi score | Tomita score | Modified Bauer score | Oswestry score
no
*   Myopathy
*   Rhabdomyolysis
*   Hepatotoxicity
*   Peripheral neuropathy
*   Impaired myocardial contractility
*   Autoimmune diseases
sacubitril | valsartan
The doRiNA database contains RNA interaction data relevant to post-transcriptional regulation. It encompasses RBP data for the human, mouse, and worm genomes.
yes
yes
Insufficient evidence in retrieved documents.
Hepcidin is initially produced as a propeptide and is then processed by furin into its mature, active form.
CIDEC protein is expressed in HepG2 cells and adipose tissue.
Weak inverse association | Protective against digestive cancer | Insufficient evidence in retrieved documents.
The Orpington Prognostic Scale (OPS) is used to predict outcome and response to subacute rehabilitation in older patients with stroke. It is also used for prediction of functional outcome after stroke.
yes
methylKit | R package
yes
At least 1.6 per 100,000 | 1.6 per 100,000 | Insufficient evidence in retrieved documents.
no
yes
Involvement of the optic system | Hypothalamic-pituitary axis involvement | Absence of the septum pellucidum | Optic nerve hypoplasia | Hypothalamo-pituitary abnormalities | Hypoplasia/dysplasia of the optical nerve, chiasma or optic radiations | Complete or partial absence of the septum pellucidum
yes
The DAL cluster
The MCAST algorithm is used to identify candidate CRMs (cis-regulatory modules) using a hidden Markov model with a P-value-based scoring scheme. It can predict CRMs while taking into account epigenomic data and is part of the MEME Suite software toolkit.
ApoE epsilon4 | apoE4 isoform
no
anthrax bacilli | Insufficient evidence in retrieved documents. | Insufficient evidence in retrieved documents.
RADAR
no
Histone H3 | Cse4 | H4 | H2A | H2B | Mis18 complex
yes
yes
Yeast Clr4 is a histone methyltransferase that targets H3K9 and is involved in heterochromatin assembly. It also determines the subnuclear localization of the mating-type region, and its chromo and SET domains are essential for silencing.
Insufficient evidence in retrieved documents.
yes
Insufficient evidence in retrieved documents.
Saponins are readily soluble in water and approved by the US FDA for inclusion in beverages intended for human consumption. They may also prevent rotavirus attachment in the small intestine. There is no information about saponins in crops.
yes
Insufficient evidence in retrieved documents.
Insufficient evidence in retrieved documents.
yes
X chromosome | chromosome X
Insufficient evidence in retrieved documents.
The PIM2 scoring system can be used for the evaluation of risk-adjusted mortality in the PICU of Fayoum, Egypt [3]. However, PIM2 scoring may need recalibration as it may not adequately explain the outcome [2].
no
Mutations in the SLC40A1 gene are associated with autosomal dominant hemochromatosis, type IV hemochromatosis, and ferroportin disease. The SLC40A1 gene encodes for ferroportin. Ferroportin is a cellular iron exporter.
yes
no
yes
Sen1
traseR | LOLA | cancersubtypes
yes
Exploding Head Syndrome is an uncommon malady characterized by terrorizing attacks of a painless explosion within the head. It is common in college students and has specific clinical features.
yes
Crowned dens syndrome is related to microcrystalline deposition in the peri-odontoid structures, causing acute or chronic cervical pain. It can manifest with acute occipital headache and is characterized by calcium deposits in the alar ligament. Radiographically, it presents as a crownlike calcification on the posterior side of the dens. It can mimic other conditions such as giant cell arteritis, polymyalgia rheumatica, meningitis or discitis.
yes
Insufficient evidence in retrieved documents.
*   Physical trauma
*   Trauma
yes
The DGAT1 gene product, acyl-CoA:diacylglycerol acyltransferase 1, is a microsomal enzyme that catalyzes the final step in triglyceride synthesis. It is a key enzyme in triglyceride biosynthesis.
histone H3-K27M mutation
no
HaploReg v4 presents updates and illustrates a use case for attention deficit hyperactivity disorder (ADHD)-associated SNPs with putative brain regulatory mechanisms.
Unilateral fluctuating hearing loss of sensorineural type | Tinnitus | Vertiginous attacks lasting minutes to hours | Vertigo | Sensation of aural fullness | Fluctuating or permanent low-tone hearing loss
Connective tissue | Abnormal connective tissue
Mondor's disease is a rare superficial thrombophlebitis. It historically involves the thoracic venous system of women.
Could you specify which metalloenzyme you're interested in?
Insufficient evidence in retrieved documents.
Insufficient evidence in retrieved documents.
libFLASM
yes
Are you asking about cardiotoxicity in general, or in relation to a specific dosage, duration, or patient population?
Waldmann's disease | Hennekam syndrome
no
yes
yes
Insufficient evidence in retrieved documents.
tyrosinase | TYR
Arthroscopic debridement | Partial repair | Complete repair
Laser Interstitial Thermal Therapy (LITT) enhances progression-free survival of difficult-to-access high-grade gliomas. LITT is also used in the treatment of brain tumors and neoplasms. MRI-guided LITT is a current application in treating brain neoplasms.
SWR1/SRCAP complex | SWR1 complex | SWR1
Mcidas | GemC1/Lynkeas
yes
Telomere length shortening can be induced by agents like telomestatin, leading to apoptosis in certain cancer cells [5]. Telomere length and its shortening rate can indicate biological age [1], and telomere length is a risk factor in disease [2].
Ackee fruit
Insufficient evidence in retrieved documents.
Are you asking about a medication, a lab value, or something else?
yes
Are you asking about degrons in the context of protein degradation, or something else?
Insufficient evidence in retrieved documents.
yes
Diabetes | Diabetes mellitus
Insufficient evidence in retrieved documents.
Attention Deficit Hyperactivity Disorder (ADHD) | Schizophrenia
Insufficient evidence in retrieved documents.
Maintaining calcium homeostasis | Regulating parathyroid hormone secretion and urinary calcium excretion | Systemic calcium metabolism
amitriptyline | topiramate
Insufficient evidence in retrieved documents.
Insufficient evidence in retrieved documents.
Apixaban | Warfarin
Are you asking about REVIGO, the web server for visualizing gene ontology?
Insufficient evidence in retrieved documents.
yes
Molluscum contagiosum virus (MCV) | poxvirus
Tay-Sachs disease, juvenile GM2 gangliosidoses, chronic GM2 gangliosidoses, and adult GM2 gangliosidoses are caused by HEX A deficiency. These diseases result from mutations in the HEXA gene.
Behçet's disease is a complex, chronic, relapsing, systemic inflammatory disorder of unknown etiology, also known as the Silk Road Disease. It is characterized by recurrent oral aphtha, cutaneous manifestations, uveitis, and genital ulcers, and can involve multiple systems. It is also described as a rare systemic vasculitis disorder.
yes
Smoking cessation therapy | Antidepressant | Depression
Pro-apoptotic | Required for apoptotic cell death | Death promoter
Ctf4 links DNA replication with sister chromatid cohesion establishment by recruiting the Chl1 helicase to the replisome.
Primary intestinal lymphangiectasia (PIL) is a rare protein-losing gastroenteropathy. The etiology of PIL is unknown, but it is characterized by lymphatic obstruction or dilated intestinal lymphatics.
Congenital disorders of glycosylation (CDG) are a growing group of inherited metabolic disorders. They are characterized by enzymatic defects in the formation or processing of glycolipids and/or glycoproteins, leading to a variety of different diseases.
Insufficient evidence in retrieved documents.
Insufficient evidence in retrieved documents.
Assassin bugs belong to the family Reduviidae and order Hemiptera. They are also classified under the genus *Peirates* and subfamilies Peiratinae and Tribelocephaline.
no
yes
Telomeric repeats | Regions where transcription starts and stops | Leishmania genome
CisMapper
Unipolar brush cells are localized in the granule cell layer of the vestibulocerebellum and the granular layer. They are also found in the cochlear nucleus and the developing human cerebellum.
Histone H3.3 (H3F3A) mutation in the codon for lysine 27 (K27M) | Recurrent mutations within the histone H3 genes H3F3A and HIST1H3B that convert K27 to methionine (H3K27M) | Recurrent somatic mutations of ACVR1 in association with HIST1H3B mutations
yes
yes
Could you please provide more context? Are you referring to a gene, a protein, a condition, or something else?
apoB | PCSK9 | MTP | ANGPTL3
Insufficient evidence in retrieved documents.
yes
A mimotope vaccine involves a mimotope coupled to an immunogenic carrier such as tetanus toxoid. A phage-based mimotope vaccine can induce humoral immunity. The vaccine can also be boosted with a native tumor antigen to focus the T-cell response.
Mal de debarquement syndrome (MdDS) is characterized by a subjective perception of self-motion or continual motion. This perception typically arises after exposure to passive motion, such as sea travel, and can persist for an extended duration. It is a motion-induced subjective disorder of balance.
yes
Insufficient evidence in retrieved documents.
Low-grade gliomas can be classified into four groups, one of which is triple negative gliomas. The provided evidence does not offer further characterization of triple negative gliomas.
Ectopia lentis can be autosomal-recessive and isolated. It is associated with mutations in the ADAMTSL4 gene.
yes
Insufficient evidence in retrieved documents.
Are you asking about a gene, a clinical trial, or something else?
Haemolytic anaemia
yes
yes
no
The Genome 10K Project aims to sequence the genomes of 10,000 vertebrates, representing approximately one genome for each vertebrate genus. It was established in 2009 by a consortium of biologists and genome scientists to facilitate the sequencing and analysis of the complete genomes of 10,000 vertebrate species.
Insufficient evidence in retrieved documents.
Are you asking about a specific application or field where MIRA-seq is used?
Insufficient evidence in retrieved documents.
no
Peptide aptamers are specific protein function inhibitors. They have a versatile role in plant biotechnology.
Left ventricular systolic dysfunction | Heart failure | Ventricular arrhythmias | Embolic events | Systemic thromboembolic events
The Glasgow Coma Scale (GCS) is a method used to describe traumatic brain injury (TBI) and determine injury severity. It is also correlated with quality of life and associated with Glasgow Outcome Score.
Factor Xa inhibitors | Oral direct factor Xa inhibitors and enoxaparin
Trisomy 13
XX sex reversal | Duplication of the SOX9 gene | Failure of testicular development
yes
Connective tissue | Cardiovascular system | Ocular system
primary sclerosing cholangitis
yes
Insufficient evidence in retrieved documents.
yes
Phosphorylation | Phosphorylation on a serine | Formation of gamma-H2AX
yes
Modulates expression of G2A | Modulates expression of the G protein-coupled receptor G2A
Insufficient evidence in retrieved documents.
X-linked mode of inheritance
no
Insufficient evidence in retrieved documents.
Are you asking about sirtuins in relation to a specific disease, treatment, or area of research?
Insufficient evidence in retrieved documents.
DeepCAGE transcriptomics
yes
Insufficient evidence in retrieved documents.
Organism-independent | Characterizing diverse architectures | Efficient
FBN1
yes
yes
Fibrillin-1 gene (FBN1) | Fibrillin gene
Insufficient evidence in retrieved documents.
Are you asking about the ChIPpeakAnno R package for bioinformatics analysis?
Insufficient evidence in retrieved documents.
yes
Insufficient evidence in retrieved documents.
Apis
human chromosome Xq28
Parasympathetic neurons
Insufficient evidence in retrieved documents.
no
PCI (Percutaneous Coronary Intervention) | CABG (Coronary Artery Bypass Graft)
Are you asking about a specific aspect of ATR-16 syndrome, such as its genetic cause, symptoms, or diagnosis?
Insufficient evidence in retrieved documents.
About 70% | 30% fail to respond | Approximately 30% achieve inadequate response
Insufficient evidence in retrieved documents.
Insufficient evidence in retrieved documents.
Ssu72 | Pap1 | Pcf11 | CPSF 160 | CPSF 73
Insufficient evidence in retrieved documents.
X-linked inheritance | X-linked recessive disorder
PEDLA
no
yes
no
yes
Insufficient evidence in retrieved documents.
Posttraumatic stress disorder (PTSD) | PTSD
Mis18 forms a complex with Mis16 and maintains the deacetylated state of histones in the central core of centromeres. Mis18 is also required for Mis16 to associate with kinetochores.
no
no
Required for the development of cardiac muscle in zebrafish. | Required for the development of skeletal muscle in zebrafish. | Transcripts of smyd3 were expressed in zebrafish embryos at all developmental stages examined. | Knockdown of smyd3 in embryos resulted in pericardial edema. | Knockdown of smyd3 in embryos resulted in defects in the trunk structure.
Insufficient evidence in retrieved documents.
H3F3A | H3K27M | H3F3A p.K27M | H3F3A p.G34 | K27M | G34R/V | HIST1H3B
What is the context of this question? Are you referring to a specific sequencing technology, application, or organism?
no
Are you asking about the genetic condition, or something else related to Achondroplasia?
Insufficient evidence in retrieved documents.
Free radicals | Insufficient evidence in retrieved documents. | Insufficient evidence in retrieved documents.
yes
Are you referring to a gene, a protein, or something else?
Are you asking about a specific application or field where MPE-seq is used?
Insufficient evidence in retrieved documents.
yes
no
Biting insects (chiefly mosquitoes and ticks) | Arthropod vectors such as mosquitoes and ticks | Mosquitoes, ticks, biting flies, mites, and nits
Nasuia-ALF (112 kb) | Sulcia-ALF (190 kb) | Insufficient evidence in retrieved documents.
Episodic headache | Excessive sweating | Palpitation
Acute cardiorenal syndrome | Chronic cardiorenal syndrome | Acute renocardiac syndrome | Chronic renocardiac syndrome | Secondary cardiorenal syndrome
Insufficient evidence in retrieved documents.
no
Insufficient evidence in retrieved documents.
Uhl's anomaly is a rare, congenital cardiac defect characterized by a partial or complete absence of the myocardium of the right ventricle. It is an evolutive disease that can lead to terminal right ventricular failure. It was first reported by Uhl in 1952.
no
Insufficient evidence in retrieved documents.
Cdt1 | CDC6 | MCM2-7 | ORC
Autosomal recessive inheritance | Unusual inheritance
Amanita phalloides | Insufficient evidence in retrieved documents. | Agaricus
Insufficient evidence in retrieved documents.
*   Burrows-Wheeler Aligner (BWA)
yes
Pse-in-One
Insufficient evidence in retrieved documents.
Ribosomal protein genes | RPS19 | Genes encoding the small subunit ribosomal protein 19
chromosome 13 | chromosome 22 | chromosome 1 | chromosome 7 | chromosome 14 | chromosome 21
no
Coilin
Insufficient evidence in retrieved documents.
Cereal crops | Wheat | Barley and maize
viral vectors | adeno-associated virus vector
no
Disruption of a TAD boundary causes ectopic chromosomal contacts and long-range transcriptional misregulation. This disruption also results in aberrant gene expression by exposing genes to inappropriate regulatory elements.
Thrombocytopenia | Hemolytic anemia | Mild renal dysfunction | Neurologic signs | Fever
no
LOLA | traseR
ADAR
Insufficient evidence in retrieved documents.
free β-HCG | total hCG | PAPP-A
no
Are you asking about magnetoreception in the context of human health, animal navigation, or something else?
yes
yes
Prader-Willi syndrome (PWS) | PWS
Insufficient evidence in retrieved documents.
yes
Insufficient evidence in retrieved documents.
Insufficient evidence in retrieved documents.
Insufficient evidence in retrieved documents.
Insufficient evidence in retrieved documents.
DAVF | NCS DAVFs | CS DAVFs
Enhancer Sharing
no
Insufficient evidence in retrieved documents.
Insufficient evidence in retrieved documents.
Reduced growth | Microcephaly | Ocular anomalies (microcornea, strabismus, myopia, and pale optic disk) | Distinctive facial features (narrow palpebral fissures, telecanthus, sparse and laterally broad eyebrows, preauricular tags, and micrognathia) | Mental retardation | Generalised hypotonia
Suppress T Cell Activation | Required to suppress T cell activation | DNA repair cofactors
live attenuated MMR vaccine
Achalasia | Alacrima
Basset utilizes deep convolutional neural networks to learn the regulatory code of the accessible genome. Thus, Basset is applicable in the context of deep learning for understanding genomic regulation.
no
Insufficient evidence in retrieved documents.
yes
Saccular aneurysms of the retinal arteriolar vasculature | Diagnosed by Fluorescein angiography
Insufficient evidence in retrieved documents.
no
elvitegravir (EVG) | cobicistat (COBI) | tenofovir disoproxil fumarate (TDF) | emtricitabine (FTC)
Insufficient evidence in retrieved documents.
FCGR2A | Pattern Recognition Receptor Loci | PTPN22 gene (-1123G > C)
Insufficient evidence in retrieved documents.
no
no
ectodermal dysplasia | ectrodactyly | macular dystrophy
~80.8 times | 80.8 | Approximately 80.8 times
Insufficient evidence in retrieved documents.
Gastric cells | Adipocytes
LARVA | PINES | 3DSNP
Insufficient evidence in retrieved documents.
no
Insufficient evidence in retrieved documents.
*   Nrd1-exosome-TRAMP complexes
*   Nuclear exosome
yes
yes
Insufficient evidence in retrieved documents.
no
Liver
yes
yes
The MCM2-7 complex plays a critical role in DNA replication initiation and cell proliferation of eukaryotic cells. It forms the pre-replication complex (pre-RC) and is activated by DDK/cyclin-dependent kinase to initiate DNA replication. It also has a role during Arabidopsis seed development.
Classification of DNA sequences | Lossless compression | Implicitly store spaced seeds | Tolerant to sequencing errors
phentermine | topiramate
yes
MethPed
CAMUR is a method that extracts multiple and equivalent classification models and was used to analyze RNA-seq data sets from TCGA, including Breast, Head and Neck, and Stomach Cancer. CAMUR's use in TCGA data allows for the deduction of the most frequent genes, their relationships, and their relation to a particular cancer.
alpha-fetoprotein | beta-chorionic gonadotrophin | unconjugated oestriol
Facilitate and constrain enhancer-promoter interactions | Restricting enhancer-promoter interactions | Insufficient evidence in retrieved documents.
Insufficient evidence in retrieved documents.
Insufficient evidence in retrieved documents.
CUL-2 | UBXN-3 | TIMELESS-TIPIN
yes
yes
yes
yes
Insufficient evidence in retrieved documents.
Insufficient evidence in retrieved documents.
Are you asking about a software tool, a gene, or something else?
Accessibility
The dormancy survival regulator (DosR) is essential for Mycobacterium tuberculosis (Mtb) persistence [3]. DosR regulon-encoded proteins may have a role in the maintenance of LTBI [1]. DosR is also involved in how M. tuberculosis enters dormancy [5].
Diabetic patients with ALDH2 mutations are predisposed to worse diastolic dysfunction. This suggests that ALDH2 deficiency can lead to worse diastolic dysfunction in diabetic patients.
The element pet is required for proper transcription of the duck hepatitis B virus (DHBV). It works in conjunction with another element, net, to achieve this.
Insufficient evidence in retrieved documents.
yes
In Drosophila, ganglion mother cells (GMCs) divide to produce postmitotic neurons, while intermediate neural precursor cells (INPs) are self-renewing. GMCs divide once to produce differentiated progeny, while INPs are produced by type II neuroblasts.
FIRE (Functional Inference of Regulators of Expression) is a tool developed to score both noncoding and coding SNVs based on their potential to regulate the expression levels of nearby genes. It consists of 23 random forests trained to recognize SNVs in cis -expression quantitative trait loci ( cis -eQTLs) using a set of 92 genomic annotations as predictive features.
no
Insufficient evidence in retrieved documents.
no
Early | Centromeres replicate early
no
no
yes
yes
yes
Insufficient evidence in retrieved documents.
The CVE package allows interactive variant prioritisation to expedite the analysis of cancer sequencing studies. It is designed to help with the analysis of cancer sequencing studies.
yes
yes
Insufficient evidence in retrieved documents.
48 | DosR regulon | Insufficient evidence in retrieved documents.
yes
yes
Are you asking about oclacitinib in relation to humans or animals?
yes
Immune thrombocytopenia | Autoimmune hemolytic anemia
no
no
Insufficient evidence in retrieved documents.
no
emMAW
no
Stress urinary incontinence with hypermobile urethra | Stress urinary incontinence | Insufficient evidence in retrieved documents.
yes
Singleton-Merten syndrome | Aicardi-Goutières syndrome
Ufd1-Npl4
Topologically associating domains (TADs) are stable units of replication-timing regulation. They are also the structural counterparts of replication domains.
Cryptic unstable transcripts (CUTs) are RNA polymerase II transcripts that are rapidly degraded by the nuclear RNA exosome in yeast. They are non-coding RNAs, and are short, approximately 300-600 nucleotides in length. They are also described as a largely unexplored class of RNAs.
At least four
Insufficient evidence in retrieved documents.
Insufficient evidence in retrieved documents.
Insufficient evidence in retrieved documents.
Joint laxity | Skeletal deformities | Bilateral patella dislocations | Mutations in MED12
Insufficient evidence in retrieved documents.
Insufficient evidence in retrieved documents.
Insufficient evidence in retrieved documents.
Insufficient evidence in retrieved documents.
Insufficient evidence in retrieved documents.
Reduces body weight | Weight loss | Decreasing food intake
Insufficient evidence in retrieved documents.
Insufficient evidence in retrieved documents.
Rpb9 | S-II | TFIIS-like subunit
RNA polymerase III transcribes a limited set of short genes in eukaryotes, producing abundant small RNAs, mostly tRNA. The originally defined yeast Pol III transcriptome appears to be expanding owing to the application of new methods.
Several | Six | Four
no
no
GFRAL | GDNF family receptor α-like (GFRAL) | RET (coreceptor)
yes
Insufficient evidence in retrieved documents.
abductor pollicis longus tendon | extensor pollicis brevis tendon
no
Stabilizing peptides | Protecting axonal transport and brain function | Treatment of progressive supranuclear palsy
yes
no
Upc2 | Ecm22
*   JBP2
*   JBP1
Insufficient evidence in retrieved documents.
DNA topoisomerase II | topoisomerase II
Insufficient evidence in retrieved documents.
Insufficient evidence in retrieved documents.
Insufficient evidence in retrieved documents.
no
Insufficient evidence in retrieved documents.
CTCF promotes the inclusion of weak upstream exons through RNA polymerase II pausing. Conversely, when 5-methylcytosine evicts CTCF, exon exclusion occurs.
no
027 | NAP1/BI/027 | Clostridium difficile PCR ribotype 027
TFIIS (Dst1) is a transcript cleavage factor involved in transcription. It is required for the balanced expression of genes encoding ribosomal components under transcriptional stress, and dependency on it suggests a slower rate of translocation or higher probability of transcriptional stalling.
yes
psygenet2r | PsyGeNET | regioneR
Insufficient evidence in retrieved documents.
The length polymorphism in the human Per3 gene is associated with Delayed Sleep-Phase Syndrome (DSPS). Latitude may influence the effect of the hPer3 gene polymorphism on DSPS.
Are you asking about JAK inhibitors as a type of medication?
Insufficient evidence in retrieved documents.
Asp(D)-Glu-(E)-Ala(A)-Asp(D)
Obese individuals | H(2)-producing obese individuals | Normal-weight individuals
GARLIC (GWAS-based Prediction Toolkit for Connecting Diseases and Cell Types) is a user-friendly, multi-purpose software with an associated database and online viewer. It uses global maps of cis-regulatory elements to connect human diseases with relevant cell types. GARLIC can also retrieve potential disease-causative genetic variants overlapping regulatory sequences of interest.
According to the provided evidence, the deletion of DST1 has no major effect on cell viability. Dst1 mediates different outcomes than Def1 in response to AP-induced transcription arrest. The snippets do not provide further information on how Dst1 knockout specifically affects transcription in yeast.
Dabigatran | Dabigatran etexilate | Anticoagulation
Cellular adhesion | Connecting the extracellular medium with the intracellular actin cytoskeleton | Cell adhesion molecules
yes
Polyneuropathy | Organomegaly | Endocrinopathy | M protein | Skin abnormalities | Monoclonal protein | Skin changes | Monoclonal gammopathy | Skin lesions
RPE65
Insufficient evidence in retrieved documents.
Redness | Swelling | Heat | Pain
no
SMAD4 | BMPR1A
yes
CRTAP | LEPRE1 | PPIB | SERPINH1 | FKBP10 | SERPINF1 | SP7 | BMP1 | TMEM38B | WNT1
Masitinib is an inhibitor of the mast cell-glia axis and a Fyn kinase blocker.
Vutrisiran (AMVUTTRA™) | Alnylam Pharmaceuticals, Inc. | RNA interference
The H19 imprinting control region (ICR) governs genomic imprinting at the H19/IGF2 locus. It directs the silencing of the maternally inherited Igf2 allele through a CTCF-dependent chromatin insulator and is involved in formatting the higher-order chromatin structure for proper tissue-specific expression of both H19 and IGF2 genes. The H19 locus also acts as a tumor suppressor.
Insufficient evidence in retrieved documents.
Insufficient evidence in retrieved documents.
Manta is an algorithm designed for rapid detection of structural variants and indels from next-generation sequencing data. It uses paired and split-read evidence with scoring models optimized for germline and somatic analysis. Manta assembles a higher fraction of its calls to base-pair resolution, allowing for improved downstream annotation and analysis of clinical significance.
yes
Intravenous drug addiction | IVDA complications | Insufficient evidence in retrieved documents.
Insufficient evidence in retrieved documents.
Swirl sign in intracerebral hemorrhage appears as low attenuation radiolucency or irregular density on CT scans, suggesting active hemorrhage. It is associated with larger hematoma volumes and is an independent predictor of death and poor functional outcome. Identification of this ominous sign is recommended in cases of ICH.
Morgellons disease is a rare disease with unknown etiology. It is also referred to as Morgellons syndrome and is associated with delusional infestation.
Are you asking about a specific gene, database, or something else related to Cellbase?
Insufficient evidence in retrieved documents.
yes
General Regulatory Factors (GRFs) include proteins such as Reb1p, Tbf1p, Rap1p, and Abf1p. GRFs have insulating potential and can enhance the efficiency of NNS termination by physically blocking Pol II progression.
EBV | Epstein-Barr virus
Targeting Fyn kinase may be a promising therapeutic approach in Alzheimer's Disease. AZD0530, a drug targeting Fyn kinase, achieves substantial central nervous system penetration and is reasonably safe and well-tolerated in patients with mild-to-moderate AD.
Insufficient evidence in retrieved documents.
Insufficient evidence in retrieved documents.
no
Insufficient evidence in retrieved documents.
yes
The auxin-inducible degron (AID) system uses ubiquitin-mediated protein degradation to eliminate the product of a gene of interest. This system allows for rapid and reversible proteolysis of proteins, enabling dynamic protein depletion.
Insufficient evidence in retrieved documents.
SMARCAL1 | HARP
Insufficient evidence in retrieved documents.
*   Chromosome 11
*   Chromosome 22
yes
no
recount workflow
VBP15 protects and promotes efficient repair of skeletal muscle cells upon laser injury. In DMD model mice, it improves muscle strength, live-imaging, and pathology.
Are you asking about filgotinib as a medication, or something else?
Could you please provide more context? Are you referring to a specific medical condition, a research project, or something else?
Insufficient evidence in retrieved documents.
LHON is also known as Lebers hereditary optic neuropathy.
Insufficient evidence in retrieved documents.
Insufficient evidence in retrieved documents.
Insufficient evidence in retrieved documents.
Ubiquitin Specific Protease 25 (USP25) specifically catalyzes the hydrolysis of K48-linked and K63-linked polyubiquitin chains.
yes
yes
Heat stress | High salt treatment | Wounding | Elevated NaCl levels | Developmental regulation
Convergent | Divergent | Insufficient evidence in retrieved documents.
yes
Insufficient evidence in retrieved documents.
Yes, according to the provided evidence, a circRNA can be translated into protein. For example, circ-ZNF609 is translated into a protein. The resulting circRNA can generate functional proteins.
Insufficient evidence in retrieved documents.
fibrinogen Aα-chain | fibrinogen Aalpha chain | AFib
Fewer side effects (compared to prednisone)
Childhood chordomas (CCS) | Chordoma | Cancers
According to the Rabl orientation, centromeres are grouped in a limited area near the nuclear periphery. This arrangement is a non-random organization of chromosomes within the nucleus.
STAR elements in *S. cerevisiae* inhibit chromatin silencing through an antisilencing activity, independently of their position or orientation. These elements function as boundary elements.
Tofacitinib was effective in phase 3 trials in moderate-severe ulcerative colitis.
Insufficient evidence in retrieved documents.
Insufficient evidence in retrieved documents.
MINDY (motif interacting with Ub-containing novel DUB family) is a newly discovered family of deubiquitinating enzymes (DUBs) found in all eukaryotes. MINDY-family DUBs are highly selective for cleaving K48-linked polyUb, a signal that targets proteins for degradation. MINDY-1, a member of this family, prefers cleaving long polyUb chains.
yes
no
yes
yes
Are you asking about cebocephaly in humans or in animal models?
Network assortativity can be used to integrate the epigenomic landscape of a cell type with its chromatin interaction network, allowing investigation into which proteins or chromatin marks mediate genomic contacts. This approach facilitates the study of genome-wide epigenomic profiles considering network topology and allows comparison of chromatin interaction networks.
*   A randomised phase III study of baricitinib in patients with rheumatoid arthritis and an inadequate response to biological agents (RA-BEACON)
Obstructive sleep apnea (OSA) | Perioperative complications | Epilepsy
Children who are at high risk for severe respiratory syncytial virus (RSV) infection | Infants with qualifying high risk conditions | Preterm infants with gestational age <29 weeks
Insufficient evidence in retrieved documents.
siG12D-LODER™
Insufficient evidence in retrieved documents.
HPG pore is a toolkit for exploring and analyzing nanopore sequencing data. It is designed to manage large amounts of data resulting from nanopore technologies and is available on GitHub. It can run on both individual computers and in the Hadoop distributed computing framework.
no
yes
CancerSubtypes | cancersubtypes
no
no
yes
MEFV gene | MEFV
Insufficient evidence in retrieved documents.
yes
no
yes
Are you asking about miravirsen in relation to a specific condition, such as Hepatitis C?
streptococcal pharyngitis | acute strep pharyngitis | group A streptococcal pharyngitis
no
yes
Sequence-specific DNA binding activators
yes
*   Tofacitinib improves clinical measures of psoriasis.
*   Interleukin 12
*   Interleukin 23
Insufficient evidence in retrieved documents.
Resistant ALK mutations | Metastatic melanoma | Major depressive disorder (MDD)
Programmed death-ligand-1 (PD-L1) | Programmed death-1 (PD-1)
Aux/IAA genes
Are you referring to a specific gene, a research project, or something else?
Dicephalus | Thoracoomphalopagus | Cephalopagus | Omphalopagus
MARS
Stapled Sld5 peptide
SLC2A10 | SLC210A | TGFBR1 and TGFBR2
tomatoes
no
Could you please provide more context? Are you referring to a specific gene, protein, or analysis tool?
yes
The FaceBase Consortium aims to promote and enable research into the genetic and epigenetic causes of specific craniofacial abnormalities. It achieves this by providing publicly accessible, integrated craniofacial data.
Are you asking about a tool or software related to processing TCGA data?
no
no
Nursemaid's elbow, also known as pulled elbow or radial head subluxation, usually occurs in young children when longitudinal traction is placed on the arm. It can also be referred to as annular ligament displacement. Diagnosis is usually performed clinically.
Are you asking about trismus in relation to a specific condition or medication?
Insufficient evidence in retrieved documents.
no
Insufficient evidence in retrieved documents.
yes
yes
yes
yes
Insufficient evidence in retrieved documents.
Trastuzumab-induced cardiotoxicity is generally considered at least partially reversible, and often improves upon withdrawal of the drug. However, there are rare cases where the cardiotoxicity is long-term and irreversible.
Insufficient evidence in retrieved documents.
Are you asking about the R package "annotatr" for genomic annotation?
Blount's disease is an uncommon disorder of the postero-medial proximal tibial physis.
Insufficient evidence in retrieved documents.
Are you asking about the historical concept of King-Kopetzky syndrome related to auditory processing, or something else?
The 959 Nematode Genomes initiative is a community-curated semantic wiki created to coordinate the sequencing of 959 nematode genomes. Its purpose is to inspire and promote genomic sequencing across the Nematoda phylum and to advance understanding of parasitism, genomic change, and adaptations. The initiative aims to sequence 959 species to build a nematode phylogeny.
Highly conserved non-coding elements (HCNEs) | Target gene | Discrete enhancers | Introns | Vast upstream gene-free region | Neighboring genes (Lmbr1 and Rnf32)
chronic hepatitis C virus infection
Insufficient evidence in retrieved documents.
yes
Are you asking about a specific research project, database, or something else related to CellMaps?
no
SignatureEstimation | SomaticSignatures | signeR
Obesity | Dyslipidemia | Hypertension
Alzheimer's Disease (AD) | AD intervention
Promising activity in several solid tumors | Immune check point inhibitors | Check point antibody inhibitors
yes
Cseq-Simulator
Pneumoperitoneum | Upper GI tract perforation | Lower GI tract perforation
yes
no
Could you please specify the context in which you are asking about SNP2TFBS? For example, are you interested in a specific gene, disease, or research study?
Are you asking about SMiLE-seq in the context of single-cell sequencing, spatial transcriptomics, or something else?
Could you please provide more context or details about what you are trying to learn about "libgapmis"?
yes
yes
Could you please specify what you are referring to when you say JACUSA? For example, is it a gene, a drug, or something else?
Insufficient evidence in retrieved documents.
Kidney donation is associated with an elevated risk of gestational hypertension and pre-eclampsia.
yes
Insufficient evidence in retrieved documents.
The RNA Centric Annotation System (RCAS) is an R package. It is designed to ease the creation of gene-centric annotations and analysis for genomic regions of interest obtained from various RNA-based omics technologies.
Chronic Wasting Disease (CWD) is a fatal, contagious prion disease and a transmissible spongiform encephalopathy in cervids. It is a neurodegenerative disease affecting free-ranging and captive cervids in North America. CWD was first identified in Wisconsin in white-tailed deer in 2002.
A1C measures glycated hemoglobin, also known as hemoglobin A1C.
yes
Are you asking about craniosynostosis in general, or a specific type or aspect of it?
McEnhancer | EMBER | Expectation Maximization of Binding and Expression pRofiles
Could you please specify the context in which you are asking about Click-PEGylation? For example, are you interested in a specific drug, disease, or research area?
SLEDAI stands for Systemic Lupus Erythematosus Disease Activity Index. It is an index associated with Systemic Lupus Erythematosus.
NSCLC with adenocarcinoma histology | ALK-rearranged non-small cell lung cancer (NSCLC) | ALK(+) disease
Community acquired pneumonia
Subpallial enhancer transgenic lines
yes
Insufficient evidence in retrieved documents.
Insufficient evidence in retrieved documents.
yes
Limb-Enhancer Genie (LEG)
Systemic corticosteroids
Borderline personality disorder (BPD) | Borderline personality disorder
DNA replication | Lagging strand replication | Cell proliferation
no
Gardnerella infection | bacterial vaginosis | Insufficient evidence in retrieved documents.
Antibodies for HIV | p24 antigen
de Quervain's disease
Esophageal squamous cell carcinomas (ESCC) | ESCC | human ESCC
no
Insufficient evidence in retrieved documents.
Beneficence | Respect for autonomy | Non-maleficence | Justice | Autonomy
diffloop | annotatr | psygenet2r
Insufficient evidence in retrieved documents.
yes
Spatial coding and contextual representation | Generation of network hyperexcitability | Insufficient evidence in retrieved documents.
Posterior cruciate ligament (PCL)
Insufficient evidence in retrieved documents.
Facial nerve palsy | Parotid gland swelling | High fever | Anterior uveitis | Posterior uveitis | Macular edema | Chorioretinal infiltrates
Insufficient evidence in retrieved documents.
yes
Infliximab | Azathioprine/6-mercaptopurine
FullSSR
MGA repository | Cistrome Data Browser
Cryptogenic stroke | Recurrent clinical ischemic stroke | New silent brain infarct
* Comparisons of ChIP-Seq datasets from the Human Epigenome Atlas and FANTOM CAGE.
* Changes in the correlation between epigenomic features across developmental trajectories of several tissue types.
* Spatial correlation of CAGE clusters with donor splice sites and with poly(A) sites.
The 4D Nucleome Network aims to develop and apply approaches to map the structure and dynamics of the human and mouse genomes in space and time. The goal of this mapping is to gain deeper mechanistic insights into how the nucleus is organized and functions.
Cholestatic jaundice | Hemolytic anemia | Hyperlipemia
High prevalence of depression symptoms in psoriatic arthritis patients | Depression is associated with increased risk of psoriatic arthritis | Depression reduces likelihood of remission in psoriatic arthritis
no
paragangliomas | gastrointestinal stromal tumors | pulmonary chondromas
Prevention of Dementia by Intensive Vascular Care | open-label, cluster-randomized controlled trial | a trial in community-dwelling individuals aged 70 to 78 years
Insufficient evidence in retrieved documents.
antidiabetic drug
Insufficient evidence in retrieved documents.
Rabies
no
16S rRNA gene sequencing is used to identify microorganisms and viruses within complex mixtures and to study bacterial communities in various environments such as soil and wastewater treatment plants. It can also be used to reveal dominant species in enrichments. Different bioinformatic approaches can be used to analyze the sequences.
5-HT-6 receptor | Emerging treatments for AD | Adjunctive therapy to donepezil
no
Insufficient evidence in retrieved documents.
Gait ataxia | Ophthalmoplegia | Confusion | Ataxia | Ocular motor cranial neuropathies | Changes in consciousness
Are you asking about a medication, a research study, or something else related to RIblast?
Insufficient evidence in retrieved documents.
RAPIDR
yes
yes
Are you asking about the pain syndrome also known as paroxysmal finger hematoma?
no
no
Insufficient evidence in retrieved documents.
Maternal spindle transfer (MST) is a germline-altering, IVF-based embryonic technique. The aim of MST is to prevent the maternal transmission of serious mitochondrial diseases.
no
Insufficient evidence in retrieved documents.
Insufficient evidence in retrieved documents.
Circular RNAs (circRNAs) are involved in many physiological processes as well as the pathogenesis of diseases. This suggests a relationship between circRNAs and tumorigenesis, as tumorigenesis is a disease process.
Genomiser
no
yes
Insufficient evidence in retrieved documents.
BPP
Streptococcus pyogenes | group A streptococcus | hemolytic streptococcus
Automated system for storing CB | System for storing UCB units in liquid nitrogen | BioArchive system
Insufficient evidence in retrieved documents.
yes
Actoxumab | Bezlotoxumab
Nucleostemin (NS) | Ribosomal protein RPS24 | FGF13 | DHX37 | UTP14A
53BP1
Insufficient evidence in retrieved documents.
High-grade glioma
iLIR database
Associative liquid/liquid phase separation | Formation of two liquid phases | Polymer-rich coacervate phase and a dilute continuous solvent phase
yes
Insufficient evidence in retrieved documents.
yes
yes
Are you asking about bromodomain and extraterminal (BET) proteins in the context of a specific disease, drug, or research area?
no
Insufficient evidence in retrieved documents.
yes
Insufficient evidence in retrieved documents.
The blood-brain barrier (BBB) is composed of brain capillary endothelial cells and plays a key role in maintaining the specialized microenvironment of the central nervous system (CNS). It maintains homeostasis of the brain by separating the blood from the parenchyma of the CNS and enables communication with the systemic compartment.
Bone formation | Release of bone mineral by osteocytes | Wnt/β-catenin signaling
Insufficient evidence in retrieved documents.
Insufficient evidence in retrieved documents.
no
yes
Are you asking about pQTLs in relation to a specific disease or condition?
Dysphoric Milk Ejection Reflex (D-MER) is an abrupt emotional drop or dysphoria that occurs just before milk release and continues for a few minutes. The negative emotions may last until the baby starts to feed vigorously, after which the dysphoria vanishes.
yes
The protein inference problem hampers the automatic assignment of peptide sequences to proteins, consequently impeding the quantification of sequence variants.
A strong association was suggested in the 1970s between maternal lithium treatment during pregnancy and Ebstein's anomaly in the offspring. Lithium's teratogenic effects include cardiovascular abnormalities, notably Ebstein anomaly.
no
The Ribosome-bound Quality Control complex (RQC) performs translational protein quality control. It recognizes nascent peptides translated from aberrant mRNAs, polyubiquitylates these aberrant peptides, extracts them from the stalled 60S subunit, and escorts them to the proteasome for degradation.
Are you asking about emicizumab in relation to a specific condition or its mechanism of action?
Monocytic ehrlichiosis | Ehrlichia chaffeensis | Ehrlichia ewingii | Lyme-like illness | Southern tick-associated rash illness (STARI) | Anaphylaxis to red meat | Rickettsia | Borrelia
Insufficient evidence in retrieved documents.
DeepLoc
Asia
Insufficient evidence in retrieved documents.
Salmonella enterica serotype Typhi | Salmonella typhy | Salmonella
Insufficient evidence in retrieved documents.
Insufficient evidence in retrieved documents.
yes
yes
no
yes
yes
Insufficient evidence in retrieved documents.
Insufficient evidence in retrieved documents.
CSAM | SAMZIP | GeneComp | NGC
Insufficient evidence in retrieved documents.
Naloxone | Naloxone hydrochloride
yes
Insufficient evidence in retrieved documents.
Insufficient evidence in retrieved documents.
Sofosbuvir-based therapy | EPCLUSA (Sofosbuvir/Velpatasvir)
no
Hypertension | Apolipoprotein E4 | Type 2 diabetes
Pulmonary embolism | Clinical probability of PE | Correlation between the Wells score and the Quanadli index
Insufficient evidence in retrieved documents.
Could you please provide more context or details about what you are trying to learn about MULTOVL?
There is evidence for an association between the Ser312Gly polymorphism in HSD17B1 and endometriosis in a Japanese population. The A-allele of HSD17B1 appears to confer a higher risk for endometriosis. Endometriosis is also associated with genetic polymorphisms of HSD17B1.
Insufficient evidence in retrieved documents.
yes
Are you asking about INCB3619 as a drug, or something else?
Are you asking about crenezumab in relation to a specific condition, like Alzheimer's disease?
Vanishing lung syndrome (VLS), also known as idiopathic giant bullous emphysema, is a rare disease characterized by giant emphysematous bullae. It is a radiological syndrome where the lungs appear to be disappearing on X-ray and is associated with significant morbidity and mortality.
CD4 binding site | membrane-proximal external region (MPER) | V1V2 glycan site
Are you asking about calciphylaxis in the context of a specific condition, such as kidney disease?
Alternative lengthening of telomeres (ALT) is a telomerase-independent telomere maintenance mechanism. It occurs in approximately 15% of cancers.
Insufficient evidence in retrieved documents.
Neddylation plays a pivotal role in mediating ubiquitination of proteins and regulating numerous biological processes.
Insufficient evidence in retrieved documents.
Insufficient evidence in retrieved documents.
Autophagy inhibition | Cardiac fibroblast proliferation | Fibrosis
High-risk neuroblastoma
Identifying genomic location of DNA-binding proteins with near-single-nucleotide accuracy | Identifying Protein-DNA Interactions with Near Base Pair Precision | Insufficient evidence in retrieved documents.
Near deletion breakpoints prevalent in human disease | DNA nucleotide sequence level | Not required at direct repeat sequences
Insufficient evidence in retrieved documents.
Insufficient evidence in retrieved documents.
latent tuberculosis infection | TB infection | active tuberculosis infection
Biomarkers | Plasma concentrations of MMP12 | Insufficient evidence in retrieved documents.
no
yes
no
yes
yes
no
no
yes
no
yes
yes
yes
yes
yes
no
yes
Insufficient evidence in retrieved documents.
Insufficient evidence in retrieved documents.
Insufficient evidence in retrieved documents.
Tinea infections are caused by dermatophytes and are classified by the involved site. Examples of tinea infections include tinea capitis, tinea cruris, tinea pedis, and tinea corporis.
Deletion breakpoints are defined at the DNA nucleotide sequence level using a combination of long polymerase chain reaction (PCR) amplifications, conventional PCR, and DNA sequencing. Nucleotide repeats, particularly A-tracts, are often found flanking these breakpoints.
The nuclear localization of the lncRNA BORG is mediated through a novel RNA motif consisting of the pentamer sequence AGCCC with sequence restrictions at positions -8 (T or A) and -3 (G or C) relative to the first nucleotide of the pentamer. The subcellular localization of BORG depends on the sequence of the mature, spliced transcript.
Are you asking about ATAC-seq in the context of a specific disease or research area?
Insufficient evidence in retrieved documents.
Mammary and extramammary Paget's disease are rare neoplastic conditions characterized by intraepithelial infiltration by neoplastic cells showing glandular differentiation. They are intraepithelial neoplasms.
Insufficient evidence in retrieved documents.
Insufficient evidence in retrieved documents.
Insufficient evidence in retrieved documents.
Insufficient evidence in retrieved documents.
Diamond-Blackfan Anemia
Insufficient evidence in retrieved documents.
median nerve | the median nerve
Promoting crosslinking of collagen and elastin | Function similarly to LOX in the ECM | Insufficient evidence in retrieved documents.
Insufficient evidence in retrieved documents.
Insufficient evidence in retrieved documents.
Medial side of the foot | Foot | Body
LncRNA H19
MC1R gene | P gene
Bacteria containing the ColE1 plasmid | E. coli | Insufficient evidence in retrieved documents.
HIV infection | AIDS | HIV disease
EPAS1 | EGLN1 | PPARA
Uncoupling protein 1 (UCP1) | UCP1 | uncoupling protein 1
Insufficient evidence in retrieved documents.
Antisocial behaviour | Anxious-depressive traits | Aggressive behavior | Personality traits related to aggressive and antisocial behavior
Targets of 2-aminobenzamide HDAC inhibitors | Inhibition may have beneficial effects in FRDA and HD | Interacting proteins may be impacted by the compound
Insufficient evidence in retrieved documents.
Insufficient evidence in retrieved documents.
Nearly 100%
Insufficient evidence in retrieved documents.
Insufficient evidence in retrieved documents.
Insufficient evidence in retrieved documents.
Insufficient evidence in retrieved documents.
breast carcinoma cells
yes
Insufficient evidence in retrieved documents.
Human chromosome 2 | Philadelphia chromosome
Tumor cells | Loss of strict basolateral localization | Increased EpCAM expression
Insufficient evidence in retrieved documents.
Insufficient evidence in retrieved documents.
Assessing pain | Evaluation of nociception | Assaying the antinociceptive activity of compounds in laboratory rodents
Anticoagulant therapy
Huntington's Disease (HD) | Spinocerebellar ataxia type 1 (SCA1) | Spinocerebellar ataxia type 3 (SCA3) | Dentatorubral-pallidoluysian atrophy (DRPLA)
Insufficient evidence in retrieved documents.
Three clathrin heavy chains and associated clathrin light chains (CLCs) | Triskelia | Insufficient evidence in retrieved documents.
Are you asking about myelin in the context of a specific disease or condition?
no
Insufficient evidence in retrieved documents.
Dupuytren's contracture is a common hand problem affecting the palmar fascia. It is a condition involving contractures of the fascia and skin in the hand, and is also described as a connective tissue disorder characterized by contractile palmar aponeurosis leading to shortening and progressive digital flexion deformity.
The V60L mutation in the human MC1R gene is associated with increased melanoma risk. Mutations in the MC1R gene, including V60L, can also result in the red hair phenotype.
Rif1 proteins
The aim of performing a cycloheximide chase assay is to analyze protein stability. It can be used to determine the half-life of a protein.
Insufficient evidence in retrieved documents.
Insufficient evidence in retrieved documents.
Andexanet alfa | Mouse monoclonal antibody to dabigatran | PER977
Keratin 14 gene | Keratin 5 gene | Plectin gene (PLEC1) | Mutant keratins 5 | Mutant keratins 14
Allergic reactions | Immune responses | Responders to allergens
Insufficient evidence in retrieved documents.
Pericarditis | Myocardial infarction | Non-valvular atrial fibrillation | Postoperative atrial fibrillation
yes
yes
Are you asking about the cause of leishmaniasis in humans or animals, or are you interested in a specific type of leishmaniasis?
Miconazole | Nystatin | Proton-pump inhibitors | Antacids | Tricyclic antidepressants (TCAs) | Selective serotonin reuptake inhibitors (SSRIs) | Anti-diabetic drugs
Insufficient evidence in retrieved documents.
In what context did you encounter the term BORSA?
FOXP2 | CNTNAP2 | CYLD
In what context did you encounter "PNPPP"?
Insufficient evidence in retrieved documents.
PD-L1 status of patients
Insufficient evidence in retrieved documents.
Weight loss | Obesity | Use of metformin in people with dysglycemia
Insufficient evidence in retrieved documents.
FunImageJ
ABCC11 | adenosine triphosphate (ATP) binding cassette, sub-family C, member 11 gene | Insufficient evidence in retrieved documents.
Insufficient evidence in retrieved documents.
Haemophysalis longicornis ticks | Insufficient evidence in retrieved documents. | Insufficient evidence in retrieved documents.
Warts | Hypogammaglobulinemia | Infections | Myelokathexis
Clust
Insufficient evidence in retrieved documents.
Insufficient evidence in retrieved documents.
yes
Insufficient evidence in retrieved documents.
rhomboid protease PARL | Pcp1 protein | Rhomboids
Membrane-bound
457 pairs | 50% of protein-coding genes | Insufficient evidence in retrieved documents.
Lead poisoning | Lead
Mosdepth | IRanges, GenomicRanges, and GenomicFeatures | UCSC Genome Browser
Insufficient evidence in retrieved documents.
Insufficient evidence in retrieved documents.
magnetic resonance imaging
CSCC
Insufficient evidence in retrieved documents.
brain | kidney
Post-translation modification | Soluble proteins attached to the external leaflet of the plasma membrane | GPI-APs
Elevated level in lupus CD4+ T cells | Increased global DNA hydroxymethylation level | Reduced methylation level
Insufficient evidence in retrieved documents.
Insufficient evidence in retrieved documents.
Insufficient evidence in retrieved documents.
3DSNP
Insufficient evidence in retrieved documents.
Are you asking about gingipains in the context of a specific disease, bacteria, or area of research?
Insufficient evidence in retrieved documents.
Insufficient evidence in retrieved documents.
Insufficient evidence in retrieved documents.
yes
yes
yes
yes
yes
no
no
yes
yes
no
yes
no
no
no
Are you asking about the condition where tears are tinged with blood?
yes
yes
yes
no
yes
yes
no
yes
no
The 3D genome browser is a web-based tool used for visualizing and exploring 3D genome structures, including organization and long-range chromatin interactions. It allows users to explore 3D genomic data.
Insufficient evidence in retrieved documents.
Laser interstitial thermal therapy | Stereotactic laser ablation
Could you please specify what you are referring to by "genomiser"?
Aire
Are you referring to a specific calculator used in a medical context?
Escobar syndrome is a nonlethal multiple pterygium syndrome. The clinical presentation beyond this classification is not described in the provided document.
Insufficient evidence in retrieved documents.
Insufficient evidence in retrieved documents.
Insufficient evidence in retrieved documents.
Are you asking about VCFanno in the context of a specific disease, gene, or research project?
Disease-Associated STRs (daSTRs) are located at boundaries demarcating 3D chromatin domains. Specifically, daSTRs localize to ultra-high-density CpG island boundaries. This suggests they might be hotspots for epigenetic misregulation or topological disruption linked to STR expansion.
Ultraconserved elements occupy specific arenas of three-dimensional mammalian genome organization.
Insufficient evidence in retrieved documents.
Could you please specify what kind of TissueEnrich you are asking about (e.g., a gene, a research tool, a specific assay)?
Are you referring to a specific research study, a type of oligonucleotide, or something else?
*   One-carbon metabolic pathways
*   Xenobiotic metabolic pathways
Insufficient evidence in retrieved documents.
statistical mixture model | geck
Insufficient evidence in retrieved documents.
Adult female somatic tissues | Testis (male)
alpha-synuclein | alpha-synuclein (AS)
Inflammaging | Cancer progression | Secretory proteins
At least 4% of the annotated genes | Insufficient evidence in retrieved documents.
Insufficient evidence in retrieved documents.
Recognised cellular antigens
Insufficient evidence in retrieved documents.
ezTag
Insufficient evidence in retrieved documents.
yes
no
yes
Insufficient evidence in retrieved documents.
Insufficient evidence in retrieved documents.
Insufficient evidence in retrieved documents.
Mutations in ESCO2 gene
Are you asking about a specific gene, a database, or something else related to disease enhancement?
yes
Insufficient evidence in retrieved documents.
Insufficient evidence in retrieved documents.
yes
no
Latex bead phagocytosis is a process used to assess macrophage function. It involves using an assay to quantify the binding and internalization of latex beads by macrophages. This process can be used to assess macrophage scavenger function.
yes
In what context are you asking about CGmapTools (e.g., a specific disease, research area, or type of data analysis)?
no
Regulatory Trait Concordance (RTC) is a methodology that accounts for local LD structure and integrates eQTLs and GWAS results to reveal association signals due to cis eQTLs. The RTC score measures the probability of eQTLs being active in multiple tissues and calculates the probability that a GWAS-associated variant and an eQTL tag the same functional effect. It can be used to test for shared causal variants.
Filipin staining is used to measure cholesterol. This includes measuring membrane cholesterol content, as well as intracellular and total cholesterol.
no
CarbonylDB
Nup153 is a human basket nucleoporin required for the association of TREX-2 with the nuclear pore complex. It places the nuclear pore at the nexus of many key cellular processes.
yes
PEGylation improves recombinant drugs by increasing the molecular mass of proteins and peptides and shielding them from proteolytic enzymes. This process primarily improves pharmacokinetics and helps to prevent adverse drug reactions.
yes
Could you please specify what context you're interested in regarding GeneCodeq?
yes
c.1516C>T (p.Arg506Ter) | c.1558C>T (p.Gln520Ter) | c.1482delinsGCCAGG (p.Ile494MetfsTer23)
no
Nup153 | Nup60p | Nup2p | Nup1p | Nup133
no
The mechanism of action of arimoclomol involves potentiation of the heat shock response. Treatment with arimoclomol increases Hsp70 expression.
Decreases nuclear stiffness | Reduces expression of TAZ-regulated genes | Indicates an alteration in mechanosensing pathways as a consequence of disruption of the actin cap
Insufficient evidence in retrieved documents.
no
GeneMatcher | PhenomeCentral | DECIPHER | MyGene2 | matchbox | Australian Genomics Health Alliance Patient Archive | Monarch Initiative
no
The Ottawa Ankle Rule is used to evaluate ankle trauma patients to determine the need for imaging. It was developed to decrease unnecessary diagnostic imaging in the emergency department.
CIBERSORT is used to evaluate or determine immune cell composition or fractions of immune cell types. It can also be used to deconvolute immune cell components. In one instance, it was used to resolve 22 immune cell types from tumor transcriptomes.
yes
Insufficient evidence in retrieved documents.
PANDAS (Paediatric Autoimmune Neuropsychiatric Disorders Associated with Streptococcus) is a rare disease. It was described in 1998.
yes
Exceeding 95% | 95%
no
yes
Tyro-3 | Axl | Mer | TYRO3 | MERTK
severe axonal arborization defect | loss of self-avoidance
Are you asking about the drug CPX-351, also known as Vyxeos?
yes
miR-423-5p
Are you asking about ivosidenib in the context of a specific disease or condition?
PIPKIalpha | Larp7 | Cleavage and polyadenylation specificity factor (CPSF) 160 subunit | Cleavage and polyadenylation specificity factor (CPSF) 73 subunit
Visual snow syndrome is characterized by a continuous visual disturbance described as tiny, flickering dots throughout the entire visual field. This is often likened to the static noise of an untuned television and can be a debilitating condition.
The Leucosporidium ice-binding protein (LeIBP) is produced by Arctic yeast Leucosporidium sp. and has a molecular mass of ∼25 kDa. Its role is to lower the freezing point below the melting point once it binds to ice.
yes
SVM approach | Multi-stage SVM approach | Insufficient evidence in retrieved documents.
no
MIR137
Insufficient evidence in retrieved documents.
Chronic lymphatic leukemia (CLL) | Multiple Myeloma (MM) | Non-Hodgkin's lymphoma (NHL)
Insufficient evidence in retrieved documents.
Are you asking about ferroptosis in relation to a specific disease or condition?
Achalasia | Esophageal achalasia
Insufficient evidence in retrieved documents.
no
Suicide risk | Suicidal behavior | Self-harm
Insufficient evidence in retrieved documents.
multiple sclerosis (MS)
Insufficient evidence in retrieved documents.
yes
no
CD38
To assess the expression of folate receptors in tumors
Physiological inhibitor of tissue-type plasminogen activator (tPA) | Plays a critical role in fibrinolysis | Inhibitor of tPA
Insufficient evidence in retrieved documents.
Arioc
Acute myeloid leukemia (AML) | Treatment of AML
GeneWeaver is a platform where genetic data can be entered directly or transferred from other resources like GeneNetwork.org. It appears to be used for storing and potentially analyzing this data.
yes
ALS
Endolymphatic hydrops (EH) of the inner ear is associated with Meniere's disease. The cochlea and vestibule are usually involved. Symptoms of Meniere's disease, associated with EH, include vertigo, hearing loss, and tinnitus.
CD33 | Anti-CD33 antibody | Insufficient evidence in retrieved documents.
Ohio
yes
Ankylosing spondylitis | Birdshot chorioretinopathy | Behçet's disease | Psoriasis
Cellular adhesion
Insufficient evidence in retrieved documents.
Insufficient evidence in retrieved documents.
Insufficient evidence in retrieved documents.
Are you asking about eravacycline in relation to a specific infection or condition?
Are you asking about PEGylation in general, or in relation to a specific drug or treatment?
3D spectral domain optical coherence tomography (SD-OCT) | Optical coherence tomography | 3D Optical Coherence Tomography
Enasidenib
Inner ear
Insufficient evidence in retrieved documents.
The 4D-CHAINS algorithm analyzes two 4D spectra recorded using a single, fully protonated protein sample in an iterative ansatz. Common NOEs between different spin systems supplement conventional through-bond connectivities to establish assignments of sidechain and backbone resonances at high levels of completeness and with a minimum error rate. The 4D-CHAINS assignments are then used to guide automated assignment of long-range NOEs and structure refinement in autoNOE-Rosetta.
Insufficient evidence in retrieved documents.
no
yes
sacubitril | valsartan
yes
yes
Insufficient evidence in retrieved documents.
no
Insufficient evidence in retrieved documents.
no
ivacaftor | lumacaftor
NanoStringNorm | signeR | CAFE
HIV-1 infection
Insufficient evidence in retrieved documents.
Could you please specify what you mean by "Canvas SPW"? Are you referring to a specific medical device, software, study, or something else?
Are you interested in markers for a specific type of cell or organism?
Insufficient evidence in retrieved documents.
Defective activity of β-hexosaminidase | Mutations in the HEXB gene | Absence of β-hexosaminidase A and B activity
yes
Insufficient evidence in retrieved documents.
Insufficient evidence in retrieved documents.
CNEFinder
transglutaminase-1 deficiency | recessive, temperature-sensitive mutations in the transglutaminase-1 gene (TGM1) | transglutaminase-1 (TGase-1) gene mutations
Deep phenotyping data | Genomic data | Genetic data | Phenotypic data
yes
* Insufficient evidence in retrieved documents.
no
* GC content fluctuations at smaller length scales are ignored or averaged out.
* Computational searches have tried to extract intrinsic characteristics of these genes to identify new ones, the existing list is probably far from being comprehensive.
* The functions of these plant ultraconserved elements and the reasons why they are practically frozen during the evolution of millions of years remain a mystery.
CNV-RF
Insufficient evidence in retrieved documents.
yes
Are you interested in STING agonists for research or clinical use?
nivolumab | ipilimumab | sunitinib
Insufficient evidence in retrieved documents.
Are you asking about a specific gene, disease, or something else related to "CamurWeb"?
Are you asking about the SLIC classification system for cervical spine injuries or something else?
no
Tumor-induced osteomalacia (TIO) | Acquired FGF23-related hypophosphatemia
Loss-of-function nuclear factor κB subunit 1 (NFKB1) variants | Loss-of-function variants in NFKB1 | heterozygous loss-of-function variants in NFKB1
Insufficient evidence in retrieved documents.
Are you asking about the esophageal motility disorder?
yes
Burning Mouth Syndrome (BMS) is characterized by a burning sensation in the oral cavity, usually in the absence of clinical and laboratory findings or clinical signs. It can be associated with a sensation of dry mouth and/or taste alterations and is considered a chronic disease.
Macrovascular invasion in HCC patients | Biological markers to measure muscular tissue injury | AFP I or AFP III
yes
rotavirus infection
yes
The Mcm2-Ctf4-Polα axis facilitates the transfer of parental (H3-H4)2 tetramers to lagging-strand DNA at replication forks.
Are you asking about the genetic condition, or something else?
Insufficient evidence in retrieved documents.
Ultraconserved elements (UCEs) are used to help resolve phylogenetic relationships within the radiation of Australasian smurf-weevils (Eupholini). This is achieved using UCEs designed for beetles and a novel partitioning strategy of loci.
Insufficient evidence in retrieved documents.
Glioma | Medulloblastoma | Craniopharyngioma
Insufficient evidence in retrieved documents.
UPDtool
Insufficient evidence in retrieved documents.
Insufficient evidence in retrieved documents.
Insufficient evidence in retrieved documents.
Insufficient evidence in retrieved documents.
Are you interested in the symptoms, causes, diagnosis, or treatment of Herpetic Whitlow?
cystic fibrosis (CF)
Pronounced daily oscillation in leaf orientation | Controlled by a periodic change of the internal concentration of leaf-opening and leaf-closing substances | Foliar nyctinasty
no
tmVar 2.0
Insufficient evidence in retrieved documents.
*   Inflammatory signals
*   Metabolic signals
Insufficient evidence in retrieved documents.
*   tmVar: a text-mining approach based on conditional random field (CRF)
Insufficient evidence in retrieved documents.
Are you asking about chrysophanol as a chemical compound, a plant-derived substance, or something else?
2.7% | 1 in 38
Insufficient evidence in retrieved documents.
Are you referring to a specific diagnostic tool, research project, or something else?
gynecological cancers | human cancers | esophageal cancers
yes
Insufficient evidence in retrieved documents.
Recurrent facial palsy | Lingua plicata | Facial edema | Recurrent oedema of lips | Recurrent facial nerve paralysis | Furrowed tongue | Recurrent lip and/or face swelling | Fissured tongue | Intermittent facial palsy
yes
yes
no
mmquant | htseq-count | featureCounts
yes
Clostridium difficile | C. difficile | CDI
yes
Insufficient evidence in retrieved documents.
Calcitonin gene-related peptide receptor | CGRP
Insufficient evidence in retrieved documents.
Are you asking about prolactinomas in humans or in animals?
*   alpha4beta7 integrin
DSMNC
trifluridine | tipiracil
Epigallocatechin gallate (EGCG), a bioactive ingredient of green tea, plays a protective role in the cardiovascular system.
Insufficient evidence in retrieved documents.
Insufficient evidence in retrieved documents.
Insufficient evidence in retrieved documents.
yes
Binding to GM1 | Binding to intestinal cell surface | Binds up to five GM1 glycosphingolipids
Insufficient evidence in retrieved documents.
yes
Insufficient evidence in retrieved documents.
X!Tandem | MS-GF | MS Amanda | MyriMatch | Comet | Tide | Andromeda | OMSSA
yes
yes
Novel genes in systemic lupus erythematosus
no
Insufficient evidence in retrieved documents.
yes
abacavir | lamivudine | dolutegravir
no
Capillaria hepatica
Neuronal ceroid lipofuscinosis type 2 (CLN2) | CLN2 disease | Motor function loss in paediatric patients ≥3 years of age with CLN2
yes
Insufficient evidence in retrieved documents.
no
Insufficient evidence in retrieved documents.
Are you asking about a gene, a protein, a drug, or something else?
Insufficient evidence in retrieved documents.
no
no
yes
Telomerecat
Activated | Retrotransposons are activated | Organisms age
Taraxasterol exhibits a protective effect against rheumatoid arthritis through the modulation of inflammatory responses in mice. This protective effect is mediated via the modulation of inflammatory responses.
yes
hLAL | LAL enzyme
yes
Are you asking about a gene, protein, or something else related to MOV10?
no
Yolk sac tumor (YST) | Ovarian Sertoli-Leydig cell tumors (SLCTs)
no
amegakaryocytic thrombocytopenia | inherited bone marrow failure syndrome
no
CD28 functions as a direct receptor for superantigen toxins. This role broadens the scope of microbial pathogen recognition mechanisms.
Insufficient evidence in retrieved documents.
Achalasia | Alacrima | Adrenal abnormalities | Progressive neurological syndrome | Adrenal insufficiency
Insufficient evidence in retrieved documents.
truncated BH3-interacting domain death agonist (tBID) protein | BH3 interacting-domain death agonist (BID) | Parkin
Are you asking about PhenomeCentral in relation to a specific disease or research project?
Insufficient evidence in retrieved documents.
no
Insufficient evidence in retrieved documents.
no
Super-enhancers drive cell-type-specific gene expression and are crucial to cell identity. Disease-associated sequence variations are often enriched in super-enhancer regions of disease-relevant cell types. Therefore, super-enhancers can be used as potential biomarkers for disease diagnosis.
Are you asking about sirtuin inhibitors in the context of a specific disease, research area, or drug interaction?
yes
yes
Fidaxomicin | Insufficient evidence in retrieved documents. | Fecal microbiota transplantation
p16(INK4a) is a biomarker of HPV oncogenic activity. High-risk HPV also causes dysfunction of pRb.
Car | Relax | Alone | Forget | Friends | Trouble
Bartender is an accurate clustering algorithm designed to detect barcodes and their abundances from raw next-generation sequencing data. Unlike other methods that cluster based on sequence similarity, Bartender uses a modified two-sample proportion test that also considers cluster size.
Alipogene tiparvovec (Glybera®)
yes
Th17 cells | regulatory Treg-cells | CD4+ T-cells | CD8+ T-cells | CD3+ T-cells | B cells | T cells | NK cells
Insufficient evidence in retrieved documents.
Are you referring to a specific CapSim product, or the general concept of capacity simulation?
Insufficient evidence in retrieved documents.
Insufficient evidence in retrieved documents.
Insufficient evidence in retrieved documents.
Parkinson's Disease (PD) | fluctuating Parkinson's disease (PD)
Insufficient evidence in retrieved documents.
MATLAB environment
yes
Insufficient evidence in retrieved documents.
CRISPR-Cas12a proteins, upon target binding, exhibit indiscriminate single-stranded DNase activity. The CRISPR-Cas12a system can detect L858R and T790M mutations with a limit of detection of 0.005% in less than three hours.
Insufficient evidence in retrieved documents.
no
Insufficient evidence in retrieved documents.
Toxin A | Toxin B | Toxin C
Insufficient evidence in retrieved documents.
Could you please clarify the context in which you are asking about adipokines? For example, are you interested in their role in a specific disease, their classification, or something else?
Onycho-osteodystrophy | Dystrophic thumbs | Sensorineural deafness | Increased urinary levels of 2-oxoglutarate
*   pedigreejs
*   Madeline 2.0 PDE
Insufficient evidence in retrieved documents.
Cas13a and C2c2 are the same; Cas13a was previously called C2c2.
Brown algae | Ecklonia maxima | Fucus vesiculosus
Mammalian tissues | Integral membrane proteins | Intracellular and extracellular compartments
Insufficient evidence in retrieved documents.
IRscope
ArachnoServer
Insufficient evidence in retrieved documents.
Actoxumab | Bezlotoxumab
Insufficient evidence in retrieved documents.
no
pyNBS | Python 2.7 | network-based stratification (NBS) algorithm
Cofilin 2 | CFL2
yes
yes
Are you asking about a medication, a research study, or something else related to CVT-301?
yes
PF-04523655 | TKM-080301 | Atu027 | SYL040012 | SYL1001 | siG12D-LODER | QPI-1002 | QPI-1007 | patisiran
Intestine | Intestinal | Enterocyte
DCAF17 gene
PlantAPA | VAAPA | TAPAS
Are you asking about patisiran as a medication, or something else?
Partial epilepsy
MGA repository | Cistrome Data Browser
Insufficient evidence in retrieved documents.
Insufficient evidence in retrieved documents.
Protein Contacts Atlas
Are you asking about Opdivo the medication?
yes
no
Insufficient evidence in retrieved documents.
yes
Metastatic melanoma | Metastatic non-small-cell lung cancer | Recurrent or metastatic head and neck cancer | Refractory Hodgkin lymphoma | Urothelial carcinoma
A treatment for cancer patients with positive microsatellite instability-high (MSI-H) markers or mismatch repair deficient (dMMR) markers
Prevnar 13 consists of 13 serotype-specific polysaccharides of Streptococcus pneumoniae, each covalently conjugated to a non-toxic immunogenic carrier protein. It is also known as Prevenar 13(®) or PCV13.
Insufficient evidence in retrieved documents.
Primary ovarian insufficiency | POI | Infertility in young women
Insufficient evidence in retrieved documents.
Small peptides corresponding to the receptor-binding region of apoE
SAMHD1 activity differs between sexes. SAMHD1 exists in a hyperphosphorylated, less active state in male-derived macrophages, while the kinase responsible for SAMHD1 phosphorylation, CDK1, is expressed at lower levels in female-derived macrophages. Thus, sex influences SAMHD1 activity.
Insufficient evidence in retrieved documents.
Insufficient evidence in retrieved documents.
no
yes
yes
no
Insufficient evidence in retrieved documents.
Olive leaf
uncontrolled eosinophilic asthma | poorly controlled eosinophilic asthma | eosinophilic asthma
Insufficient evidence in retrieved documents.
yes
Insufficient evidence in retrieved documents.
ironwort | mountain tea
Insufficient evidence in retrieved documents.
toad venom
In what context are you asking about super-enhancers?
no
Insufficient evidence in retrieved documents.
US$475,000 | Insufficient evidence in retrieved documents.
pyrimidine biosynthetic pathway
OPRM1 | PTGS2
yes
Insufficient evidence in retrieved documents.
Driver of astrocyte differentiation | Promotes astrocyte maturation | Facilitates stage-specific gene expression programs
Insufficient evidence in retrieved documents.
Human sperm | spermatogenesis | Insufficient evidence in retrieved documents.
yes
no
Could you specify the source of the exosomes you're interested in analyzing?
Insufficient evidence in retrieved documents.
Are you asking about DMARDs in relation to a specific condition, like rheumatoid arthritis?
Transfer of mitochondria from donor cells to target cells | Transfer MSC mitochondria to glioblastoma stem cells (GSC) | Insufficient evidence in retrieved documents.
yes
yes
Insufficient evidence in retrieved documents.
yes
Quorum sensing is a phenomenon used by a variety of bacteria where they use signal molecules to communicate and regulate gene expression in a cell-density-dependent manner. N-Acyl homoserine lactone (AHL) is a main component of quorum sensing in Gram-negative bacteria. It can also be described as bacterial information flow.
Deficiency of β-galactocerebrosidase
c.19G>A, p.Val7Met | a mutation in CFL2
Stem cellular physiology process
Treatment of gastrointestinal complaints | Treatment of inflammation | Treatment of rheumatic disorders
Insufficient evidence in retrieved documents.
no
yes
Are you asking about the primary arthropod vector in a specific geographic region or in general?
yes
no
no
no
Insufficient evidence in retrieved documents.
The dbSUPER database is an integrated and interactive database of super-enhancers. Its primary goal is to provide a resource for studies related to transcriptional control of cell identity and disease. It offers a user-friendly web interface and links to external databases.
brain | olfactory bulb | human pancreatic islets
no
Are you asking about YESCARTA as a medication or something else?
Insufficient evidence in retrieved documents.
Insufficient evidence in retrieved documents.
Insufficient evidence in retrieved documents.
yes
Insufficient evidence in retrieved documents.
Luxturna
Insufficient evidence in retrieved documents.
Insufficient evidence in retrieved documents.
Psychological stress | Psychosocial stress | Endocrine status
Linked to autoimmune diseases | Targeted stimulation may be of benefit in immunoncology | dysregulation
no
Why we build models of human performance | What the expectations of a good human performance model are | What the procedures and requirements in building and verifying a human performance model are | How we integrate a human performance model with system design | What the possible future directions of human performance modeling research are
Insufficient evidence in retrieved documents.
Insufficient evidence in retrieved documents.
Forefoot
yes
yes
Acoustic reporter genes are genetic constructs that allow bacterial gene expression to be visualized in vivo using ultrasound.
Lipin 1 is a lipogenic regulator that regulates glycerolipid homeostasis. It acts as a phosphatidic acid phosphohydrolase (PAP) enzyme in the triglyceride-synthesis pathway and regulates transcription factor activity.
Insufficient evidence in retrieved documents.
Insufficient evidence in retrieved documents.
yes
no
Stomach | Primarily in the stomach
Insufficient evidence in retrieved documents.
Are you asking about the role of epitranscriptomics in a specific disease or condition?
Are you asking about resistin in the context of research, a specific disease, or something else?
no
Insufficient evidence in retrieved documents.
Insufficient evidence in retrieved documents.
Insufficient evidence in retrieved documents.
no
Aicardi-Goutieres syndrome (AGS)
BRCA1 | TRIM proteins | FtsZ | FtsA | ZipA | Septins
Insufficient evidence in retrieved documents.
Breakdown of central tolerance | Decreased expression of self antigens in the thymus | Insufficient evidence in retrieved documents.
yes
yes
Are you asking about aphasia as it relates to a specific condition, such as stroke or traumatic brain injury?
yes
Acyl-homoserine lactones (AHLs) are quorum-sensing molecules used by bacteria for communication. Many Proteobacteria synthesize AHLs as signals in cell density-dependent gene regulation, known as quorum sensing and response. This communication is important for bacterial colonization.
Insufficient evidence in retrieved documents.
yes
yes
yes
yes
no
Hereditary nephritis | Sensorineural deafness | Ocular abnormalities
no
Are you asking about a medication?
no
The Barricaid annular closure device is designed for durable occlusion of the annular defect. It has been shown to significantly lower the risk of symptomatic reherniation.
Rett syndrome
yes
Insufficient evidence in retrieved documents.
Transcription initiation region of RNA polymerase III | Region of RNA polymerase III transcription initiation
anorectal malformation | sacral bony abnormality | presacral mass
June 2014
Could you provide more context? Are you referring to a specific drug, a type of drug delivery system, or something else?
*   T-UCRs have important function in tumor formation
yes
yes
Binocular diplopia on lateral gazes | Ipsilateral one-and-a-half syndrome | Unilateral horizontal gaze palsy | Internuclear ophthalmoplegia
In advance of the 2015-2016 season
Sarcomas | Breast cancers | Brain tumors | Lung and laryngeal cancers | Leukemia | Adrenocortical carcinomas
yes
acute appendicitis clinical prediction rule
Insufficient evidence in retrieved documents.
yes
Invaplex 50 is a Shigella flexneri 2a intranasal vaccine. It is a safe nasal vaccine that produces mucosal immune responses.
*   Skewed X chromosome inactivation
*   Sex chromosome abnormalities
*   Additional copy of X chromosome
Hotair | Mir155hg | SR-lncRNA-1 | SR-lncRNA-2
Insufficient evidence in retrieved documents.
Insufficient evidence in retrieved documents.
no
Insufficient evidence in retrieved documents.
Non-convulsive status epilepticus | NCSE
Mll4 (Kmt2d) | KMT2C (also known as MLL3)
no
Multiple Sclerosis (MS) | MS
Insufficient evidence in retrieved documents.
Insufficient evidence in retrieved documents.
Insufficient evidence in retrieved documents.
melanocytes
Insufficient evidence in retrieved documents.
yes
Single-dose | one | 1
carnitine-acylcarnitine | carnitine | acylcarnitine
Insufficient evidence in retrieved documents.
no
Insufficient evidence in retrieved documents.
Insufficient evidence in retrieved documents.
Streptobacillus moniliformis
GATA3 expression is important for Th2 cell differentiation, and NF-kappa B plays a critical role in this expression. The balance of Runx3 and GATA3 influences the development of Th1 or Th2 phenotypes in CD4(+) cells. Posttranslational modifications of Gata3 control the regulation of IFNγ expression in memory Th2 cells.
Disambiguate is an open-source application used in next-generation sequencing data. It is designed for disambiguating two species in data obtained from grafted samples.
yes
yes
Toll receptor | Toll
Zinc finger nucleases (ZFNs) | Transcription activator-like effector nucleases (TALENs) | Clustered regularly interspaced short palindromic repeat (CRISPR)/Cas9/single guide RNA (sgRNA) | CRISPR/Cas9 | TALEN
yes
PRDM9 is a meiosis-specific protein that trimethylates H3K4 and controls the activation of recombination hot spots. It specifies the locations of hotspots, the sites of genetic recombination, and performs the first step in meiotic recombination by directing the positioning of double-strand breaks. It is an essential enzyme in the progression of early meiotic prophase.
Neo4j
Insufficient evidence in retrieved documents.
Insufficient evidence in retrieved documents.
Insufficient evidence in retrieved documents.
Slc22a3 is maternally expressed and part of an imprinted cluster with Igf2r, Slc22a2, and Airn. Air interacts with the Slc22a3 promoter, leading to H3K9 methylation and transcriptional repression. The Igf2r promoter and transcriptional overlap between Igf2r and Air are not involved in silencing Slc22a3.
14-3-3 dimers regulate the steady-state phosphorylation of both wild-type and the R406W mutant Tau.
yes
The BioPlex network is a comprehensive map of human protein interactions and a large-scale interactome data set based on AP-MS of baits from the human ORFeome. It represents the first phase of a long-term effort to profile the entire human ORFEOME collection and is a systematic exploration of the human interactome.
ExpansionHunter | ExpansionHunter Denovo | Knowledge Network Gene Prioritization (KNGP) algorithm
Insufficient evidence in retrieved documents.
Unmethylated CpG islands have reduced nucleosome occupancy. There is no information about the relationship between nucleosome positions and 5-hydroxy-methyl-cytosine (5hmC) in the provided snippets.
Insufficient evidence in retrieved documents.
Are you asking about 23andMe in the context of genetic testing for disease risk, ancestry, or something else?
no
pituitary
CVD 103-HgR | Orochol, Mutachol
PRDM9 is a DNA-binding protein that directs the positioning of double-strand breaks, which initiate meiotic recombination. Its methyltransferase activity is essential for double-strand break formation at its binding sites. PRDM9 contains sequence motifs specific for 5m cytosine MTases.
Insufficient evidence in retrieved documents.
Insufficient evidence in retrieved documents.
semisynthetic pleuromutilin compound | antimicrobial agents | Gram-positive bacteria
Insufficient evidence in retrieved documents.
Are you asking about Syndecans in the context of a specific disease or condition?
Are you asking about chemokinesis in general, or in relation to a specific disease or cell type?
Cell proliferation, differentiation, migration and survival | Signaling process of growth factors and cytokines
The association between dental X-ray exposure and meningioma was statistically significant in some studies. However, other studies found no significant association between dental X-ray exposure and medulloblastoma or benign brain tumors. Therefore, the link between dental x-ray and brain tumor risk is not definitively established based on the provided evidence.
no
Insufficient evidence in retrieved documents.
no
double PHD finger domain
Sanofi
no
no
Insufficient evidence in retrieved documents.
Ulcerative colitis (UC) | Crohn's disease
Are you asking for a list of ACE inhibitor medications?
Androgen deprivation therapy affects pain perception in men with prostate cancer. However, the specific nature of this effect (increase, decrease, or no change) is not detailed in the provided evidence.
Facilitates consumers' health information retrieval | Enables translation between professional and consumer language | Consumer-facing health applications
Insufficient evidence in retrieved documents.
Insufficient evidence in retrieved documents.
no
yes
no
candidate tuberculosis vaccine | MVA85A
no
yes
Reduced Il17 transcription through decreased activation of the cAMP response element modulator α (CREM-α) | Reduced activation of the AKT/mTOR pathway
Are you asking about diseases caused by mutations in cohesin complex genes?
Insufficient evidence in retrieved documents.
no
3' flanking region | 196R allele | TNFR2 gene
In what context are you asking about VISMapper?
Are you asking about a specific disease or a general biological process?
no
yes
A cytokine storm is an intensified, dysregulated, tissue-injurious inflammatory response driven by cytokine and immune cell components.
SNP2TFBS
phosphonormalizer
no
Coronaviridae | feline coronavirus family | Alphacoronavirus
A "cytokine storm" is an exacerbated immunological response characterized by a burst in the production of inflammatory mediators. It is also described as an uncontrolled over-production of soluble markers of inflammation that sustains an aberrant systemic inflammatory response. This aberrant response from the host immune system induces an exaggerated release of proinflammatory cytokines/chemokines.
no
yes
Are you asking about a medication, a medical device, or something else?
yes
yes
Insufficient evidence in retrieved documents.
yes
yes
yes
The mouse Fxy gene was translocated into the highly recombining pseudoautosomal region relatively recently in evolutionary terms. This translocation resulted in a rapid increase of GC content.
no
Insufficient evidence in retrieved documents.
yes
Could you please provide more context? Are you referring to a specific gene, a research project, or something else?
no
yes
Apoptotic bodies are generated on apoptotic cell shrinkage and death [1]. Their formation is a hallmark of apoptosis in treated cells [3].
yes
ISW1 and CHD1 are ATP-dependent chromatin remodelers that compete to set nucleosome spacing in yeast. CHD1 directs short nucleosome spacing, resulting in H1 eviction and chromatin unfolding, while ISW1 directs longer spacing, allowing H1 to bind and condense the chromatin. CHD1 dominates genes with shorter spacing, and ISW1 dominates genes with longer spacing.
yes
Esophageal squamous cell carcinoma | Breast cancer | Osteosarcoma
no
Idiopathic toe walking is a diagnosis of exclusion. It is characterized by a persistent toe-toe gait pattern after three years of age in children. It occurs when there is no associated medical condition causing the toe walking.
no
no
Alzheimer disease
Insufficient evidence in retrieved documents.
no
yes
Are you asking about radioprotective agents for a specific condition or use case?
Impair phosphorylation of signaling molecules | Inhibited cell viability and migration | Promoted Schwann cells apoptosis
no
PAR1 | PAR2
Herd immunity is a way to drive population control of disease beyond those who are vaccinated. A herd immunity exceeding 95% is required to prevent sporadic viral outbreaks in a population.
no
relapsing-remitting multiple sclerosis | relapsing multiple sclerosis
The provided evidence indicates that the safety and efficacy of opicinumab in patients with relapsing multiple sclerosis is being assessed.
Insufficient evidence in retrieved documents.
Insufficient evidence in retrieved documents.
Are you interested in Mcl-1 inhibitors currently in clinical trials, approved for use, or something else?
Are you asking about how autophagy generally interacts with viruses, or are you interested in a specific virus or type of virus?
Methidiumpropyl-EDTA sequencing (MPE-seq) is a method for the genome-wide characterization of chromatin. It involves the digestion of nuclei with MPE-Fe(II) followed by massively parallel sequencing.
RV3-BB vaccine | rotavirus vaccines
yes
Insufficient evidence in retrieved documents.
Could you please specify what "f-scLVM" refers to in this context?
yes
Insufficient evidence in retrieved documents.
Are you asking about a gene, a drug, or something else?
Treatment of malaria | Pre-exposure prophylaxis of SARS-CoV-2 infection (hydroxychloroquine) | Post-exposure prophylaxis of SARS-CoV-2 infection (hydroxychloroquine) | Treatment of patients with mild COVID-19 (hydroxychloroquine)
no
Are you asking about a specific type of telangiectasia or telangiectasia in relation to a particular condition?
yes
endothelial cells | various tissues
chromosome 15 | LiPS-A3S genomic locus | Insufficient evidence in retrieved documents.
Insufficient evidence in retrieved documents.
Insufficient evidence in retrieved documents.
no
yes
Insufficient evidence in retrieved documents.
Insufficient evidence in retrieved documents.
Insufficient evidence in retrieved documents.
CLCNKB | ClC-Kb | Insufficient evidence in retrieved documents.
Metabolite annotation in metabolomics | Database searching in mass spectrometry-based metabolomics
senktide
Insufficient evidence in retrieved documents.
B lymphocytes, monocytes, and plasmacytoid dendritic cells | B cell lines and pDCs | pDC, monocytes/macrophages, and B cells
DeepCpG
Insufficient evidence in retrieved documents.
Insufficient evidence in retrieved documents.
Insufficient evidence in retrieved documents.
Insufficient evidence in retrieved documents.
20
Insufficient evidence in retrieved documents.
DeepSynergy
no
no
easyGWAS
yes
Are you asking about a vaccine?
microinjection system (Soluvia™) | intradermal delivery
Exubera | Afrezza
The mouse Fxy gene is evolving rapidly, with a recent increase in GC content [1]. This accelerated evolution might be due to GC-biased gene conversion [2]. The Fxy gene spans the pseudoautosomal boundary (PAB) in mice [3, 4, 5].
320-kb | 320 kb | Insufficient evidence in retrieved documents.
yes
Niemann-Pick disease A/B | Niemann-Pick Disease Types A and B (NPD A and B) | Niemann-Pick Type A and Type B disease
Insufficient evidence in retrieved documents.
Insufficient evidence in retrieved documents.
no
yes
huntingtin (HTT) gene | huntingtin | HD gene
Glioblastoma
no
yes
70 | Insufficient evidence in retrieved documents. | Insufficient evidence in retrieved documents.
Insufficient evidence in retrieved documents.
Middle East Respiratory Syndrome Coronavirus (MERS-CoV) | severe acute respiratory syndrome (SARS) coronavirus
Insufficient evidence in retrieved documents.
Viagra®
Four structural proteins | S (Spike), M (Membrane), N (Nucleocapsid), and E (Envolope) proteins | Insufficient evidence in retrieved documents.
no
yes
Cognitive disorder | Gait disturbance | Urinary urgency
no
yes
Insufficient evidence in retrieved documents.
Insufficient evidence in retrieved documents.
Insufficient evidence in retrieved documents.
congenital malformation of the great toes and progressive heterotopic ossification of the muscles
no
no
The LINCS project aims to generate a library of integrated, network-based, cellular signatures. It also provides rich transcriptome data that reflect the responses of cells upon exposure to various drugs.
yes
Insufficient evidence in retrieved documents.
no
no
Risk of death associated with antipsychotic use in elderly patients with dementia | Same boxed warning about the risk of death associated with antipsychotic use in elderly patients with dementia
Aip1 | Ede1 | Inn1
Lateral displacement of the inner canthi | Lateral displacement of the inner canthi of the eyes
yes
Insufficient evidence in retrieved documents.
Nucleosome arrays inhibit transcriptional elongation. Efficient and rapid nucleosome traversal by RNA polymerase II during transcript elongation depends on transcript elongation factors.
~ 55 | Approximately 55 | 55
yes
yes
A library of integrated, network-based, cellular signatures | NIH-funded program | LINCS L1000 data repository
yes
yes
yes
Insufficient evidence in retrieved documents.
yes
Snippet 4 suggests that cellphone use may increase the risk of specific brain tumors. This indicates that cellphone radiation could potentially be dangerous. However, this conclusion is based on specific studies and reported usage rates.
no
yes
Insufficient evidence in retrieved documents.
Insufficient evidence in retrieved documents.
In what context did you encounter "PWMScan"?
yes
DamID is a method used to map the genomic interaction sites of proteins in vivo. The method is also robust.
The SPT6 gene product functions as a transcriptional repressor in Saccharomyces cerevisiae. It is thought to function through its effects on chromatin assembly or stability.
PDP | treatment of PDP | receptor inverse agonist pimavanserin
long noncoding RNAs (lncRNAs) | enhancer RNAs (eRNAs)
no
Amifostine | Palifermin
yes
yes
Are you asking about a medication, a research project, or something else?
no
Are you asking about a clinical trial, a medication, or something else related to Q-SYMBIO?
NIPBL is a subunit of the Cohesin loading complex and is required for loading cohesin onto chromatin. Cohesin and CTCF regulate gene expression. Therefore, NIPBL plays a role in genome conformation by loading cohesin onto chromatin, which influences gene expression.
yes
Insufficient evidence in retrieved documents.
Are you asking about a medication, a research study, or something else?
Nrf2 activation may be associated with resistance to chemoradiation in glioblastoma cells, as blocking Nrf2 activation may enhance chemoradiation sensitivity.
yes
Insufficient evidence in retrieved documents.
Capture Hi-C (CHi-C) incorporates a sequence capture step into a Hi-C protocol. This allows for high-resolution analysis of targeted regions of the genome and is an adapted genome conformation assay. Promoter Capture Hi-C (PCHi-C) is used for genome-wide detection of distal promoter-interacting regions.
Insufficient evidence in retrieved documents.
short arm of chromosome 19
yes
Colon cancer | Rectum cancer | Follicular thyroid cancer
MBF | SBF
Are you asking about the genetic condition, or something else related to hemochromatosis?
Insufficient evidence in retrieved documents.
The Hof1-Cyk3 interaction is important for Cyk3 function, and possibly for Hof1 function. This interaction plays a role in cleavage-furrow ingression and primary-septum formation during yeast cytokinesis.
Insufficient evidence in retrieved documents.
Insufficient evidence in retrieved documents.
yes
The Java Adverse Drug Event (JADE) tool is designed to enable the analysis of prescribed drugs in connection with diagnoses from hospital stays and help physicians explore health claims data regarding adverse drug reactions. Implemented using Java, R, and a PostgreSQL database, it includes statistical methods like association rule learning and logistic regression. The JADE tool can support physicians during clinical trial planning by showing occurrences of adverse drug events with population-based information.
Nivolumab | Ipilimumab | Chemotherapy
The role of PAI-1 in human longevity remains unclear, but the PAI-1 4G/4G genotype appears to be associated with lower non-cardiovascular mortality in men, but with greater cardiovascular mortality in women.
no
Acute skin reactions | Radiation-induced fibrosis (RIF) | Radiation necrosis | Microangiopathy | Progressive leukencephalopathy | Radiation-induced second malignancies (RISM)
no
Helicobacter pylori | H. pylori
no
Detection of inheritance pattern in males with chronic granulomatous disease | Carried out in female relatives of male patients with CGD | Insufficient evidence in retrieved documents.
Insufficient evidence in retrieved documents.
Autosomal dominant | Dominant
RiboTag profiling is a ribosomal capture strategy used to measure the translational state of targeted cells within heterogeneous cell cultures or complex tissues. It involves immunoprecipitation to recover high integrity RNA from specific cell types, enabling the analysis of translating RNAs.
yes
Are you asking about a medication, a research study, or something else related to foliglurax?
Mutations in NIPBL, SMC1A, and SMC3 | Mutations in NIPBL | Lack of sister chromatid cohesion protein PDS5B
yes
yes
Induces constitutive hyperphosphorylation
proton beams | hadron beams | Insufficient evidence in retrieved documents.
yes
yes
yes
Insufficient evidence in retrieved documents.
Hallucination | Dizziness | Orthostatic hypotension | Pedal edema
Abdominal or back pain | Shock | Pulsatile abdominal mass
Alacrima | Achalasia | Adrenal insufficiency | Neurological impairment
Insufficient evidence in retrieved documents.
Amantadine extended release results in higher plasma concentrations compared to amantadine immediate release. Specifically, amantadine extended release can result in 1.4- to 2.0-fold higher plasma concentrations during the day, and approximately twice the level when given at bedtime, compared to amantadine immediate release.
yes
Length of stay | Acuity of admission | Comorbidity | Emergency visits in the previous 6 months
Insufficient evidence in retrieved documents.
yes
no
yes
Insufficient evidence in retrieved documents.
Insufficient evidence in retrieved documents.
Insufficient evidence in retrieved documents.
yes
OncoPPi Portal | OncoPPi
yes
Insufficient evidence in retrieved documents.
HMGB2 loss induces CTCF clustering. Specifically, nuclear depletion of HMGB2 coincides with the spatial clustering of CTCF, and HMGB2 knockdown is sufficient for senescence-induced CTCF clustering. Ectopic expression of HMGB2 rescues this effect.
no
*   Model-based Analysis of Genome-wide CRISPR/Cas9 Knockout (MAGeCK)
Insufficient evidence in retrieved documents.
Parkinson's disease
no
GCLC | GCLM | GS | GR | GST
no
Scalp cirsoid aneurysms are rare arteriovenous fistulae or malformations affecting the scalp. They are also known as scalp arteriovenous malformations (AVM). They often present as an enlarging pulsatile scalp mass and can be congenital, traumatic, or postinfectious in nature.
lamin B1 (LMNB1)
Correlates with the severity of radiation toxicity | Predictive assay for adverse late reactions after radiotherapy | Insufficient evidence in retrieved documents.
Insufficient evidence in retrieved documents.
Insufficient evidence in retrieved documents.
Are you asking about a specific clinical trial, a research study, or something else related to PRL3-zumab?
Insufficient evidence in retrieved documents.
yes
Are you asking about the experimental technique Perturb-seq, or something else?
Insufficient evidence in retrieved documents.
yes
no
As low as 1 in 10(9) hematologic cells | Extremely low number | Rare
Gamma sterilization is used to minimize the risk of infection transmission through bone allografts and provide safety against disease transmission in bone allografts. It is also the preferred sterilization method for some devices.
yes
UV-damaged DNA | DNA damage | Damage recognition step of NER
The current regulation for eye lens radiation exposure is a limit of 20 mSv per year, according to the European directive 2013/59/Euratom. EU member states were required to implement this limit by February 2018, and employers must have monitoring arrangements to ensure compliance.
no
Combinatorial genome segmentation using combinations of epigenetic marks | Markov models for segmentation of symbolic sequences
Insufficient evidence in retrieved documents.
mutations in the ERCC1 or ERCC4 genes
Are you asking about the classic signs and symptoms associated with Alkaptonuria?
yes
uc.63
Insufficient evidence in retrieved documents.
T-UCRs
Insufficient evidence in retrieved documents.
Insufficient evidence in retrieved documents.
cyclobutane pyrimidine dimers (CPDs) | pyrimidine-pyrimidone photoproducts (6-4 PPs)
no
Cytoplasm | Cytoplasmic granules | Cytoplasmic inclusions
RAiSD | SweeD
Insufficient evidence in retrieved documents.
Amyand hernia is a condition where the appendix is found within an inguinal hernia sac. It is also referred to as the presence of the appendix within an inguinal hernia. It is considered a rare disease.
The Lupus Severity Index (LSI) is a simple systemic lupus erythematosus (SLE) severity index developed using American College of Rheumatology (ACR) criteria and subcriteria. It is correlated with a previously existing severity score for lupus, and demographic factors known to influence lupus severity show associations with the index.
no
Chronic myeloid leukemia (CML) | Arthritic conditions
yes
CNEFinder
Insufficient evidence in retrieved documents.
Insufficient evidence in retrieved documents.
The 4D-CHAINS algorithm's assignments are used to guide automated assignment of long-range NOEs and structure refinement in autoNOE-Rosetta.
Insufficient evidence in retrieved documents.
Are you referring to a specific company, research project, or something else related to "ChromoTrace"?
Insufficient evidence in retrieved documents.
Insufficient evidence in retrieved documents.
Insufficient evidence in retrieved documents.
yes
Insufficient evidence in retrieved documents.
Insufficient evidence in retrieved documents.
Insufficient evidence in retrieved documents.
Insufficient evidence in retrieved documents.
Meningioma | Radiosensitivity | Survival fraction in clonogenic assays
Insufficient evidence in retrieved documents.
Circulating free DNA (cfDNA) includes free fetal DNA and circulating tumor DNA (ctDNA). Analysis of cfDNA is a promising tool for personalized management of colorectal cancer patients.
Insufficient evidence in retrieved documents.
N-methyl-D-aspartate (NMDA) receptor | N-methyl-D-aspartic acid
Insufficient evidence in retrieved documents.
Ramipril | Hydrochlorothiazide | Atenolol | Aspirin | Simvastatin
Insufficient evidence in retrieved documents.
SLIC-CAGE
LB100 sensitizes ovarian cancer cells to cisplatin in vitro and in vivo. This sensitization occurs through modulation of the DDR pathway and cell-cycle checkpoint abrogation.
no
Insufficient evidence in retrieved documents.
Highly expressed mRNAs | nontranslating mRNAs | translationally repressed mRNAs
Insufficient evidence in retrieved documents.
yes
SAHFs are likely created through the spatial rearrangement of pre-existing heterochromatin, rather than the spreading of heterochromatin.
Insufficient evidence in retrieved documents.
Maintenance of heterochromatin
yes
Are you asking about Nextflow in the context of a specific disease, research project, or type of data analysis?
Insufficient evidence in retrieved documents.
In what context are you asking about SpatialDE?
Insufficient evidence in retrieved documents.
Are you asking about the MAGNIMS criteria for diagnosing multiple sclerosis?
yes
Insufficient evidence in retrieved documents.
Insufficient evidence in retrieved documents.
Are you referring to Twiddler's syndrome related to implanted medical devices, or something else?
Balancer chromosomes in Drosophila melanogaster are genetic reagents used for stock maintenance and mutagenesis screens. They are multiply inverted chromosomes that suppress exchange with their homologs. They are important for maintaining mutant alleles.
Reduces the risk of developing thyroid cancer | ITB | Revision of the WHO 1999 Guidelines for Iodine Thyroid Blocking
no
yes
Systemic lupus erythematosus (SLE) | SLE
Insufficient evidence in retrieved documents.
histone H3 trimethylated at lysine 27 (H3K27me3)
no
Meningitis | Sepsis
yes
Are you asking about the oral typhoid vaccine?
Insufficient evidence in retrieved documents.
Osanetant and talnetant are both NK(3) antagonists. Preclinical and Phase II clinical results suggest they may improve positive symptoms and cognitive impairment in schizophrenic patients.
Are you interested in diseases directly caused by SLC25A46 mutations, or conditions where SLC25A46 may play a contributing role?
Insufficient evidence in retrieved documents.
Cervical artery dissection
Insufficient evidence in retrieved documents.
no
The Sunnybrook Facial Grading System is used to assess the severity of facial palsy and measure facial symmetry. A modified version of the system exists to improve the assessment of specific facial nerve branches.
The PDZ domain of SATB1 plays a role in global gene regulation, presumably through its interaction with other cellular proteins.
Endocytosis | Exocytosis | Virus infection
no
MobiDB database | DisProt database
IgM | IgG | IgA | IgD | IgE
no
Insufficient evidence in retrieved documents.
MLE4901
no
no
no
yes
Intellectual disability | Macrocephaly/hemi/megalencephaly | Seizures | Facial dysmorphology | Non-neurological features
Are you asking about ORMD-0801 in relation to type 1 diabetes, or something else?
no
no
Are you asking about a specific type of synucleinopathy, or would you like a general overview?
Insufficient evidence in retrieved documents.
A zoonotic virus is a virus that causes a disease that can be passed from animals to humans. These viruses may adapt to a human host and eventually become endemic in humans.
PF-05190457
Insufficient evidence in retrieved documents.
80-100% | protective efficacy of 80-100% | 80-100% against moderate to severe cholera
Insufficient evidence in retrieved documents.
no
Fyn kinase | saracatinib | Insufficient evidence in retrieved documents.
no
Insufficient evidence in retrieved documents.
Insufficient evidence in retrieved documents.
Insufficient evidence in retrieved documents.
yes
The Open Targets Platform integrates different data sources to facilitate the identification of potential therapeutic drug targets for human diseases. It can be used in a systematic approach to uncover and prioritize potential new disease indications for G-protein coupled receptors and their ligands.
yes
yes
Are you asking about a specific medication, gene, or something else?
no
no
no
Insufficient evidence in retrieved documents.
yes
Are you asking about the initial licensure date, or a more recent time frame?
no
WAPL interacts with PDS5. WAPL and its PDS5 binding partners control the length of loops.
no
Insufficient evidence in retrieved documents.
Vaxchora
atezolizumab
yes
Controls cohesin's dynamic association with chromatin | Facilitates cohesin's timely release from chromosome arms | Regulates binding of the cohesin complex to chromosomes
TPO-receptor | thrombopoietin (TPO)-receptor
Insufficient evidence in retrieved documents.
Insufficient evidence in retrieved documents.
Insufficient evidence in retrieved documents.
Insufficient evidence in retrieved documents.
Insufficient evidence in retrieved documents.
Insufficient evidence in retrieved documents.
Insufficient evidence in retrieved documents.
Insufficient evidence in retrieved documents.
eRNA-producing centers (EPCs) are DNase hypersensitive sites with evidence of bidirectional transcription. They were identified through analysis of the relationship between two classes of RNAs.
Brain Radiation Information Data Exchange (BRIDE) is an integration of experimental data from low-dose ionizing radiation research for pathway discovery.
Insufficient evidence in retrieved documents.
Are you asking about Herceptin the medication, or something else?
no
Insufficient evidence in retrieved documents.
Insufficient evidence in retrieved documents.
yes
Loss-of-function nuclear factor κB subunit 1 (NFKB1) variants | Loss-of-function mutations in NFKB1
Measles | Respiratory syncytial (RS) virus | Parainfluenzavirus type 3 (PI3)
Multisystem disease with abnormal neurodevelopment
Insufficient evidence in retrieved documents.
Estrogen receptor | Progesterone receptor | Human epidermal growth factor receptor type 2 (HER2)
rat
Insufficient evidence in retrieved documents.
no
DYNC2H1 | IFT81 | USH2A
Omecamtiv mecarbil is a cardiac myosin activator. Its mechanism of action provides insights into how force is generated by molecular motors.
Defensins
HA stands for hemagglutinin and NA stands for neuraminidase with respect to the flu virus, such as H1N1. Antibodies against HA and NA contribute independently to protection against the disease.
yes
G1P[8] | G2P[4] | G3P[8] | G4P[8] | G9P[8]
THOC1 | THOC2 | THOC5 | THOC6 | THOC7
The Liverpool Elbow Score (LES) is used to assess the outcomes of total elbow replacement in various conditions. It can be used as a postal questionnaire for outcome assessment after total elbow arthroplasty and has been validated for evaluating elbow stiffness.
no
yes
The Zelda transcription factor in *Drosophila melanogaster* plays an essential or important role in the maternal-to-zygotic transition during embryogenesis. It is also involved in widespread activation of the zygotic genome.
Insufficient evidence in retrieved documents.
*   Focal segmental glomerulosclerosis and mild intellectual disability
Are you asking about the use of LY-CoV555 in a specific clinical trial, its mechanism of action, or something else?
Galectin-3
no
yes
Insufficient evidence in retrieved documents.
Insufficient evidence in retrieved documents.
Insufficient evidence in retrieved documents.
Ebola virus | Marburg virus | Filoviruses | Yellow fever virus
Insufficient evidence in retrieved documents.
Insufficient evidence in retrieved documents.
no
Insufficient evidence in retrieved documents.
Insufficient evidence in retrieved documents.
Insufficient evidence in retrieved documents.
Insufficient evidence in retrieved documents.
no
NY-ESO-1 protein vaccine | Glycopyranosyl lipid A
Biallelic mutations
no
yes
Rheumatoid arthritis (RA) | Early, rapidly progressing rheumatoid arthritis | RA associated interstitial lung disease
Insufficient evidence in retrieved documents.
Insufficient evidence in retrieved documents.
GRIA3 | FHF2/FGF13
yes
IgM | IgG | IgA | IgD | IgE
Insufficient evidence in retrieved documents.
yes
Insufficient evidence in retrieved documents.
Defective endochondral bone formation | Impaired Ihh-mediated chondrocyte differentiation | Impaired Ihh-mediated chondrocyte proliferation | Impaired osteoblast differentiation of -/- bone-marrow mesenchymal stromal-cell cultures
no
Histone deacetylases (HDACs)
16,569 base pairs | 16569 base pairs
yes
no
Primary microcephaly | A novel laminopathy
The risk of secondary cancer induction after proton beam therapy can be reduced compared to photons by a factor of 3 due to the reduction of integral dose. Proton beam therapy has dosimetric advantages that may lead to reduced secondary cancer risk. However, the risk of secondary cancer should still be an important consideration.
Insufficient evidence in retrieved documents.
Impetigo, secondarily infected traumatic lesions and secondarily infected dermatitis | Methicillin-susceptible S. aureus and streptococcal infections
H3K27ac | H3K4me1 | Lysine 2-hydroxyisobutyrylation
Insufficient evidence in retrieved documents.
yes
Insufficient evidence in retrieved documents.
Insufficient evidence in retrieved documents.
Insufficient evidence in retrieved documents.
yes
no
Joubert syndrome
yes
Insufficient evidence in retrieved documents.
Pleuromutilin, a natural tricyclic, can be isolated from the fungus *Pleurotus mutilus*.
Pluripotency of porcine iPS cells | Pluripotency of piPSCs | Pluripotency
no
De novo SOX6 variants cause a neurodevelopmental syndrome associated with ADHD, craniosynostosis, and osteochondromas.
yes
no
A antigen | B antigen | H antigen | Lewis antigens | Lewis(a) | Lewis(b) | Lewis(x) | Lewis(y) | Neu5Gc | Neu5Ac
Insufficient evidence in retrieved documents.
Insufficient evidence in retrieved documents.
Insufficient evidence in retrieved documents.
ET | Parkinson's Disease | Dystonia
SNAP-25 | Syntaxin 1 | VAMP-2
Are you asking about septicemia in general, or in relation to a specific patient or condition?
TAL1 | T-cell acute lymphocytic leukemia protein 1
*   Bexsero
Are you asking about the canSAR database related to cancer research?
Insufficient evidence in retrieved documents.
mutations
human epidermal growth factor receptor (HER) family | ErbB family of receptor tyrosine kinases | family of four transmembrane receptor tyrosine kinases
Etanercept is a fusion protein composed of the Fc portion of IgG1 and the extracellular domain of the TNF receptor (p75).
Insufficient evidence in retrieved documents.
no
no
Insufficient evidence in retrieved documents.
no
783 | Six | 6
no
no
Sleep-disordered breathing
47, XXY karyotype | 46,XXY,t(13q;14q) | Additional X chromosome in males (47,XXY)
Insufficient evidence in retrieved documents.
Insufficient evidence in retrieved documents.
Drug | Multiple sclerosis drug | FTY720
Insufficient evidence in retrieved documents.
Birth-death models of operon evolution reasonably describe the relative abundance of operons of different sizes in the C. elegans genome. Operons account for about 15% of the genes in C. elegans, and this lower duplication frequency might place a large constraint on the plasticity of the genome.
X chromosome | chromosome X | Insufficient evidence in retrieved documents.
Regulatory regions | Transcriptional activity | Transcription factors
yes
Differentially-expressed miRNAs | Based on DESeq2 and edgeR | Differential weighting of observations
The N-degron is part of a protein degradation strategy used for investigating the function of essential genes.
Insufficient evidence in retrieved documents.
yes
Insufficient evidence in retrieved documents.
ChromHMM provides an automated enrichment analysis of annotations to facilitate the functional interpretations of each chromatin state. It is used in the analysis of chromatin states in the human genome.
Counting multi-mapping reads | Reporting raw read counts | Drop-in replacement
NANOG and OTX2 have a mutual antagonism that specifies rostral or caudal cell fate during neural patterning transition. NANOG antagonizes OTX2, switching the default rostral cell fate to the caudal one, while Otx2 promotes Nanog expression. This antagonism is critical for the regulation of early neural development in humans.
no
yes
no
Insufficient evidence in retrieved documents.
DeepCC | deep cancer subtype classification
Antidepressants
median nerve
Anakinra
double-stranded DNA | dsDNA | DNA
yes
The FDA reported an increased risk of cancer with lorcaserin. However, current evidence does not confirm this increased risk, but suggests a trend in this direction, with a greater incidence of some subtypes such as lung and pancreas.
no
Insufficient evidence in retrieved documents.
Insufficient evidence in retrieved documents.
Insufficient evidence in retrieved documents.
chronic plaque psoriasis | psoriasis
Insufficient evidence in retrieved documents.
yes
Corkscrew esophagus, also referred to as rosary bead esophagus, is a radiological diagnosis and a classic finding of diffuse esophageal spasm (DES) in barium studies. It is characterized by twisted segments in the distal third of the oesophagus, reflecting abnormal contractions, leading to compartmentalization and curling of the esophagus, ultimately giving an appearance similar to a corkscrew or rosary beads.
Methotrexate | Sulfasalazine | Leflunomide | Hydroxychloroquine
yes
no
Insufficient evidence in retrieved documents.
Insufficient evidence in retrieved documents.
Insufficient evidence in retrieved documents.
Insufficient evidence in retrieved documents.
no
metPropagate | Knowledge Network Gene Prioritization (KNGP) algorithm | protein-protein interaction network (PPIN)-based disease candidate gene prioritization
Insufficient evidence in retrieved documents.
Insufficient evidence in retrieved documents.
yes
Insufficient evidence in retrieved documents.
Insufficient evidence in retrieved documents.
Are you asking about SAR425899 as a medication, or something else?
Neurodevelopmental disorders
yes
Transmembrane glycoproteins | Focal adhesions | Apical plasma membrane of ependymal cells
Insufficient evidence in retrieved documents.
Insufficient evidence in retrieved documents.
Are you asking about the causes, symptoms, diagnosis, or treatment of aortitis?
TAFRO syndrome
Insufficient evidence in retrieved documents.
Insufficient evidence in retrieved documents.
yes
yes
no
yes
Exosomes that exert a decoy function against complement-mediated cytotoxicity | Exosomes that display a large repertoire of tumor antigens | Insufficient evidence in retrieved documents.
Myasthenia Gravis (MG) includes subtypes like juvenile myasthenia gravis (JMG) and muscle-specific tyrosine kinase myasthenia gravis (MuSK-Ab MG). MuSK-Ab MG is a rare and difficult-to-diagnose subtype. Disease severity and treatment response can be evaluated using the quantitative myasthenia gravis score (QMG) and myasthenia gravis activities of daily living profile (MG-ADL).
Insufficient evidence in retrieved documents.
yes
Benzalkonium chloride (BAK) | 0.12% benzalkonium chloride (BZK)
FTY720 (Fingolimod)
Fingolimod is a non-selective agonist of all S1P receptors except S1P2. It is also a selective S1P1 functional antagonist.
Insufficient evidence in retrieved documents.
The mechanism by which fingolimod reduces or prevents grey matter damage in the brain is not completely understood.
0.5 mg | 1.25 mg
Insufficient evidence in retrieved documents.
Are you asking about the condition itself, or a specific aspect of it, like treatment options?
Insufficient evidence in retrieved documents.
Bisphenol A behaves as an endocrine disruptor. It can induce oxidative stress in sperm and the liver, and it can induce hypothalamic down-regulation of the cannabinoid receptor 1 and anorexigenic effects in male mice. It may also have an adverse effect on male reproduction.
Insufficient evidence in retrieved documents.
no
MIENTURNET
CAV1 | COL5A1 | COL6A3 | FLNB | HMMR | ITGA3 | ITGA5 | MET | SDC1 | THBS1 | VEGFC
Are you referring to a specific application of SWItchMiner (SWIM) in a particular disease or research area?
apoE4-165 | specific apoE4 fragment | carboxyl-terminal truncated apoE4 forms
EpiMethylTag
KLF4
Ventral hypothalamus (VHT) | Arcuate nucleus | Hypothalamus
Insufficient evidence in retrieved documents.
yes
Insufficient evidence in retrieved documents.
regutools
yes
CLCN1
yes
yes
A Susceptibility Locus on Chromosome 13
Aromatic amino acids | Natural products with aromatic moieties
Insufficient evidence in retrieved documents.
MIR137 | DPYD
yes
yes
yes
Dysplasia of all of the bony components of the elbow joint | Abnormalities in the shape of carpal bones | Brachydactyly
Enasidenib | Ivosidenib
Are you asking about RADICL-seq in the context of RNA sequencing, or something else?
Insufficient evidence in retrieved documents.
Insufficient evidence in retrieved documents.
Are you asking about holoprosencephaly in the context of a specific patient, a research study, or something else?
Insufficient evidence in retrieved documents.
Insufficient evidence in retrieved documents.
no
Insufficient evidence in retrieved documents.
Perforin | Listeriolysin-O (LLO) | Toxin complex (tc) toxins
Kabuki syndrome
yes
yes
Insufficient evidence in retrieved documents.
Insufficient evidence in retrieved documents.
Insufficient evidence in retrieved documents.
Are you asking about ECMO as a medical procedure or something else?
lupus syndrome | autoimmune diseases
Activin type II receptors (ActRII) | ActRII
yes
yes
Peripheral tissues
yes
RNA polymerase II (RNAPII)
Insufficient evidence in retrieved documents.
no
ticagrelor | clopidogrel
Insufficient evidence in retrieved documents.
Bladder cancer | Malignant melanoma
Insufficient evidence in retrieved documents.
no
ARID1B
Bronchiectasis
Insufficient evidence in retrieved documents.
Insufficient evidence in retrieved documents.
Dkk1 generally antagonizes or blocks Wnt signaling. A reduced antagonistic effect of DKK1 on canonical Wnt signaling can contribute to molecular effects. Overexpression of DKK1 can also antagonize the effects of other proteins on Wnt signaling.
Are you asking about bimagrumab in relation to a specific condition or its mechanism of action?
CCT271850
yes
Commensal bacteria are microbes that are a major factor in human health and disease pathogenesis. They are usually found in the gut microbiota.
Kabuki syndrome
C/EBPβ | CCAAT/enhancer binding protein β (C/EBPβ)
Insufficient evidence in retrieved documents.
Insufficient evidence in retrieved documents.
no
Are you asking about pyroptosis in relation to a specific disease or condition?
Tag single nucleotide polymorphisms (SNPs) | Common haplotypes in genes | Subset of all common SNPs
Breast cancer | Gastric cancer
Insufficient evidence in retrieved documents.
Thrombocytopenia | Hemolytic anemia | Fever | Neurologic abnormalities | Renal disease
Are you asking about organoids in the context of research, disease modeling, or something else?
Strabismus | Cosmetic use | Therapeutic use
Insufficient evidence in retrieved documents.
Insufficient evidence in retrieved documents.
yes
Insufficient evidence in retrieved documents.
yes
Insufficient evidence in retrieved documents.
Insufficient evidence in retrieved documents.
Insufficient evidence in retrieved documents.
Sodium (SCN1A) and potassium channel (KCNQ2 and KCNQ3) dysfunctions are genetic determinants in the pathogenesis of rare and common idiopathic epilepsies.
no
Insufficient evidence in retrieved documents.
Hikikomori syndrome is social withdrawal that lasts six months or longer. It is a growing problem among Japanese adolescents and young adults.
TWIST1 | TWIST gene
Tofacitinib
Insufficient evidence in retrieved documents.
Insufficient evidence in retrieved documents.
Insufficient evidence in retrieved documents.
Male calico cats are rare because they are often associated with chromosomal abnormalities, specifically an XXY chromosome complement similar to Klinefelter's syndrome in humans. This condition often leads to sterility in these cats.
Hepatocyte nuclear factor 4-alpha (HNF4α)
no
Insufficient evidence in retrieved documents.
Acute hepatic porphyria | AHP
beta-tryptase | histamine | heparin proteoglycan | inflammatory mediators
Are you asking about exencephaly in humans or in animal models?
TNF-alpha plays an important role in the pathogenesis of obesity and insulin resistance. However, the effect of TNF-alpha signaling via TNF receptor type 1 (TNFR1) largely remains controversial.
no
The Enhancing NeuroImaging Genetics through Meta-Analysis (ENIGMA) Consortium is a collaborative network of researchers integrating data from many institutions worldwide. It is a global team science effort with over 800 scientists across 340 institutions in 35 countries. ENIGMA aims to understand disease and genetic influences on the brain by establishing standard protocols for imaging analysis and employing meta- and mega-analyses of psychiatric disorders.
Autoimmune Pulmonary Alveolar Proteinosis (aPAP)
Ca2+-dependent phospholipid and membrane binding protein
Insufficient evidence in retrieved documents.
Other intronless genes or multiexon genes | Genes of other species | Insufficient evidence in retrieved documents.
Insufficient evidence in retrieved documents.
no
no
Cytosolic nucleic acid ligands | STING agonists | Cyclic dinucleotide (CDN) STING agonists
Radio frequency ablation is a treatment option for renal cell carcinoma and pelvis tumors. The Radionics Cool-tip RF Radio Frequency Ablation System can be utilized for this procedure. The success of radio frequency ablation for small renal masses is strongly correlated with tumor size.
28-joint count | 28 joints | Disease Activity Score in 28 joints
Are you asking about a clinical trial, a research project, or something else?
JASPAR CORE: an expanded version of the original, non-redundant collection of annotated, high-quality matrix-based transcription factor binding profiles | JASPAR FAM: a collection of familial TFBS models | JASPAR phyloFACTS: a set of matrices computationally derived from statistically overrepresented, evolutionarily conserved regulatory region motifs from mammalian genomes | JASPAR phyloFACTS serves as a non-redundant extension to JASPAR CORE, enhancing the overall breadth of JASPAR for promoter sequence analysis
no
yes
Are you asking about the genetic condition Hutchinson-Gilford Progeria Syndrome?
Could you please specify what you are referring to by "CrossICC"? For example, is it a clinical trial, a research project, or something else?
Insufficient evidence in retrieved documents.
yes
yes
yes
Insufficient evidence in retrieved documents.
yes
Couvelaire uterus, also known as uteroplacental apoplexy, is a rare complication of placental abruption [1]. It is characterized by dark purple or blue-purple discolorations of the uterine wall due to hemorrhages [3, 5]. Major hemorrhage may be associated with Couvelaire uterus [2].
otoferlin | otoferlin protein
Are you asking about hypercapnia in relation to a specific medical condition or situation?
TSA-Seq is used for genome-wide mapping of nuclear structure, specifically mapping 3D genome organization relative to nuclear compartments. It can also be used as a cytological ruler.
Insufficient evidence in retrieved documents.
Insufficient evidence in retrieved documents.
Elagolix, when coadministered with estradiol/norethindrone acetate, is indicated for the management of heavy menstrual bleeding associated with uterine leiomyomas (fibroids) in premenopausal women. Phase 3 studies have demonstrated that this treatment reduces heavy menstrual bleeding associated with uterine fibroids.
cochlear sensory epithelium | middle turn of the gerbil cochlea | mouse cochlear hair cells
Insufficient evidence in retrieved documents.
Insufficient evidence in retrieved documents.
In May 2020, capmatinib received FDA approval in the USA for treating adults with metastatic non-small cell lung cancer (NSCLC) whose tumors have a mutation that leads to MET exon 14 skipping, as detected by an FDA-approved test.
yes
no
Insufficient evidence in retrieved documents.
yes
Insufficient evidence in retrieved documents.
Insufficient evidence in retrieved documents.
Epidermal CYLD inactivation sensitizes mice to the development of sebaceous and basaloid skin tumors.
Insufficient evidence in retrieved documents.
Mutations in the Euchromatic Histone Methyltransferase 1 (EHMT1) gene | EHMT1 gene mutations | Mutations in the EHMT1 gene
no
Mediator plays a significant role in higher-order genome organization. It is also linked to the regulation of gene positioning in the nuclear space.
fremanezumab | galcanezumab
Could you please specify what you are referring to by "LowMACA"? For example, are you referring to a gene, a condition, or something else?
yes
Misfolded proteins
Atogepant | Rimegepant | Olcegepant (BIBN4096BS) | Telcagepant (MK-0974)
*   Paralogs
*   Duplicated genes coming probably from an ancient whole genome duplication
Insufficient evidence in retrieved documents.
yes
Hemophilic pseudotumor is a rare complication of hemophilia, occurring in approximately 1-2% of patients with severe hemophilia. These pseudotumors are classified as either proximal or distal based on their location.
Insufficient evidence in retrieved documents.
herpes zoster | Varicella Zoster Virus
HP1a is involved in the maintenance of heterochromatin in the nucleus. It interacts with the chromatin assembly factor 1 (CAF-1), which is involved in the maintenance of a higher order structure, the heterochromatin.
no
lncRNAs
Insufficient evidence in retrieved documents.
Lipid droplet accumulation | Macrophage foam cell | Foam cell formation plays important roles in the progression of AS.
Statins | Statin therapy | Insufficient evidence in retrieved documents.
transforming growth factor-beta1 (TGF-beta1)
The Oncomine Dx Target Test is a next-generation sequencing-based companion diagnostic test, and a test panel from Thermo Fisher Scientific. It is an investigational test that could facilitate access to multiple biomarker testing using small tissue samples.
Hippocampal volume | Expression changes in response to immune stimulus | Alzheimer's disease (AD)
Insufficient evidence in retrieved documents.
Stress-induced activation of OMA1 | Mitochondrial stress | When cleaved into a short form
Insufficient evidence in retrieved documents.
Methylation of histone H3 lysine 9 (H3K9me) | H3K9me2 or H3K9me3 | H3K9 methylation
Are you asking about AZD8601 as a potential treatment for a specific condition?
ACTB | RNF216
Insufficient evidence in retrieved documents.
Neuronal proteostasis maintenance | Molecular chaperones | DNAJ family member
Insufficient evidence in retrieved documents.
Approximately 15% | >17%
Insufficient evidence in retrieved documents.
primary aldosteronism
transurethral resection of the prostate | thulium laser transurethral vaporesection of the prostate
Slit ligands
Kisspeptin receptors are widely distributed in the brain, particularly in the preoptic area and hypothalamus. Research has mainly focused on kisspeptin's regulation of GnRH neurons. However, little is known about its function in limbic brain structures.
no
Insufficient evidence in retrieved documents.
yes
Dog bite | Dog-inflicted bite
Insufficient evidence in retrieved documents.
Amniotic band syndrome is a congenital condition involving deformities, often due to the rupture of the amniotic sac and entrapment of fetal parts by fibrous bands. This can lead to structural abnormalities, such as distal ring constrictions, intrauterine amputations, and acrosyndactyly, and potentially fetal-infant death. It affects limbs, trunk, and craniofacial regions.
*   Radically simplified the quantification of transcripts in RNA-sequencing experiments.
Insufficient evidence in retrieved documents.
signatureSearch
Insufficient evidence in retrieved documents.
Natriuretic peptide receptor A (NPR-A) is a receptor guanylate cyclase. It is also known as the atrial natriuretic peptide-A receptor (guanylyl cyclase A).
Insufficient evidence in retrieved documents.
Complex coacervation is a phase separation phenomenon. A transfer matrix formalism can describe it and provide a theoretical framework to predict the phase behavior of charge sequences.
Insufficient evidence in retrieved documents.
yes
vincristine | actinomycin | cyclophosphamide
yes
Insufficient evidence in retrieved documents.
Insufficient evidence in retrieved documents.
Insufficient evidence in retrieved documents.
INDEED
yes
yes
Cytokine release syndrome is a systemic inflammatory condition (CRS). It can be a potentially lethal unconstrained inflammatory cytokine storm caused by a severe immune response in patients with coronavirus disease 2019 (COVID-19) or may occur after treatment with some types of immunotherapy.
GATA6 | HNF4A
Insufficient evidence in retrieved documents.
In what context are you asking about PWMScan (e.g., a specific disease, genetic analysis, or something else)?
yes
MRJP1 | MRJP2 | MRJP3 | MRJP4 | MRJP5
Insufficient evidence in retrieved documents.
ExpressDB | FFGED | GeneWeaver
CYP2B6 G516T (rs3745274)
Insufficient evidence in retrieved documents.
no
Insufficient evidence in retrieved documents.
Heterogeneous group of neurodevelopmental disorders | Poor prognosis | Seizures | Developmental impairments | Deterioration in developmental, cognitive, and motor functions | Severe, early onset epilepsies | Refractory seizures | Developmental delay or regression associated with ongoing epileptic activity
Here's a list of methods for efficient calculation of Elementary flux modes (EFMs) in genome-scale metabolic networks (GSMNs), based on the provided evidence:

*   EFM-Ta
*   Linear programming-based tree search
*   TreeEFM
Insufficient evidence in retrieved documents.
Insufficient evidence in retrieved documents.
The Burke-Fahn-Marsden Dystonia Rating Scale is a universally applied instrument for the quantitative assessment of dystonia, especially in children with inherited dystonia and cerebral palsy. It is used to measure motor responses and assess motor function.
yes
Next generation sequencing (NGS)
Insufficient evidence in retrieved documents.
Insufficient evidence in retrieved documents.
Insufficient evidence in retrieved documents.
Renal tubular epithelial cells | Kidney | Purkinje cells of the cerebellum | Brain | Choroid plexus | Parathyroid gland
Male phenotype with hypospadia to a female phenotype with normal wolffian structures | Intersex | Gender identity and role in a pedigree of Arabs with intersex
no
Are you asking about a specific application of DeepTRIAGE, or DeepTRIAGE in general?
Pseudomelanosis duodeni is a rare, benign condition characterized by dark, speckled pigmentation of the duodenal mucosa. It is often an incidental finding during endoscopy, where it presents as flat, black-speckled pigmented mucosa. The etiology and clinical significance are uncertain.
yes
Abdominal obesity | Hypertension | Low plasma HDL-cholesterol | High plasma glucose | High plasma triglycerides
PITX1 gene
HLA-B*1502 screening is recommended prior to administering carbamazepine because it is a biomarker for carbamazepine-induced Stevens-Johnson Syndrome and Toxic Epidermal Necrolysis (SJS/TEN) in some Asian populations. The USFDA recommends this screening for Asian and other populations with a high prevalence of HLA-B*1502.
yes
Mesna | Adriamycin | Ifosfamide | Dacarbazine
Cortisol | hGR | Insufficient evidence in retrieved documents.
Emmanuelle Charpentier | Jennifer Doudna
Super enhancers are defined as genomic regions containing clusters of multiple enhancers.
yes
Insufficient evidence in retrieved documents.
Insufficient evidence in retrieved documents.
Insufficient evidence in retrieved documents.
no
yes
etanercept | ustekinumab | adalimumab
Adamts18 links luminal hormone receptor signaling to basement membrane remodeling and stem cell activation. Estrogens and progesterone induce Adamts18 expression in myoepithelial cells via Wnt4 and Wnt signaling.
yes
Insufficient evidence in retrieved documents.
Upstream regulator in the retinal determination gene network | Necessary for initiating the eye developmental pathway | Master-regulator of eye development
no
yes
In what context are you interested in ReactomeGSA (e.g., a specific disease, pathway, or research question)?
Sodium phenylbutyrate-taurursodiol is being trialed for the treatment of amyotrophic lateral sclerosis.
Growth arrest-specific 6 (Gas6) is a vitamin K-dependent protein encoded by the GAS6 gene and secreted by immune cells, endothelial cells, vascular smooth muscle cells, and adipocytes. It is expressed in fibroblasts and acts as a ligand for the receptor tyrosine kinase AXL, regulating various cellular processes. Gas6 signaling may be associated with adipose tissue inflammation, glucose intolerance, insulin resistance, and the pathogenesis of obesity and systemic inflammation.
Insufficient evidence in retrieved documents.
Insufficient evidence in retrieved documents.
vedolizumab | siltuximab | ramucirumab | pembrolizumab | nivolumab | blinatumomab
Insufficient evidence in retrieved documents.
yes
yes
The venom of the cone snail *Conus tulipa* contains peptides such as conantokin-T, which induces sleep-like symptoms in young mice and affects excitatory synaptic transmission in rat hippocampal slices. Another peptide, rho-TIA, found in the venom, has alpha1-adrenoreceptor antagonist activity.
Baloxavir marboxil | NS1 mRNA transcript | Conserved sequence elements within the 5' end of influenza virus virion RNA
VKORC1 | CYP2C9
Are you asking about the MSstatsTMT R package for proteomics data analysis?
no
yes
Pain and inflammation-reducing effects | Anti-inflammatory properties
The inactive X chromosome has a 3D structure consisting of two superdomains separated by a boundary region. Lamina recruitment changes the 3D structure of DNA, enabling Xist and its silencing proteins to spread across the X to silence transcription.
Mothers with a CYP2D6 ultrarapid metabolizer phenotype may expose their infants to risk of adverse events when taking codeine while breastfeeding because they produce more of the active metabolite, morphine. This increased morphine level can be passed to the infant through breast milk.
Rtpca
Insufficient evidence in retrieved documents.
yes
1967
RA (Rheumatoid Arthritis)
Insufficient evidence in retrieved documents.
yes
atorvastatin | ramipril | aspirin
Insufficient evidence in retrieved documents.
Neutrophil nuclear drumsticks represent an inactivated X chromosome. In female neutrophil nuclei with a drumstick appendage, the active X chromosome is randomly distributed among lobes.
TNF-α secretion
Thermo Fisher Scientific | Oncomine
INSPEcT is an R package for the integrative analysis of RNA- and 4sU-seq data to study the dynamics of transcriptional regulation. It provides gene-level quantification of rates and a modeling framework to identify regulatory processes that explain mRNA and pre-mRNA concentrations. The software performance is tested on a synthetic dataset.
Insufficient evidence in retrieved documents.
Insufficient evidence in retrieved documents.
yes
G+C content | DNA thermodynamic stability | DNA sequence
Insufficient evidence in retrieved documents.
Somatic mosaicism | Common genetic variation | Excessive deubiquitination of NLRP3-R779C variant | Variants in TRIM22 that affect NOD2 signaling
Insufficient evidence in retrieved documents.
Insufficient evidence in retrieved documents.
Barr bodies represent an inactivated X chromosome. The condensation of the X chromosome into a Barr body may depend on the level of endogenous cyclic AMP. The Barr body's chromatin consists of histone and non-histone proteins.
no
Insufficient evidence in retrieved documents.
Full Spectrum of Intolerance to Loss-of-function (FUSIL) is a cross-species gene classification that integrates measures of how essential a gene is to supporting life. It is inferred from viability and phenotyping screens performed on knockout mice and essentiality screens carried out on human cell lines. Genes in the five FUSIL categories have differing biological properties, and Mendelian disease genes, particularly those associated with developmental disorders, are highly overrepresented among genes non-essential for cell survival but required for organism development.
no
no
1990 (initiation) | 2003 (completion) | 15 years (projected completion time)
Insufficient evidence in retrieved documents.
Insufficient evidence in retrieved documents.
Insufficient evidence in retrieved documents.
no
Aberrant proteolytic activity has been observed in the salivary glands of non-obese diabetic mice. This activity results in the cleavage of fractalkine and the generation of unique fractalkine fragments. This specific cleavage may contribute to autoimmunity.
no
Formative pluripotency is a state of epiblast-like cells (EpiLCs) that naive embryonic stem cells (ESCs) transition into. The transcription factor GRHL2 is necessary and sufficient to activate an epithelial subset of enhancers during this transition.
no
dagLogo
Philadelphia chromosome-positive acute lymphoblastic leukemia | Ph-positive ALL | Anemia in inflammatory bowel disease
no
Peroneal nerve compression | Carpal tunnel syndrome | Multilevel ulnar nerve compression
IFN gene signature (IGS) | Interferon (IFN) signature (IS) | Type I IFN signature
yes
graphkernels | CAFE | lipidr
Insufficient evidence in retrieved documents.
Insufficient evidence in retrieved documents.
Bile duct | Pancreatic duct | Duodenum
Insufficient evidence in retrieved documents.
Insufficient evidence in retrieved documents.
no
Blocker of vascular leakage | Prevent Plasmodium falciparum malaria transmission
no
Gain-of-function variants in SYK cause immune dysregulation and systemic inflammation in humans and mice. These variants result in a potentially treatable form of inflammatory disease.
yes
Insufficient evidence in retrieved documents.
no
yes
yes
Insufficient evidence in retrieved documents.
Somatic hypermutation and class-switch recombination | Diversification of B cell receptors | Cytidine deamination in DNA
Autosomal dominant Spinocerebellar Ataxia type 3 (SCA3), also known as Machado-Joseph disease (MJD), is caused by the abnormal amplification of CAG trinucleotide repeats in the ATXN3 gene, specifically in exon 10. These expansions are located in the coding region of the gene.
p38 MAPK pathway
Intellectual disability | Speech delay | Dysmorphism
yes
Insufficient evidence in retrieved documents.
Insufficient evidence in retrieved documents.
Insufficient evidence in retrieved documents.
Are you referring to a specific gene, acronym, or something else when you say GREEKC?
Insufficient evidence in retrieved documents.
yes
Insufficient evidence in retrieved documents.
no
Oguchi disease | congenital stationary night blindness (CSNB)
Insufficient evidence in retrieved documents.
yes
Neuromedin U (NmU) is a neuropeptide with anorexigenic activity and uterocontractile effects in rodents. It belongs to the neuromedin family, is structurally related to neuromedin S (NMS), and modulates energy homeostasis. Associations between NMU and several cancers have been reported.
no
Are you referring to a specific gene, protein, or something else when you say SPar-K?
Insufficient evidence in retrieved documents.
yes
Targetable therapeutic strategies | Continuum of TAM states in GBM | Macrophage polarization
Insufficient evidence in retrieved documents.
JUCHMME
Insufficient evidence in retrieved documents.
Are you interested in pseudokinases in a specific organism, disease, or signaling pathway?
Small intestine | Large intestine | Gut-associated lymphoid tissue
yes
The GenomeAsia 100K Project aims to enable genetic discoveries across Asia. The pilot phase includes a whole-genome sequencing reference dataset from 1,739 individuals across Asia to catalogue genetic variation, population structure, disease associations and founder effects. It also explores the use of this dataset in imputation to facilitate genetic studies in populations across Asia and worldwide.
Insufficient evidence in retrieved documents.
Insufficient evidence in retrieved documents.
yes
September 2018
yes
Amyotrophic lateral sclerosis (ALS) due to SOD1 mutations | Amyotrophic lateral sclerosis (ALS)
Lactase deficiency | Deficiency in the lactase enzyme | Impaired absorption of lactose
Are you asking about Etizolam as a medication, or something else?
no
De novo VPS4A mutations cause multisystem disease with abnormal neurodevelopment.
Insufficient evidence in retrieved documents.
Catalyze the attachment of glycans to specific amino acid residues | Mediate the en bloc transfer of N-glycan intermediates | Responsible for the en bloc transfer of glycan chains onto a nascent polypeptide
chromosome 20p12
Mothers with a CYP2D6 ultrarapid metabolizer phenotype may expose their infants to risk of adverse events when taking codeine while breastfeeding. This is due to the increased production of morphine, the active metabolite of codeine.
VICTOR is a visual analytics web application for comparing cluster sets.
Are you asking about a medication, a gene, or something else?
yes
Insufficient evidence in retrieved documents.
Insufficient evidence in retrieved documents.
Insufficient evidence in retrieved documents.
capecitabine | oxaliplatin
yes
oxytocin | oxytocin-like neuropeptide
S1P1 | S1P receptors
yes
no
Insufficient evidence in retrieved documents.
Streptomyces anulatus 3533-SV4
Ammi visnaga
Are you asking about a company, a drug, or something else related to Antisoma?
Insufficient evidence in retrieved documents.
Could you please provide more context, such as where you encountered this term or what medical field it relates to?
Insufficient evidence in retrieved documents.
Insufficient evidence in retrieved documents.
Insufficient evidence in retrieved documents.
HEp-2 laryngeal cancer cells
yes
Insufficient evidence in retrieved documents.
Are you asking about a gene, a research project, or something else related to STATegra?
Insufficient evidence in retrieved documents.
no
yes
Insufficient evidence in retrieved documents.
2183 | 17 | 161
Are you referring to a gene, protein, drug, or something else?
SIK2 | SIK3 | SIK1
yes
Next-generation sequencing | NGS | Oncomine Dx Target Test Panel
Insufficient evidence in retrieved documents.
Insufficient evidence in retrieved documents.
Insufficient evidence in retrieved documents.
Are you interested in the symptoms, causes, diagnosis, or treatment of Fanconi anemia?
Insufficient evidence in retrieved documents.
Are you asking about SBGNview in the context of a specific disease, pathway, or biological process?
Insufficient evidence in retrieved documents.
Insufficient evidence in retrieved documents.
yes
Insufficient evidence in retrieved documents.
Syndromic thoracic aortic aneurysm
Insufficient evidence in retrieved documents.
hypopharyngeal glands | HPGs
Retinal neovascular diseases | Retinal detachment associated with ocular toxoplasmosis | Advanced forms of AMD | Sclerotic changes in retinal vessels
CYP1A2 rs762551 polymorphism modifies the association of habitual coffee consumption with appetite. This polymorphism influences appetite, energy intake, and circulating levels of the orexigenic hormone asprosin. This association is more evident in subjects with high genetic predisposition to obesity.
Insufficient evidence in retrieved documents.
CAB | RPV
Shone's complex (or syndrome) is a rare congenital cardiac malformation characterized by obstructive lesions of the left heart. It affects the mitral valve and left ventricular outflow tract. Specific anomalies associated with Shone's complex include supravalvular mitral ring, parachute mitral valve, subaortic stenosis, and coarctation of the aorta.
*   Computed Tomography Enema
*   Magnetic Resonance Imaging
March 26, 2021
Insufficient evidence in retrieved documents.
no
Treatment or prevention of COVID-19 | Pre-exposure prophylaxis for COVID-19 | Post-exposure prophylaxis for COVID-19
DEAD box proteins are RNA helicases that catalyze ATP-dependent unwinding of double-stranded RNA. They function in various aspects of RNA metabolism, including translation, ribosome biogenesis, pre-mRNA splicing, and RNA degradation.
Improved vascular permeability | Reduced concentration of Evans Blue dye | Ameliorated hypercholesterolemia
Insufficient evidence in retrieved documents.
Insufficient evidence in retrieved documents.
Preparing follicular thyroid carcinoma cells suspension | Detaching stem cell sheets | Insufficient evidence in retrieved documents.
no
no
developmental delays | language delays | motor delays | mild to severe intellectual disability | autistic features | seizures | behavioral abnormalities | movement abnormalities | hypotonia | variable dysmorphic facial features | βII-spectrin stability | binding to key molecular partners | cytoskeleton organization | cytoskeleton dynamics
Bevacizumab has been used to control severe refractory perilesional edema related to intracranial arteriovenous malformations after radiosurgery, leading to improvement in symptoms and neuroimaging results. It has also been associated with late recovery of stereotactic radiosurgery-induced perilesional edema. Bevacizumab has been used in patients with radiosurgery-induced complications.
yes
Insufficient evidence in retrieved documents.
no
Alport syndrome
yes
anagen | catagen | telogen
Bow Hunter's syndrome is caused by compression or rotational occlusion of the vertebral artery, leading to vertebrobasilar insufficiency. It is an uncommon condition.
Single-targeted antibodies | Bi-specific antibodies (BsAbs) | Antibody-drug conjugates (ADCs) | Immune checkpoint blocking monoclonal antibodies | Onartuzumab (MET antagonist)
Insufficient evidence in retrieved documents.
Insufficient evidence in retrieved documents.
In what context are you asking about second messengers (e.g., a specific signaling pathway, disease, or drug)?
no
yes
yes
Insufficient evidence in retrieved documents.
Could you specify what context you're asking about hemoglobin's antimicrobial properties in?
arginine vasopressin
MEK | tyrosine kinase | dopamine
Syndromic neurodevelopmental disorder
Insufficient evidence in retrieved documents.
automated analysis of HCD and ETD fragmentation spectra | DIA analysis | Insufficient evidence in retrieved documents.
Bartter syndrome is a group of inherited hypokalemic renal tubulopathies with different subtypes. These subtypes include Gitelman variant, hyperprostaglandin E syndrome, and classic Bartter syndrome. Bartter syndrome type 3, also known as classic Bartter syndrome, is caused by mutations in the CLCNKB gene.
yes
Insufficient evidence in retrieved documents.
Insufficient evidence in retrieved documents.
Biofilm-forming ability testing | Slime-forming ability testing | Evaluating biofilm formation
prelamin A
Ibrutinib increases cell viability and expansion of CLL patient-derived CART cells. It also enriches CART cells with a less-differentiated naïve-like phenotype, decreases exhaustion marker expression (PD-1, TIM-3 and LAG-3), and increases cytokine release capacity. Therefore, BTK/ITK inhibition with ibrutinib during CART cell culture can improve yield and function of CLL patient-derived CART cell products.
miR-193b acts as a tumor suppressor in prostate cancer and is epigenetically silenced. Overexpression of miR-193b inhibits invasion and induces apoptosis in prostate cancer cell lines, while silencing of miR-193b may contribute to prostate cancer progression.
adjuvant pembrolizumab | immunotherapy | treatment
Fibrolamellar carcinoma | FLC
NTI, or Nerve Tissue Contrast Index, is a ratio of average brightness levels of surrounding tissue and the median nerve, calculated from a US image. It is used to assess the loss of visualization of the nerve fascicular pattern on US images in carpal tunnel syndrome.
Insufficient evidence in retrieved documents.
Could you please provide more context about what you mean by "bigPint"? Are you referring to a specific gene, protein, disease, or something else?
Alzheimer disease (AD) | AD
yes
Insufficient evidence in retrieved documents.
yes
Could you please specify what aspect of CLICK-Seq you'd like me to describe?
Insufficient evidence in retrieved documents.
Intestine | Airway epithelium | Conjunctiva
Are you asking about Oral Health-Related Quality of Life?
Insufficient evidence in retrieved documents.
*   Canvas SPW
no
yes
Insufficient evidence in retrieved documents.
MET-tyrosine kinase | MET exon 14 skipping mutation
Schizophrenia | Autism | Mental retardation | ADHD | Epilepsy
Carcinoma en cuirasse is a form of cutaneous metastasis, specifically a rare or extremely rare form of cutaneous metastasis of breast cancer.
Are you asking about carboxyglutamate in relation to a specific condition, medication, or lab test?
Morton's Neuroma is a benign enlargement that typically affects the third common digital branch of the plantar nerve. It is also defined as a perineurofibrosis of an interdigital nerve, and as an entrapment neuropathy of the plantar digital nerve.
Insufficient evidence in retrieved documents.
yes
no
Insufficient evidence in retrieved documents.
1884
Insufficient evidence in retrieved documents.
no
Insufficient evidence in retrieved documents.
Mitochondria
no
stage 1 and stage 2 hATTR polyneuropathy | Hereditary Transthyretin Amyloidosis | Insufficient evidence in retrieved documents.
yes
yes
Insufficient evidence in retrieved documents.
yes
no
GprotPRED
The CHALICE rule is a clinical prediction rule used for intracranial injury in children. Studies compare its application to other rules like PECARN and CATCH for pediatric head injury in emergency departments. Applying the CHALICE rule outside the UK may increase the rate of CT scans.
Retention signal | Lys-Asp-Glu-Leu | KDEL (Lys-Asp-Glu-Leu) receptor interaction
Insufficient evidence in retrieved documents.
Summer 1999
no
yes
Insufficient evidence in retrieved documents.
Induction of maternal tolerance to fetal alloantigens by RANTES production | RANTES production induces maternal tolerance to fetal alloantigens | Insufficient evidence in retrieved documents.
Could you please provide more context? Are you referring to a medication, a gene, or something else?
no
yes
Are you asking about Preterm Premature Rupture of Membranes?
Insufficient evidence in retrieved documents.
Insufficient evidence in retrieved documents.
mTOR | mTOR-inhibitor | Insufficient evidence in retrieved documents.
yes
Insufficient evidence in retrieved documents.
Insufficient evidence in retrieved documents.
Neuronal presynaptic terminals | Presynaptic proteins | Synaptic proteins
Skin prick test | RAST | Nasal provocation tests | sIgE | Nasal Immunoglobulin E Level | in vitro tests | History
yes
The AIMS65 score is a useful predictor of mortality in patients with nonvariceal upper gastrointestinal bleeding and is used in predicting upper gastrointestinal hemorrhage outcomes.
ATP binding cassette (ABC) transporter
Schistosomiasis | Malaria | Cancer | Fibrosis | Inflammatory disease | Leishmania donovani
May 2019
yes
yes
Three | 8 Lbx paralogons | Insufficient evidence in retrieved documents.
Insufficient evidence in retrieved documents.
The CAHP score is used in predicting neurological outcomes in successfully resuscitated out-of-hospital cardiac arrest (OHCA) patients. The performance of the CAHP score in this prediction is acceptable.
Alzheimer's disease
Adenocarcinoma | Squamous cell carcinoma (SQ) | Large cell carcinoma | Small cell carcinoma
Are you referring to a gene, protein, drug, or something else?
Insufficient evidence in retrieved documents.
Familial Alzheimer's disease | Alzheimer's disease
Oral facial complex | Lateral face | Cheek
Insufficient evidence in retrieved documents.
no
Insufficient evidence in retrieved documents.
no
Are you asking about piRNAs in the context of a specific disease, treatment, or area of research?
Psoriasis | Psoriatic disease | Psoriatic arthritis
The white mutation in Drosophila melanogaster affects behavior. It is associated with the white eye-color gene.
Pneumonia | Meningitis | Endocarditis
Insufficient evidence in retrieved documents.
yes
Are you asking about Upadacitinib as a medication, or something else?
Pyoderma gangrenosum usually affects the upper and lower legs and feet or peristomal sites, while chronic venous ulcers are limited to the lower legs and feet. | Pustules and purulent discharge are features of pyoderma gangrenosum but not of chronic venous ulcers. | Crater-like holes or cribriform scarring is commonly seen in pyoderma gangrenosum but not in chronic venous ulcers. | Pyoderma gangrenosum is characterized by wounds with blue-to-purple undermined borders surrounding purulent necrotic bases.
Are you asking about Mobilome-seq in the context of a specific disease, organism, or research area?
Asymmetry | Leukocytosis | Tachycardia | age ≥70
Procalcitonin (PCT) | Presepsin (PSEP) | Pentraxin 3 | MR-proADM
no
Are you asking about the use of Waylivra in a specific condition or in general?
homologous and heterologous Pf parasites infection | malaria | Pf parasites infection
yes
Insufficient evidence in retrieved documents.
Insufficient evidence in retrieved documents.
no
yes
yes
Insufficient evidence in retrieved documents.
no
Insufficient evidence in retrieved documents.
Insufficient evidence in retrieved documents.
yes
yes
regression, dissection, or aortic rupture | dissection | aortic rupture
dapagliflozin | saxagliptin
Are you interested in autoantibodies used for diagnosis, monitoring disease activity, or both?
Nephropathic cystinosis is a rare, autosomal recessive lysosomal storage disorder characterized by the accumulation of cystine crystals within most body tissues, specifically in the lysosomes. This accumulation is caused by mutations in CTNS.
naltrexone | bupropion
Treatment of non-small-cell lung cancers with specific molecular alterations | Inhibits most ALK mutants resistant to current ALK inhibitors | Broad coverage of ALK mutations
Muscle and nervous system | Neural and muscle
no
Activation of innate immune response
yes
trifluridine | tipiracil
Cathepsin L is a protease associated with SARS-CoV-2, the virus that causes COVID-19. It plays a key role in the virus's entry into cells and subsequent infection.
yes
*   Predicting the three-dimensional structure that a protein will adopt based solely on its amino acid sequence.
RAS
Insufficient evidence in retrieved documents.
Subarachnoid hemorrhage (SAH)
Lymphoma | Osteosarcoma | Hepatocellular carcinoma
Insufficient evidence in retrieved documents.
Insufficient evidence in retrieved documents.
Insufficient evidence in retrieved documents.
yes
In what context are you asking about p85α homodimerization?
Insufficient evidence in retrieved documents.
no
Mycro1 | Mycro2 | 7-nitro-N-(2-phenylphenyl)-2,1,3-benzoxadiazol-4-amine (10074-G5)
Latent process model | Natural History Progression Model
Insufficient evidence in retrieved documents.
KRAS codon 146 mutations | OES-associated alterations
*   homodimerized p85α
*   p110α
Structure-based statistical mechanical model of allostery (SBSMMA)
Ambiguous clinical signs | Hemotympanum | Additional clinical or roentgenographic signs | Tympanic membrane perforation without otorrhea but with blood in the auditory canal | Otorrhea | Rhinorrhea
Creatine kinase (CK) | miR-1 | miR-133a | miR-206
Growing evidence suggests a link between changes in lipid metabolism and ALS, and dysfunction of lipid metabolism has been proposed to be linked to ALS.
Multisystem inflammatory syndrome in children (MIS-C) is a Kawasaki-like syndrome occurring in children during the COVID-19 pandemic. It is associated with cardiac complications and with active or recent COVID-19 infection.
TMB-Web (http://www.bioinformatics.leeds.ac.uk/TMB-Web/TMB-Hunt2) | DGSplicer (http://csrl.ee.nthu.edu.tw/bioinf/ BACKGROUND: cclu@ee.nthu.edu.tw)
Insufficient evidence in retrieved documents.
Vitamin E deficiency | Vitamin B12 deficiency
Deep learning models are used to evaluate ambulatory function in individuals with Duchenne Muscular Dystrophy through ultrasound imaging. Deep learning can automatically learn the features needed for this evaluation.
Are you asking about the symptoms, causes, diagnosis, or treatment of long-COVID?
no
MRI | MRI is the most sensitive test for detecting white matter asymptomatic lesions | MRI is the most sensitive test for the demonstration of dissemination of lesions in space
Are you asking about pseudotumor cerebri in adults or in children?
Are you asking about pseudodementia related to a specific condition, such as depression?
Nonsteroidal anti-inflammatory drugs (NSAIDs) | Acetaminophen | Insufficient evidence in retrieved documents.
no
6.0 days (95% CI 5.6-6.5) | 8.50 days (95% confidence interval [CI] [7.22; 9.15]) | 6.4 days
Guillain-Barre syndrome (GBS) is an autoimmune polyradiculoneuropathy or disorder affecting the peripheral nervous system. It is often triggered by infections and usually preceded by respiratory tract or gastrointestinal infection. GBS is also described as a demyelinating, life-threatening, immune-mediated acute inflammatory polyneuropathy.
no
Abnormalities in aminotransferase levels | Abnormalities in lactate dehydrogenase levels | Abnormalities in ferritin levels | Lymphopenia | Elevated LDH | Elevated CPK | Elevated C reactive protein | Ferritinemia | Elevated erythrocyte sedimentation rate
no
Insufficient evidence in retrieved documents.
Serine protease contained in granules of cytotoxic T cells | Cytotoxic protein-positive cells | Stored inside the leukocytes in secretory granules
yes
Condensin and topoisomerase II both contribute to shaping metaphase chromosomes. A model suggests that their enzymatic activities work together in overwinding and relaxation of the DNA fiber during mitosis.
PI3K/Akt signaling pathway | β-catenin pathway
no
Insufficient evidence in retrieved documents.
Insufficient evidence in retrieved documents.
Progranulin (PGRN) | Progranulin | a secreted glycoprotein
Tcf1 and Tcf3 have opposing effects on Wnt stimulation of embryonic stem cell self-renewal. Wnt signaling increases the dissociation of Tcf1 and the association of Tcf3 at promoters of genes that regulate stemness or differentiation. Both Tcf3 and Tcf1 interactions with β-catenin contribute to Wnt stimulation of self-renewal and gene expression.
γ-cyclodextrin (γCD) is mixed with grapefruit juice to attenuate the inhibition of CYP3A activity caused by the juice. This may prevent unwanted drug-grapefruit juice interactions by reducing the effect of grapefruit juice on drug bioavailability.
mitophagy
Insufficient evidence in retrieved documents.
Insufficient evidence in retrieved documents.
Preferential inhibition of protein biosynthesis in Bacillus megaterium
3DBG (database system to store and query 3D genomic data) | 3DGD (a database of genome 3D structure)
Insufficient evidence in retrieved documents.
no
yes
yes
Nuclear transport | Nucleo-cytoplasmic trafficking | Trafficking of proteins to and from the nucleus
608 | Insufficient evidence in retrieved documents. | Insufficient evidence in retrieved documents.
Insufficient evidence in retrieved documents.
Insufficient evidence in retrieved documents.
yes
yes
Insufficient evidence in retrieved documents.
Stress | Ca2+ signaling | Osmotic stress
Stimulated migration | Attenuated migration (in the presence of PD98059 or LY294002) | Insufficient evidence in retrieved documents.
yes
Endocarditis | Septic emboli | Insufficient evidence in retrieved documents.
Catalyzing the conversion of tryptophan to kynurenine | Immunosuppressive enzyme | IFN-γ-inducible mediator of immune tolerance
Insufficient evidence in retrieved documents.
Insufficient evidence in retrieved documents.
Are you asking about chromones as a type of chemical compound, or in relation to a specific disease or medication?
Myeloid leukaemia
Insufficient evidence in retrieved documents.
yes
DHX36 is a DExD/H box helicase involved in various cellular functions [3]. It binds to G-quadruplexes and inhibits their unwinding [1]. DHX36 recruits and disrupts G-quadruplexes [5].
YY1 is a multifunctional transcriptional regulator that interacts with other proteins such as M-MITF and c-Myc. One of its functions is to bend DNA to regulate contact between other proteins. It also interacts with M-MITF, a master transcriptional regulator of melanocytes.
CYP1A2 | CYP3A
NPM1 | MLL | CEBPA
Renal Cell Carcinoma in von Hippel-Lindau Disease | Kidney Cancer
Nucleoskeleton underneath the INM | Plant | Plant homeostasis
no
yes
yes
Insufficient evidence in retrieved documents.
atezolizumab | bevacizumab
Insufficient evidence in retrieved documents.
Could you please provide more context? Are you referring to a specific gene, protein, drug, or condition?
Insufficient evidence in retrieved documents.
moderate-to-severe developmental delay | progressive neurological and neurosensory abnormalities | variable white matter involvement | autism | hyperactive behavior | pontine hypoplasia | cerebellar atrophy with prevalent vermian involvement
Synthetic cannabinoid use | Synthetic marijuana use | Substance use disorders
Are you asking about AlphaFold in relation to a specific disease, protein, or research area?
Fragile X-associated disorders | Fragile-X related disorders
Are you asking about bb21217 as a therapy, a gene, or something else?
Biallelic variants in HPDL cause a syndrome that ranges from juvenile-onset pure hereditary spastic paraplegia to infantile-onset spastic tetraplegia associated with global developmental delays. This syndrome includes both pure and complicated hereditary spastic paraplegia.
Insufficient evidence in retrieved documents.
yes
yes
Inhibits | Attenuation of inhibition
Retinal dystrophy
yes
Secretory granules | Inside the leukocytes | Insufficient evidence in retrieved documents.
yes
Critical COVID-19 pneumonia
yes
yes
no
no
In AML cells driven by MLL-X gene fusions, KAT7 is essential. Loss of KAT7 leads to a loss of H3K14ac and H4K12ac marks, reduced proliferation, increased apoptosis, and differentiation of AML cells. The acetyltransferase activity of KAT7 is essential for the proliferation of these cells.
Capecitabine | Irinotecan
Insufficient evidence in retrieved documents.
Circular RNAs can function as sponges for microRNAs, such as miR-7 and miR-138. Examples of circRNAs that function in this way include ciRS-7 and SRY.
khellin
Protein Contacts Atlas
Insufficient evidence in retrieved documents.
yes
Insufficient evidence in retrieved documents.
Are you asking about CPX-351 as a medication or something else?
Insufficient evidence in retrieved documents.
Insufficient evidence in retrieved documents.
Insufficient evidence in retrieved documents.
tyrosine-kinase inhibitor (TKI) | chemotherapy | orally available small-molecule tyrosine kinase inhibitor
Rhabdomyolysis
trfermikit
yes
yes
Insufficient evidence in retrieved documents.
yes
Postural headaches | Nausea | Vomiting | Dizziness | Photophobia | Tinnitus | Vertigo
no
yes
Insufficient evidence in retrieved documents.
Mutation in the RPS19 gene (in about 25% of cases) | Failure of red cell production | Hypoplastic anemia
*   Role and functions of DNA and RNA quadruplexes in gene expression.
Epiregulin (EREG) expression is positively correlated with a response to EGFR-targeted therapies in colorectal cancer. This suggests that higher epiregulin expression in colorectal tumors may lead to a better response to EGFR-targeted therapies.
*   CellVGAE
Insufficient evidence in retrieved documents.
Are you asking about Cereblon in relation to a specific disease, drug, or research area?
The Abbreviated Injury Scale (AIS) is used to quantify injury severity, and determine injury patterns. It can also quantify injury severity by body region.
EGF-like ligands | Insufficient evidence in retrieved documents. | Insufficient evidence in retrieved documents.
Insufficient evidence in retrieved documents.
The Canadian C-Spine Rule is used to determine the necessity of C-spine radiography, allowing physicians to be more selective and accurate in ordering these examinations. It can also rapidly clear the C-spine without the need for radiography in many patients and prevents missing C-spine injuries. The rule clinically clears cervical spine fracture without imaging.
A transcriptional regulator | da gene in Drosophila | Gene involved in sex determination, neurogenesis and oogenesis
no
Epidermal growth factor receptor (EGFR)
*   Susceptibility genes
no
Insufficient evidence in retrieved documents.
Rheumatoid arthritis | Stickler syndrome | Loeys-Dietz syndrome | Marfan syndrome | Morquio syndrome | Ehlers-Danlos syndrome
Induces leptin secretion
The 9th release
no
DNA-protein crosslink proteolysis repair | Prevents genome instability, premature aging and carcinogenesis | Metalloprotease
Lower part of the spinal canal | Lumbosacral spine
adipogenic regulatory factor | RUNX1T1 rs34269950 | FTO recognition motif
Are you asking about the R/Bioconductor package "InteractiveComplexHeatmap" or something else?
Brain Metastasis Velocity (BMV) is a metric that describes the rate of development of new brain metastases after initial stereotactic radiosurgery (SRS). It is used in the prognostication of brain metastasis outcomes.
Insufficient evidence in retrieved documents.
Imminent death donation (IDD) is a proposed category of organ donation, distinct from living donation and donation after cardiac death. The prevalence of IDD in BMD was 8.0%.
m6A "writer"
The 4D Nucleome Network project aims to map the structure and dynamics of the human and mouse genomes in space and time to understand nuclear organization and function. The project will develop experimental and computational approaches for measuring genome conformation and nuclear organization, and investigate how these contribute to gene regulation and other genome functions.
atenolol | ramipril | hydrochlorothiazide | a statin
Alzheimer's disease | Treatment of Alzheimer's disease
no
Insufficient evidence in retrieved documents.
Are you asking about a specific clinical trial, a medical device, or something else related to nextNEOpi?
Insufficient evidence in retrieved documents.
Insufficient evidence in retrieved documents.
Insufficient evidence in retrieved documents.
Amphiregulin decreases the anti-proliferative effect of cetuximab via AKT and ERK activation in SNU-C4 and Caco-2 cells.
Could you please specify what you are referring to by "RCandy"?
Insufficient evidence in retrieved documents.
Insufficient evidence in retrieved documents.
no
Insufficient evidence in retrieved documents.
yes
The ASTRAL score is an integer-based score used to predict functional outcome, 5-year dependence, and mortality in acute ischemic stroke. It has prognostic value in this context.
yes
prostate
FTO suppresses pancreatic cancer tumorigenesis by demethylating PJA2, which reduces its mRNA decay. This process suppresses Wnt signaling, ultimately restraining the proliferation, invasion, and metastasis of pancreatic cancer cells.
GLYCO
Insufficient evidence in retrieved documents.
no
BACH1 functions as a repressor, specifically of the oxidative stress response and the HO-1 gene. Loss of BACH1 function leads to HMOX1 induction, suggesting it regulates intracellular free heme levels. BACH1 repression impacts transcription.
Insufficient evidence in retrieved documents.
MBPpred
Insufficient evidence in retrieved documents.
yes
Ankylosing spondylitis
Insufficient evidence in retrieved documents.
yes
no
yes
yes
no
no
Insufficient evidence in retrieved documents.
yes
Are you asking about luteolin as a supplement, a medication, or something else?
no
PheneBank
Relapsed and refractory multiple myeloma | Heavily pretreated refractory multiple myeloma
Insufficient evidence in retrieved documents.
PCAT6 is involved in the progression of multiple human cancers. It is abnormally elevated in various malignant tumors and affects tumor cell proliferation, migration, invasion, cycle, apoptosis, radioresistance, and chemoresistance, potentially by sponging miRNAs to activate signaling pathways.
yes
Insufficient evidence in retrieved documents.
Jackhammer esophagus is a hypercontractile disorder, also known as hypercontractile esophagus, and is an esophageal motility disorder. It is defined as intact esophageal peristaltic contractions with extremely elevated.
yes
Insufficient evidence in retrieved documents.
The Apfel score is an evidence-based tool used to reduce the risk of postoperative nausea and vomiting (PONV). It is a predictive measure and an independent risk factor for PONV, especially during the delayed phase.
Insufficient evidence in retrieved documents.
Are you asking about a specific gene, a research tool, or something else related to EpiMethylTag?
Insufficient evidence in retrieved documents.
yes
Multilocus Inherited Neoplasia Allele Syndrome (MINAS) is a phenomenon identified through genetic testing where patients possess more than one pathogenic mutation in cancer-associated genes. This syndrome has been potentially linked to more severe clinical manifestations.
no
Insufficient evidence in retrieved documents.
yes
Are you asking about Sublocade, the brand name medication?
no
Insufficient evidence in retrieved documents.
N-acetylgalactosamine (GalNAc) conjugation of siRNAs is used to improve liver uptake and enable hepatocyte-targeted delivery. This strategy is used to treat liver diseases.
Insufficient evidence in retrieved documents.
Two
Insufficient evidence in retrieved documents.
yes
Both inherited and acquired | Acquired | Inherited
DNA segments | Noncoding regions of mRNA | 5' untranslated regions of bacterial mRNAs
Insufficient evidence in retrieved documents.
Insufficient evidence in retrieved documents.
Insufficient evidence in retrieved documents.
yes
Are you asking about enhancers in genetics, or something else?
Insufficient evidence in retrieved documents.
Duchenne and Becker muscular dystrophies | Myotonic muscular dystrophy | Duchenne muscular dystrophy | Emery-Dreifuss muscular dystrophy (EDMD)
Insufficient evidence in retrieved documents.
Ventricular myocytes | Left ventricle | Myocardial cell origin
no
no
Myotonic dystrophy type 1 (DM1) | Myotonic dystrophy type 2 (DM2) | Proximal myotonic myopathy | Proximal myotonic dystrophy
*   Insufficient evidence in retrieved documents.
The eye
yes
Insufficient evidence in retrieved documents.
Duchenne muscular dystrophy and Becker muscular dystrophy are both X-linked recessive disorders caused by mutations of the DMD gene. However, in Duchenne muscular dystrophy there is an absence of dystrophin, while in Becker muscular dystrophy there are reduced amounts. They are also the most common clinical forms of muscular dystrophies.
Lance-Adams syndrome (LAS) is a rare syndrome that occurs after cardiopulmonary resuscitation. It is often accompanied by action myoclonus, which can manifest as generalized, focal, or multifocal movements affecting the face, trunk, and/or extremities. It is also referred to as chronic post-hypoxic myoclonus.
Mitapivat is an oral, small-molecule allosteric activator of the pyruvate kinase enzyme. It acts on pyruvate kinase in red cells.
Are you asking about a specific example of this arrangement in a particular prokaryote or in general?
Insufficient evidence in retrieved documents.
*   Deletions (about 65%)
*   Point mutations (about 26%)
*   Duplications (about 7%)
*   Unknown mutations (about 2%)
yes
no
Are you asking about promoters in the context of genetics, drug development, or something else?
no
Insufficient evidence in retrieved documents.
Insufficient evidence in retrieved documents.
Insufficient evidence in retrieved documents.
A persistently positive RT-PCR test for SARS-CoV-2 weeks after illness often does not indicate the presence of replication-competent virus. While some immunocompromised individuals may have prolonged periods of viral shedding, the infectivity of the virus rapidly decreases after the onset of symptoms. The longest interval associated with replication-competent virus thus far is 20 days from symptom onset.
Friedreich's Ataxia is associated with the expansion of a GAA repeat in intron 1 of the frataxin gene. This makes it the most common genetic cause of ataxia.
Insufficient evidence in retrieved documents.
yes
yes
Riboswitches | RNA structural modulation | Gene control
Are you asking about Concerta as a medication, or something else?
Obsessive compulsive disorder | Anxiety | Depression
Insufficient evidence in retrieved documents.
Ex vivo expanded chondrocytes | Bone marrow-derived mesenchymal stem cells | Resident fibrocartilage stem cells (FCSCs) | Mesenchymal stem cells (MSCs)
yes
Insufficient evidence in retrieved documents.
yes
no
yellow light
Insufficient evidence in retrieved documents.
9 | Nine | 9 subjects each cohort
approximate 1:8000
spinal muscular atrophy (SMA) | SMA
Cerebral malaria | Alzheimer's disease (AD) | Brain metastases | Acute and chronic inflammatory polyneuropathies
Insufficient evidence in retrieved documents.
1.8 g/day | 9.0 g/day
Astrid Lindgren's Pain Scale (ALPS) | Echelle Douleur Inconfort Noveau-Ne (EDIN) | FLACC | COMFORT | PIPP-R | NIPS | N-PASS
no
frataxin (FRDA) | dfh | Insufficient evidence in retrieved documents.
no
no
no
Insufficient evidence in retrieved documents.
Are you asking about the Yutiq intravitreal implant?
1/3300 male live births | 1 in 4827 liveborn boys | 1:5,000 live male births
Insufficient evidence in retrieved documents.
Amniotic fluid is produced by fetal urine and lung fluids. Fetal membranes may also contribute small amounts of fluid.
Superficial bladder cancer | Superficial transitional cell carcinoma | High-grade non-muscle invasive bladder cancer (NMIBC)
Laminin subunit alpha 2 (LAMA2)-related (merosin deficient) congenital muscular dystrophy | Collagen VI-related muscular dystrophies | α-dystroglycan-related congenital muscular dystrophies | Ullrich congenital muscular dystrophy (UCMD) | Bethlem myopathy (BM) | Congenital muscular dystrophy type 1A (MDC1A) | Fukuyama congenital muscular dystrophy
Insufficient evidence in retrieved documents.
Atrial natriuretic peptide (ANP) | Brain natriuretic peptide (BNP) | C-type natriuretic peptide (CNP) | Dendroaspis natriuretic peptide (DNP) | Urodilatin
yes
Insufficient evidence in retrieved documents.
recurrent C. difficile infection | treatment of recurrent C. difficile infection
yes
Insufficient evidence in retrieved documents.
Xp21 | X chromosome
Insufficient evidence in retrieved documents.
no
Insufficient evidence in retrieved documents.
Insufficient evidence in retrieved documents.
yes
Insufficient evidence in retrieved documents.
In what context are you asking about LOQ and LOD?
Histone acetyltransferases (HATs) transfer acetyl groups from acetyl CoA to lysine residues on histones to regulate gene transcription and play a central role in transcriptional regulation.
Insufficient evidence in retrieved documents.
Insufficient evidence in retrieved documents.
Insufficient evidence in retrieved documents.
serum neurofilament light chain (sNfL) | glial fibrillary acidic protein (sGFAP)
Deep vein thrombosis | Pulmonary embolism | Arterial thrombosis
Are you asking about Cinryze as a medication?
yes
SARS-CoV-2 Delta variant | COVID-19 | Viral disease
Indian muntjac
lysine residues | arginine residues
Insufficient evidence in retrieved documents.
Insufficient evidence in retrieved documents.
no
According to the provided evidence, the R value is used in the context of drug-induced liver injury (DILI). GGT can only substitute ALP when the R value scores as hepatocellular.
yes
Insufficient evidence in retrieved documents.
Insufficient evidence in retrieved documents.
no
Iron metabolism | Systemic iron balance | Systemic iron homeostasis | Iron homeostasis
yes
Conestat alfa (Ruconest, rhC1INH)
Duchenne muscular dystrophy (DMD)
iris coloboma | anorectal malformations | auricular abnormalities
yes
Are you asking about initiating, continuing, or discontinuing inhaled glucocorticoids?
no
DMD exons 51 skipping | DMD | Exon 51 of the DMD gene
no
Insufficient evidence in retrieved documents.
H3K4me1 | H3K27ac
no
DMD amenable to exon 45 skipping
Insufficient evidence in retrieved documents.
Cal-Light enables dissection of neural circuits underlying complex mammalian behaviors with high spatiotemporal precision. It also drives expression of the reporter EGFP with high spatiotemporal resolution only in the presence of both blue light and calcium.
promoter | overlapping promoters P1 and P2 | specific site upstream of P2
yes
7 and 13 years | age 12 | 9-10 years of age
yes
Indocyanine green (ICG) is a dye used for fluorescent-guided surgery and as a fluorescent probe in clinical imaging. It is widely used in medical imaging and testing. Indocyanine green angiography (ICG) also exists.
Could you specify the context in which you're asking about this process?
no
Late teens to over 30 years of age | Over 30 years of age | Late teens
yes
Insufficient evidence in retrieved documents.
Mediator plays a role in the control of gene expression. It is connected to the nuclear pore and linked to the regulation of gene positioning in the nuclear space.
Insufficient evidence in retrieved documents.
yes
Wakefulness | Feeding | Reward-seeking | Blood glucose levels | Arousal | Metabolism | Motor roles | Cognitive roles | Homeostatic processes | Behavioral processes
no
Pembrolizumab was approved for the treatment of melanoma.
Insufficient evidence in retrieved documents.
no
Are you asking about coactivators in the context of gene expression, or something else?
Are you asking about PROTACs in relation to a specific disease or treatment area?
Insufficient evidence in retrieved documents.
Propentofylline (PPF)
no
TNBC
Multiple myeloma (MM)
Feline spongiform encephalopathy (FSE) is a transmissible spongiform encephalopathy or prion disease affecting domestic cats and captive wild members of the Felidae family. It is believed to result from the consumption of food contaminated by the agent of bovine spongiform encephalopathy (BSE). FSE is characterized by the accumulation of an abnormal isoform of the prion protein in the central nervous system.
yes
no
no
hepatocytes
Rebound COVID-19 occurs between five and eight days following the cessation of antiviral treatment. It can involve a combination of high-level viral rebound and symptom rebound after initial improvement. Most case reports of rebound COVID-19 have been associated with cessation of treatment with nirmatrelvir/ritonavir.
Insufficient evidence in retrieved documents.
yes
Primary brain tumours of oligodendroglial histology | Diffuse glioma | Oligodendroglioma | Glial neoplasms
RNA
Are you asking about microexons in a specific gene, disease, or tissue type?
yes
The Fenton reaction is the reaction between iron and hydrogen peroxide, which generates hydroxyl radicals. It involves ferrous iron [Fe(II)] reacting with hydrogen peroxide (H2O2) and is known for its strong oxidizing capability.
Insufficient evidence in retrieved documents.
SOX9 plays a role in the differentiation of mesenchymal progenitor cells into chondrocytes [1]. Mutations at the SOX9 locus are associated with XX sex reversal [2, 3]. SOX9 is also upregulated in many tumors [4].
Insufficient evidence in retrieved documents.
safety | pharmacokinetics | preliminary efficacy
Expansion of a GAA repeat in intron 1 of the frataxin gene | Loss of function mutations in the gene encoding frataxin (FRDA) | Most common inherited autosomal recessive ataxia
Chemotherapy agents | 5-fluorouracil | Docetaxel | Fotemustine | Vinorelbine
Alpha-synuclein (a-syn) aggregation can lead to neuronal dysfunction and eventual cell death. Specifically, preformed a-syn fibrils (PFF) can induce aggregation of endogenous monomeric a-syn, resulting in cell death.
Neoantigens | Mutated antigens | Alterations of the protein from 'self'
Insufficient evidence in retrieved documents.
First or second decade of life | After the age of 25 years | After the age of 40 years
Hip fracture | Displaced intracapsular hip fractures | Avascular necrosis of the hip
yes
no
Insufficient evidence in retrieved documents.
Deficiency of the survival motor neuron (SMN) protein | Chronic low levels of survival motor neuron (SMN) protein | Rare genetic neurodegenerative disorder affecting the motor neurons of the anterior horn of the spinal cord
no
Are you asking about Luminopsins in the context of research, a specific disease, or something else?
Insufficient evidence in retrieved documents.
Insufficient evidence in retrieved documents.
Insufficient evidence in retrieved documents.
no
D-luciferin | CycLuc1 | ATP
Master regulatory genes are transcription factors that regulate the identity and patterning of embryonic structures and the development of individual organs [2]. They act on the top of a regulatory hierarchy that determines a complete developmental program [4, 5].
Phase I/II double-blind, comparator-controlled trial | Randomized, clinical trial | Phase I/II
Insufficient evidence in retrieved documents.
Insufficient evidence in retrieved documents.
yes
Genome-wide association studies (GWAS) are observational studies that examine a genome-wide set of genetic variants across many individuals to identify associations between these variants and certain traits or diseases. These studies are a powerful tool for pathogenetic studies of complex diseases. Single-nucleotide polymorphisms are examples of genetic variants studied in GWAS.
Insufficient evidence in retrieved documents.
1:40,000 live births | 1:40,000 - 1:77,000 liveborn infants a year
Hypothermia | Acidosis | Coagulopathy
Insufficient evidence in retrieved documents.
DNA methylation | Histone deacetylation | mi-RNA expression | Methylation | Histone acetylation
Insufficient evidence in retrieved documents.
Typical-onset Friedreich's ataxia | Late-onset Friedreich's ataxia (age of onset 25-39 years) | Very-late-onset Friedreich's ataxia (age of onset >40 years) | Early disease onset (≤14 years) | Intermediate onset (15-24 years) | Late onset (≥25 years)
capivasertib | fulvestrant
Could you tell me what specific gene or disease context you're interested in learning about gene knockdown for?
Splicing reaction | Exons are ligated to form the mature linear RNA | Introns are excised as branched or lariat RNAs | Cleavage and polyadenylation | Removal of intronic sequences
Insufficient evidence in retrieved documents.
Spinal muscular atrophy (SMA) | Spinal muscular atrophy with respiratory distress (SMARD) | spinal muscular atrophy types 2 | spinal muscular atrophy types 3
Insufficient evidence in retrieved documents.
Symmetric, blanchable, slightly warm, nonscaling erythema | Erythema involving the thenar and hypothenar eminences | Palmar surface erythema
yes
Insufficient evidence in retrieved documents.
Extensions of the N-terminal polyalanine stretch of the nuclear polyA-binding protein 1 (PABPN1) | Polyalanine expansion mutation | PABPN1 gene (GCN)(n)/polyalanine mutations
Insufficient evidence in retrieved documents.
Insufficient evidence in retrieved documents.
Tumor suppressor genes | CD4+CD25+ regulatory T cells | CD4(+)CD25(+) regulatory T cells
Insufficient evidence in retrieved documents.
Insufficient evidence in retrieved documents.
Insufficient evidence in retrieved documents.
Could you please provide more context? Are you referring to a medication, a gene, or something else?
no
Are you asking about Ruconest the medication?
Amyotrophic lateral sclerosis (ALS) | Primary lateral sclerosis (PLS) | Hereditary spastic paraplegias (HSP) | Spinal muscular atrophy (SMA) | Spinobulbar muscular atrophy (SBMA or Kennedy's disease) | Motor neuropathies (MN)
Insufficient evidence in retrieved documents.
Neurologic diseases in which autoimmunity plays a major role | Neurological diseases | Hematological diseases | Renal diseases | Autoimmune diseases | Autoimmune neurological diseases (ANDs) | aHUS
Insufficient evidence in retrieved documents.
Colorectal cancer
Insufficient evidence in retrieved documents.
Seminal vesicle cysts | Ejaculatory duct obstruction | Ipsilateral renal agenesis | Unilateral renal agenesis
Insufficient evidence in retrieved documents.
yes
Insufficient evidence in retrieved documents.
Insufficient evidence in retrieved documents.
yes
yes
Insufficient evidence in retrieved documents.
Transcription factors regulate nutrient stress responses [1]. They can also regulate recruitment of histone methyltransferases [3]. Some lincRNAs originate from the promoter of transcription factors [5].
Friedreich's ataxia is a heterogeneous condition with variants such as late-onset and very-late-onset forms. These delayed-onset forms can occur after age 25 and 40, respectively, and may present with less severe symptoms compared to typical-onset Friedreich's ataxia.
no
Insufficient evidence in retrieved documents.
Spinal Muscular Atrophy (SMA) is an autosomal recessive motor neuron disease (MND) characterized by degeneration of spinal cord motor neurons and muscular atrophy, leading to weakness. There are different types of SMA.
Diabetes | Severe obesity | Chronic kidney disease | Obesity | Smoking | Higher age | Male gender | Pre-existing illnesses
no
Nucleosomes | Higher order chromatin structures | Higher-order structures
no
Insufficient evidence in retrieved documents.
Breastfeeding | Non-nutritive sucking
no
Facioscapulohumeral muscular dystrophy type 1 (FSHD1) | Facioscapulohumeral muscular dystrophy (FSHD)
MITF | SOX10 | TFAP2A | YY1
Mutations of the SMCHD1 or DNMT3B gene in the presence of a disease-permissive 4qA haplotype | Mutations of the SMCHD1 gene | Mutations of the DNMT3B gene
Spinal and bulbar muscular atrophy (SBMA) is a hereditary neuromuscular disease affecting only males, characterized by progressive muscular atrophy and weakness in bulbar and limb muscles. SBMA is also classified as a motor neuron disease (MND). MNDs are characterized by progressive motor neuron degeneration, weakness, and muscular atrophy.
Cardiomyopathy | Skeletal muscle disease | Muscle weakness
autosomal dominant Charcot-Marie-Tooth disease | dominant intermediate Charcot-Marie-Tooth disease
Contraction of the D4Z4 repeat array | Copy number variation of the D4Z4 macrosatellite repeat on chromosome 4 | Contraction of the D4Z4 repeats on 4q35
Kearns-Sayre syndrome (KSS) is a rare, multisystem mitochondrial encephalomyopathy caused by mutations in mitochondrial DNA. It is also a subtype of chronic progressive external ophthalmoplegia (CPEO). KSS is a mitochondrial disorder and a rare genetic abnormality.
Insufficient evidence in retrieved documents.
Emery-Dreifuss muscular dystrophy (EDMD) is a muscular dystrophy, often X-linked, that is frequently associated with cardiac abnormalities. EDMD2 is a rare form of muscular dystrophy inherited as an autosomal dominant trait.
no
Methodological appraisals of predictive models | Critical appraisal and data extraction for systematic reviews of prediction modelling studies | CHARMS checklist
* Insufficient evidence in retrieved documents.
Insufficient evidence in retrieved documents.
Insufficient evidence in retrieved documents.
Insufficient evidence in retrieved documents.
yes
yes
Insufficient evidence in retrieved documents.
Could you please clarify what context you're asking about, such as a specific condition, treatment goal, or region?
The CYP1A2 rs762551 polymorphism modifies the association of habitual coffee consumption with appetite. Coffee consumption leads to lower appetite perception in rapid metabolizers of CYP1A2. This polymorphism also influences energy intake and circulating levels of the orexigenic hormone asprosin.
yes
Insufficient evidence in retrieved documents.
Neuropathic pain | Autonomic complaints | Significant reduction in quality of life
Insufficient evidence in retrieved documents.
*   Targeted exon skipping
*   Full-length dystrophin plasmid vector (Myodys)
*   Viral-mediated gene transfer
yes
Insufficient evidence in retrieved documents.
RBM24 controls the cardiac QT interval through CaMKIIδ splicing. RBM24 is a critical regulator of CaMKIIδ, highlighting the key role of splicing regulation in cardiac rhythm.
yes
Insufficient evidence in retrieved documents.
IDH-mutant grade 2 gliomas | BRAFV600E mutated gliomas | subsets of patients with fusions and H3K27M-altered diffuse midline gliomas
yes
yes
yes
no
about 8% | 10-12% | Insufficient evidence in retrieved documents.
no
Insufficient evidence in retrieved documents.
yes
Insufficient evidence in retrieved documents.
yes
Wilkie's syndrome, also known as superior mesenteric artery (SMA) syndrome, is a rare condition that causes upper gastrointestinal tract obstruction or small bowel obstruction.
Insufficient evidence in retrieved documents.
yes
Insufficient evidence in retrieved documents.
Serum bile acids | Albumin-bilirubin (ALBI) score
Insufficient evidence in retrieved documents.
no
immunomodulatory drugs (IMiDs) | thalidomide | lenalidomide
no
Insufficient evidence in retrieved documents.
Insufficient evidence in retrieved documents.
Dermatillomania or skin picking disorder (SPD) | Dermatillomania is repetitive, ritualistic, impulsive skin picking | Insufficient evidence in retrieved documents.
Rickettsia japonica | SFG rickettsiae
Insufficient evidence in retrieved documents.
Insufficient evidence in retrieved documents.
no
Vomiting | Lethargy | Hyperventilation | Death | Hyperammonemic events | Moderate symptoms | Asymptomatic individual | Hyperammonaemic encephalopathy | Asymptomatic carrier state
SRSF11 contributes to the metastasis potential of colorectal cancer (CRC) by inhibiting the alternative splicing (AS) of HSPA12A pre-RNA. This suggests that the PAK5/SRSF11/HSPA12A axis could be a potential therapeutic target and prognostic biomarker in CRC.
Rheumatoid Arthritis
Trophinin-associated protein (TROAP) mediates embryo transplantation and regulates microtubules. It is also associated with the biological behavior of various cancers. TROAP is a cytoplasmic protein.
SRSF11 promotes metastasis in colorectal cancer by inhibiting the alternative splicing of HSPA12A pre-RNA. This suggests a PAK5/SRSF11/HSPA12A axis may be a potential therapeutic target.
Insufficient evidence in retrieved documents.
yes
yes
Catamenial pneumothorax is a rare form of spontaneous pneumothorax in females and is part of thoracic endometriosis syndrome (TES). It is the leading cause of catamenial pneumothorax and one of the most frequent manifestations of TES.
Are you asking about haptenization in the context of a specific drug, chemical, or condition?
yes
Deficiency of the abdominal muscles | Malformations of the urinary tract | Bilateral cryptorchidism
B cells
Insufficient evidence in retrieved documents.
PDE4B | PDE4B Inhibitor
Insufficient evidence in retrieved documents.
yes
Recessive dystrophic epidermolysis bullosa (RDEB)
Progressive renal disease and alopecia | Renal disease | Alopecia
Metastasis in colorectal cancer | CRC metastasis | Altered expression of RBFOX2 and PTBP1
ASPA gene | aspartoacylase
no
Are you asking about the use of genetics in telehealth, or something else?
Insufficient evidence in retrieved documents.
yes
Insufficient evidence in retrieved documents.
Insufficient evidence in retrieved documents.
Hemophilia
Insufficient evidence in retrieved documents.
no
yes
Oculopharyngeal muscular dystrophy (OPMD) is a late-onset, autosomal dominant muscular dystrophy. It is characterized by ptosis and dysphagia, and can also include proximal muscle weakness. OPMD is caused by a polyalanine expansion mutation.
Insufficient evidence in retrieved documents.
Insufficient evidence in retrieved documents.
no
Zoonotic spillover is the transfer of pathogens between different animal species [2]. Pathogen spillover can occur from wildlife to domestic animals and humans [1].
*   X-linked
no
Dietary calcium | Dietary fat | Dietary fiber | Fish (long-chain n-3 fatty acids) | Dietary vitamin D | Dairy products | Milk
EP enhances DNA vaccine delivery and immunogenicity | EP is an effective method for delivering DNA vaccines | EP augments the immunogenicity of plasmid DNA vaccines
yes
DMD amenable to exon 53 skipping | DMD in patients with a confirmed mutation of the DMD gene that is amenable to exon 53 skipping
Insufficient evidence in retrieved documents.
Insufficient evidence in retrieved documents.
Tofacitinib | Filgotinib | Upadacitinib
no
Insufficient evidence in retrieved documents.
Insufficient evidence in retrieved documents.
Insufficient evidence in retrieved documents.
Prurigo nodularis is a subtype of chronic prurigo and the most severe degree of it. It presents as single to multiple symmetrically distributed, hyperkeratotic and intensively itching papules and nodules, and is an extremely pruritic, chronic inflammatory skin disease. It can also occur as an uncommon pediatric cutaneous disorder associated with intense pruritus.
Insufficient evidence in retrieved documents.
Astrid Lindgren's Pain Scale (ALPS) | Echelle Douleur Inconfort Noveau-Ne (EDIN) | COMFORT | PIPP-R | NIPS | N-PASS | BPS | CPOT
Insufficient evidence in retrieved documents.
The colonic microbiota can promote carcinogenesis through several mechanisms. These include the generation of reactive metabolites and carcinogens, alterations in host carbohydrate expression, induction of chronic mucosal inflammation, and promotion of IL17A production and IL17A-producing cell functions. These mechanisms ultimately drive the development of inflammation and neoplastic development within the colon.
yes
Insufficient evidence in retrieved documents.
DNA mutation | Deficiency of pyruvate dehydrogenase complex E1 alpha subunit (PDHA1) | Pediatric mitochondrial disease
Primary Diffuse Meningeal Melanomatosis is a rare variant of primary malignant melanoma of the CNS. It is described in the case report of a 68-year-old woman.
yes
yes
no
Insufficient evidence in retrieved documents.
Insufficient evidence in retrieved documents.
no
Insufficient evidence in retrieved documents.
Insufficient evidence in retrieved documents.
yes
cabozantinib | nivolumab | ipilimumab
Insufficient evidence in retrieved documents.
Insufficient evidence in retrieved documents.
no
End-tidal carbon dioxide (EtCO2) | Carbon dioxide (CO2) concentration in a gas mixture | Measurement and numerical display of end-tidal carbon dioxide (EtCO2)
Yes, men should be immunized against Human Papilloma Virus. The evidence suggests that vaccinating both men and women is important for maximizing public health benefits and achieving herd immunity. The HPV vaccine will likely be licensed for men.
no
Lipectomy | Liposuction
Breakthrough bleeding
Insufficient evidence in retrieved documents.
Eosinophilic esophagitis (EoE) and reflux esophagitis (RE) overlap clinically and histologically; however, RE is characterized by small numbers of neutrophils and eosinophils, while EoE is characterized by a prominent eosinophilic infiltrate.
Insufficient evidence in retrieved documents.
Insufficient evidence in retrieved documents.
Are you asking about IL-35 as it relates to a specific disease or condition?
Insufficient evidence in retrieved documents.
Insufficient evidence in retrieved documents.
Ticks | Aerosols | Tick bites
yes
no
yes
Insufficient evidence in retrieved documents.
Insufficient evidence in retrieved documents.
Presenting results of diversely reported studies in a systematic review | Examination of underlying effect sizes | Identify sources of heterogeneity across studies
Insufficient evidence in retrieved documents.
Insufficient evidence in retrieved documents.
MuSK antibody positive myasthenia gravis is a unique subset of myasthenia gravis characterized by autoantibodies against the MuSK protein, resulting in weakness of bulbar and proximal muscles. These antibodies are found in a variable proportion of AChR antibody negative myasthenia gravis patients. Rituximab seems to be particularly effective in treating this condition.
Could you please specify what disease or condition you are referring to?
yes
Insufficient evidence in retrieved documents.
Insufficient evidence in retrieved documents.
yes
Are you asking about a specific drug, gene, or medical condition related to "DEXTR"?
Cerebrospinal fluid (CSF) diversion by shunts | Cerebrospinal fluid shunt placement | Ventriculoperitoneal (VP) shunt placement
yes
yes
no
Alzheimer's disease
Afibrinogenemia | Hypofibrinogenemia | Dysfibrinogenemia | Hypodysfibrinogenemia
Insufficient evidence in retrieved documents.
Insufficient evidence in retrieved documents.
Are you asking about the diagnosis of BGH in adults or children?
yes
yes
yes
intravenous artesunate | artemisinin combination therapies | chloroquine
Insufficient evidence in retrieved documents.
Atropine-diphenoxylate | Hyoscyamine
FAM134B (also called JK-1, RETREG1) functions as an ER-phagy-regulating receptor. It was initially discovered as an oncogene in esophageal squamous cell carcinoma. Its dysfunction is related to several pathophysiological processes, including neuropathy, viral replication, inflammation, and cancer.
Insufficient evidence in retrieved documents.
Transcription factor AP-2 alpha (TFAP2A) is a critical cell growth regulator that is overexpressed in various tumor tissues and is vital for regulating oncogenic development. The AP-2 transcription factor family also plays a role in cancer development.
Tetanus toxoid (TT; tetanus, diphtheria, acellular pertussis (Tdap) | Flu vaccines
Insufficient evidence in retrieved documents.
yes
no
Microcephaly | Other severe birth defects | Congenital Zika syndrome | Spontaneous abortion
C/EBP-β | C/EBP-δ | STAT3 | FOSL2 | bHLHE40 | RUNX1 | ZEB family | TWIST family | SNAIL family
G1 | G2 | G3 | G4 | G5
Insufficient evidence in retrieved documents.
Insufficient evidence in retrieved documents.
yes
A Burkitt lymphoma line is mentioned in the context of a tamoxifen-inducible subclone [2]. Epstein-Barr virus is also mentioned in relation to Burkitt Lymphoma [3, 4].
*   PTEN
*   TP53
no
Sigmoid volvulus | Cecal volvulus
High tumor mRNA levels of amphiregulin (AREG) and epiregulin (EREG) are associated with anti-EGFR agent response in metastatic colorectal cancer. These ligands of EGFR play a role in the development of colorectal cancer.
Addition of terminal cytosine-cytosine-adenosine (CCA) trinucleotides to all mature tRNAs | Addition of terminal CCA trinucleotides to all mature tRNAs | CCA-adding
Insufficient evidence in retrieved documents.
yes
8%
Insufficient evidence in retrieved documents.
yes
Cholesterol
no
chromosome 10
Are you asking about a specific gene, disease, or something else related to KineDMD?
no
yes
Are you asking about the biogenesis of circRNAs in general, or are you interested in a specific type of circRNA or its formation in a particular disease or cell type?
Transgender individuals may experience a higher incidence of HIV- and HPV-associated cancers [4]. Evidence regarding breast cancer screening rates and the association between gender-affirming hormone therapy (GAHT) and breast cancer risk in transgender people is inconclusive [5]. Cabotegravir is relevant for HIV prevention in transgender women [1].
Loss of heterozygosity (LOH) on chromosome 10 | LOH#10 | Insufficient evidence in retrieved documents.
Insufficient evidence in retrieved documents.
Insufficient evidence in retrieved documents.
Insufficient evidence in retrieved documents.
mTORC1 is a master controller of the translation of a subset of mRNAs. It also interacts with Rag GTPases and signals amino acid sufficiency by promoting its translocation to the lysosomal surface, its site of activation.
yes
no
yes
Insulin icodec is administered once-weekly via subcutaneous injection.
yes
Symptomatic treatment | Extracorporeal shock waves therapy (ESWT) | Pulsed electromagnetic fields (PEFs) | Hyperbaric oxygen (HBO) | Vitamin D | Iloprost | Bisphosphonates | Denosumab | Surgery | Zoledronic Acid | Subchondroplasty
Insufficient evidence in retrieved documents.
Glioma stem cells (GSCs) and other non-tumor cells within the tumor microenvironment play a critical role in regulating glioblastoma progression and recurrence [1]. The tumor microenvironment contains migratory cancer stem cells and infiltrative tumor cells, which contribute to recurrence, particularly when effective drug delivery is hindered [2].
no
no
*Bacteroides fragilis* is associated with colorectal cancer development through multiple molecular mechanisms. Recombinant *Bacteroides fragilis* enterotoxin-1 (rBFT-1) promotes proliferation of colorectal cancer via CCL3-related molecular pathways, and enterotoxigenic *Bacteroides fragilis* activates IL-8 expression through Stat3 in colorectal cancer cells. However, one study found that the abundance of *Bacteroides fragilis* reduced during colitis-associated cancer development.
Basal ganglia | Brain tissue | Rat brain
Insufficient evidence in retrieved documents.
Isocitrate dehydrogenase (IDH) mutations are commonly observed in lower-grade glioma and secondary glioblastomas and are biomarkers used to classify diffuse gliomas into biologically similar subgroups. IDH mutations define a group of adult diffuse gliomas associated with a younger age at diagnosis and better prognosis than IDH wild-type glioblastoma. The WHO classification for adult diffuse glioma is now centered around IDH.
no
sitagliptin | simvastatin
yes
Insufficient evidence in retrieved documents.
Insufficient evidence in retrieved documents.
Insufficient evidence in retrieved documents.
no
Black Americans | African Americans | blacks
low-density lipoprotein receptor
Insufficient evidence in retrieved documents.
Are you asking about episignatures in the context of a specific disease or condition?
no
Pamrevlumab (FG-3019) is a fully human monoclonal antibody that binds to connective tissue growth factor (CTGF). It is being developed as a treatment for DMD and other diseases.
Unresectable intrahepatic tumours with no vascular invasion or metastasis to other organs | Chemorefractory colorectal cancer liver metastasis (CRCLM) | Unresectable colorectal cancer liver metastases (CRCLM) who had failed systemic chemotherapy
Insufficient evidence in retrieved documents.
yes
no
*   KRAS mutations
*   BRAF mutation
Insufficient evidence in retrieved documents.
infiltrating lymphocytes | poor histological grade | mucinous appearance | high histological grade | lymphovascular invasion | perineural invasion | tumour budding | lymph node metastases
no
Regorafenib suppresses colorectal cancer cell growth. | Regorafenib potentiates effects of other chemotherapeutics. | Regorafenib is a multikinase inhibitor targeting the Ras/Raf/MEK/ERK pathway.
Autosomal recessive polycystic kidney disease (ARPKD) | Autosomal dominant polycystic kidney disease (ADPKD)
yes
yes
USA | Australia | Canada | Norway
Insufficient evidence in retrieved documents.
Molecular alterations of KRAS (in most instances point mutations) | Genetic alterations of genes in the EGFR-RAS-RAF-MEK signaling pathway | Genetic alterations of receptor tyrosine kinases | Somatic variants
no
yes
22% | 8% (Becker muscular dystrophy) | Insufficient evidence in retrieved documents.
yes
no
no
Alzheimer's disease | Cerebral amyloid angiopathy
Insufficient evidence in retrieved documents.
yes
Insufficient evidence in retrieved documents.
KRAS mutations | ARID1A mutations | EGFR ectodomain-acquired mutations
Minimally invasive repair of pectus excavatum (Nuss procedure) | Ravitch method | Wada method | Silastic mold method
Air pollution has a negative impact on asthma outcomes in both adult and pediatric populations [1]. Air pollution also contributes to the onset and aggravation of asthma [3].
yes
Insufficient evidence in retrieved documents.
Inflammatory bowel disease (IBD) predisposes to colorectal cancer (CRC). Colitis-associated colorectal cancer (CAC) is a subtype of CRC associated with IBD. Patients with long-standing IBD have an increased risk of developing CRC.
Joint | Knee | Hip
Impact on glycemic control, LDL, and blood pressure | Affect the mental health of a population | Substantial impact on disparities
yes
mpox | monkeypox
NEPA (netupitant/palonosetron)
dizziness | ear pain | tinnitus | auditory-vestibular symptoms | nonspecific neurobehavioral symptoms
Insufficient evidence in retrieved documents.
Insufficient evidence in retrieved documents.
Insufficient evidence in retrieved documents.
no
yes
Narcolepsy-like symptoms
yes
Acute pancreatitis-induced splanchnic vein thrombosis (APISVT) is an important and major complication of acute pancreatitis, especially in moderate to severe cases. It is associated with poor prognosis and can lead to severe gastrointestinal hemorrhage, bowel ischemic necrosis, and liver failure. It is also commonly associated with pancreatic necrosis.
no
Insufficient evidence in retrieved documents.
Insufficient evidence in retrieved documents.
Are you asking about Tagraxofusp in relation to a specific condition or treatment?
Insufficient evidence in retrieved documents.
Insufficient evidence in retrieved documents.
Insufficient evidence in retrieved documents.
Lipid membranes | Target membranes | Presynaptic membranes
Insufficient evidence in retrieved documents.
Insufficient evidence in retrieved documents.
no
Insufficient evidence in retrieved documents.
yes
Insufficient evidence in retrieved documents.
Insufficient evidence in retrieved documents.
A basket trial investigates the effects of one drug on multiple tumor indications. It can be designed as a single-arm, phase 2 study across multiple centers.
Intestinal symptoms | Extra-intestinal symptoms
no
The microbiota modulates the effectiveness of immunotherapy via mechanisms including immunomodulation. The microbiota can also modulate chemotherapy and radiotherapy.
Diphthamide deficiency suppresses the translation of TORC1-activating proteins Vam6 and Rtc1. Diphthamide deletion can also cause severe developmental defects.
Insufficient evidence in retrieved documents.
insulin degludec | liraglutide
no
Insufficient evidence in retrieved documents.
Are you asking about the general purpose of advanced directives, or are you interested in a specific aspect of their use?
Sotorasib | Panitumumab
no
yes
Insufficient evidence in retrieved documents.
no
yes
codeine in analgesics | pseudoephedrine | dextromethorphan | antihistamines | Electroconvulsive therapy (ECT)
Aerosol formulated live attenuated measles vaccine | Modified Vaccinia virus Ankara (MVA)
The PATCH-Trauma trial tested the effectiveness of prehospital tranexamic acid (TXA), when used with current advanced trauma care, in improving outcomes after severe injury. It was a multicentre prehospital randomised controlled trial.
Insufficient evidence in retrieved documents.
no
Anti lingo 1 (opicinumab) | Dimethyl fumarate (Tecfidera) | Ublituximab | Fingolimod
yes
no
The sodium leak channel (NALCN) regulates the resting membrane potential and controls cell excitability. This function is observed in neurons and pituitary endocrine cells.
Cancer risk in transgender individuals is an area of concern, particularly regarding sex hormone-related cancers and residual breast tissue after surgery [1, 2, 3, 4]. Hormone therapy may alter cancer risk, and barriers to healthcare access could influence cancer outcomes in this population [3, 4, 5]. Further research is needed to understand the long-term cancer risks in transgender individuals [1].
no
CRC subtypes defined by molecular characteristics
Mitochondria
Insufficient evidence in retrieved documents.
Insufficient evidence in retrieved documents.
Insufficient evidence in retrieved documents.
Enlarged pore treatment | A novel microcoring technology | Insufficient evidence in retrieved documents.
Insufficient evidence in retrieved documents.
Insufficient evidence in retrieved documents.
yes
yes
Rickettsia rickettsii | bacterium Rickettsia rickettsii
yes
Insufficient evidence in retrieved documents.
Mutations in the thin filament regulatory protein cardiac troponin I (cTnI) | Desmin mutations | Variants in sarcomeric genes | Cardiac amyloidosis | Cardiac sarcoidosis | Cardiac hemochromatosis | MHY7 mutation
Acute epiglottitis in children is declining, as evidenced in Quebec, Canada. Cases have become uncommon in recent years, and the decline is associated with the start of Hib vaccinations. Mortality from acute epiglottitis has also decreased following widespread adoption of Hib vaccination in the US.
yes
Endometrial tumors | Stomach tumors | Adenocarcinoma of endometrium | Ovarian carcinoma | Carcinoma of urinary tract | Small intestine tumors | Brain tumors | Skin cancer
no
*   CA19-9
*   Operative procedure
Lennox-Gastaut syndrome is a catastrophic epileptic encephalopathy. In this syndrome, seizures are resistant to pharmacological treatment.
Insufficient evidence in retrieved documents.
Microphthalmia-associated transcription factor (MITF) | MITF | Microphthalmia-associated transcription factor (Mitf)
c.1222C>T (p.Arg408Trp) variant in the phenylalanine hydroxylase gene (PAH) | The c.1222C>T (p.Arg408Trp) phenylalanine hydroxylase (PAH) variant
Insufficient evidence in retrieved documents.
Rectal cancer may have a worse prognosis than colon cancer due to tumor deposits and a greater concern for local recurrence. However, in some later stages (IIIC and IV), rectal cancer patients may have better survival rates than colon cancer patients.
yes
Borderline personality disorder is associated with the monoamine oxidase a gene and impulsiveness. Dialectical behavior therapy is a treatment for it.
FOXA1 functions as a pioneer factor for the estrogen receptor in breast cancer, and its mRNA expression is upregulated by estrogen. Mutations and aberrant activation of FOXA1 are associated with ER+ breast cancers, and high FOXA1 expression can promote metastasis.
Huntington's Disease is an autosomal dominant, inherited neurodegenerative disease. It is caused by an abnormal CAG expansion in the huntingtin gene (HTT).
Scabies | Scabies infection | Skin diseases
Menadione topical cream | Afamelanotide
no
Insufficient evidence in retrieved documents.
*   GPN-MSA
Procalcitonin (PCT) | C-reactive protein (CRP)
Insufficient evidence in retrieved documents.
Palliation of malignant colorectal obstruction | Bridge to elective surgery for resectable colorectal cancers
B cells | Follicular dendritic cells | T cells
yes
yes
Patients with Ehlers-Danlos Syndrome may experience joint pain, particularly those with Type III. Gabapentin has been used to treat intractable neuropathic pain, but the snippets do not explicitly link this treatment to EDS patients.
yes
*   CRC stem cells (CCSCs)
*   Interleukin 22 (IL-22)
no
standard transverse lower segment operation | low vertical uterine incision | postmortem classical Caesarean section
Phenotypic cell states | Transcriptional cell states
yes
Insufficient evidence in retrieved documents.
Insufficient evidence in retrieved documents.
Intractable multifocal epilepsy | DEE with early childhood onset | Epileptic spasms
no
Insufficient evidence in retrieved documents.
yes
Insufficient evidence in retrieved documents.
Are you asking about screening recommendations for people at average risk, or those with a family history or other risk factors?
Are you asking about a specific condition treated with acupotomy, or are you looking for a general definition of the procedure?
Insufficient evidence in retrieved documents.
H3K27ac | Active chromatin regions
Fourteen different types of EDS | 13 clinical types | six subtypes of Ehlers-Danlos syndrome
yes
pembrolizumab | first-line treatment with MSI-H advanced colorectal cancer | KEYNOTE-177 study
The paraoxonase (PON) multigene family, consisting of PON1, PON2, and PON3, exhibits antioxidant, anti-inflammatory, and antiatherosclerotic properties. It protects against atherosclerosis and coronary artery diseases and is involved in the development of diseases with an inflammatory component.
no
no
Mutations in the PKD1 gene
yes
*   Patients with metastatic colorectal cancer who developed significant toxicities after fluoropyrimidine-based treatment.
*   Advanced colorectal cancer.
Stroke in the lateral medulla | Dysphagia | Dysphonia | Neurological disorder occurring due to ischemia in the lateral part of medullary oblongata | Wide range of symptoms | Crossed hemisensory disturbance | Ipsilateral Horner syndrome | Cerebellar signs | Infarction of the lateral medulla
ORKAMBI (ivacaftor-lumacaftor [LUMA]) and KALYDECO (ivacaftor; IVA) are two new breakthrough cystic fibrosis (CF) drugs. These drugs directly modulate the activity and trafficking of the defective CFTR underlying the CF disease state.
post-transcriptional gene expression regulation | circular endogenous RNA sponges | post-transcriptional regulatory RNAs
Variants of the PKHD1 gene | Genetic disorders | Cilia-related disorders
Insufficient evidence in retrieved documents.
no
Are you asking about the risk factors, the specific fungal species involved, or something else related to the cause of mucormycosis?
1970
yes
Insufficient evidence in retrieved documents.
Insufficient evidence in retrieved documents.
CT colonography | colonoscopy | Screening for colorectal cancer
no
Are you interested in the general mortality rate, or a specific cause of death in schizophrenia?
yes
yes
yes
Alabama, U.S.A. | Delaware, USA | North America
The rationale behind treating melanoma with immunotherapy is based on the observation that many patients have existing immune responses against their tumor cells. This can lead to clinically meaningful tumor regression, as seen with cytokines and adoptive cellular therapy. The effectiveness of CTLA-targeted antibodies further supports the use of immunotherapy, such as PD-1 inhibitors, in melanoma treatment.
no
Somatic mutation in the UBA1 gene | Mutation in the UBA1 gene
no
Sitaxsentan | Ambrisentan | BQ-123 | FR139317 | 27-O-Caffeoyl myricerone (50-235)
Insufficient evidence in retrieved documents.
Loss of function of the paternally inherited 15q11-q13 locus | Defects of the SNRPN gene | Deletion in the area of 15q11-13 on the paternal chromosome
yes
Debatable | To evaluate the optimal time for surgical treatment | Optimal Timing to Surgery
yes
Insufficient evidence in retrieved documents.
*   Potential treatments based on somatic gene transfer.
Insufficient evidence in retrieved documents.
Insufficient evidence in retrieved documents.
Head and neck | Head, neck, and trunk
Insufficient evidence in retrieved documents. The snippets mention irritable bowel syndrome and conditions with similar symptoms, but do not explain the mechanisms behind irritable bowel syndrome.
Mutations in the MECP2 gene | Mutations in the methyl-DNA binding domain of MECP2
MILTON | DrugnomeAI
Insufficient evidence in retrieved documents.
Are you asking about theragnostics in general, or are you interested in a specific disease or application?
Knee steroid injections, also known as intra-articular steroid injections (IASIs), are widely used to relieve symptoms of knee osteoarthritis. They provide pain relief by reducing inflammation within the knee, but this relief is most often short term.
Cancer-associated fibroblasts (CAFs) contribute to immune evasion by physically impeding the immune system, promoting T-cell exclusion, and secreting immunosuppressive molecules. They also secrete cytokines and chemokines that influence the recruitment and function of immune cells, and directly inhibit cytotoxic lymphocytes, thus inhibiting killing of tumor cells. These actions collectively 'cool down' the immune microenvironment.
In what context are you asking about Mantis-ML 2.0 (e.g., a specific disease, research project, or type of data analysis)?
Insufficient evidence in retrieved documents.
cerebral cortex | cerebrum | bovine cerebral hemisphere
Varicocele | Varicocele treatment | Varicocele (VC)
BRAF mutation | BRAFV600E mutation | Activating mutation in the BRAF gene
Insufficient evidence in retrieved documents.
yes
Fever | Joint pain | Rash | Persistent rheumatic symptoms | Severe joint aches | High fever | Headache | Polyarthritis | Polyarthralgia
Oral valaciclovir | Freezing of maternal milk | Valacyclovir
TET family of enzymes
yes
Insufficient evidence in retrieved documents.
Are you asking about pendelluft in the context of respiratory physiology or a specific medical condition?
GBS meningitis | Septic incomplete abortion | Complications due to physical and psychological immaturity and social environment (in teenagers) | Bilateral renal cortical necrosis (BRCN) | Anuric acute renal failure | Thrombotic thrombocytopenic purpura/Hemolytic uremic syndrome | Ureterouterine fistula
no
MiDAS 4
Warts | Hypogammaglobulinemia | Infections | Myelokathexis | Abnormal retention of mature neutrophils in the bone marrow | Recurrent bacterial infections since childhood | Specific susceptibility to HPV infections | Neutropenia | Lymphopenia | Immunodeficiency
radiofrequency ablation | cryoablation | microwave ablation
Cytomegalovirus (CMV) infection | congenital CMV disease | cytomegalovirus
yes
no
no
Insufficient evidence in retrieved documents.
no
yes
14 | 4 | Insufficient evidence in retrieved documents.
Insufficient evidence in retrieved documents.
*   Ponseti method of manipulation and casting
*   Bracing
*   Ponseti regime
*   Primary posteromedial release (PMR)
*   Surgical correction
Insufficient evidence in retrieved documents.
Are you interested in the impact of IDH1/2 mutations on prognosis in a specific glioma subtype, such as astrocytoma or oligodendroglioma?
NM_017785.5:g.169588475 G > A p.Arg20Gln
Hemophilia B
The Pringle maneuver is widely used during liver surgery, including hepatocellular carcinoma (HCC) resection and hepatectomy for hepatic metastasis. It is used to reduce intraoperative blood loss and for inflow control.
Based on the provided evidence, Histoplasma capsulatum is favored in cave environments, particularly those frequented by bats. It has been isolated from bat guano collected inside caves.
Insufficient evidence in retrieved documents.
9,950 | 9950 | Nine thousand nine hundred fifty
Asthma | Aspirin sensitization | Nasal polyposis | Nasal polyps | Aspirin (or nonsteroidal anti-inflammatory drug) sensitivity
Insufficient evidence in retrieved documents.
Obesity during adolescence can lead to long-term chronic health conditions and psychosocial issues. Specifically, it increases the risk of disease and premature death during adulthood, including increased all-cause mortality, cardiovascular disease, colon cancer (in men), and diabetes (in both men and women). Women may also experience adverse psychosocial consequences such as less education, higher rates of poverty, and lower rates of marriage and household income.
Less than 15 months | 14-16 months | 14.6 months
DrugnomeAI
The Eiffel-by-Night sign is associated with immune-mediated hypersensitivity pneumonitis (HP). However, the clinical significance beyond this association is not detailed in the provided evidence.
Insufficient evidence in retrieved documents.
F508del mutation | deletion of Phe-508 (delta F508)
clonal and subclonal differentiated tumor cell populations | glioma stem cells
BioPAXViz
no
Kisspeptin regulates cancer cell proliferation and motility and represses cancer metastasis. It may also play a role in lung cancer. Kisspeptin represses cancer metastasis via EIF2AK2 signaling.
UTIs | Nosocomial infections | Community-acquired urinary tract infections | Lower respiratory tract infections
no
Are you referring to a specific gene, a research project, or something else with that name?
yes
no
Toxoplasmosis | Cystic fibrosis | Congenital adrenal hyperplasia | Phenylketonuria (PKU) | Congenital hypothyroidism (CHT)
Loss of heterozygosity (LOH) at markers of the long arm of chromosome 10 | Extensive genomic deletions involving chromosome 10 | Allele losses of chromosome 10 loci
Could you please specify what field of medicine or research gwRVIS relates to?
Insufficient evidence in retrieved documents.
Remedy for morning sickness | For pleasure
Democratic Republic of the Congo (DRC)
Insufficient evidence in retrieved documents.
yes
Insufficient evidence in retrieved documents.
Insufficient evidence in retrieved documents.
Effects on intelligence | Effects on school achievement | Effects on behavior | Increased risk of cancer | Hypertension | Cardiovascular disease | Renal disease | Toxicity of the liver | Toxicity of the kidneys | Toxicity of the hematopoietic system | Toxicity of the nervous system | Carcinogenic risk | Cognitive behavioral disturbances in children | Mild intellectual impairment | Hyperactivity | Shortened concentration span | Poor school performance | Violent/aggressive behavior | Hearing loss | Impact on the heart | Impact on the brain | Impact on the circulatory system | Coma | Death
Glioblastoma stem-like cells (GSCs) drive tumor progression and contribute to therapy resistance. They also play a role in tumor recurrence. GSCs are critical for the aggressiveness of glioblastoma.
Insufficient evidence in retrieved documents.
Insufficient evidence in retrieved documents.
no
N-acetylcysteine | Administration of N-acetylcysteine
TGF-beta | interleukin-10
yes
Secondary syphilis | Oral lesions | Plaques en prairie fauchée
Extended operative times | Increased transfusion rates | More frequent returns to the operating room
no
Insufficient evidence in retrieved documents.
Are you asking about a specific medication, a research project, or something else?
Insufficient evidence in retrieved documents.
Calcitonin gene-related peptide (CGRP) | CGRP
Insufficient evidence in retrieved documents.
yes
14,287
Insufficient evidence in retrieved documents.
yes
Brain function abnormalities have been found in people living with HIV-associated anxiety disorders.
yes
Insufficient evidence in retrieved documents.
Ebola
Insufficient evidence in retrieved documents.
yes
TWIST1 | SNAIL | SLUG | ZEB1 | ZEB2 | TCF4 | Snail1 (Snail) | Snail2 (Slug)
>54,000 | 20,979 | 33,444
Insufficient evidence in retrieved documents.
no
Nucleic acid vaccines | DNA plasmids encoding measles virus (MV) proteins | DNA vaccines that encode MV-H and MV-F | Recombinant measles vaccine expressing foreign virus antigen(s)
yes
TET2-CH and increased FLT3 levels
Insufficient evidence in retrieved documents.
Insufficient evidence in retrieved documents.
Age 50 (general) or 45 (high risk) | 55 to 69 years (individualized) | Age 40 (after counseling)
no
rs11665831 | rs11083925 | rs2043211
yes
Activation likelihood estimation (ALE) is among the most used algorithms to perform neuroimaging meta-analysis. It is used to analyze brain activation patterns in functional neuroimaging studies, conduct quantitative investigations of neuroimaging studies, and conduct large-scale meta-analyses of brain imaging studies.
BRCA2 K3326X mutation | CHEK2 I157T mutation | Germline BRCA mutations | ATM mutations
GBM heterogeneity contributes to treatment resistance and unfavorable prognosis. The diversity of cell states and phenotypes makes it difficult to classify GBM and find effective therapies. The ability of cancer stem cells to evolve in response to treatment also renders the cancer refractory to conventional treatment.
Are you asking about the FINDbase database for genetic variation related to inherited diseases?
Insufficient evidence in retrieved documents.
yes
A low-FODMAP diet is recommended for Irritable Bowel Syndrome (IBS). However, it may not improve abdominal symptoms in all patients.
Macrophages are major non-neoplastic components of the glioblastoma microenvironment, representing up to half of the tumor mass. They induce a transition of glioblastoma cells into a mesenchymal-like state. Hypoxia-driven M2-polarized macrophages facilitate the epithelial-mesenchymal transition of glioblastoma via extracellular vesicles.
Insufficient evidence in retrieved documents.
no
Xylazine, a tranquilizer primarily intended for veterinary use [4, 5], is increasingly found in the illicit drug supply [1, 2, 3]. Its presence is a growing concern due to its misuse among humans in the context of illicit drug use [4], and the FDA has alerted healthcare professionals to its increasing prevalence in illicit drug overdoses [5].
yes
Insufficient evidence in retrieved documents.
Are you referring to a specific medical condition, a gene, or something else?
Insufficient evidence in retrieved documents.
Formoterol is a full beta2-adrenergic agonist, whereas salmeterol is a partial agonist at the beta2-adrenoceptor and has a unique pharmacological action.
yes
Plasmacytoid dendritic cells (pDCs) are the main source of interferon-alpha or type I interferon (IFN-I). They also exert both proinflammatory and regulatory functions. Interferon-alpha is a cytokine with antitumor activity.
UBASH3A | PRKD2 | ETS2 | AP003774.1/CCDC88B | SH2B3 | Biological mechanisms at five non-coding and one coding primary sclerosing cholangitis loci
Insufficient evidence in retrieved documents.
no
*   Scoliosis surgery
*   Autologous stem cell transplantation
PD-1 | TIM-3 | LAG-3
Insufficient evidence in retrieved documents.
Sofosbuvir | Velpatasvir
Insufficient evidence in retrieved documents.
Based on the provided documents, there are oral poliovirus vaccines (OPVs) and inactivated poliovirus vaccines (IPV). OPVs can be trivalent (tOPV) or monovalent (mOPVs). There is also mention of enhanced inactivated poliovirus vaccine.
Central memory T cells | CD8(+) T cells | Vgamma9/Vdelta2 T cells
Insufficient evidence in retrieved documents.
Are you asking about Tenecteplase as a medication?
yes
Reactive | Constructive | Invasive
Insufficient evidence in retrieved documents.
tonkinochromanes F | tonkinochromanes G | tonkinochromanes H | tonkinensisol | bayin | vitexin | lupeol | 1-(6,7-dihydro-5H-pyrrolo[1,2-a]imidazol-3-yl)ethanone | cyclo(Pro-Pro) | nicotinic acid | p-hydroxybenzonic acid | p-methoxybenzonic acid | 4-hydroxymethyl-2,6-dimethoxyphenol-1-O-β-D-glucopyranoside | coniferin | syringin | (-)-secoisolariciresinol-4-O-β-D-glucopyranoside | (-)-syringaresinol-4-O-β-D-glucopyranoside | (-)-syringaresinol-4,4'-di-O-β-D-glucopyranoside | (-)-pinoresinol-4,4'-di-O-β-D-glucopyranoside | (6S,9R)-roseoside | arylbenzofuran | pterocarpanoid
*   Iatrogenic trauma of non-cardiological origin
10q | 10 | 10q23.31
Insufficient evidence in retrieved documents.
yes
yes
CCL2 | Resident stroma-secreted chemokine CCL2 | chemokine CCL2
yes
Anthropogenic gadolinium is gadolinium that has been released into the environment as a result of human activities, specifically the use of contrast agents in magnetic resonance imaging (MRI). It has been detected in surface waters and wastewater worldwide.
Cryptorchidism | Maldescended testis | Inguinal undescended testis
yes
yes
The most frequently reported symptoms of ankylosing spondylitis are pain, stiffness, and fatigue. Inflammatory back pain and stiffness are leading symptoms of the disease. Hyperplasia of the coronoid process can also occur in patients with ankylosing spondylitis.
Girls with ADHD are twice as likely as boys with ADHD to manifest the predominantly inattentive type of ADHD. However, the combined type of ADHD is the predominant type in both genders.
Chromosomal translocations | Deregulate gene expression | Oncogene activation
Insufficient evidence in retrieved documents.
Insufficient evidence in retrieved documents.
yes
Tumor-treating fields (TTFields) are used for the treatment of GBM, including newly diagnosed and recurrent cases. They are indicated as an adjuvant treatment for intracranial GBM and appear to be a safe adjunct treatment for spinal GBM. TTFields are alternating electric fields frequency tuned to 200 kHz for the treatment of recurrent glioblastoma.
Insufficient evidence in retrieved documents.
Molecular polaritons are formed through the interaction of light and matter. They result from the hybridization or strong coupling between molecular transitions and photonic modes or confined electromagnetic fields. This light-matter coupling can occur between optical resonances and molecular electronic or vibrational transitions.
yes
Bone marrow | Infiltrating macrophages | Resident brain microglia
Insufficient evidence in retrieved documents.
Nucleic acids | Single-stranded DNA (ssDNA) | Single-variable peptide loop constrained within a constant scaffold protein
yes
Tumors employ immune checkpoints to evade immune cell attacks. | Tumors exploit immune checkpoints to evade adaptive immune responses. | Tumors evade immune detection by downregulating antigen presentation and hindering immune responses. | Tumors overexpress immune checkpoints such as PD-L1 to suppress T lymphocyte antitumor activity and evade immune surveillance. | Tumors exploit immune checkpoint pathways to evade and/or escape the immune system.
multidrug-resistant human immunodeficiency virus (HIV)-1 virus
no
Dopamine agonists (DAs) | Xanax
Are you asking about the RankMHC software, or something else?
43% | A large percentage | Insufficient evidence in retrieved documents.
Sildenafil
The pathophysiology of irritable bowel syndrome (IBS) is complex and unclear [2]. It is multifactorial and includes epithelial barrier dysfunction [4]. Visceral hypersensitivity is a characteristic of patients with IBS [1].
The receptor tyrosine kinase AXL is overexpressed in cancer and plays an important role in the malignancy of different types of cancer. It is associated with poor prognosis, the survival and proliferation of cancer cells, and the emergence of therapy resistance. AXL's inhibition blocks tumor formation, highlighting its importance as a potential therapeutic target.
yes
Neurodegenerative disorder with spasticity, ataxia, neuropathy, and optic atrophy
Cetuximab plus chemotherapy | mFOLFOX6 treatment | Panitumumab in combination with infusional oxaliplatin and oral capecitabine
yes
Aedes aegypti | Aedes albopictus | Aedes genus
*   ATF-2
*   c-Jun
*   ZEB family
*   TWIST family
*   SNAIL family
Pathogenic role for large AAAGG repeat configuration expansions | Complex motifs with AAGGG or AAAGG interruptions | Insufficient evidence in retrieved documents.
no
Pseudomembranous colitis | Toxic megacolon | Sepsis | Bowel surgery
Hirsutism | Elevated free testosterone levels | Irregular menses | Infrequent menses | Absent menses | Infertility | Anovulation | Acne
OLIG genes | Olig2 | Sox17 | HMG-box transcription factors
POPLAR (NCT01903993) | OAK (NCT02008227)
Surgical options for prophylaxis | Surgical options for familial adenomatous polyposis | Surgical options for the treatment of colorectal polyps in patients with adenomatous polyposis
no
Repeat cesarean delivery | Nonreassuring fetal status | Malpresentation | Maternal indications (e.g., placenta previa or genital herpes simplex virus) | Failed labor (any stage labor arrest) | Fetal anomaly | Elective | Dystocia | Breech presentation | Fetal distress | Severe pre-eclampsia | Eclampsia | Cord prolapse | Elderly primi | Postdated | Premature rupture of membrane | Twin | Compound presentation | Meconium stained liquor | Hypertension | Ophthalmological | Uterine myomas | Women heart diseases | Pelvic pathology | Neurological disorders | Non-progress of labour | Oligohydramnios | Cephalo pelvic disorders | Hypertensive disorder in pregnancy
*   Phenotypic cell states
*   Transcriptional cell states
BioASQ Synergy
Insufficient evidence in retrieved documents.
no
3-8% of women of reproductive age | Approximately 5% of all women of fertile age | About 5% of women
yes
yes
Insufficient evidence in retrieved documents.
The serotonin transporter (HTT) is an important candidate gene for the genetic transmission of bipolar disorder. It plays a key role in the regulation of serotonin neurotransmission.
Insufficient evidence in retrieved documents.
20% increase
Insufficient evidence in retrieved documents.
Important adverse effects | Dose-dependent gastrointestinal disorders | Rare cases or life-threatening lactic acidosis
Insufficient evidence in retrieved documents.
yes
Wide surgical excision | Wide surgical resection | Surgical excision with a wide margin | Mohs micrographic surgery
Aedes aegypti
yes
Could you specify which ethnicity or geographic location you're interested in?
no
Trypanosoma | Protozoan parasites of the genus Trypanosoma | Trypanosoma brucei
MCAT element | M-CAT 5'-CATTCCT-3'
Could you please specify what type of Variant Ranker you are referring to (e.g., a specific software, a ranking method for genetic variants in a particular disease, etc.)?
no
yes
EGFRvIII | Epidermal growth factor receptor variant III
Insufficient evidence in retrieved documents.
Severe systemic drug reaction | Drug Reaction with Eosinophilia and Systemic Symptoms | DRESS syndrome
Muscle pain | Rhabdomyolysis
Could you please specify what aspect of oncoEnrichR you'd like me to describe?
Transvaginal ethanol sclerotherapy
There is evidence of a relationship between hypothyroidism and depression, with undiagnosed, untreated, or undertreated hypothyroidism increasing the risk of depression [1, 2, 5]. However, one study found no association between subclinical hypothyroidism and depression [4]. Treating underlying hypothyroidism may improve mood disorders such as depression [3].
SEGCOND
Wharton's jelly tissue of umbilical cords | Wharton's jelly of the umbilical cord | fetal umbilical cord
Toxoplasma gondii infection | Trypanosoma cruzi | Marburg virus | Feline infectious peritonitis virus (FIPV)
Germline-mediated immunoediting sculpts breast cancer subtypes and metastatic proclivity.
osteogenesis imperfecta | muscular dystrophy | mesenchymal disorders | Spinal Cord Injury | inflammatory diseases
Insufficient evidence in retrieved documents.
Multisystem syndrome | Neurodevelopmental phenotypes | Cardiac dysrhythmias | Frequent infections | Developmental delay | Early-onset epilepsy | Hypotonia
Inhalational anesthetic agents | Volatile anaesthetics
Insufficient evidence in retrieved documents.
POLR2M
Heart | Single-ventricle | Right ventricle
yes
no
Activation of cellular processes | Immunomodulation | Host signal transduction
0.89-2.6 cases per 1,000 births | 1.55%
Insufficient evidence in retrieved documents.
no
Genital herpes is a chronic, lifelong sexually transmitted viral infection. Manifestations include recurrent, self-limited genital ulcers and serous meningitis associated with primary infection. Herpetic whitlow can also occur in adults with a history of genital infection.
Insufficient evidence in retrieved documents.
Berberine exerts a neuroprotective effect against ischemic insult by inhibiting neuronal apoptosis. It also alleviates ischemia-induced short-term memory impairment and attenuates ischemia-induced apoptosis. The anti-apoptotic effect of berberine is related to PI3K p55γ promoter activity enhancement.
There is an association between ADHD and eating disorders or disordered eating, supported by empirical and theoretical evidence [1, 2, 3]. An ADHD diagnosis is followed by an increased risk for any eating disorder [4]. Difficulties with inhibitory control are seen in both eating disorders and ADHD [5].
ORM1 is a potential regulator of cell-free DNA (cfDNA) levels in plasma. Genetic analysis suggests that ORM1 influences cfDNA levels, potentially contributing to thrombosis susceptibility.
yes
Mechanism of amyloid formation is critical for understanding prion diseases. | PAD2 and citrullinated proteins may play a key role in the brain pathology of prion diseases. | Sporadic fatal insomnia (sFI) and fatal familial insomnia (FFI) are rare human prion diseases.
SATB1
Neoantigens are created through mutations during oncogenesis, resulting in proteins produced by mutant genes. Alternative splicing and RNA editing events are also mechanisms that lead to neoantigen production.
Viral infections | Tear away of labyrinthine membranes | Vascular theory | Cytomegalovirus (CMV) | Vascular occlusion | Cochlear membrane rupture | Psychogenic causes | Stresses
clinical data | neuromuscular imaging | neuromuscular histopathology | biological data | genetic data | patient-reported outcomes
Ovarian or extraovarian
Insufficient evidence in retrieved documents.
Insufficient evidence in retrieved documents.
Regulation of cell-cell adhesion and cell migration | Regulator of integrin function | Regulate the function of cells in the monocyte/macrophage lineage
no
no
Chronic | Long-term | Chronic inflammatory
no
yes
Insufficient evidence in retrieved documents.
pregnancy complications | pregnancy loss | threatened abortions
Insufficient evidence in retrieved documents.
The cancer-immunity cycle is a multistep framework or a series of self-sustaining stepwise events where the immune system fights cancer growth. It illustrates how tumor-antigen-specific immune responses are induced and how the induced antigen-specific immune cells exert their functions in tumor tissues. A functioning cycle is needed for a clinically meaningful response to immune checkpoint inhibitors.
Insufficient evidence in retrieved documents.
NAFLD
Insufficient evidence in retrieved documents.
no
Insufficient evidence in retrieved documents.
Insufficient evidence in retrieved documents.
no
yes
yes
Praziquantel (PZQ) | Praziquantel
Signal intensities | Spatial relationship of pixels within a region of interest | Shape | Pixel intensities | Texture
Recurrent Clostridium difficile infections | D-lactic acidosis | Diseases associated with changes in gut microbiota
yes
Dendritic cells (DCs) | Dendritic cells
yes
Insufficient evidence in retrieved documents.
IgG | M | A | D | E
suvorexant | lemborexant | daridorexant
no
Are you asking about radiomics in the context of a specific disease or type of imaging?
Insufficient evidence in retrieved documents.
Raloxifene | Estrogen replacement therapy (ERT) | Etidronate | Tibolone | Hormone replacement therapy (HRT)
Astrocytes are cells in the central nervous system (CNS) that perform essential homeostatic functions. These functions include maintenance of glutamate and ion homeostasis, elimination of oxidative stress, energy storage in glycogen, tissue repair, regulation of the extracellular microenvironment, regulating synaptic activity by releasing neurotransmitters, and participating in synaptic formation. They are critical for the health of all brain cells.
no
Greater length of exposure to endogenous hormones during reproductive years | Metabolic syndrome | Insulin resistance | Radiation exposure | Pollutants | Lifestyle | Specific genetic mutations and prolonged/frequent use of mobile phones | High-pressure jobs | Working night shifts | Living near volcanoes | Living in environments associated with pesticides
no
Macintosh-style VL device | Hyper-angulated VL device | Channeled VL device | Rigid videolaryngoscope (VLS) | GlideScope Ranger | V-MAC Storz Berci DCI | McGrath | VL3 videolaryngoscope
yes
The M1/M2 macrophage polarization paradigm is a key factor in tumor progression. M1 macrophages are generally considered anti-tumor, while M2 macrophages (TAMs) promote tumor growth through various mechanisms like angiogenesis and immune suppression. The tumor microenvironment influences macrophage polarization, although the M1/M2 paradigm may be considered outdated.
Antireflux operation | Total 360 degrees fundoplication | Gold standard antireflux procedure in children
CRELD1 variants | X chromosome TIMP1 hemizygosity and variants of its autosomal paralogue TIMP3 | Partial or complete absence of one X chromosome
Mitochondria | mitochondrion
Pediatric age group
Enteropathy | Rash of dermatitis herpetiformis | Chronic musculoskeletal pain | Asthenia | Irritable bowel syndrome
yes
Are you asking about urolithiasis in humans or in animals?
Pneumonia caused by *Legionella pneumophila* is acquired through inhalation of environmental aerosols from water sources contaminated by *Legionella* sp. Public bath facilities can be a major source of these infections.
The choroid plexus plays a key role in immune surveillance at the blood-to-CSF-barrier (BCSFB) level and controls the entry of immune cells into the brain. The CCR6/CCL20 axis is involved in migration through the choroid plexus and immune surveillance.
no
Snake antivenoms contain antibodies produced by animals (typically horses or sheep) that have been immunized with snake venoms. These antibodies can neutralize the venom's toxicity.
Could you please clarify the context of your question? Are you asking in relation to a specific disease, treatment, or research area?
A gastric pacemaker uses non-excitatory stimulation to influence the amplitude of gastric contraction. It also stimulates afferent fibers of the vagal nerve to influence the cerebral satiation center, which is involved in registration of satiety and in insulin secretion and resistance. These systems can also modulate vagus nerve activity and delay gastric emptying.
yes
Immune checkpoint inhibitors (ICIs) | Checkpoint blockades | Adoptive cellular therapy | Cancer vaccine | Tumor microenvironment modulation
yes
Could you please specify what information about phobias you are looking for?
Convolutional neural networks (CNNs) can enhance traditional radiomics by detecting image patterns and extracting complex representations from images. This enables high-throughput extraction of quantitative features, leading to improved automatic diagnosis through medical imaging.
Graves disease is an autoimmune disorder and the most common cause of hyperthyroidism. It is characterized by thyroid enlargement/goitre and hyperthyroidism. In some patients, Graves disease also presents with ophthalmopathy. Thyrotropin receptor autoantibodies bind to TSHR, stimulating cell proliferation and thyroid-hormone synthesis.
no
Glycosylation | Protein phosphorylation
no
Intestinal parasitic infections
Acetylcholine (ACh)
gadolinium contrast exposure | gadolinium-based contrast media used in magnetic resonance imaging | exposure to gadolinium
yes
tumor angiogenesis | growth | metastasis | evasion of immune destruction
Chromosomal silencing | Stable silencing of the entire chromosome | Insufficient evidence in retrieved documents.
20 and 50 years | 20-73 | 43.6 +/- 10 years
Oligodendrocytes | Glial cells
Are you asking about a specific medical condition, a research study, or something else related to "BIONDA"?
Treatment-resistant depression | Some specific subtypes of depression
Gain of chromosome 7 | Gain in chromosome 7p | Loss in chromosome 10q
Insufficient evidence in retrieved documents.
HIV infection diagnosis involves a screening test with an enzyme immunoassay (EIA) and a confirmatory test with Western blot. Newer EIAs can detect both HIV-1 antibody and antigen for earlier detection, and rapid tests are also used for screening. HIV-1 RNA detection can be used as a confirmatory test for early infection. For infants under 18 months, virologic assays are used, while serologic methods are used for those over 18 months.
Are you asking about SNPs and mutations in the context of a specific gene or condition?
Yes, melatonin is detectable in human milk [4]. Melatonin in human milk is the subject of a scoping review [3], and it is involved in functional regulation in human milk [5].
Are you interested in a specific type of alopecia?
Phenotype switching in melanoma involves dynamic shifts between different transcriptional states or phenotypes, including switching between quiescent and proliferative cell cycle states and changes in invasiveness. This process is associated with changes in gene transcription and epigenetic alterations, and it can involve EMT-related genes promoting a metastatic state. It is also independent of genetic alterations.
Insufficient evidence in retrieved documents.
yes
GFAP | NFI family | NFIA | ATF3 | RUNX2
yes
Anaerobe | Obligate anaerobe
Treatment of type 2 diabetes | Cardiovascular benefits | Renal benefits | Glycemic efficacy | Treatment of heart failure | Treatment of chronic kidney disease
Escherichia coli | Uropathogenic Escherichia coli | Klebsiella aerogenes
yes
Infection of the female upper genital tract | Involving the uterus | Involving the fallopian tubes | Involving the ovaries | Involving the pelvic peritoneum
