Hirschsprung disease is primarily a multifactorial, non-mendelian disorder. However, some identified genes are related to Mendelian syndromic forms of the disease, and its inheritance is generally consistent with sex-modified multifactorial inheritance.
EGF | AR | HB-EGF | TGF-α | EREG | betacellulin | epiregulin | heparin-binding EGF | amphiregulin | epigen
yes
yes
yes
yes
microRNA-21 | miR-132 | miR-26a | let-7b | miR-145 | microRNA-100 | Let-7i
Pyridostigmine bromide | Neostigmine
yes
Dishevelled (DVL) proteins | three
Bazex syndrome | Bazex' syndrome
Class I | Class II | Class III | Class IV
Notch1 | Notch-1 | Notch-2 | Notch-3 | Notch-4
Arrested cell-cycle progression | Development of aberrant gene expression with proinflammatory behavior | Characteristic chromatin condensation called senescence-associated heterochromatic foci (SAHFs)
Prostate cancer | Castration-resistant prostate cancer
yes
Pou5f1 | Myc | Klf4 | Sox2 | c-Myc | Oct3/4 | Oct4
The Chromosome-centric Human Proteome Project (C-HPP) aims to systematically map the entire human proteome, creating an annotated proteomic catalog for each chromosome. This includes identifying all proteins encoded in each chromosome, especially those lacking evidence by mass spectrometry. The ultimate goal is to enhance our understanding of human biology at the cellular level.
Plasma membrane | Mammalian tissues | Wide tissue distribution
Alpers syndrome | Progressive external ophthalmoplegia | Ataxia-neuropathy syndromes | Myocerebrohepatopathy Spectrum disorders (MCHS) | Ataxia Neuropathy Spectrum (ANS) disorders | Myoclonus Epilepsy Myopathy Sensory Ataxia (MEMSA) | autosomal recessive Progressive External Ophthalmoplegia (arPEO) | autosomal dominant Progressive External Ophthalmoplegia (adPEO)
Ivabradine improves left ventricular function in heart failure and reduces remodeling following myocardial infarction. Adding ivabradine to standard treatment of stable chronic congestive heart failure after myocardial infarction reduces the frequency of hospitalizations, recurrent non-fatal MI, and fatal cardiovascular events, especially in patients with high baseline heart rate.
Autosomal recessive inheritance | Autosomal recessive | Hereditary disorder
yes
autosomal dominant | dominantly inherited
yes
Junctin | Triadin | Calsequestrin | Ryanodine receptor (RyR)
Hydrophilic-interaction liquid chromatography | Hydrophilic Interaction Chromatography | hydrophilic interaction chromatographic
TRH improves cardiac contractility. It can enhance cardiomyocyte contractility in vivo and exerts a positive inotropic effect. In rats with ischemic cardiomyopathy, TRH caused a significant increase in cardiac contractility.
yes
all-alpha-helical fold | conserved bromodomain structural fold | bromodomains from other proteins
nonspecific colitis | lymphoid hyperplasia | focally enhanced gastritis
Renal sympathetic denervation results in decreased blood pressure, renal and systemic sympathetic nerve activity, and heart rate. It also decreases renal norepinephrine spillover and renin activity, while increasing renal plasma flow. The reduction in blood pressure appears to be sustained for at least 3 years post-procedure.
c-Jun NH2-terminal kinase (Jnk) | c-Jun N-terminal kinase (JNK)
Terminal Amine Isotopic Labeling of Substrates
yes
Antiepileptic | Generalized tonic-clonic epilepsies | Partial-onset epilepsies | Antinociceptive potential in neuropathic and chronic inflammatory pain
EWS/FLI fusion protein | EWS-FLI1 fusion protein | EWS-FLI1
Microangiopathic hemolytic anemia | Thrombocytopenia | Acute renal failure | Renal failure | Acquired hemolytic anemia
yes
decreased RhoA activation in Mv1Lu epithelial cells | inhibited cell migration of human colon carcinoma cells (HCCCs) in wound-healing assays | disrupt km23 function, resulting in aberrant transforming growth factor-beta signaling and presumably enhanced tumorigenicity | inhibited TGFβ-mediated activation of ERK and JNK, phosphorylation of c-Jun, and transactivation of the c-Jun promoter
Acute ischemic stroke | AIS
Nanog | Pou5f1 (also called Oct4) | SoxB1
yes
The EORTC QLQ-INFO25 questionnaire evaluates the information received by cancer patients, specifically the perceived level of and satisfaction with that information.
yes
Available data suggest an association between hormone replacement therapy (HRT) and increased meningioma risk. Several studies indicate that HRT use is associated with an increased risk of intracranial meningioma.
yes
yes
proprotein convertase subtilisin/kexin type 9 (PCSK9) | PCSK9
yes
S-adenosyl-L-methionine (AdoMet)
yes
Hedgehog signaling | Hh pathway | smoothened
S-phase | G2/M
G-rich RNA strand | C-rich DNA template strand | Triplet repeat expansions
aryl hydrocarbon receptor interacting protein (AIP) gene | Aip gene | aryl-hydrocarbon interacting protein gene
L29Q | A8V | E134D | D145E | C84Y | TNNC1-A31S | c.363dupG or p.Gln122AlafsX30
Acupuncture has been explored as a treatment for smoking cessation, with some evidence suggesting a positive effect, particularly with auricular acupuncture and when combined with other therapies. However, the efficacy of acupuncture alone remains controversial, and some studies have found it no more effective than sham acupuncture. The effect of auricular acupuncture may not depend on point location.
Histone H3 trimethylation at lysine 36
human telomerase reverse transcriptase | telomerase reverse transcriptase
SCF(β-TrCP) | β-TrCP
yes
yes
no
NKX2-1 | TITF1 | NKX2.1
Are you asking about clathrin in the context of a specific disease, drug, or research area?
PRKAR1A knockdown inhibits cholangiocarcinoma (CCA) cell growth and enhances apoptosis. This is associated with a decrease in mitogen-activated protein kinases, PI3K/Akt, JAK/STAT and Wnt/β-catenin pathway signaling.
yes
yes
telomerase | telomerase reverse transcriptase
Interleukin-4 (IL-4) | Interleukin-13 (IL-13)
FGFR1 | FGFR2 | FGFR3 | TWIST | MSX2 | Nell-1 | PHEX
yes
Advanced, oestrogen receptor-positive, HER2-negative breast cancer | Hormone receptor-positive, human epidermal growth factor receptor 2- negative breast cancer | HR(+) breast cancer
yes
Insufficient evidence in retrieved documents.
yes
Insufficient evidence in retrieved documents.
Reduced dosage of ERF, an inhibitory ETS transcription factor directly bound by ERK1/2, causes complex craniosynostosis. ERK1/2 signaling is linked to the regulation of osteogenesis.
yes
physical activity in daily life | activity levels | nighttime activity data | activity counts
JASPAR 2008 update | 9th release | JASPAR 2022 | 10th release | JASPAR 2024
Atrichia | Ichthyosis | Follicular hyperkeratosis | Chronic candidiasis | Keratitis | Seizures | Mental retardation | Inguinal hernia | Photophobia | Recurrent respiratory infections | Alopecia
CYP2C19 | Cytochrome P-450 (CYP) | CYP enzymes
yes
Transcription factor EB (TFEB)
Antibiotics which inhibit bacterial peptidoglycan biosynthesis | Semisynthetic glycopeptide antibiotic | Lantibiotic mersacidin
no
yes
Congenital ichthyosis | Trichothiodystrophy
rheumatoid arthritis synovial fibroblasts (RASFs) | peripheral blood-derived mononuclear cells (PBMC) | synovial cells
Individuals with Alzheimer's disease show increased neuroticism compared to their premorbid personality. Higher baseline neuroticism scores are associated with a decreased likelihood of remaining asymptomatic when Alzheimer's disease neuropathology is present. Neuroticism is also significantly associated with advanced stages of neurofibrillary tangles.
Everolimus inhibits the mammalian target of rapamycin (mTOR). It is also an immunosuppressive agent.
yes
RT-PCR | reverse-transcriptase polymerase chain reaction | one-step RT-PCR
yes
Study of protein interactions | Visualization of protein interactions | Analyzing protein interaction properties
Hypertrophic cardiomyopathy (HCM) is a heart disease characterized by left ventricular hypertrophy in the absence of another disease that could explain the wall thickening. This hypertrophy is due to sarcomere dysfunction. HCM is also a common inherited cardiac disorder.
Mutations in the CREBBP gene | Mutations in both the CBP and EP300 genes | Molecular lesions in the CREB-binding protein gene, CREBBP
The viral KP4 protein is a virally encoded fungal toxin with antifungal effects. It is secreted by the P4 killer strain of *Ustilago maydis* and kills fungi closely related to it.
Self-renewal of embryonic stem cells | Regulates the expression of differentiation-associated genes | Importance in stem cells and early embryonic cells
PAR-CLIP (Photoactivatable-Ribonucleoside-Enhanced Crosslinking and Immunoprecipitation) is a method that uses photoreactive ribonucleosides or nucleosides to crosslink RNA and proteins in cells, followed by immunoprecipitation. This allows for the identification of RNAs interacting with proteins. The use of photoactivatable nucleosides enhances crosslinking efficiency.
potassium perchlorate | carbimazole | lithium | antithyroid drugs | lithium carbonate
Spastic diplegia shares clinical similarities with hereditary spastic paraplegia, leading to potential misdiagnosis. Clinical gait analysis has been suggested as a tool to differentiate between these conditions. Studies utilize three-dimensional gait analysis to measure gait variables in patients with spastic diplegia.
mutation in the NF1 gene | mutations in the neurofibromin (NF1) gene | germ-line-inactivating mutation in the NF1 gene
selenoprotein P
r3Cseq | regioneR | psygenet2r
Insufficient evidence in retrieved documents.
yes
yes
Yes, the provided evidence indicates a genetic component to happiness. Twin studies suggest that genetic factors account for 35-50% of the variance in human happiness, with heritability estimates of 22% for males and 41% for females. Biometric studies also show that happiness is strongly affected by genes.
catechol-O-methyltransferase (COMT) | COMT
To isolate soluble lysosomal proteins, one would use affinity chromatography with immobilized mannose-6-phosphate receptor (MPR). This method exploits the characteristic mannose-6-phosphate (M6P) tag present on these proteins.
NR0B1 | BCL11B
Single or multiple | Multiple | Single
Brooke-Spiegler syndrome | Familial cylindromatosis | Cylindromatosis | Benign skin tumour
Loss of function of the survival motor neuron gene (SMN1) | Genetic mutations in the SMN1 gene | Reduced survival motor neuron (SMN) protein
Weight gain | Growth retardation | Hirsutism | Obesity | Striae | Acne | Hypertension
Insufficient evidence in retrieved documents.
CaM kinase II | Ca2+/calmodulin-dependent protein kinase | calcium/calmodulin- dependent kinase
Chk2 splice variants impair wild-type Chk2 activity through heterodimerization, independent of their intrinsic kinase activity. These splice variants express a dominant-negative effect on the wild-type Chk2 kinase activity.
GDAP1
Cardiotropic viruses | Enteroviruses | Coxsackie-B viruses | Cytomegaloviruses (CMV) | Coxsackie B viruses (types 1 to 5)
CCM1/KRIT1 | CCM2/MGC4607 | CCM3/PDCD10 | Krev interaction trapped-1 (Krit1) gene (cerebral cavernous malformation gene-1, CCM1) | CCM2 | CCM3
yes
Tarlov cysts are nerve root lesions or sacral perineural cysts, most often found in the sacral region. Tarlov cyst syndrome is a rare disorder characterized by these nerve-root cysts, usually occurring in the sacral spine, near the dorsal root ganglion, between the perineurium and endoneurium. They can be symptomatic or asymptomatic.
Drugs that were searched for in Medline, Embase, and Cochrane Databases | Drugs for which randomized clinical trials on humans were collected | Insufficient evidence in retrieved documents.
Mutational status of immunoglobulin heavy variable (IGHV) genes | M-CLL and U-CLL | Mutated CLL (M-CLL) and unmutated CLL (U-CLL)
yes
yes
A zinc ion at their active site | Zinc | Zinc-containing endopeptidases
Are you asking about hyperosmia as a symptom, or are you interested in its potential causes or treatments?
Over 10,000 | 10,000 | >200
Clostridium botulinum
Protects against | Alleviates | Rescued α-synuclein-induced loss of dopaminergic neurons
Hypomyelination | Hypogonadotropic hypogonadism | Hypodontia | Ataxia
The extracellular core "matrisome" comprises approximately 300 proteins in mammals. These proteins are extracellular matrix (ECM) proteins.
yes
MET | CMT | DRM
centromeric nucleosome | centromere | active kinetochores
Here's a list of proteins in which the chromodomain is present, based solely on the provided evidence:

*   Chromatic and regulatory proteins involved in chromatin remodeling
*   Animal and plant proteins
*   Proteins that contribute to chromatin organization
*   HP1-like chromodomains
*   Chromodomain Y chromosome (CDY) family of proteins
*   CDY
*   CDYL
*   CDYL2
*   Proteins that associate with heterochromatin in Sciara coprophila chromosomes
Are you asking about the Genomicus database or something else?
yes
Insufficient evidence in retrieved documents.
COUGER is a classification-based framework for identifying protein co-factors that might provide specificity to paralogous TFs. It takes as input two sets of genomic regions bound by paralogous TFs and identifies putative co-factors that distinguish the two sets of sequences, using a classification approach based on DNA-binding specificities.
Insufficient evidence in retrieved documents.
yes
yes
mitochondrial intermembrane space
Insufficient evidence in retrieved documents.
yes
GBshape
Ceftriaxone has been evaluated in clinical trials as a potential treatment for amyotrophic lateral sclerosis (ALS). While early stage data was promising, a stage 3 clinical trial did not demonstrate clinical efficacy.
The TAILORx trial utilizes the Oncotype DX recurrence score to determine treatment assignments for patients. Specifically, it assigns estrogen receptor-positive, node-negative patients to either chemotherapy plus hormonal therapy or hormonal therapy alone based on their Oncotype DX score.
yes
Based on the provided evidence, the main function of RNA sponges is to act as microRNA (miRNA) sponges. They are also known to have other functions, but their role as miRNA sponges is consistently highlighted.
yes
-77A-->G | R14del (deletion of arginine 14)
Vitamin E | Astaxanthin | L. rhamnosus IMC 501 | L. paracasei IMC 502
yes
yes
Histone methyltransferases cause histone modification by adding methyl groups to lysine or arginine residues of histones H3 and H4. These enzymes, such as protein lysine methyltransferases (PKMTs) like MLL3 and MLL4, catalyze histone methylation.
yes
yes
E3 ubiquitin ligase activity | Enzymatic activity
LC3 | LC3-II | light chain 3 (LC3)
yes
yes
Acts as receptors for pathogens | Immunogenic sugar | Potential biomarkers and mechanistic contributors to cancer
no
Insufficient evidence in retrieved documents.
6S RNA is a non-coding RNA (ncRNA) that interferes with transcription. It mimics an open promoter structure, regulating transcription through interactions with RNA polymerase, and can act as a template for transcription of defined RNA molecules without DNA. 6S RNA also enhances long-term cell survival.
yes
cysteine | cysteine residue | F508
Weaver syndrome
ExTopoDB | TMPDB
Hirschsprung disease (HSCR)
Fanconi's anemia | FA
Orally administered | Oral | Administered orally
Caveolae are invaginations or pits in the plasma membrane of cells. They are rich in cholesterol and sphingolipids and are formed by caveolin and cavin proteins. They are non-clathrin and mechanically deformable.
Establishing sites of gene expression | Containing active genes in "open" higher-order chromatin compartments | Comprising inactive genes in "closed" chromatin compartments | Providing access to transcription and splicing complexes for genes in "open" chromatin compartments
no
no
Protein interaction | Regulation of innate and adaptive immunity | Component of immune defence
Functional associations between genes can be inferred from gene fusion events because genes linked by fusion events are generally of the same functional category. Detecting gene fusion events across genomes allows for the prediction of functional associations of proteins, including physical interactions or complex formation. These fusion events suggest a functional association between the genes, especially physical interactions between the proteins they encode.
Paraspeckle protein component 1 (PSPC1) | SFPQ (PSF)
osteosclerotic form of Robinow syndrome
yes
yes
The Genomic Regions Enrichment of Annotations Tool (GREAT) is a tool developed to analyze the functional significance of cis-regulatory regions identified by localized measurements of DNA binding events across an entire genome. GREAT incorporates distal binding sites and controls for false positives using a binomial test over the input genomic regions.
poly(ADP-ribose) polymerase | PARP
yes
RhoA is more abundant in bladder tumors and metastatic lymph nodes. Elevated RhoA signaling and alterations in RhoA expression play a role in the development, initiation, metastasis, and progression of bladder cancer. Ras-induced RhoA activation is involved in the invasion and migration of bladder cancer cells.
AMPARs | SHMT2 | GAC
Sodium glucose cotransporter 2 | SGLT2 | Sodium glucose co-transporter 2
Thyroid hormone levels are correlated with myocardial function in heart failure patients [1]. Thyroid hormone treatment may reverse cardiac dysfunction and improve hemodynamics [2, 3, 4]. Reduced expression of thyroid hormone receptors is associated with heart failure [5].
Deletion of arginine 14 | -77A-->G mutation in the phospholamban promoter region | Leu39Ter (truncation mutation)
transcribed strand | transcribed strands of expressed genes
chromosome 21 | chromosome 17q11.2 | chromosome 10 | chromosome 17q25 | chromosome 12p
UUCCUUAAC | branch site consensus sequence | U12-dependent introns
Protein A from Staphylococcus aureus is used as an affinity ligand for the purification or isolation of immunoglobulins, especially immunoglobulin G (IgG). It is widely used in affinity chromatography for this purpose.
Clarithromycin and azithromycin are suggested therapies for Mycobacterium avium infection. TLC G-65 in combination with rifapentine is also suggested as a treatment regimen. Clarithromycin has shown activity against Mycobacterium avium infection in AIDS patients.
The standard treatment for acute pericarditis combines appropriate antibiotic therapy with surgical drainage. Rilonacept, anakinra, and colchicine are effective in blunting acute inflammation and reducing the risk for recurrences.
Genetic disease with autosomal dominant inheritance | Genetic disease | Rare genetic disease
ATP-dependent chromatin-remodelling enzyme | Chromatin remodeling protein | SNF2-like transcription factor
Fluorouracil | Epirubicin | Cyclophosphamide
D22S1 | D22S15
no
Insufficient evidence in retrieved documents.
NEDD8-activating enzyme | NAE
HAX-1
yes
MammaPrint is an FDA-cleared 70-gene signature assay used to assess the risk of distant metastasis in young patients with early-stage breast cancer, which can help guide treatment decisions, including chemotherapy. It categorizes patients as having a high or low risk.
yes
yes
The IMGT system, which includes IMGT unique numbering, has been developed for the numbering of antibody residues. This system bridges antibody sequences and three-dimensional structures.
yes
Approximately 24,500 | 21,000 | 13
yes
Reduce the number of exacerbations | Patients prone to developing infections | Severe, advanced COPD
yes
5-aminolevulinic acid | Aminolevulinic acid hydrochloride
yes
Are you asking about a specific gene, protein, or experimental technique?
At least nine | Eight | Insufficient evidence in retrieved documents.
Are you currently pregnant, or planning to become pregnant?
Mdm2 | MDM2
yes
Schizophrenia | Human neurodegenerative diseases
hEAAT2 | EAAT1 | EAAT2 | GLAST | GLT-1 | EAAC1
Sorting nexin 27 (SNX27) is involved in intracellular trafficking, specifically regulating the trafficking of ion channels and receptors. It participates in vesicular and protein trafficking and is important for trafficking to the early endosome. SNX27 is a member of the sorting nexin family of proteins.
yes
0.76% (GC-AG, AT-AC and other types) | 1.29% (GC-AG and other small groups) | Insufficient evidence in retrieved documents.
Sypro Ruby | Coomassie Blue staining (CBS)
Aptamers have potential clinical uses as therapeutic and diagnostic agents due to their ability to act as protein ligands and inhibitors. They are being developed as inhibitors for targets such as vascular endothelial growth factor (VEGF) and thrombin, and may also be used for blood clotting alleviation and AIDS treatment. Aptamers are in various stages of development, including clinical trials and as FDA-approved therapeutics.
Fusarium oxysporum f. sp. cubense | fungus Fusarium oxysporum f. sp. cubense | Foc
Nalmefene modulates opioidergic transmission in the CNS and exerts immunomodulatory activity. It is also a potent opioid receptor antagonist.
Sagittal suture | Bilateral lambdoid sutures
yes
Hedgehog (Hh) | Notch | Wnt | c-Met | erbB2 | IGF-R | TrkC | Myc | insulin-like growth factor (IGF) signaling
Invadopodia are important drivers of local invasion in metastasis. The transcription factor Twist1, a central regulator of EMT, promotes invadopodia formation via upregulation of PDGFR expression and activity. Twist1-induced invadopodia formation promotes tumor metastasis.
Cancer driver genes are genes that, when mutated, contribute to the development of cancer. Identifying these genes is a major goal of cancer research. For example, translocations of the ALK gene with the EML4 gene have been identified as oncogenic driver mutations in non-small-cell lung cancers.
A mitochondrial nucleoid is a macromolecular assembly or nucleoprotein complex containing mitochondrial DNA (mtDNA) and associated proteins. It consists of one or more copies of mtDNA and provides an efficient segregating unit of mtDNA. The packaging of mtDNA into nucleoids confers higher-order organization to the mitochondrial genome.
Amiodarone-induced thyrotoxicosis can be treated with antithyroid drugs, sometimes with corticosteroids. Other treatments include lithium, potassium perchlorate, and carbimazole. The addition of lithium carbonate to other drugs can also be a successful therapy.
Insufficient evidence in retrieved documents.
yes
Fever | Skin rash | Gastrointestinal disorders | Respiratory symptoms | Enanthema | Cough | Multisystemic involvement
Insufficient evidence in retrieved documents.
no
yes
EWS/FLI fusion protein | EWS-ETS fusion proteins | abnormal t(11;22)(q24;q12) translocation
Mage-A4 | beta-catenin | MUC18 | plexins | integrins | Stat1 | CD74
mTOR signalling pathway | phosphoinositide 3-kinase (PI3K) signalling pathway | amino acid-TOR signalling pathway
yes
Insufficient evidence in retrieved documents.
elotuzumab
Bedaquiline inhibits mycobacterial adenosine triphosphate (ATP) synthase, disrupting the mycobacterial energy metabolism. It acts on the transmembrane component of ATP synthase and prevents electron transport. This mechanism of action makes it effective against Mycobacterium tuberculosis in various states.
The evidence regarding Helicobacter pylori infection as a risk factor for ischemic stroke is conflicting. One study suggests it contributes to a high risk, while others indicate variable results and that it is insufficiently established as a risk factor. Therefore, the association between Helicobacter pylori infection and ischemic stroke remains unclear based on the available evidence.
Flaccid dysarthria | Spastic dysarthria | Ataxic dysarthria | Hyperkinetic dysarthria | Hypokinetic dysarthria | Mixed dysarthria
yes
The LINX Reflux Management System uses magnetic sphincter augmentation to treat GERD. It works by augmenting the physiologic function of the sphincter barrier and restoring the natural barrier to reflux.
acid beta-galactosidase | beta-galactosidase | lysosomal beta-galactosidase
Seizures, facial asymmetry, contralateral hemiplegia and mental retardation | Cerebral hemiatrophy | Hemiparesis, hemiplegia, seizures, mental retardation, and facial asymmetry
TAZ (tafazzin) gene | tafazzin (taz) gene | taffazin gene
The treatment for subacute thyroiditis includes oral glucocorticoids for moderate to severe cases. Other treatments involve high doses of anti-thyroid drugs and steroids, used either separately or together.
BMAL1 deficiency is associated with premature aging and reduced lifespan. It also disrupts circadian oscillation in gene expression and reactive oxygen species homeostasis in the brain and accelerates the development of tumours. Furthermore, BMAL1 deficiency leads to the development of stress-induced senescence in vivo.
ubiquitination of histone H2A | methyllysine residues of the histone H3 tail | histone H3 methylation
CLIC1 is localized in the nucleus, cytoplasm, and plasma membrane. The nuclear localization pattern of CLIC1 can be changed by insulin stimulation. It is also an intracellular chloride ion channel.
K/R-X-K/R-X-X-S/T | pS-X-X-S | pSer-Xaa-Xaa-Ser | SLS and acidic cluster motifs | phosphorylated side chain at position n-3 or n-4 relative to serine/threonine
Rivaroxaban | Warfarin
The SPIKE database is useful for storing, organizing, and retrieving information on human signaling pathways. It contains curated interactions and literature-referenced information, focusing on pathways like DNA damage response, cell cycle, programmed cell death, and hearing-related pathways. The database is designed to be easily utilized by the research community.
yes
Perilipins 2 | Perilipins 3 | Perilipins 4 | Perilipins 5 | Perilipin | Adipophilin/adipocyte differentiation-related protein (ADRP) | S3-12 | Tail-interacting protein of 47 kilodaltons (TIP47) | Myocardial lipid droplet protein (MLDP)/oxidative tissues-enriched PAT protein (OXPAT)/lipid storage droplet protein 5 (LSDP5) | Fat specific protein 27 (FSP27; also called CIDEC) | Perilipin1 (PLIN1)
The Barr body is the inactive X chromosome in a female somatic cell. It is readily identified as a plano-convex structure of 2-3 micron in diameter on the periphery of the nuclear membrane.
yes
yes
70
yes
yes
Iron-restricted anemias | Anemia of inflammation | Cancer | Chronic kidney disease | Anemia management in hemodialysis
Three | 3
yes
yes
Eye reaction | Motor function | Brainstem reflexes | Respiratory pattern | Eye response | Motor response
Multilayered skin | Bone | Vascular grafts | Tracheal splints | Heart tissue | Cartilaginous structures | Liver | Lymphoid organs
yes
yes
Alpha-expansins interact in cell wall extension and polysaccharide degradation. They are extracellular proteins that increase cell-wall extensibility.
yes
The number of acoustic neuroma symptoms may increase the likelihood of clinically significant depression. Depression in acoustic neuroma patients is predicted by the number of symptoms.
FGFR3 | fibroblast growth factor receptor 3 gene
Hsp90 inhibitors target Hsp90, which maintains the conformation, stability, and function of many oncogenic client proteins. Geldanamycin is an example of an Hsp90 inhibitor that inhibits the ATPase activity of Hsp90.
yes
small-cell lung cancer | anaplastic small-cell lung cancer
Presence of lanthionine and/or methyllanthionine | Containing mesolanthionine, 3-methyllanthionine, dehydroalanine, and dehydrobutyrine | Lanthionine-containing peptide
Congenital cataracts | Facial dysmorphism | Neuropathy
yes
yes
Could you please specify the context or the specific genotype you are interested in?
yes
yes
c-Myc (MYC) | Ras | Raf | RAS | BRAF | Akt | Skp2 inactivation
In what context did you encounter "HbVar"?
Yes, DMSO as an additive can improve proteomic analysis results. Low percentages of DMSO can enhance electrospray ionization of peptides, improving the sensitivity of protein identification. Also, the quantitative precisions improved significantly when DMSO was added to the matrix solution.
Are you asking about the specific protein target of MK-3475 and CT-011 in a particular type of malignancy?
aspartyl beta-hydroxylase | junctin | junctate | noncatalytic isoform of BAH (humbug)
Cell proliferation | Tissue homeostasis | Organ size | Cancer development | Growth | Differentiation | Regeneration
Formin family | Formin family proteins | Formin family of actin nucleating proteins
yes
yes
delta-distance
filter-aided sample preparation method | protein arginine methyltransferases (PRMTs) | SAM
N-terminal proteomics, or N-terminomics, is used for the quantitative and global analysis of the N-terminome and proteolysis. It can be used to identify proteolytic products and study the N-end rule pathway, a proteolytic system involved in protein degradation.
Genomics | Transcriptomics | Proteomics | Metabolomics | Degradomics | Fluxomics | Glycomics | Epigenomics
Insufficient evidence in retrieved documents.
alpha-tropomyosin mutation | troponin T (TNNT2) mutation
Lung
yes
Drisapersen is a 2'-O-methyl-phosphorothioate oligonucleotide. It is designed to skip exon 51 in dystrophin pre-mRNA, which restores the reading frame of the mRNA.
yes
Insufficient evidence in retrieved documents.
yes
Inulin | Inulin-rich materials
*   Inotropic agents
*   Steroids
*   Mechanical support by intra-aortic balloon pump
PARK2 (Parkin gene) | PINK1 | DJ-1 | ATP13A2
Ranolazine prevents myocyte sodium and calcium overload and improves cardiac diastolic dysfunction through modulation of myofilament calcium sensitivity. It has a small effect on basal calcium current but greatly affects whole cell calcium current when facilitated by beta-adrenoceptor or histamine receptor activation. Ranolazine also attenuates abnormalities of ventricular repolarisation and contractility.
In the Reverse Warburg effect, stromal cells, rather than tumor cells, undergo aerobic glycolysis. The epithelial cancer cells instruct the normal stroma to transform and provide energy for tumor growth.
Per genes are key circadian rhythm regulators in mammals. Genetic ablation of mPER1 and mPER2 results in a complete loss of circadian rhythm control. Clock genes, including per genes, control circadian rhythms both centrally and peripherally.
yes
BCR-ABL tyrosine kinase | CR-ABL tyrosine kinase
Recently | 2014
Sushi.R | triplex | r3Cseq
Hydrocephaly | Chorioretinitis | Intracerebral calcifications
Fewer than 100 | At most several hundred | Approximately 150
yes
Primordial germ cell migration | Glioma stem cells | Stemness | Cell cycle-signaling pathway for maintenance of pluripotency | Endoderm formation | Self-renewal | Maintaining pluripotency
Differentiated cells | Cells undergoing cell differentiation | Cells undergoing embryonic development
Autophagy is a cellular process involving the degradation of intracellular components such as damaged organelles, misfolded proteins, and invading microbes via lysosomal degradation. This self-eating process removes unwanted materials and can supply nutrients for organelle biogenesis and metabolic homeostasis.
Insufficient evidence in retrieved documents.
Directional mutation pressure introduces mutational biases between alpha-bases (A or T) and gamma-bases (G or C). This is also referred to as AT/GC pressure.
What is the specific context or application you're interested in regarding the yeast proteome?
Arg403-->Gln missense mutation | Arg 403 --> Gln mutation | alpha-myosin heavy chain Arg403Gln missense mutation
Aortic root dilation | Mitral valve prolapse (MVP) | Aortic regurgitation | Dissection and rupture of the ascending aorta | Mitral valve regurgitation | Cardiac arrhythmias | Aortic valve regurgitation | Aortic root dissection
Novel alpha-tropomyosin mutation associates with dilated and non-compaction cardiomyopathy | Dilated cardiomyopathy and non-compaction cardiomyopathy | Isolated ventricular non-compaction or non-compaction cardiomyopathy (NCCM)
In diabetic cardiomyopathy, AMPK activation protects cardiac structure and function by increasing cardiac autophagy. Conversely, inhibition of AMPK attenuates cardiac autophagy, exacerbates cardiac dysfunction, and increases mortality. AMPK activation may restore autophagy and prevent diabetic cardiomyopathy by dissociating BCL2 from BECN1 through activation of MAPK8-BCL2 signaling.
yes
Hypertrophic cardiomyopathy | Inherited cardiac disorders
no
28% | 10% to 15% since 2001 | Low
The oldest human sample analyzed by paleontology proteomics mentioned in the provided snippets is the Iceman, a Tyrolean mummy who is more than 5300 years old. Paleoproteomic study was performed on the Iceman's brain tissue.
Post-embryonic growth retardation phenotype | Significant growth rate deficit in both roots and shoots | Lowered activity of specific mitochondrial enzymes associated with respiratory metabolism | Changes the mitochondrial proteome | Altered metabolite profiles | Modified respiratory function | Alters protein assembly | Alters protein stability | Alters protein damage | Debilitates an anaplerotic role for mitochondria in cellular carbon metabolism
GAN gene | gigaxonin gene
yes
yes
Membrane scission is the scission of biological membranes, facilitated by protein complexes that bind and manipulate lipid bilayers. This process is necessary for events like the release of virions and the pinching off of vesicles, requiring the membrane to narrow. Dynamin proteins can promote membrane scission by constricting the membrane.
5
yes
DNA replication termination in vertebrates occurs when replisomes from adjacent replication origins converge. This process involves local completion of DNA synthesis, decatenation of daughter molecules, and replisome disassembly.
H-Ras | K-Ras | N-Ras | HRAS | KRAS | NRAS | K-Ras4A | K-Ras4B
Endoplasmic reticulum (ER) | endoplasmic reticulum | Not applicable
no
Alemtuzumab | Campath-1H
yes
Ventral striatum | Head of the caudate nucleus | Nucleus accumbens | Lateral habenula | Cortical areas | Subgenual cingulate gyrus (Cg25/24) | Anterior limb of the capsula interna (ALIC)
yes
The association between moon cycle and rupture risk of intracranial aneurysms is debated. Some evidence suggests an increased risk of aneurysmal SAH during the new moon, while other evidence refutes any association between the lunar cycle and aneurysmal subarachnoid hemorrhage.
yes
no
Ala92 type 2 deiodinase allele
Female subclinical hypothyroid patients with high baseline baPWV and pulse pressure | Female subclinical hypothyroid patients with autoimmune chronic thyroiditis | Patients with subclinical hypothyroidism and risk factors
yes
Homoplasy makes regions unreliable for phylogenetic reconstruction and presents a difficulty for all methods of phylogenetic inference. Detecting size homoplasy may also alter phylogenetic reconstructions.
Maternal use of selective serotonin reuptake inhibitors (SSRIs) during pregnancy may be associated with an increased risk of autism spectrum disorder (ASD) in offspring. The risk may be higher with SSRI exposure during the first trimester. Maternal SSRI use during pregnancy was also associated with a greater number of gastrointestinal complaints in children with ASD.
SNAIL | SLUG | TWIST | ZEB1/2 | Snai1/2
yes
yes
Beckwith-Wiedemann syndrome | Prader-Willi syndrome | Angelman syndrome | Cancer | Silver-Russell syndrome | Transient neonatal diabetes | Focal form of nesidioblastosis | Pseudohypoparathyroidism | Gestation trophoblastic disease
Insulators are necessary in gene therapy vectors to overcome position effects by shielding genes from the transcriptional influence of surrounding chromatin [2]. They can also prevent oncogene activation [4] and improve the predictability and expression of therapeutic transgenes [1]. Insulators also separate active transcriptional domains [5].
Iron deficiency | Abnormal iron metabolism | Insufficient evidence in retrieved documents.
acetylated lysines | acetylated histones | acetyllysine residues
memory problems | loss of memory | dysmnesia
yes
Multiple endocrine neoplasia types 1 and 2 | Von Hippel-Lindau disease | Neurofibromatosis type 1 | Carney complex | Pheochromocytoma-paraganglioma syndrome | Familial nonmedullary thyroid carcinoma | Medullary thyroid carcinoma | Gastroenteropancreatic tumors | Pheochromocytoma | Paraganglioma
Three
yes
SERCA, particularly SERCA2a, plays a significant role in diabetic cardiomyopathy. Its expression is reduced or diminished, leading to impaired calcium homeostasis and contributing to cardiac dysfunction and slowed relaxation. The depressed SERCA2a and Ca2+-release channels are involved in the pathology of diabetic cardiomyopathy.
yes
ChIA-PET is a method used to study chromatin interactions. It combines Chromatin Immunoprecipitation (ChIP), proximity ligation, and high-throughput sequencing (or next-generation sequencing) to identify physical contacts between regions bound by specific proteins and to study genome-wide long-range chromatin interactions. The method converts functional chromatin structure into short tag sequences.
no
Pentostatin | 2-deoxycoformicin
yes
no
There is a positive association between h-index and academic rank in academic neurosurgery. The h-index increases with academic rank, and there is a statistically significant difference between each rank. An increase of the h index by 5 appears to correspond to the next highest academic rank.
yes
Mindfulness-based interventions, particularly MBSR programs, appear to have value for prostate cancer patients. They are associated with enhanced quality of life, decreased stress symptoms, and may support dietary changes. There is also evidence suggesting that these interventions can reduce anxiety, avoidance, and fear of cancer recurrence.
There is no current prostate cancer screening program in the UK [1]. Two systematic reviews have concluded that screening should not be carried out, a recommendation generally accepted in the UK [2]. However, there are ongoing UK trials evaluating prostate cancer screening and treatment [4], and medical debate continues regarding the use of the PSA test for screening [5].
Hypercalcemia | Hypercalciuria | Hypothyroidism
Secreted frizzled-related protein 3 (sFRP3) is hypothesized to be a tumor suppressor gene. Evidence suggests that it is down-regulated in some cancers, although it is also found to be produced by multiple myeloma cells.
Albumin depletion improves protein profiling patterns, maintains reproducibility, and serves as a suitable prefractionation method for CSF. There is insufficient evidence in retrieved documents to determine any disadvantages of albumin depletion.
Long noncoding RNAs (lncRNAs), including lincRNAs, are critical epigenetic regulators of gene expression. The genetic regulation of lincRNA expression is independent of the regulation of neighboring protein-coding genes. lncRNAs can regulate gene expression through mechanisms such as cis-acting activation of transcription factors.
glutamate receptor, ionotropic, kainate | Insufficient evidence in retrieved documents.
Ser-129
yes
Thalidomide may prolong disease stabilization in recurrent glioblastoma. However, thalidomide given simultaneously with radiation therapy did not improve survival in patients with newly diagnosed glioblastoma. Thalidomide is a well-tolerated drug that may have some activity in the treatment of recurrent glioblastoma.
no
kif6
no
Premature ejaculation (PE) | Chronic spontaneous urticaria (CSU)
Pyknons are non-random sequence patterns significantly repeated throughout non-coding genomic DNA that also appear at least once among coding genes. They arrange combinatorially in the untranslated and coding regions of numerous human genes where they form mosaics, representing a link between coding and non-coding DNA.
yes
Deadenylases play a central role in the degradation of most mRNAs by catalyzing deadenylation. They are also required for preparing mRNA substrates and are essential for P-body formation and regulation.
IL-17 receptor A | IL-17 receptor | IL17RA
6 kb | 7kb | Insufficient evidence in retrieved documents.
NF1 gene | neurofibromin (NF1) gene | NF1 gene on chromosome 17
αvβ3 integrin receptor | αvβ5 integrin receptor
yes
U1 small nuclear RNA can be used in gene therapy to correct splice defects. It can also act as a vector for delivering antisense molecules to inhibit the splicing reaction.
Insufficient evidence in retrieved documents.
yes
yes
yes
TP53 | ATM | MYD88 | NOTCH1 | SF3B1
Dendritic cells are a promising tool in therapeutic vaccination against cancer and have proven to be feasible and effective in some patients. However, a better understanding of how dendritic cells induce and modulate immunity is necessary to optimally exploit them in anticancer vaccines.
dominant | Insufficient evidence in retrieved documents. | Insufficient evidence in retrieved documents.
Christianson syndrome
Statutory social health insurances' obligation to reimburse the costs for erectile dysfunction treatment has been questioned. Coverage of Viagra has been limited through exclusions or restrictions, influenced by value judgments. Exceptions to total bans on reimbursement have been suggested, along with involving the medical profession in decision-making.
Lock mass is used in Orbitrap measurements to compensate for drifts in instrument calibration by providing an internal mass standard, which reduces systematic error and improves mass accuracy.
CMV infection | CMV disease
yes
chromosome 9 | chromosome 15 | chromosome 6
Translocations involving ETS-transcription factors | t(11;22)(q24;q12) | t(11;22)
yes
Could you specify which tissue type(s) you are interested in?
Pleural effusion | Ascites | Pelvic mass | Ovarian mass
Stabilizing | Increase | Protecting it from endonucleolytic cleavage
Intercalation inside the double helix | Forming monoadducts or interstrand cross-links
yes
no
Serum cystatin C | Human urinary peptides | Urine albumin-to-creatinine ratio (UACR) | Creatinine-cystatin C estimated GFR (eGFRCrCyC)
alpha-synuclein | alpha-synuclein (AS) | Insufficient evidence in retrieved documents.
Normal variant in the second trimester | Cystic fibrosis (CF) | Swallowing of amniotic fluid after intraamniotic bleeding | Fetal aneuploidy
Trimetazidine activates AMPK in the heart. This activation is involved in the improvement of cardiac function.
Dephosphorylating phosphatidylinositol 3-phosphate and phosphatidylinositol 3,5-bisphosphate | Lipid phosphatases | Inositol polyphosphate 3-phosphatases
yes
Insufficient evidence in retrieved documents.
yes
Multidrug-resistant tuberculosis | Multidrug-resistant pulmonary tuberculosis
The Carotid Occlusion Surgery Study (COSS) aimed to determine if superficial temporal artery-middle cerebral artery (STA-MCA) bypass, when added to the best medical therapy, would reduce subsequent ipsilateral stroke in patients with complete internal carotid artery (ICA) occlusion and an elevated oxygen extraction fraction (OEF) in the cerebral hemisphere distal to the occlusion. The study also examined whether STA-MCA bypass, in addition to best medical therapy, reduced the risk of ipsilateral ischemic stroke in patients with carotid artery occlusion and hemodynamic cerebral ischemia.
Here's a list of the advantages of top down mass spectrometric analysis of histones, based solely on the provided evidence:

*   Enables closely related histone variants and their modified forms to be identified and quantitated with unprecedented precision.
*   Provides a global perspective of H2A regulation through the cell cycle.
*   Quickly profiles global changes and directly probes the connectivity of modifications on the same histone.
Reversal mirror-image of thoracoabdominal organs | Mirror image of thoracic and abdominal organs | Total vertical transposition of thoracic and abdominal organs
yes
IGT in normal weight persons with decreased insulin secretion | Glibenclamide therapy | Insufficient evidence in retrieved documents.
KDEL | Lys-Asp-Glu-Leu | tetrapeptide KDEL
Metformin treatment in women with polycystic ovaries improves ovulation frequency and cardiovascular risk factors. Women with lower BMI who received metformin were more likely to become pregnant compared to those receiving a placebo. Metformin has also been studied in women with clomiphene citrate (CC)-resistant polycystic ovaries and as a pre-treatment for IVF stimulation.
Trypsin | AspN
Mfd protein | Transcription-repair coupling factor (TRCF)
Generalized anxiety disorder is not associated with increased mortality risk. In fact, it may even predict less mortality in elderly people with depression. The potentially protective effect of generalized anxiety disorder on mortality requires further research.
human interleukin-5 (IL-5) | interleukin-5 | IL-5
chest pain and dyspnea | Myoclonic astatic epilepsy | epilepsy
yes
Treatment with granulocyte colony-stimulating factor (G-CSF) leads to a rise in absolute neutrophil counts (ANC) in patients with severe congenital neutropenia. Also, rhGM-CSF may increase neutrophil counts in patients with chronic neutropenia.
KVLQT1 | HERG | SCN5A | KCNE1 | KCNE2
yes
Resveratrol inhibits mTOR signaling. This inhibition may occur through targeting DEPTOR or by promoting the interaction between mTOR and DEPTOR. At concentrations that inhibit mTOR, resveratrol suppresses cellular senescence.
yes
Keratectasia | Keratoconus | Cornea blindness from severe corneal scarring
AMPK activation prevents cardiac remodeling after myocardial infarction. It protects cardiac structure and function by increasing cardiac autophagy, protecting against cardiac apoptosis, and ultimately improving cardiac structure and function.
Solanezumab is a monoclonal antibody that binds to β-amyloid (Aβ). It neutralizes soluble Aβ peptides. β-amyloid is believed to play a key role in the pathogenesis of Alzheimer's disease (AD).
Skin hyperextensibility | Dystrophic scarring | Joint hypermobility
Gabapentin | Coanalgesics | Opioids | Benzodiazepines | Lidocaine 5% patches
The "calcium paradox" describes the deleterious effects observed in an isolated perfused heart when it is perfused with a calcium-free solution followed by a calcium-containing solution. These effects include loss of mechanical activity, sarcomere disruption, irreversible cell damage, and alterations in the physiology and biochemistry of the tissue. This phenomenon is also associated with rapid consumption of myocardial high-energy phosphate stores.
yes
Hsp70 and Hsp110 proteins bind to RNA motifs involved in mRNA stability. These proteins preferentially bind AU-rich RNA in vitro.
The Prudent diet is characterized by high intakes of vegetables, fruits, whole grain products, fish, peas, honey, nuts, juice, dry fruits, vegetable oil, liver and organic meat, and coconuts. It is characterized by low intakes of refined grain products, hydrogenated fat and non-leafy vegetables. It is similar to a Mediterranean diet.
Necroptosis has significant effects in regulating cancer. It is a programmed cell death pathway that is caspase-independent. However, the specific role of necroptosis in cancer therapy is not detailed in the provided snippets.
yes
Women | More commonly seen in women | More common in women
Are you asking about the FINDbase database of mutations and allelic variants, or something else?
yes
MECP2 | MeCP2 | X-linked methyl-CpG binding protein 2
yes
D2
CYP2C9 | VKORC1
14,000 | 14,595 | 14 kD
Canagliflozin | Dapagliflozin
Glucocerebrosidase gene (GBA) | GBA | Glucocerebrosidase gene
Insufficient evidence in retrieved documents.
DEB and MMC stressing are reliable techniques for the definitive cytogenetic diagnosis of FA homozygosity. A flow-based mitomycin C sensitivity test is also a reliable alternative method to evaluate Fanconi anemia phenotype in fibroblasts.
yes
Lysine-specific demethylase 1 (LSD1) is a critical regulator of hematopoiesis. It restricts hematopoietic progenitor proliferation and is essential for terminal differentiation. LSD1 is also involved in SALL4-mediated transcriptional repression in hematopoietic stem cells, and its knockdown upregulates key hematopoietic genes.
Schizophrenia | Symptoms such as delusions, hallucinations, agitation and aggressive behaviour | Psychosis
Periodic paralysis | Cardiac arrhythmia | Facial dysmorphisms | Skeletal dysmorphisms
Induced pluripotent stem cells (iPSCs) are used to study cardiovascular diseases by modeling "disease in a dish" and generating patient-specific cardiomyocytes. This allows for the study of disease mechanisms, drug discovery, and drug repurposing. iPSC technology also advances cell differentiation and characterization, providing resources for studying cardiovascular disorders.
Hirschsprung's disease
LEKTI | lymphoepithelial Kazal-type-related inhibitor | serine protease inhibitor Kazal-type 5
SPINK5 gene | LEKTI protein
Parkinson's disease | Dementia with Lewy bodies (DLB) | Lewy body disease
Type I iodothyronine deiodinase | D1 | Type III iodothyronine deiodinase
NotchIC | CSL | Mastermind | Notch1 (ANK) | Mastermind-like-1 (MAML-1) | NotchICD | CBF-1 | Suppressor of hairless | LAG-1
Antibodies have variable domains (VH and VL) and hypervariable regions. The conformation of these hypervariable regions is determined by a few key conserved residues, contributing to sequence variability.
Repressor | Transcriptional repressor | Transcription repressor
yes
no
Orexin receptors OX1R and OX2R | Orexin receptor | OX(1)R and OX(2)R
Type 2 diabetes mellitus (T2DM) | Type 2 diabetes
CATALYST HypoRefine program | Cat Scramble validation | HypoGen | Test set | Decoy set | Cat-Scramble methodology | Structure based pharmacophores (SBPs) | LigandScout program
yes
First trimester
yes
yes
Are you asking about a specific gene, protein, or something else related to TFBSshape?
yes
yes
Small-molecule histone methyltransferase inhibitors
Amyotrophic Lateral Sclerosis (ALS) is characterized by the loss or death of motor neurons. This leads to muscle weakness, atrophy, paralysis, and spasticity.
alpha-cardiac myosin heavy chain gene | MLC-2 gene | cardiac alpha-actin | myosin heavy chain
yes
Tofacitinib | Baricitinib | Ruxolitinib
Alternative translation initiation beginning in DMD exon 6 results in the expression of a highly functional N-truncated dystrophin isoform. This isoform has been shown to ameliorate the severity of dystrophinopathy.
Insufficient evidence in retrieved documents.
yes
Plays a role in serotonin clearance | Serotonin clearance | Influences mood and behavior
Individuals with Fanconi anemia face an increased risk of malignancy, including leukemia and solid tumors. They also have a high incidence of aplastic anemia. Other risks include chromosomal breakage, pancytopenia, and congenital malformations.
yes
yes
yes
canonical and noncanonical Wnt signaling pathways | canonical Wnt signaling | Wnt signaling
alpha-galactosidase A (Gla) | α-galactosidase (α-Gal) | lysosomal enzyme alpha-galactosidase A
no
yes
yes
IGF-1 can improve myocardial structure and function recovery after infarction, especially when combined with CPC therapy. It prevents cell death, limits ventricular dilation and cardiac hypertrophy, modulates inflammation, increases antiapoptotic signaling, and increases proliferative activity in ventricular tissue. Intramyocardial injection of IGF-1 can stimulate resident cardiac progenitor cells.
There is no current prostate cancer screening program in the UK [1]. This is because systematic reviews have generally advised against screening, a recommendation largely accepted in the UK [2]. However, there are ongoing UK trials evaluating prostate cancer screening and treatment [3], and PSA testing is used despite the lack of a formal screening program [4, 5].
yes
caspase-1 | CASPASE-1 | CASP1
fruit fly
ELANE gene | Neutrophil elastase gene | ela2
TGF-beta plays a crucial role in cardiac repair after myocardial injury by suppressing inflammation, promoting myofibroblast modulation and extracellular matrix deposition, inducing myogenic differentiation of stem cells and angiogenesis, and orchestrating the interplay between scar-based repair and cardiomyocyte-based regeneration. It also stimulates matrix deposition in the infarct scar.
Everolimus
no
yes
CNEFinder | UCNEbase | TFCONES | Ancora
Comprehensive expression profiles and functional annotation of mammalian cell-type-specific transcriptomes | To map regulatory and transcriptional features to the human genome | Functional annotation of the mammalian genome
yes
The mammalian gene Irg1 is the ortholog of the bacterial gene encoding methylcitrate dehydratase. It plays a role in embryonic implantation, neurodegeneration, and apoptosis.
yes
Paranoid schizophrenia | Bipolar action
Systemic nickel allergy syndrome (SNAS) occurs in patients with nickel-allergic contact dermatitis and is characterized by systemic reactions after eating nickel-rich food. SNAS can manifest as cutaneous or extracutaneous symptoms, including gastrointestinal, respiratory, neurological issues, urticaria/angioedema, and digestive problems.
IgG4 | IgG4-RSD | Insufficient evidence in retrieved documents.
Spontaneous cardiomyopathy | Heart failure | Impaired healing | Severe reduction in the number of myofibroblasts | Abnormal histology in the liver | Enhanced cell proliferation in the liver | Hepatomegaly
no
Melatonin MT1 receptors | Melatonin MT2 receptors | More than 160 other pharmacologically relevant receptors and several enzymes
yes
ELMO1 interacts with Dock180 to regulate Rac1 activity, which plays a role in cell migration. The ELMO.Dock180 complex activates Rac at specific locations within the cell, influencing cell migration. Elmo1 is also important for lymphocyte migration.
K-48 linked protein ubiquitination is associated with protein degradation, targeting proteins to the proteasome. Specifically, it is involved in the processing of NF-κB precursors and the degradation of inhibitor of kappa B (IκB) proteins.
yes
RNA polymerase II | DNA-dependent RNA polymerase II | RNA polymerase I | Unidentified RNA polymerase activity resistant to alpha-amanitin
20S proteasomal subunit alpha4
Riociguat | Adempas(®)
There is no consensus on vancomycin dosing in newborns and young infants, but dosing recommendations often consider weight and postconceptual age. One study recommends different initial dosage regimens based on whether the infant weighs less than or greater than 1,000 gm, along with monitoring serum vancomycin concentrations. Significant variation exists in dosing regimens across neonatal units.
Part of the CRISPR/Cas9 system | Not an inhibitor | Insufficient evidence in retrieved documents.
PI3K | PI3K-δ
Valproic Acid | Carbamazepine
Yersinia pestis | Yersinia
1,4-benzothiazepine
Upregulated | Up-regulated
Are you asking about the use of oxantel pamoate specifically, or another form of oxantel?
Are you asking about apelin as a gene, a protein, or its function in a specific disease?
Regulation of gene expression | RNA-processing protein | May play a role in the pathogenesis of colorectal cancer
protein tyrosine kinase | nonreceptor tyrosine kinases | tyrosine kinases
Autosomal dominant | Autosomal dominant inheritance | Autosomal dominant pattern of inheritance
H3K36me3 is a histone modification that has been associated with alternative splicing. Additionally, levels of H3K36me3 and H3K79me1 correlate with differences in alternative splicing patterns. Splicing can also contribute to histone modification.
yes
yes
P-bodies (processing bodies) are cytoplasmic granules or protein complexes involved in mRNA regulation. They participate in mRNA degradation, translational arrest/repression, storage, and quality control. P-bodies contain non-translating mRNAs and proteins from the mRNA decay and silencing machineries.
Decitabine's mechanism of action involves reactivating genes silenced by hypermethylation through promoter demethylation, release of histone deacetylases (HDACs), and accumulation of acetylated histones. It also induces regional chromatin remodeling of some unmethylated genes. However, clinical response does not correlate with demethylation of the p15 gene promoter or the repetitive DNA element LINE, suggesting that the mechanism is not fully understood and may involve other epigenetic mechanisms.
rfx6
no
Information collection | Prevention | Diagnosis | Treatment | Monitoring | Pediatric obesity prevention and treatment | Healthy eating | Physical activity promotion | Weight-loss
yes
DKC1 | TINF2
yes
Kallisto | Salmon | Tophat-HTSeq | Tophat-Cufflinks | STAR-HTSeq
Brugada syndrome is characterized by specific electrocardiographic patterns, including ST-segment elevation in the right precordial leads and a morphology of the QRS complex resembling a right bundle branch block. Patients often have structurally normal hearts but may experience syncopal episodes or sudden cardiac death due to ventricular arrhythmias. The electrocardiographic manifestations can transiently normalize.
alpha-synuclein | alpha-synuclein (AS)
Insufficient evidence in retrieved documents.
HOT regions quantitatively predict RNA polymerase recruitment | Most HOT regions co-localize with RNA polymerase II binding sites | HOT regions tune the promoter for RNA polymerase II recruitment
MC1R variants | MC1R polymorphisms | Six exonic MC1R variations highly penetrant for red hair (R) | Four exonic MC1R variations weakly penetrant for red hair (r) | Two frameshift variations highly penetrant for red hair (R) | Three variations in the promoter region | Non-synonymous single nucleotide polymorphisms in the human MC1R gene
XRN1 | 5'-3' exonuclease Xrn1 | 5'-to-3' exoribonuclease Xrn1
Distal hereditary motor neuropathy | Silver syndrome | Spastic paraplegia 17 | Distal hereditary motor neuropathy type V | Charcot-Marie-Tooth disease type 2 (CMT2) with predominant hand involvement
Programmed cell death protein 1 (PD-1) | Programmed death 1 (PD-1) | Insufficient evidence in retrieved documents.
*   SCH-527123
The FAA (FANCA) gene contains 43 exons spanning approximately 80 kb. Exons range from 34 to 188 bp. FANCA is mutated in more than 60% of cases of Fanconi anemia.
Are you asking about the SNORD116 gene, or something else?
Mediates mitochondrial and peroxisomal division | Regulating mitochondrial fission | Glucocorticoid modulation of mitochondrial function in hepatoma cells
The breast cancer susceptibility gene BRCA2 is associated with Fanconi anemia complementation group D1 (FA-D1).
Catecholaminergic polymorphic ventricular tachycardia (CPVT-2) | CPVT
The most frequent non-canonical sequence motif at splice sites is GC-AG, found in 0.56% of cases. Other non-splice site motifs exist, such as exonic splice enhancers, but the provided information does not specify if they are canonical or non-canonical.
Blocks L-type channels | L-type channel antagonist | No significant effect on Ca(2+) signal
Cranberry juice is considered a therapeutic agent for urinary tract infections because it prevents the adhesion of bacteria, such as Escherichia coli, to the bladder epithelium [1, 2]. Uropathogenic Escherichia coli (UPEC) is the main cause of urinary tract infections [5].
Respiratory Illness | Diabetes | Haemophilia | Allergy | Headache
Multiple myeloma
LC3 | GABARAP | GATE-16
Flaviviridae | flavivirus
yes
The Triplex R/Bioconductor package identifies and visualizes potential intramolecular triplex patterns (H-DNA) in DNA sequences. It searches DNA sequence data for nucleotide patterns capable of forming intramolecular triplexes and generates 2D and 3D diagrams of the identified triplexes. The package integrates with other Bioconductor packages.
Somatic mutation | Activating point mutations | Mutations at codon 12
yes
The Indian Polycap Study (TIPS) | PolyIran trial
Are you asking about transvection in the context of genetics, or something else?
Probiotics appear to play a role in preventing and treating gastrointestinal diseases by improving intestinal microbial balance, affecting the immune process, protecting against abnormal invasive bacteria, and producing short-chain fatty acids. They may also restore the imbalance in the microflora and improve IBS-specific quality of life. Gastrointestinal disease specialists recognize a role for probiotics and have used them therapeutically.
Aortic root dilatation | Aortic valve regurgitation | Aortic root dissection
Pufferfish are associated with tetrodotoxin (TTX). TTX has also been detected in other edible taxa and unknown fish.
Autosomal dominant inheritance | Dominantly inherited | Autosomal dominant type
HBS1L-MYB intergenic variants affect regulatory elements occupied by erythroid transcription factors and interact with MYB. These variants reduce transcription factor binding, affecting long-range interactions with MYB and its expression levels, thus regulating fetal hemoglobin levels. These data provide a functional explanation for the genetic association of HBS1L-MYB intergenic polymorphisms with human erythroid traits and HbF levels.
YAP1
yes
25 nm | ∼ 25 nm | about 24 nm
yes
Propionic acidemia is caused by mutations in the PCCA and PCCB genes. These mutations lead to a deficiency of PCC activity, resulting in propionic acidemia.
protein phosphatase-1
G-CSF treatment for severe congenital neutropenia carries a risk of developing leukemia or acute myeloid leukemia (AML). The risk of leukemia increases with the degree of G-CSF exposure, and 10-30% of patients may develop AML. However, the risk of leukemia is stable long-term.
internal globus pallidus | globus pallidus | ventral intermediate thalamic nucleus
Myosin-Ibeta | Myosin-VI | Myosin-VIIa
The treatment strategy for spinocerebellar ataxia type 3 involves ataxin-3 protein modification by removing the CAG containing exon.
The angiogenin binding element (ABE) is located in the nontranscribed region of the ribosomal RNA gene. The angiogenin-binding DNA sequence is CTCTCTCTCTCTCTCTCCCTC.
IκBs | Sef
Autosomal recessive and autosomal dominant | Autosomal recessive | Autosomal dominant
Glioblastomas (GBM) | Malignant pleural mesotheliomas (MPM) | Multiple cancers, including glioblastoma (GBM) | Pancreatic cancer
Growth factor stimulation results in the acetylation of S6K1 at lysine 516. Additionally, inhibition of class I/II histone deacetylases (HDACs) by trichostatin-A also increases S6K1 acetylation.
Could you please specify the context in which you are interested in angiocrine factors, such as a particular disease, tissue, or process?
Protein carbamylation is a nonenzymatic post-translational modification mediated by cyanate, a dissociation product of urea [4, 5]. Cyanate ions react with the amino groups of lysines, arginines, protein N-termini, as well as sulfhydryl groups of cysteines [2]. It is involved in protein molecular ageing [4].
Mutations in the gene encoding a glial glutamate transporter | Mutations in the gene encoding the excitatory amino acid transporter-1
Essential for DNA replication | Central player in DNA replication | Stimulate replicative DNA polymerases
yes
Inn1 is a cytokinetic regulator. Its C2-domain acts in conjunction with Cyk3 to regulate the catalytic domain of Chs2 during cytokinesis.
Growth hormone deficiency | Cortisol deficiency
Cdc45 | Mrc1 | Tof1-Csm3 complex | FACT | Ctf4 | Mcm10 | Topoisomerase I | MCM2-7 helicase | SCF(Dia2)
A minimal absent word is a word that does not occur in a given sequence, where all its proper factors do occur in the sequence. This means that if the leftmost or rightmost character of a minimal absent word is removed, the resulting word is no longer an absent word.
Both congenital central hypoventilation (CCHS) and Mowat-Wilson syndrome (MWS) are syndromic entities associated with Hirschsprung disease (HSCR).
delta F508 | p.F508del | cftr ΔF508
Aip1 | Ede1 | Inn1
yes
Etioplasts | Chloroplasts
*   Target IL-5.
Irg1 expression correlates with itaconic acid amounts | Inhibits growth of bacteria expressing isocitrate lyase | Antimicrobial effect
no
LRSAM1 | GDAP1
ATF-2/c-Jun | IRF-3 | IRF-7 | NF-kappaB | HMGI(Y)
yes
CancerSubtypes
Meningioma
Centrosome | Centriole
yes
secretory phospholipase A2 (sPLA2) | enzymes of the human secretory phospholipase groups IIa, V and X | plasma sPLA2-IIA
Sodium glucose cotransporter 2 (SGLT2) | SGLT-2
Muenke syndrome is characterized by coronal suture synostosis, hearing loss, and limb anomalies such as carpal and tarsal bone fusion. Additional symptoms can include midface hypoplasia and developmental delay or intellectual disability. The syndrome is also associated with the Pro250Arg mutation in the FGFR3 gene.
Cognitive behavioural treatment | Family-based cognitive behavioural treatment | School-based group cognitive-behavioral treatment (CBT)
Istradefylline
Characterize myocardial diffuse fibrosis | Detecting cardiac AL amyloidosis | Quantitative assessment of diffuse myocardial fibrosis
chaperone-mediated autophagy
Insufficient evidence in retrieved documents.
Dabigatran therapy in patients with atrial fibrillation can prolong aPTT in a dose-dependent manner. However, the relationship is not linear, and a normal aPTT may suggest inadequate anticoagulation. High aPTT might be associated with bleeding risks.
antifreeze glycoproteins | type III anti-freeze proteins | type III anti-freeze protein (AFP) | skin-type anti-freeze protein-3
Ser5 | Ser-5 | Ser5 phosphorylation
yes
Micro RNAs (miRNAs) | small nuclear RNAs | small nucleolar RNAs (snoRNAs) | cryptic unstable transcripts (CUTs) | upstream regulatory RNAs (uRNAs) | Circular RNAs (circRNAs)
Insufficient evidence in retrieved documents.
Pharmacological prophylactic therapies for cluster headache include verapamil, lithium, divalproex sodium, topiramate, methysergide, gabapentin, indomethacin, ketoprofen, and galcanezumab. Verapamil is considered the mainstay of prophylactic therapy, while other medications may be useful when verapamil is ineffective.
Phospholamban (PLB) inhibits the activity of SERCA2a, the Ca2+-ATPase, by decreasing the enzyme's affinity for Ca2+. This inhibitory interaction regulates Ca2+ transport. Phospholamban expressed in cardiac muscle regulates SERCA activity.
SIN1 | Rictor
Digit ratio (2D:4D) is associated with several cancers, including gastric, oral, and prostate cancer. It is suggested that digit ratio could act as a possible marker for cancer predisposition. The digit ratio has been linked to the risk of cancer.
yes
yes
Insulin resistance | Dyslipidemia | Essential hypertension | Glucose dysregulation | Central obesity | Elevated blood pressure | Elevated plasma glucose | Prothrombotic state | Proinflammatory state | Glucose intolerance | Obesity | Elevated triglycerides | Low levels of high-density lipoprotein cholesterol
Cabozantinib | Vandetanib | Sorafenib | Lenvatinib | Anlotinib | Dovitinib
yes
yes
Palindromic words | Semi-palindromic motifs | Avoided words of length
KRAS | BRAF | EGFR | EGF
yes
norvaline
yes
Therapeutic hypothermia is a recognized treatment for term infants with HIE, but little is known about its applications to preterm newborns [2]. One study found that mild hypothermia seems feasible and safe in preterm neonates with severe NEC and MODS [3, 4]. This study suggests that further investigation of the efficacy of hypothermia in this population is warranted [4].
Stain-free protein gels offer advantages such as rapid visualization of gel separation and protein transfer. They also make the Western blot process faster, more transparent, quantitative, and reliable, while serving as a reliable total protein loading control. Additionally, stain-free technology appears to be more reliable, robust, and sensitive.
Receptor activator of nuclear factor κB ligand | RANK-ligand | RANKL
spleen tyrosine kinase (Syk) | Syk-kinase
yes
yes
Chargaff's second parity rule (PR2) states that complementary nucleotides are met with almost equal frequencies in single-stranded DNA. It is also described as the intra-strand equality rule of A = T and G = C, where the extent of deviation from this rule is specific for individual amino acids.
yes
yes
Proteostasis, also known as protein homeostasis, is the balance between synthesis, maturation, and degradation of cellular proteins [1]. It maintains a stable and functional proteome through equilibrium between synthesis, folding, trafficking, aggregation, disaggregation, and degradation [2].
MTM1 gene
yes
Adiponectin has been suggested to have a role in migraine, potentially through its involvement in feeding and obesity [2, 4, 5]. However, the link between serum adiponectin and migraine remains elusive [3]. Future research may explore how adiponectin levels change during migraine attacks and how this could inform migraine therapy [1].
Oncogene addiction is the acquired dependence of tumor cells on an activated oncogene for their survival and/or proliferation. This phenomenon has important implications for the success of targeted cancer therapies. It is also related to the inactivation of tumor suppressor genes.
yes
Cells at advanced stages of differentiation in the upper epidermis | Differentiating inner root sheath and hair shaft | Mature sebocytes of the sebaceous gland and preputial, meibomium, ceruminous gland, and anal glands
Amino-terminal domain | N-terminal
yes
anti-GQ1b antibodies | anti GQ 1 b, GT 1 a, GM 1 ganglioside antibodies
miR-146a | miR-155 | miR-17-92 | microRNA-221/222 | microRNA-323-3p | microRNA-203 | microRNA-223
yes
yes
yes
The OMIA database is a comparative biology resource and an annotated catalogue of inherited disorders and familial traits in animals other than humans and mice. It contains phenotypic information on heritable animal traits and genes, relating traits to genes where possible.
Methotrexate is used in juvenile idiopathic arthritis, but controlled studies on its use in uveitis are lacking. Methotrexate use is associated with uveitis in children without systemic arthritis.
RNGTT (RNA guanylyltransferase and 5' phosphatase) | RNMT (RNA guanine-7 methyltransferase) | guanine-7-methyltransferase
Are you asking about HOCOMOCO in the context of gene regulation or something else?
Psoriasis
yes
yes
Rapid decline in T3 | "Low T3 state" | Insufficient evidence in retrieved documents.
Fascin | Vasodilator-stimulated phosphoprotein
Spt-Ada-Gcn5-acetyltransferase | Spt-Ada-Gcn5 Acetyltransferase
Insufficient evidence in retrieved documents.
The Universal Proteomics Standard 2 (UPS2) has a dynamic range of 5 orders of magnitude and was introduced by The Association of Biomolecular Resource Facilities Proteomics Standards Research Group in 2006.
ataxin-2 | Ataxin-2 protein | cytosolic protein ataxin-2
Viroids
Early Schistosoma spp. infection | Acute invasive schistosomiasis
Secondary prevention studies with teplizumab | Secondary prevention studies with abatacept | EVOLVE-2 Phase 3 randomized controlled clinical trial | Carotid Occlusion Surgery Study randomized trial | Insufficient evidence in retrieved documents.
mpMoRFsDB | mpMoRFsDB: a database of molecular recognition features in membrane proteins
LepChorionDB
yes
yes
Aurora A kinase | Aurora A
yes
no
Gait disturbance | Cognitive dysfunction | Urinary incontinence | Sweating | Palpitations | Headache | Cognitive impairment | Urinary impairment
epidermal growth factor receptor (EGFR) | receptor tyrosine kinase | EGFR tyrosine kinase inhibitors
Keratin filaments | Keratin is a protein in the intermediate filament family | Keratin filament network | Keratin filamentous network | Keratins are the intermediate filament (IF) proteins
yes
yes
Increased risk | Greater than 10% risk | High risk
One | FGFR3(P250R) | P250R
Analysis of cell-free DNA in maternal circulation | Free fetal DNA in maternal blood | RNA-based determination
S100A1 | SERCA2a
ecallantide | Dyax Corp.
Bidirectional ventricular tachycardia (BVT) is a rare arrhythmia characterized by an alternating beat-to-beat ECG QRS axis. It is also described as an uncommon type of polymorphic ventricular tachycardia (PVT).
LRRK2 | Genes on chromosome 9p (distinct from RLS3)
yes
yes
PiggyBac | PB | Sleeping Beauty
During heat stress, TORC1 is recruited to and sequestered within stress granules (SGs), which are cytoplasmic foci formed under stress conditions. This sequestration delays the reactivation of TORC1 signaling during recovery from heat stress.
yes
Fatigue | Lightheadedness | Nausea | Vomiting | Passage of semifluid fecal material | Intermittent penile relaxation | Mild sedation | Dizziness | Insomnia
yes
Text mining | Network-based methods | Gene annotation | Evaluation of pertinent sequence motifs or signatures | Microarray data-based gene prioritization | Gene prioritization from microarray data based on shortest paths
Primary ciliary dyskinesia (PCD) | PKD | autosomal dominant polycystic kidney disease
Ultraconserved elements are useful as phylogenomic markers. They can resolve placental mammal phylogeny when combined with species-tree analysis.
prostacyclin
Meier-Gorlin syndrome is a rare autosomal recessive disorder. Its characteristics include microtia (small ears), aplasia/hypoplasia of the patellae (absent or underdeveloped kneecaps), and growth retardation/small stature.
glucocerebrosidase | lysosomal glucocerebrosidase | beta glucocerebrosidase
Hsp90 inhibition can sensitize cancer cells to chemoradiotherapy and potentiate anti-tumor activity. Low concentrations of Hsp90 inhibitors can enhance apoptosis in bladder cancer cells treated with chemoradiotherapy. Hsp90 inhibition also exerts antiproliferative effects in pancreatic cancer cells.
Medulloblastoma | Cerebellar primitive neuroectodermal tumor
CHIP | C terminus of Hsc70-interacting protein
Allophycocyanin | Phycocyanin | Phycoerythrin
yes
Fungi | the fungi reign
X-linked | Autosomal dominant | Autosomal recessive
Dabigatran is a direct thrombin inhibitor that works independently of antithrombin. It directly inhibits thrombin to exert its anticoagulant effect.
Batten disease | Neurodegenerative disorder | Inherited neurodegenerative disease of childhood
alpha-MHC | SR Ca(2+)-ATPase
yes
MetaTM | HMM_RA | HMMTOP | PROFtmb | Hidden Markov Model based method (available at http://bioinformatics.biol.uoa.gr/HMMpTM)
no
yes
*   Flybow
*   Drosophila Brainbow
Transforming growth factor-beta1 (TGF-beta1) | Hepatocyte growth factor (HGF) | TGF-β2
Aft1 is a transcriptional activator in yeast that regulates iron homeostasis by responding to iron availability and controlling the expression of genes in the iron regulon. It is also involved in other cellular processes such as cell-cycle progression, chromosome stability, and genome integrity. Aft1 interacts with kinetochore proteins and the Rad9 checkpoint protein.
yes
CAG expansion in huntingtin's gene | CAG trinucleotide repeat expansion in the huntingtin gene | Expanded CAG repeat in the huntingtin (HTT) gene
yes
Histone H3K27ac
Differ from typical enhancers in size, transcription factor density and content, ability to activate transcription, and sensitivity to perturbation | Important for controlling and defining the expression of cell-specific genes | Clusters of transcriptional enhancers that drive cell-type-specific gene expression | Crucial to cell identity | Large clusters of enhancers that activate gene expression | Large clusters of transcriptional enhancers that drive expression of genes that define cell identity
Autosomal dominant | Autosomal dominant inherited disorder | Autosomal dominant hereditary cancer disorder
Prolactinoma
Mismatched uracil DNA glycosylase (Mug) has activity against mismatched uracil base pairs, distinguishing U:G mispairs from U:A base pairs. In Escherichia coli, Mug is an initiating enzyme in the base-excision repair pathway.
Decrease cardiac output | Decrease heart rate | Negative inotropic effect
Gastric cancer | Cervical cancer | Pancreatic cancer | Ovarian cancer | Non-small cell lung cancer (NSCLC) | Esophageal squamous cell carcinoma | Colorectal carcinoma | Oesophago-gastric (OG) cancer
Human kallikrein-related peptidase 3 (hK3)
Lipids storage | Regulating storage and mobilization of lipids | Optimal energy storage
Regulate gene expression | miRNA sponges | Regulators of transcription in cis
no
yes
askHERMES | EAGLi | HONQA | INDOC
Type I iodothyronine deiodinase | Type III iodothyronine deiodinase
monoubiquitination of the FANCD2 protein | defects in genes responsible for DNA damage responses | mutations in any one of 13 known genes
Allopurinol is being tested to prevent brain damage from birth asphyxia. It may improve neurologic and neurodevelopmental outcomes in asphyxiated newborns. However, it does not improve short-term outcomes after severe birth asphyxia, but may have a neuroprotective effect in moderately asphyxiated infants.
no
Neurofilament light chain protein (NfL) is a biomarker of neurodegeneration. It may also be a biomarker for progression in multiple sclerosis (MS) and is correlated with Alzheimer's Disease (AD) biomarker patterns. NFL is released into the cerebrospinal fluid (CSF) during pathological processes in the central nervous system (CNS).
yes
Thyroid hormone (T3) influences the mRNA encoding SR Ca2+ ATPase and affects the cardiac SR Ca2+ pump gene (SERCA 2). Specifically, thyroid hormone increases the transcription of the sarcoplasmic reticulum Ca2+ adenosine triphosphatase (ATPase) gene (SERCA 2) through thyroid hormone response elements.
anthocyanin MYB-like protein
deafness | onychodystrophy | osteodystrophy | intellectual disability | seizures | sensorineural hearing loss | hypoplastic or absent nails on the hands and feet | small or absent distal phalanges of the hands and feet | mental retardation | dystrophic thumbs | increased urinary levels of 2-oxoglutarate
Molecular analysis of fetal DNA is a well-accepted method for non-invasive prenatal diagnosis of fetal chromosomal aneuploidy, including Down syndrome. Technical advances have enabled the successful implementation of this method into clinical practice.
Transcriptional start sites | Transcriptional initiation | Insufficient evidence in retrieved documents.
the poly(A) tract of pre-mRNA | RNA | gene expression
10 nm
Genomic Regulatory Blocks (GRBs) are chromosomal regions with highly conserved non-coding elements (HCNEs) that regulate a single target gene within the region. These target genes are often transcription factors involved in embryonic development and differentiation and can respond to regulatory inputs from long distances. GRBs may also contain gene deserts and bystander genes unrelated to the target gene's function.
Insufficient evidence in retrieved documents.
Progeria is a genetic condition. Specifically, it is an autosomal dominant genetic disorder/syndrome.
Essential component of the circadian clock | Phosphorylated by AMPK | Destabilized by AMPK
Are you asking about the "July Effect" in the context of medical training, financial markets, or something else?
Keratins | Nestin
DNMT1 | DNA cytosine-5 methyltransferase (MTase) | DNMTs
yes
cardiac-specific genes
yes
58% improved | Clinically safe and effective | Insufficient evidence in retrieved documents.
yes
neuroendocrine tumors | paragangliomas | gastroenteropancreatic neuroendocrine neoplasm
no
Non-syndromic hearing loss | Syndromic hearing loss | X-linked Charcot-Marie-Tooth disease-5 (CMTX5) | Arts syndrome | X-linked nonsyndromic sensorineural deafness (DFN2)
yes
HuR (ELAVL1) regulates the fibrogenic response in fibroblasts and represses ARF mRNA translation, thereby maintaining the replicative life span of mouse embryonic fibroblasts (MEFs).
Janus kinase (JAK) family of enzymes | JAK1 | JAK2
yes
Myocardial mTOR activity changes during hypertrophy and heart failure. mTORC1, a component of mTOR, is often hyperactivated in human disease. However, the specific role of mTOR in hypertrophy and heart failure is not detailed in the provided snippets.
yes
no
yes
Digoxin | Maltase | Invertase | Lipase | Streptavidin | TiO2
no
yes
DNA topoisomerase II inhibitors eliminate cancer cells by inducing DNA double-strand breaks. They can inhibit the catalytic activity of DNA topoisomerase II and induce apoptotic cell death. Many of these inhibitors are DNA intercalators.
no
yes
EGFR
Basic fibroblast growth factor (bFGF) is investigated for its role in promoting myocardial regeneration after acute myocardial infarction. Studies examine both exogenous bFGF and bFGF delivered via transmyocardial drilling revascularization combined with heparinized degradable stent implantation.
yes
Parathyroid glands | Pancreatic islet cells | Anterior pituitary gland
Ataxin-3 | AT3
Are you asking about Tn-seq in the context of bacterial genetics, cancer research, or something else?
yes
yes
yes
6.9 cases/100,000 inhabitants | 25 affected individuals/100,000 inhabitants | Insufficient evidence in retrieved documents.
yes
Sonic Hedgehog (Shh) | Indian Hedgehog (Ihh) | Desert Hedgehog (Dhh)
serine-threonine kinase | serine/threonine kinase | Insufficient evidence in retrieved documents.
Among patients with Joubert Syndrome (JBTS) and a cerebello-oculo-renal phenotype, mutations in CEP290 (NPHP6) are the most common genetic lesion.
Patient Health Questionnaire (PHQ) | 2-item Patient Health Questionnaire (PHQ-2) | 9-item Patient Health Questionnaire (PHQ-9)
no
M31 overexpression can either enhance or suppress position-effect variegation (PEV) depending on the chromosomal context. It enhances PEV when transgenes are located in centromeric or pericentromeric regions, but suppresses PEV when transgenes are non-centromeric.
yes
yes
yes
T-type calcium channels | Ca(v)3.2 channel
55 S | about 55 S
Aliskiren is a direct renin inhibitor that blocks the renin-angiotensin-aldosterone system (RAAS) at its rate-limiting step by renin inhibition. It is the first orally effective direct renin inhibitor. Its unique mechanism of action may allow for more comprehensive RAAS blockade when combined with other RAAS-blocking agents.
HU proteins | basic proteins | histone-like proteins | HMGs (1 + 2)
Calcitonin gene-related peptide (CGRP) receptor | Calcitonin gene-related peptide receptor
Photodynamic therapy (PDT) has been used for cerebral gliomas, but its activity against meningiomas has been specifically studied in vitro. Research focuses on enhancing the effect of 5-aminolevulinic acid based PDT in human meningioma cells, with susceptibility corresponding to ferrochelatase activity in WHO I meningioma cells.
yes
yes
Arnold-Chiari syndrome is a rare hindbrain abnormality involving herniation through the foramen magnum [1, 4]. It can be a malformation of the cervicomedullary junction [2]. There are different types of Arnold-Chiari malformations [5].
SERCA2a SUMOylation is a critical post-translational modification that regulates SERCA2a function. In heart failure, SUMO1 levels and SERCA2a SUMOylation are reduced, potentially contributing to the decreased SERCA2a expression seen in this condition. This suggests that SERCA2a SUMOylation plays a role in cardiac pathophysiology.
X-linked spinal and bulbar muscular atrophy (SBMA) | Fragile X syndromes of mental retardation (FRAXA and FRAXE) | Myotonic dystrophy | Huntington's disease | Spinocerebellar ataxia type 1 (SCA1) | Dentatorubral-pallidoluysian atrophy (DRPLA) | Spinal and bulbar muscular atrophy
yes
BCR-ABL | platelet-derived growth factor receptor | c-kit kinases
Insufficient evidence in retrieved documents.
MER41 repeat sequences contain inducible STAT1 binding sites and resemble long terminal repeats of retroviruses.
Functional connectivity in the default mode network is reduced or disrupted in patients with disorders of consciousness. This decreased connectivity has been observed in patients with persistent vegetative state, with specific regions like the dorsolateral prefrontal cortex and anterior cingulate cortex being affected. Assessment of functional connectivity in the DMN could be a useful marker of consciousness disturbance.
yes
rituximab | cisplatin | cytarabine | dexamethasone
yes
Proximal limb muscle weakness | Fatigability | Decreased deep-tendon reflexes | Autonomic symptoms | Proximal muscle weakness initially affecting gait | Dry mouth | Constipation | Erectile failure | Augmentation of strength during initial voluntary activation
Pyroptosis is a programmed lytic cell death pathway mediated by inflammasomes. It can be activated through canonical or noncanonical pathways and is triggered in macrophages by stimuli such as intracellular bacterial pathogens.
*   Anaerobic Actinomyces
*   Spirochetes
CAF1 | CCR4 | Poly(A)-specific ribonuclease (PARN) | Nocturnin | Angel
t(11;22) | translocation (11;22)(q24;q12)
The AtxA pleiotropic regulator, encoded by the pXO1 virulence plasmid, is required for a certain response. It functions as a pleiotropic regulator.
yes
HilbertVis | Sushi.R | dagLogo
yes
regioneR | Locus Overlap Analysis (LOLA) | IRanges | GenomicRanges | GenomicFeatures | MULTOVL
yes
The Hydrocephalus Outcome Questionnaire (HOQ) is a quantitative health status measure designed specifically for children with hydrocephalus. It is an instrument to measure the health status of children with hydrocephalus.
Prior epidemiological studies suggest a possible association between maternal smoking during pregnancy and the risk of childhood brain tumors. The available evidence supports the role of maternal smoking during pregnancy in the etiology of these tumors.
lectin pathway | lectin pathway of the complement system
yes
Strong cation exchange (SCX) | Titanium dioxide (TiO(2))
H3K36me3 | H2Bub1
no
Schizophrenia | Major depressive disorder (MDD) | Psychiatric disorders
Programmed death-1 (PD-1) | Programmed death receptor-1 (PD-1) | PD-1 receptor
yes
Some insect species are known to lack selenoproteins. Selenoproteins have been independently lost in several insect species.
autosomal dominant | dominantly inherited | autosomal dominant inheritance
yes
Rheumatoid arthritis | Multiple sclerosis | Alzheimer's disease | Cancer | Fibrosis | Neurological diseases
Blunt thoracic impact causing fatality without structural damage of the heart and internal organs | Rare type of blunt cardiac injury in which low impact chest trauma causes sudden cardiac arrest | Sudden death following blunt chest trauma
Pthirus pubis | Louse Pthirus pubis
yes
Insufficient evidence in retrieved documents.
yes
plakoglobin | Jup
Edaravone provides neuroprotection and therapeutic effects in traumatic brain injury (TBI). It reduces axonal injury, oxidative stress, inflammatory cytokines, cerebral edema, blood-brain barrier permeability, and neurological deficits following TBI. The likely mechanism is via inhibiting oxidative stress.
yes
Focal cortical dysplasia (FCD) | mild malformations of cortical development (mMCDs)
Erythropoietin may play a role in stimulating cell regeneration after myocardial infarction. Preclinical studies showed improved cardiac function and perfusion with erythropoietin, but clinical trials have not supported these beneficial effects when erythropoietin is used alone.
yes
no
yes
CLOCK | BMAL1 | Per | Cry | PER1 | PER2 | CRY1 | CRY2
hereditary motor and sensory neuropathy-Lom | CMT4D | hereditary motor and sensory neuropathy Lom (HMSNL)
yes
yes
LAMP-2A | lamp2a
Hallmarks of congestive heart failure include accumulation of oxidized matrix between the endothelium and cardiac muscle, endocardial endothelial dysfunction, increased sympathetic tone, myocardial pump deficiency, fatigue, and dyspnea.
Autosomal dominant | Inherited
*   Barrow Ruptured Aneurysm Trial (BRAT)
*   International Subarachnoid Aneurysm Trial (ISAT)
Narcolepsy cases developed after H1N1 influenza vaccination may be due to an autoimmune reaction triggered by the vaccination in susceptible individuals. Pandemrix vaccination is also identified as a precipitating factor, particularly in combination with HLA-DQB1*0602.
Fluorodeoxyglucose F 18 ((18)F-FDG) | Florbetapir F 18 ((18)F-AV-45; Amyvid™) | [(11)C]Pittsburgh compound B (PiB) | [18F]altanserin | FDG-PET
Expanding the transcriptome and subsequent analyses | Functional Annotation Of Mouse 3 | An international collaboration research project
GC-rich isochores | H2 isochores
yes
codons 12 and 13 | codons 15, 16, 18, and 31
DYNC2H1 | Cytoplasmic dynein-2
Ocrelizumab is a humanized anti-CD20 monoclonal antibody. It is used for the treatment of multiple sclerosis (MS).
Reduces contamination by endogenous biotinylated carboxylases | Eliminates contamination of nuclear extracts by carboxylases | 0.  5% Nonidet-40 (NP-40) during cell lysis and nuclei isolation
Xist RNA | Xist (X inactive specific transcript) gene | XIST--X Inactive Specific Transcripts
Viral vectors are used to deliver optogenetic tools, constructs, and protein channels to specific cells or tissues. This enables the use of light to control cellular activity for applications like vision restoration, control of cardiomyocytes, study of astrocytes, and treatment of epilepsy.
aggregation-promoting prion-like domains | 'prion domain' | distinct domain
yes
Insufficient evidence in retrieved documents.
Ceritinib is a promising treatment option in crizotinib-resistant patients. | Ceritinib has activity in crizotinib-resistant and crizotinib-naïve patients. | Ceritinib is a viable alternative for ALK-positive NSCLC. | Ceritinib is approved for the treatment of ALK-positive metastatic NSCLC in patients who are intolerant to or have progressed despite therapy with crizotinib.
Antioxidant enzyme | Antioxidant | Enzyme reducing hydrogen peroxide and lipid peroxides
yes
GPUs are more suitable for biological tasks than CPUs because they offer significant speed advantages and real-time rendering capabilities, especially when dealing with large 3D datasets and complex computations such as those found in PET imaging. GPU-based methods have been shown to be significantly faster than CPU implementations in various applications.
T4 (3,3',5,5'-tetraiodo-L-thyronine) | rT3 (3,3',5'-triiodo-L-thyronine) | D-T3 (3,3',5-triiodo-D-thyronine) | 3,5-T2 (3,5-diiodo-L-thyronine) | DIT (3,5-diiodo-L-tyrosine) | MIT (3-monoiodo-L-tyrosine) | tetrac (3,3',5,5'-tetraiodo-thyroacetic acid) | triac (3, 3',5-triiodo-thyroacetic acid) | DITPA | T(4)-agarose | 3,5,3'-L-triiodothyronine | 3,5,3'-D-triiodothyronine | 3,3',5'-L-triiodothyronine | 3,5,3'-L-triiodothyroacetic acid | 3,5-L-diiodothyronine | 3,5-Dimethyl-3'-isopropyl-L-thyronine (DIMIT) | 3,5-diiodo-3'-isopropylthyroacetic acid (IpTA2) | Thyronamines
yes
Based on the provided evidence, surgery or surgical resection is the treatment of choice for gastrointestinal stromal tumors (GIST). However, surgical indication for metastatic GIST treated with imatinib is not yet established.
Bronchiectasis | Sinusitis | Situs inversus
facioscapulohumeral muscular dystrophy (FSHD)
Rac1 | small G-protein Rac1 | G protein
Cellular cytidine deaminases | Restrict the replication of retroviruses by hypermutating viral cDNA and/or inhibiting reverse transcription | Inhibit LINE-1 retrotransposition | Neutralize specific lentiviruses | Antiviral defense
H3K9me2 | H3K27me1 | H3K27me2 | Histone H3 trimethylation at lysine 36
Characterize and quantify query sample sets of 'any protein of interest' | Complete recording of the fragment ion spectra of all the analytes | Selection of candidate proteotypic peptides
yes
Drug validation | Studying the genetic control of life-history traits in natural populations | Effects of experimental manipulations on longevity and age-related pathologies
TALENs are programmable nucleases and genome editors used for targeted modification of the mammalian genome. They can be used to generate mutant alleles and are a promising approach for loss-of-function studies. TALENs join FokI endonuclease with the modular DNA-binding domain of TALEs.
yes
A review of randomised controlled trials revealed that certolizumab pegol improved clinical results (ACR50, DAS-28 remission, and HAQ scores). However, adverse events were more frequent with certolizumab pegol, including a statistically significant increase in serious adverse events, infections, and hypertension.
Lys-ɛ-Gly-Gly (K-ɛ-GG) remnant | diglycine (GlyGly) tag
NOTCH3 gene | Notch3
Insufficient evidence in retrieved documents.
yes
Tolcapone | Entacapone | Opicapone
intermediate filaments | keratin filament network | scaffold structures
Poor short-term and long-term prognoses | Low fT3 level is a strong predictor | Insufficient evidence in retrieved documents.
CREST and certain other ALS-linked proteins can aggregate, be recruited to stress granules, and alter paraspeckle integrity. CREST also contains a prion-like domain. These features are implicated in ALS pathogenesis.
Cardiac calsequestrin gene (CASQ2) | Cardiac ryanodine receptor gene (Ryr2)
Exons generally exhibit a high degree of nucleosome occupancy. Genome-wide evidence suggests that nucleosomes are preferentially positioned in exons compared to introns. However, some exceptions exist where exons show weak nucleosome marking.
CATALYST HypoRefine program | MOE (molecular operating environment) program | LigandScout program | Genetic Algorithm Similarity Program (GASP)
yes
Leigh syndrome
Insufficient evidence in retrieved documents.
Fibroblast Growth Factor Receptor3 (FGFR3) gene | FGFR3 gene | FGFR-3
Are you asking about the safety of Abatacept for the mother or the developing fetus?
Are you asking about a gene, a research method, or something else related to DeepCAGE?
no
Malaria
Topologically Associating Domains (TADs) are substructures within chromatin compartments, also described as compact chromatin domains. They are evolutionarily conserved, influence gene expression, and are structural counterparts of replication domains.
The vibrational theory of olfaction proposes that olfactory receptors respond to the vibrations of molecules, not their shape, through inelastic electron tunneling. Electron transfer across odorants at odorant receptor active sites measures vibrational frequencies, leading to olfactory perception. Evidence supporting this theory includes the differentiation of hydrogen/deuterium isotopomers.
yes
The ASSET algorithm is used for the automated segmentation and standardization of early C. elegans embryos. It enables the quantification of images from time-lapse recordings, detects the eggshell and cell cortex, tracks subcellular structures, and standardizes data for comparisons between embryos.
yes
Pyknons are non-random sequence patterns significantly repeated throughout non-coding genomic DNA that also appear at least once among coding genes. They arrange combinatorially in the untranslated and coding regions of numerous human genes where they form mosaics. Pyknons may represent a biologically important link between coding and non-coding DNA.
type-III iodothyronine deiodinase (D3) | type-I deiodinase | type-II deiodinase
HMM-based method | Neural network-based predictor | ANN-based methods | SVM-based methods
Theatre is a web-based software tool used for the comparative analysis of genomic sequences, particularly for motifs involved in gene expression regulation. It helps determine or predict the positions of coding regions, repetitive sequences, and transcription factor binding sites in DNA sequence families by interfacing with sequence analysis tools and biological sequence databases.
Cis-regulatory modules (CRMs) are defined as cis-regulatory elements (CREs) in DNA where multiple transcription factors interact [3]. They can also be defined as clusters of conserved transcription factor binding sites (TFBSs) [5].
phospholamban | PLN
ZFHX1B | ZEB2
Endopeptidase activity assay | Cleavage of SNAP-25 monitored via UV-Visible spectroscopy | High throughput method using a microplate reader | Mouse lethality assay | Peptide cleavage assay
MDM two binding protein (MTBP)
Are you asking about oprozomib in relation to a specific condition or disease?
yes
naloxone | methadone | buprenorphine/naloxone
peripheral heterochromatin | perinucleolar heterochromatin | pericentromeric heterochromatin | interchromatin compartments | centromeric heterochromatin
yes
UvrA | UvrB | UvrC | UvrD helicase | DNA polymerase I | ligase
yes
MicroRNAs are implicated in carcinogenesis, and their deregulation is observed in various human cancers. However, the molecular mechanism underlying the alteration of miRNA expression is unknown based on the provided information.
Heterodimeric Rag GTPases | Rag GTPases
*   Human genome
*   Primate genomes
X-linked dystonia-parkinsonism | XDP
Prostate cancer | Gastric tumor cells | Melanoma | Breast cancer
Venous angioplasty, including balloon angioplasty and percutaneous transluminal angioplasty, has been proposed as a treatment for multiple sclerosis (MS), based on the hypothesis that MS is related to chronic cerebrospinal venous insufficiency (CCSVI). The procedure aims to improve blood flow in the brain and alleviate MS symptoms, potentially correcting blood pressure deviations and leading to clinical improvement. Disability caused by MS may be improved by venous angioplasty.
Which specific signaling pathway are you asking about?
yes
yes
yes
yes
Proportional to the product of lengths of the sequences being aligned | O(21C NM) | O(n2log n)
GFI1B mutation | GATA1 Arg216Gln mutation | biallelic mutations in the NBEAL2 gene
yes
yes
Anoikis is a type of programmed cell death or apoptosis. It is induced by the detachment of cells from the extracellular matrix and neighboring cells.
Na(+)-Ca(2+) exchanger | NCX | Na+/Ca2+ exchanger
Are you asking about Piebaldism in the context of a specific species or condition?
SLC49
yes
Hypothalamus | Gastric mucosa | Hypothalamic mRNA
APOBEC3G inhibits HIV-1 replication by incorporating into virions and causing G-to-A hypermutation. It can also impair viral reverse transcription and inhibit HIV-1 RNA elongation by inactivating the viral trans-activation response element. APOBEC3G also inhibits Vif-deficient HIV-1.
incontinentia pigmenti
Are you asking about a gene, a medication, or something else?
Could you specify the cell type or organism from which the pseudopodia would be purified?
In ALS spinal motor neurons, TDP-43 is predominantly localized to the cytosol and not the nucleus. It is also observed as punctuate immunoreactivity and as dense skeins, and accumulates in RNA stress granules.
FOG-1 | EKLF | SP1 | CBP/p300 | PU.1 | ETS | EGR1 | NR1I2 | C/EBPepsilon isoforms
yes
H2A.X | H2A.Z | H1R | H2AX
Community-based healthcare | At the scene of medical emergencies | By ambulance services | In hospitals | Delivering intensified care to improve blood pressure control in patients with diabetes | Achieving tighter targets of blood pressure control in patients with complicated diabetes | Collecting users' vital signs with a set of wireless sensors
In what context are you asking about ultraconserved elements and their clusters (e.g., genetics, genomics, a specific disease)?
Functional class scoring (FCS) examines the statistical distribution of individual gene scores among all genes in the gene ontology class. This method does not involve an initial gene selection step.
Timothy syndrome is a multisystem disorder associated with mutations in the Ca(V)1.2 gene. It is characterized by features including prolonged QT interval, hand and foot abnormalities, and mental retardation or autism. Cardiac, hand/foot, facial, and neurodevelopmental features are also associated with the syndrome.
severe disruption of early craniofacial development | extreme microphthalmia and severe facial clefting | autosomal-recessive ALX-related frontonasal dysplasia
25
Invadopodium maturation
chromosome XII | chromosome XVI | Insufficient evidence in retrieved documents.
Exon skipping, a therapeutic approach for Duchenne muscular dystrophy (DMD), uses antisense oligonucleotides (AONs) to modulate pre-mRNA splicing of dystrophin transcripts. This modulation restores the disrupted DMD reading frame.
Long nano columns are advantageous in proteomics because they allow for rapid, deep, sensitive, and reproducible proteome analysis. They also provide very high resolution separations.
late G1 phase | G2/M | metaphase
Rett syndrome
Treatment for Riedel's thyroiditis includes surgical options like wedge resection or radical operation, depending on the disease stage. Corticosteroids are also used to reduce fibrosis, and sometimes anti-thyroid drugs are used in combination with steroids. Other antifibrosing drugs have also been used with encouraging results.
Dax1-interacting protein | Dax1 associates with Esrrb | Interaction mediated through LXXLL motifs of Dax1 and the activation- and ligand-binding domains of Esrrb
Are you asking about dovitinib in relation to a specific condition or treatment?
yes
Active pulmonary tuberculosis | Acute liver disease | Tuberculosis
yes
Muller's ratchet describes the accumulation of deleterious mutations in a finite population, particularly in the absence of recombination. This accumulation is driven by random fluctuations that lead to the irreversible loss of individuals with the fewest deleterious mutations, effectively "clicking" the ratchet forward. The process results in a gradual decline in the overall fitness of the population.
Insufficient evidence in retrieved documents.
NSD1 | NSD1 gene
Anorexia Athletica
yes
Cervical artery dissection | Acute ischemia on brain imaging | Thrombus-related venous catheter occlusion in pediatric patients | Occluded dialysis catheters | Increase coronary artery patency prior to angioplasty in MI | Stroke | Acute myocardial infarction | Pulmonary thromboembolism | Arterial thrombotic occlusion | Deep vein thrombosis | Acute ischaemic stroke
MP1 | Ezrin | KSR1 | KSR (kinase suppressor of Ras) | beta-arrestin | MEK partner-1 | Sef | IQGAP1
Maintenance methyltransferase (Dnmt1) | De novo methyltransferases (Dnmt3a, Dnmt3b, and Dnmt3L)
*   Alu
*   L1
*   SVA
*   LINE-1 (or L1)
*   non-LTR retrotransposons
NT-proBNP levels are elevated after ischemic stroke and are associated with stroke severity and unfavorable outcomes. Higher NT-proBNP levels correlate with higher NIH Stroke Scale scores and predict both short-term and long-term unfavorable functional outcomes. NT-proBNP is an independent predictor of stroke outcome.
EZH2 maintains repressive chromatin. It is also a chromatin-modifying enzyme.
yes
yes
Generic versions of Viagra contain sildenafil citrate. Sildenafil is the active ingredient in Viagra. Vardenafil, tadalafil, and avanafil are other phosphodiesterase 5 inhibitors.
Gfi-1b | MeCP1 complex | ACF/WCRF complex | FOG-1 | TAL-1 | Ldb-1 | Eto-2 | Lmo4 | CdK9
Menkes disease | Aplasia of the anterior pituitary
Insufficient evidence in retrieved documents.
iPSCs can differentiate into insulin-secreting β cells, offering a potential avenue for diabetes treatment. iPSC lines generated from diabetic patients can also differentiate into insulin-secreting β cells. This approach faces challenges for clinical use in diabetes cell therapy.
selenocysteine insertion sequence (SECIS) element | SECIS element | Sec insertion sequence (SECIS) element
yes
Rel-A | c-Rel | Rel-B | NF-kappaB/p50 | NF-kappaB2/p52 | p50 | p52 | NF-kappaB1 (p50 and its precursor p105) | NF-kappaB2 (p52 and its precursor p100) | p105 | p100 | p65
Chronic fluctuating, nonhemolytic and predominantly conjugated hyperbilirubinemia | Coproporphyrinuria | Near-absent hepatic uptake of anionic diagnostics
yes
Zinc finger nucleases (ZFNs) | Transcription activator-like effector nucleases (TALENs) | Clustered regularly interspaced short palindromic repeat (CRISPR)/Cas9/single guide RNA (sgRNA) | Gene replacement | Exon skipping | Suppression of stop codons | Agrobacterium-mediated transformation | Direct delivery methods | Genetic transformation systems based on engineered plant chromosomes called minichromosomes or plant artificial chromosomes
yes
BRG1 | brm-related gene 1
yes
AzgA | Fcy21p
GDNF | Neurturin | Artemin | Persephin
Insufficient evidence in retrieved documents.
V95I | A1649V | delF1617 | Q55X | c.664C>T; p.Arg222X | p.W1095X, c.3284G>A | c.4810+3_4810+6dupGGGT
Sotos syndrome is a rare genetic and congenital disorder characterized by overgrowth, macrocephaly, distinctive facial features, and variable intellectual disability and learning difficulties. Mutations in NSD1 are responsible for Sotos syndrome.
The CRAPome is the contaminant repository for affinity purification.
PMID 22992327 | PMID 23728690 | PMID 23046909 | PMID 19357145 | PMID 24323793
yes
Factor Xa | FXa
Fanconi anemia (FA) | dyskeratosis congenita (DC) | Diamond-Blackfan anemia (DBA) | Shwachman-Diamond syndrome (SDS) | amegakaryocytic thrombocytopenia | MECOM-associated syndrome
Yellow fever virus is transmitted by insects, specifically Aedes mosquitoes, which act as arthropod vectors. The virus is transmitted between these arthropod vectors and vertebrate hosts.
yes
Controls mouse erythropoiesis | TAF10 is enriched on the GATA1 locus in human fetal erythroid cells | TAF10 interacts directly with GATA1
Insufficient evidence in retrieved documents.
Enterococcus faecium | Staphylococcus aureus | Klebsiella pneumoniae | Acinetobacter baumannii | Pseudomonas aeruginosa | Enterobacter spp. | Enterobacter species
Dovitinib induces cell cycle arrest. Specifically, dovitinib treatment results in G2/M cell cycle arrest in SK-HEP1 cells.
PDGFRB tyrosine kinase activity is critical for the migration and invasion of medulloblastoma cells, possibly by transactivating EGFR. PDGFR expression also correlates with metastatic medulloblastoma. Imatinib, an inhibitor of PDGFRB, inhibits PDGF-BB- and serum-mediated migration and invasion.
Calcium-induced calcium release (CICR) is a process where calcium release from the sarcoplasmic reticulum (SR) is induced by calcium influx, notably through L-type Ca(2+) channels. This mechanism, mediated by ryanodine receptors (RyRs), is the principal mechanism linking electrical excitation and mechanical contraction in cardiac cells, thus playing a critical role in cardiomyocyte contractility. The majority of contractile calcium in cardiac muscle is released from the SR via CICR.
Molindone exhibits selectivity for cortical serotonin-stimulated cyclase versus dopamine-stimulated cyclase. It reverses d-amphetamine and apomorphine induced depression of DA neurons, blocks apomorphine induced depression, and increases dopamine synthesis. Molindone also has a tendency to cause weight loss.
Dual-specificity phosphatases (DUSPs) are enzymes that remove phosphate groups from both phospho-tyrosine and phospho-serine/threonine residues. They play roles in immune activation, brain function, and cell-growth signaling. A subgroup of DUSPs targets Mitogen-Activated Protein Kinases (MAPKs) and regulates cellular responses to stimuli conveyed by MAPK-pathways.
Transvaginal ultrasound | Ultrasonography | Ultrasonographic estimate
semagacestat
yes
HPRT1 gene | HPRT gene
Insufficient evidence in retrieved documents.
Human accelerated regions (HAR) are regions in the human genome that show significant evolutionary acceleration [2, 3]. Human Accelerated Region 1 (HAR1) is a rapidly-evolving cis-antisense locus that is specifically transcribed in the nervous system [1].
KPC-2 or -3 | VIM-1 | IMP-1 | SME-2 | NMC-A | OXA-48 | KPC
Genomic regulatory blocks (GRBs) are chromosomal regions spanned by highly conserved non-coding elements (HCNEs). Most of these HCNEs serve as regulatory inputs of one target gene in the region.
RET | endothelin-B receptor gene (EDNRB)
Excessively thickened endocardial layer with deep intertrabecular recesses | Reminiscent of the myocardium during early embryogenesis | Prematurely arrested compaction of the endocardial and myocardial fibers | Progressive deterioration of left ventricular contractility | Prominent hypertrabecularisation in the apical and mid left ventricular segments | Ratio of non-compacted to compacted myocardium >2 | Marked hypertrabeculation and deep recesses
Are you asking about STARR-seq in the context of a specific disease or gene?
Embryonic differentiation
no
7SL RNA gene | 7SL RNA-derived retroposing monomeric element | 7SL RNA
Lumbosacral vertebrae | Lumbar transverse mega-apophysis | Caudal lumbar vertebra
intensity-based absolute quantification
Sodium channels | Na(+) channels
yes
The effect of ROS on cyclin B1 is inconsistent based on the provided evidence. One study shows that ROS induction is correlated with an increase in cyclin B1, while another study suggests that increased ROS is associated with a down-regulation of cyclin B1.
yes
ATP-binding cassette (ABC) transporters and multidrug resistance-associated proteins (MRPs/ABCC) contribute to multidrug resistance by actively effluxing xenobiotics. These transporters confer resistance to anticancer drugs, platinum compounds, folate antimetabolites, nucleoside and nucleotide analogs, and other agents. Some ABCC transporters cause resistance against nucleoside analogs by transporting phosphorylated nucleoside derivatives out of cells.
The minimal genome build involves designing and constructing a functional minimal genome, which is a key step in building a minimal artificial cell. A minimal bacterial gene set is estimated to include 300-350 protein-coding genes, while some minimal genomes are composed of circular RNA of 246-401 nt. However, a universal minimal genome remains elusive.
yes
yes
Atrial fibrillation | Most common arrhythmia | Most prevalent sustained arrhythmia
yes
Fludarabine | Cytarabine | Amsacrine
IKK-α | IKK-β | IKK-γ | NEMO
yes
Moisture-producing glands | Lachrymal and salivary glands | Exocrine glands
Are you interested in the diagnosis, treatment, or complications of a Malgaigne fracture?
FGENES | GeneMark.hmm | Genie | Genescan | HMMgene
Hypoxia-inducible factor (HIF)-1alpha | myc | Hypoxia-inducible factor (HIF)-1
EGFR gene | EGFR
Mitofilin/MINOS protein complex | MINOS | SAM50, metaxins 1 and 2, coiled-coil-helix coiled-coil-helix domain-containing protein 3 and 6 and DnaJC11
Are you asking about the application of marine metaproteomics in the context of human health, environmental monitoring, or another specific field?
NF1 gene | Chromosome 17
*   KCNQ1
*   KCNE1
Metabolites | Metabolomics | METLIN Metabolite Database
AAUAAA | AATAAA
DEEP | PEDLA | DENdb
Neurogranin | Amyloid-β42 peptide (Aβ42) | Phosphorylated tau (p-tau) | YKL-40 | Beta amyloid peptide | Tau
yes
Are you asking about GRO-seq in the context of a specific disease or research area?
Represses hematopoietic genes in erythroid cells | Suppresses target genes | Insufficient evidence in retrieved documents.
yes
KCNH2 | KCNQ1 | KCNJ2
Localized suppurative peritonitis in the postoperative period | Duodenal ulcer | Neurogenic dysfunction of the bladder in children with nocturnal enuresis | Post-herpetic neuralgia
Otorrhea | Facial pain with trigeminal nerve involvement | Abducens nerve palsy | Suppurative otitis media | Pain in the distribution of the first and the second division of trigeminal nerve | Deep facial pain | Ipsilateral abducens nerve paralysis | Paresthesia in V1 and V2 distribution of trigeminal nerve | Diplopia | Middle ear infection
yes
yes
yes
Insufficient evidence in retrieved documents.
Age | NIH Stroke Scale score
yes
phosphoenolpyruvate-carboxykinase | pyruvate kinase
blue | blue-coloured | intense blue colour
Caenorhabditis elegans Heterochromatin protein 1 (HPL-2) links developmental plasticity, longevity, and lipid metabolism. It also acts in germline and vulval development and serves as a marker for heterochromatin domains in developing embryos.
yes
yes
Pregnancy outcomes in rheumatoid arthritis are mixed. While rheumatoid arthritis may improve during pregnancy, there is evidence of increased risk of preterm birth, cesarean delivery, and longer birth hospitalization. Successful pregnancy outcomes are possible with a collaborative approach between a rheumatologist and obstetrician.
Are you asking about DNA shape as a general concept, or a specific tool or database related to DNA structure?
Thyroid hormones can favorably remodel the diabetic myocardium after acute myocardial infarction [2]. They also influence insulin secretion and metabolism [4] and exert important effects on heart remodeling [5]. These findings suggest a role for thyroid hormones in the development and progression of diabetic cardiomyopathy.
Bootstrapping of sequence alignments | Branch support analyses of multiple independent data sets | Supertree Bootstrap percentage | Mean branch support (mean Bootstrap percentage or mean posterior probability) | Reproducibility index
H3K36me3 | H2Bub1 | transcription elongation
yes
IL-6 | interleukin-6
Acute stroke | Stroke | Stroke mimics
Histone deacetylation is related to transcriptional gene silencing and can cause transcriptional repression. It can also direct DNA methylation in gene silencing and couple with DNA hypermethylation-based silencing.
Nucleus | Nucleolus | Pars granulosa of the nucleus
Topical monoxidil | Oral finasteride | Finasteride
collagen | bone collagen | bone protein
yes
SAHA treatment dramatically improved motor impairment in R6/2 mice, suggesting its potential as a therapeutic for Huntington's Disease.
mHealth approaches are used in child obesity prevention. mHealth apps can remind people to take preventative measures, such as drinking more water to avoid kidney stones. mHealth tools also support HIV programmatic priorities.
Orexin receptors OX1R | Orexin receptors OX2R
no
Could you specify which species' contaminants you're most interested in learning about?
LPIN2
To detect cell viability | Cell-viability analysis | To test the viability of cancer cell lines
Pulmonary arterial hypertension
Ranolazine can reverse abnormalities related to enhanced Ca(2+)/calmodulin kinase II (CaMKII) activity and increased phosphorylation of its targets. Ranolazine at therapeutic concentrations partially reversed these changes.
Developmental delay | Epilepsy | Neonatal diabetes | Neurological features
A comprehensive collection of annotations and structures for protein modifications | A resource and annotation tool | Database of protein structure modifications
Huntington disease | Impaired motor function associated with Huntington's disease
yes
yes
yes
26S proteasome | proteasome | ubiquitin-proteasome pathway
yes
RPS19 | RPS17 | Ribosomal protein S24 gene
yes
Xp21-p11
yes
The Center of Epidemiological Studies-Depression Scale (CESD), the Hamilton Depression Rating Scale (HDRS), the Patient Health Questionnaire (PHQ)-9, the Clinical Global Impression, and the Beck Depression Inventory have been shown to have acceptable psychometric properties for screening of poststroke depression.
Trichostatin A (TSA) exerts antitumoral activity as a histone deacetylase inhibitor. It inhibits the biochemical functions of HDAC and targets cancer cells and tumor vasculature.
yes
yes
dabigatran | dabigatran etexilate
Congenital deafness | Thyroid goitre | Syndromic sensorineural hearing impairment | Congenital sensorineural deafness | Goiter | Impaired iodide organification
A collection of curated protein families | Over 10,000 protein families | Over 2,200 families, referred to as domains of unknown function (DUF)
Global gene expression | mRNA abundances | Gene transcription
no
Aurora A kinase (AAK) | AURKA
Borrelia afzelii | Borrelia burgdorferi | Borrelia garinii
MCT8 | TRα1 receptor | Insufficient evidence in retrieved documents.
p65 | p50
no
JNK | JNK phosphorylation | JNK activation
ETA receptor | ETB receptor | Endothelin receptors
Subacute thyroiditis is an inflammatory disorder likely caused by viruses. Examples of causative viruses include Coxsackie, cytomegalovirus, Epstein-Barr virus, and adenovirus. Influenza immunization or infection may also cause subacute thyroiditis.
Proton-pump inhibitors | Corticosteroids | Monoclonal antibody (mAb) against sialic acid-binding immunoglobulin-like lectin 8 (Siglec-8) | IL-5 inhibitors | Reslizumab
Approximately 1 in 2,500 live births | 1:2500 newborn | 1:2000 to 1:3500 liveborns
ER stress | Calcium depletion | SERCA inhibitor
Insufficient evidence in retrieved documents.
Molecular imaging | Time-resolved studies | Atomic-resolution diffractive imaging of single biological molecules | Scientific research in physics | Scientific research in chemistry | Scientific research in biology | Structural studies of single nanoparticles and biomolecules
cAMP-dependent protein kinase | cGMP-dependent protein kinase | calcium/calmodulin-dependent protein kinase II (CM-kinase-II) | Ca2+/phospholipid-dependent protein kinase | CaM kinase II
Humans cannot synthesize Neu5Gc due to a genetic defect. Specifically, this is caused by an inactivating mutation in the enzyme that synthesizes Neu5Gc, or dysfunction of the CMP-N-acetylneuraminic acid hydroxylase gene.
CYP17A1 | 17,20-lyase activity of CYP17A
Microcephalic osteodysplastic primordial dwarfism type I (MOPD I) | MOPD I | Taybi-Linder syndrome (TALS)
CACCC motif | GC-rich region | Sp1 motif
Stiff-man syndrome | Insulin-dependent diabetes mellitus | Type 1 diabetes | Cerebellar ataxia | Limbic encephalitis | Epilepsy
TREAT-NMD is a worldwide network for neuromuscular diseases that aims to support the delivery of new therapies for patients. Specifically for DMD, TREAT-NMD has developed brief standards of care. These standards are accessible via the TREAT-NMD website.
yes
Papillary thyroid cancer (PTC) | Follicular (FTC) | Medullary (MTC) | Anaplastic cancer
Christianson syndrome is an X-linked mental retardation syndrome characterized by microcephaly. Additional characteristics include impaired ocular movement, severe global developmental delay, hypotonia which progresses to spasticity, and early onset seizures of variable types.
yes
Controlling the Wnt-signaling pathway | Activation of the pathway as a consequence of LKB1 haploinsufficiency might be responsible for the development of harmatomatous polyps
Heterotachy describes the phenomenon where the substitution rate of sites in a gene changes through time. It also corresponds to shifts in site-specific evolutionary rates over time.
Insufficient evidence in retrieved documents.
Homozygous mutations of EDNRB result in Waardenburg-Hirschsprung disease (WS4). Therefore, in addition to Hirschsprung disease, homozygosity of EDNRB mutations also results in Waardenburg syndrome.
Insufficient evidence in retrieved documents.
Pulmonic stenosis | Ventricular septal defect | Overriding aorta | Right ventricular hypertrophy | Patent foramen ovale | Overriding Aorta | Ventricular Septal Defect | Atrial Septal Defect | Pulmonary Atresia
Sororin regulates sister chromatid cohesion and separation. It stabilizes cohesin rings in sister chromatids and is required for the stable association of cohesin with chromatin. Sororin interacts with the cohesin complex.
BCR-ABL gene fusion | bcr-abl fusion gene | BCR-ABL1 fusion protein
no
yes
Rotor syndrome
Non-small-cell lung cancer (NSCLC) | EGFR-mutant NSCLC | Lung cancer models harboring wild-type EGFR or the EGFR L858R/T790M double mutant
yes
Gaucher disease type 1 (GD1) | Gaucher disease
PROCOMOSS | Domain fusion | ProRank | ClusterONE | CMC | CFinder | MCL | MCode | Core | NDComplex | PEWCC
PiggyBac transposons are moth-derived transposons active in mammalian cells. They are highly efficient and plasmid-based, with high transposability in vitro. They have been used for genetic and preclinical studies and can cause mutations at noncanonical integration sites.
yes
Nuclear | Predominantly nuclear
no
yes
CAGEr | R | Bioconductor
yes
GATA-4 overexpression in MSCs increases MSC survival and angiogenic potential in ischemic myocardium, suggesting a therapeutic approach for post-infarct remodeling [1]. TGF-beta upregulates GATA-4 expression to conduct myogenic differentiation of CD117+ stem cells, assisting myocardial regeneration and inducing therapeutic angiogenesis [5].
Longer life expectancy | Approximately 20 years below (Snippet 5) | 2.8 years longer (Snippet 1)
yes
In human heart failure, the reduction of beta-adrenergic receptors is associated with reduced expression of both TRalpha1 and TRalpha2 isoforms of thyroid hormone receptors. This suggests that adrenergic signaling may influence the expression of thyroid hormone receptors.
Neural network-based predictor | HMM-based method | BETAWARE
5'-AMP-activated protein kinase alpha regulates stress granule biogenesis.
The evidence regarding the association between cell phone use and glioblastoma (a type of glioma) is mixed. Some studies found no significant association between cell phone use and glioma, while one study observed decreased survival in glioma cases with long-term, high cumulative cell phone use. Another study noted a tendency for increased glioma risk among the heaviest cell phone users, although this was not statistically significant.
yes
yes
yes
Peroxisome proliferator-activated receptor α/γ | PPAR-α/γ | peroxisome proliferator-activated receptor (PPAR)-α/γ
Catecholaminergic Polymorphic Ventricular Tachycardia (CPVT) is an inherited arrhythmia syndrome characterized by ventricular tachycardia induced by adrenergic stress, exercise, or stress. It is associated with syncope and sudden cardiac death, typically appearing in childhood or adolescence. CPVT can be inherited in autosomal dominant or recessive patterns.
yes
yes
Insufficient evidence in retrieved documents.
H3K79 methylation regulates cell proliferation and is associated with chromatin at expressed genes. Inhibition of H3K79 methylation can inhibit proliferation, self-renewal, and metastatic potential of breast cancer.
Tears | Human lacrimal gland | Major salivary glands | Minor salivary glands | Thyroid
Dermcidin can be found in sweat and blood plasma. Specifically, it is found in eccrine sweat and blood plasma of hypertensive persons.
alpha-fetoprotein | beta-chorionic gonadotrophin | unconjugated oestriol | human chorionic gonadotropin | hCG free beta-subunit
sildenafil citrate | sildenafil
SLC38A9
serogroup B Neisseria meningitidis | serogroup B meningococcus | swine dysentery | Ehrlichia ruminantium
Insufficient evidence in retrieved documents.
Are you asking about the potential impact of listening to Mozart's music on cognitive function or a different topic related to the "Mozart effect"?
The Tokuhashi Scoring System is a widely used prognostic tool, particularly for prognosis in spinal metastases. The modified Tokuhashi score is used to determine survival.
Thyronamines | T4 (3,3',5,5'-tetraiodo-L-thyronine) | rT3 (3,3',5'-triiodo-L-thyronine) | D-T3 (3,3',5-triiodo-D-thyronine) | 3,5-T2 (3,5-diiodo-L-thyronine) | DIT (3,5-diiodo-L-tyrosine) | MIT (3-monoiodo-L-tyrosine) | tetrac (3,3',5,5'-tetraiodo-thyroacetic acid) | triac (3, 3',5-triiodo-thyroacetic acid) | DITPA | T4-agarose | 3,5-Dimethyl-3'-isopropyl-L-thyronine (DIMIT) | 3,5-diiodo-3'-isopropylthyroacetic acid (IpTA2) | 3,5-diiodothyropropionic acid (DITPA)
yes
BRCA1 | BRCA2 | PALB2
Receptor activator of nuclear factor-κB ligand (RANKL) | Receptor activator of nuclear factor xB ligand (RANKL) | RANKL
red cytoplasmic fluorescent reporter protein | flavin-based fluorescent proteins | red fluorescent reporter protein (RFP) gene | red fluorescent reporter protein
MutT proteins act against DNA lesions in bacteria by degrading 8-oxo-dGTP to 8-oxo-dGMP (or a monophosphate). This prevents the misincorporation of 8-oxoguanine into DNA, thereby protecting bacteria from mutations induced by 8-oxoG lesions.
yes
Oct4 | Sox2 | Klf4 | c-Myc
Anhedonia predicts major clinical events in coronary artery disease patients following stent implantation. Categorical anhedonia is an independent predictor of severe cardiac events in these patients.
Naltrexone, an opiate antagonist, does not modify motor symptoms in Parkinson's disease patients. However, naltrexone could be an effective treatment option for pathological gambling in Parkinson's disease.
Oxaliplatin is an effective and well-tolerated monotherapy for advanced colorectal cancer. Studies provide evidence of its safety and efficacy as a monotherapy, particularly in patients with previously untreated metastatic colorectal carcinoma. It is a promising treatment option, although studies have not shown a survival advantage over fluorouracil/calcium folinate alone.
yes
A large number of genes | Numerous genes | Gene expression
no
H19
CCDC40 is essential for motile cilia function and left-right axis formation. Mutations in CCDC40 can cause primary ciliary dyskinesia (PCD) with inner dynein arm (IDA) defects and axonemal disorganisation.
yes
Chromomethylases in plants are DNA methyltransferases that direct DNA methylation [1, 3]. They mediate transposon and euchromatin silencing during egg cell reprogramming [4].
yes
Cerebral cavernous malformation (CCM) is a vascular disease of the brain or central nervous system. It is characterized by hemorrhage-prone multiple lumen vascular malformations and arises due to loss-of-function mutations in genes encoding CCM1, CCM2, and CCM3. CCM can cause headaches, seizures, cerebral hemorrhage, and severe neurological consequences.
yes
mTORC1 and mTORC2 | mTOR pathway
Thalidomide | Lenalidomide | Pomalidomide | Bortezomib | Carfilzomib | Vincristine | Doxorubicin | Etoposide | Cisplatin | Fludarabine | LB100
FUS proteins | Ataxin-2 | SMN
yes
Sleep apnea | Sleep apnea syndrome (SAS) | Narcolepsy | Chronic sleep deprivation (insufficiency) | Restless legs/periodic limb movements in sleep syndrome (RLS/PLMS) | Idiopathic hypersomnia | Recurrent hypersomnia | Insufficient sleep syndrome | Medication- and toxin-dependent sleepiness | Hypersomnia associated with psychiatric disorders | Hypersomnia associated with neurological disorders | Posttraumatic hypersomnia | Infection | Hypersomnia associated with metabolic or endocrine diseases | Breathing-related sleep disorders | Periodic limb movements in sleep
Mediators of apoptosis | Essential for cell death by apoptosis | Propagate programmed cell death, proliferation, and inflammation
yes
Rif1 regulates DNA replication by controlling replication timing. It achieves this by directing Protein Phosphatase 1 (PP1) to reverse Cdc7-mediated phosphorylation of the MCM complex [2]. In yeast, Rif1 controls DNA replication timing through the PP1 phosphatase Glc7 [3].
yes
Celiac disease is a common, genetically linked food intolerance triggered by gluten [1]. Non-celiac gluten sensitivity (NCGS) also involves gastrointestinal and extra-intestinal symptoms upon gluten ingestion in individuals without celiac disease [5]. However, the exact mechanisms by which gluten causes these effects are not yet known [3, 4].
yes
Electronic dietary records can be more effective than traditional food diaries, leading to a greater reduction in fat percentage [1]. However, developing user-friendly electronic food diaries can be challenging [3]. Electronic food diaries can also be integrated with other technologies to monitor energy balance [2].
yes
Endoplasmic reticulum-associated protein degradation (ERAD) is a biological process that eliminates misfolded proteins from the endoplasmic reticulum (ER). This process involves recognizing misfolded proteins, followed by ubiquitination, retrotranslocation to the cytosol, deglycosylation, and ultimately, degradation by the proteasome.
BRAF selective inhibitors | Small molecule BRAF inhibitors | Dabrafenib | BRAF inhibitors | RAF kinase inhibitors
Insufficient evidence in retrieved documents.
In 1995, the societal cost of incontinence for individuals aged 65 years and older was $26.3 billion. In 1998, the total annual cost of urinary incontinence in community-dwelling women over 18 was estimated at $710.44 million. In South Korea, the estimated total economic cost for treating overactive bladder and stress urinary incontinence was reported for 2006 and 2007.
TEAD transcription factors | TAZ | Transcriptional co-activator with PDZ-binding motif
Over 30 | More than 20 | 10
yes
Insufficient evidence in retrieved documents.
E-cadherin
yes
yes
p53 | tumor suppressor protein p53 | tumor suppressor p53
Mutations in the CHCHD10 gene are associated with a complex phenotype variably associating frontotemporal dementia (FTD) with amyotrophic lateral sclerosis (ALS), cerebellar ataxia, myopathy, and hearing impairment. Additionally, late-onset spinal motor neuronopathy is caused by mutation in CHCHD10.
flumazenil | flumazenil, the specific benzodiazepine receptor antagonist | flumazenil 0.1 to 0.3 mg
yes
Next-generation sequencing (NGS) is used for mutation discovery, assessing EGFR mutations in lung cancer, identifying somatic gene mutations in myelodysplastic syndromes (MDS), and detecting patterns of somatic mutations in cancer genomes. It can be used in circulating tumor cell preparations for real-time liquid biopsies. NGS can also be coupled with multiplex PCR for cost-effective mutation screening.
Recurrent hypothermia | Hyperhidrosis | Congenital agenesis of the corpus callosum | Typical facial features | Moderate-to-severe mental retardation | Epilepsy | Variable congenital malformations | Hirschsprung disease | Genital anomalies | Congenital heart disease | Eye defects | Pyramidal symptoms | Extrapyramidal symptoms | Low birth weight | Short stature | Delayed neuromuscular development | Other CNS anomalies | Dysplasia of nails | Hypoplasia of subcutaneous fatty tissue | Prematurely aged facial appearance | Hypogonadism | Cataracts | Osteosclerosis | Dysphonia | Increased susceptibility to infections
poly(IC) mouse model | maternal immune activation (MIA) mouse model | BTBR T+tf/J (BTBR) inbred mice | Autism ProSAP1/Shank2 mouse model | BTBR T+ tf/J mouse model
Are you asking about BioASQ in the context of a specific disease, treatment, or research area?
Contribute to stress granule formation | Play a role in the formation of SGs in various human cells and thereby recovery from these cellular stresses | Stabilize and induce degradation of specific mRNAs | Essential for assembling stress granules
Epidural blood patch | EBP | Insufficient evidence in retrieved documents.
Histidine-rich calcium binding protein (HRC) affects Ca2+ cycling in the sarcoplasmic reticulum (SR) and is implicated in the pathogenesis of cardiac hypertrophy. HRC inhibits the maximal rates of sarcoplasmic reticulum Ca-transport, leading to cardiac dysfunction. It also has a potential role in heart failure and arrhythmogenesis due to its activity as a regulator of SR Ca2+ uptake and Ca2+ release.
1-2 per 100,000 athletes per annum | 1-3 per 100,000 person years | 1-2/100000 per year
Amitriptyline ameliorates muscle inflammation and depressive symptoms in the mdx mouse model of Duchenne muscular dystrophy. It also has anxiolytic and antidepressant effects, elevates serotonin levels in the amygdala and hippocampus, and reduces Interleukin-6 mRNA expression in the amygdala. These effects suggest it may be a potential therapeutic option for individuals with DMD.
H3K9me2 | H3K27me1 | H3K27me2
TREX1 | RNASEH2A | RNASEH2B | RNASEH2C | SAMHD1 | ADAR | CYLD
Geobacter species | Geobacteraceae | Microorganisms in the family Geobacteraceae
Corrected QT intervals <300 ms | QTc less than 350 ms | Rate-corrected QT intervals<320 ms
Insufficient evidence in retrieved documents.
Abiraterone acetate is an oral androgen biosynthesis inhibitor. It inhibits the enzyme CYP17, also known as human cytochrome P45017alpha.
Are you asking about methods to increase neprilysin activity, introduce the neprilysin protein itself, or something else?
alpha-proteobacteria | purple non-sulphur bacteria | Rickettsiaceae
X-linked intellectual disability
SERCA | Sarcoplasmic reticulum calcium ATPase | Sarcoplasmic reticulum Ca(2+)-ATPase
X chromosome-linked inherited | recessive X-linked
Ephrins are implicated in brain cancer, with evidence suggesting their overexpression in tumors like GBM and a role for ephrin-A1 as a negative regulator in glioma tumorigenesis. EphrinB2 expression may also relate to tumor cell differentiation.
Increased fork stalling and breakage | Replication forks paused and often broke at discrete sites | Replication forks slowed during their passage through telomeric tracts
no
Insufficient evidence in retrieved documents.
Necroptosis | Apoptosis | Pro-survival/inflammation NF-κB activation
reflex dilation of the pupil | larger pupil size
no
Epithelial-mesenchymal transition (EMT) is a biological process where polarized, immotile epithelial cells undergo biochemical changes to become mesenchymal cells. EMT plays an important role in many biological processes, including morphogenesis in multicellular organisms. It is also reactivated in diseases such as fibrosis and carcinoma progression.
yes
T-cell leukemia | Other cancers | Multiple Sclerosis | CADASIL | Alagille Syndrome | Spondylocostal Dysostosis | T-cell acute lymphoblastic leukemia (T-ALL)
yes
no
yes
Autosomal dominant | Sporadic | Autosomal dominant inheritance
EAE | Experimental autoimmune encephalomyelitis | Theiler's murine encephalomyelitis virus (TMEV)
HER2+ | 63-83 %
Propranolol | Radioactive iodine | Surgery | Antithyroid drugs | Lithium
yes
NDC1 | Pom121 | gp210
SCFbeta-Trcp E3 ubiquitin ligase | βTrcp E3 ubiquitin ligase | SCF(betaTrcp) E3 ubiquitin ligase
yes
hepaCAM | TPEF
yes
glutamine-rich prion-related domain (PRD) | PRD domain | prion domain
yes
SET domain | C-terminal SET domain | catalytic SET-domain
Are you asking about smFISH in the context of a specific disease or research area?
GeneBuilder | GBshape
Medicarpin | (-)-medicarpin | (6aR, 11aR)-medicarpin
SPARC expression generally correlates with growth inhibition in several human cancers, including breast cancer, ovarian cancer, and medulloblastoma. However, in melanoma cell lines, silencing SPARC (reducing its expression) resulted in growth inhibition, suggesting that intracellular SPARC is involved in cell proliferation. SPARC can also delay tumor growth.
Chédiak-Higashi syndrome (CHS) | Chediak-Higashi syndrome | CHS
yes
Dronedarone antagonizes thyroid hormone binding to thyroid hormone receptor alpha1 (TRalpha1). Dronedarone treatment results in cardioprotection by selectively mimicking hypothyroidism. Dronedarone did not alter the thyroid hormone profile in normal animals.
Sec insertion sequence (SECIS) element | tRNASec | SECIS binding protein 2 (SBP2)
The ESCRT machinery functions in the degradation of transmembrane proteins in the endocytic pathway. In higher eukaryotes, ESCRTs are needed for multivesicular body formation, midbody abscission during cytokinesis, and retroviral budding. Disassembly of the ESCRT machinery is a critical final step in cellular processes that require ESCRT function.
p16INK4/MTS1/CDKN2 | p16INK4A (P16) | p18INK4C
Central TRH appears to play a role in hypertension. It may contribute to hypertension induced by weight gain, possibly through increased sympathetic activity. Spontaneously hypertensive rats exhibit hyperactivity in the central TRH system.
yes
Hereditary Hemochromatosis (HH) | Juvenile hemochromatosis (JH)
Inhibitor-1 (I-1)
In systemic lupus erythematosus (SLE), neutrophil extracellular traps (NETs) contribute to the disease process due to impaired clearance, the release of immunogenic autoantigens, and the stimulation of immune responses. NETs can also directly damage tissues such as the endothelium, potentially leading to organ damage and disease activity. The ability to degrade NETs is reduced in some SLE patients.
Hsp90
yes
Von Hippel–Lindau disease or syndrome is an inherited, multi-systemic disorder caused by a germline mutation in the von Hippel-Lindau gene. It is an autosomal dominant disorder involving the development of tumors in multiple organs, often affecting the retina and central nervous system. The syndrome is characterized by hemangioblastomas of the retina, spinal cord, and brain.
Could you please specify the context in which you are asking about HER2 dimerization?
HLA-B*5701 testing | Pharmacogenetic testing for HLA-B*5701
yes
no
TA dinucleotides | CG dinucleotides | GCA.TGC trinucleotides | CTA.TAG trinucleotides | Octanucleotides with the repeat structure (PuPyPuPy)2 or (PyPuPyPu)2
yes
Organ-specific autoimmune diseases | Insulin-dependent diabetes mellitus | Dementia | Graves' disease
Stationary-phase mutagenesis in *Bacillus subtilis* requires Mfd, a transcription coupling repair factor. This mutagenesis is independent of recombination-dependent repair and, in some cases, of Y DNA polymerases. Mismatch repair modulation of MutY activity and defects in the error prevention oxidized guanine system also contribute to stationary-phase mutagenesis.
extraversion | agreeableness | conscientiousness | emotional stability | openness to experience
MEC-17 | SIRT2 (Sirtuin 2) | HDAC6 (histone deacetylase 6)
yes
chronic myelogenous leukemia in blast crisis | accelerated phase chronic myelogenous leukemia | chronic phase chronic myelogenous leukemia after interferon failure or intolerance
APOBEC3G | APOBEC3F | All APOBEC3 family proteins
no
Advantage against the development of cancer | Reduces the risk of coronary diseases | Beneficial effect in terms of longevity
*Macrostomum lignano* is a useful model organism for studying the role of ion channels in stem cell activity, particularly in processes like cell migration, proliferation, and body axis patterning during development and regeneration. Experimental tools have been developed for this model, and manipulation of membrane potential has been shown to influence regeneration in *M. lignano*.
yes
L-DOPA | catechol-O-methyltransferase inhibitors
Inherited
The INSURE (Intubation-Surfactant-Extubation) procedure involves intubation, surfactant administration, and subsequent extubation in preterm infants with respiratory distress syndrome [1, 2, 3, 4, 5]. This method can reduce the need for mechanical ventilation and the duration of respiratory support [2]. It is often performed during nasal continuous positive airway pressure (nCPAP) [3, 4].
*   A system developed as a part of the OntoGene project
*   OncoPPi Portal
*   Text-mining procedures evaluated in the 2006 BioCreative competition
Thyrocyte destruction in autoimmune thyroiditis is induced by Fas-mediated mechanisms, involving interactions between Fas and FasL. This destruction can also be a consequence of inappropriate expression of Fas or TRAIL death pathway molecules and down-regulation of Bcl-2, potentially induced by cytokines released by infiltrating lymphocytes. Autoreactive T-cells also contribute to thyrocyte destruction.
Heterochromatin | Insufficient evidence in retrieved documents.
LHCII | light-harvesting complex of Photosystem II (LHC II) | light-harvesting complex of plants
yes
yes
genome instability | cancer | neurodegenerative diseases | human disease
yes
yes
yes
Trifluridine (FTD) | Tipiracil hydrochloride (TPI) | α,α,α-trifluorothymidine (FTD)
Lacks estrogen and progesterone receptors and HER-2 gene amplification | Does not express oestrogen and progesterone receptors and HER2 | Tumour does not express ER and PR and does not exhibit amplification of HER2 gene
Are you asking about a medical condition or something else?
Histatin 5 is remarkably ineffective against Candida glabrata. Many strains of C. glabrata are resistant to Histatin 5. Histatin-5 possesses fungicidal activity against Candida species other than C. glabrata.
galactocerebrosidase | β-galactocerebrosidase | GALC
no
RIFIN proteins are variant surface antigens expressed on infected erythrocytes and are transmembrane proteins. They exhibit distinct subcellular localizations, with different sub-families (RIF_A and RIF_B) showing different localizations.
Cognitive-behavioral treatment (CBT) | Etizolam | Paroxetine
yes
MC1R SNPs | MC1R | ASIP, MATP, SLC24A5, TYR, TYRP1 and OCA2
Insufficient evidence in retrieved documents.
yes
yes
*   Icatibant
yes
Intestinal tumorigenesis | Skin carcinogenesis | Colitis-associated tumorigenesis | Epithelial tumorigenesis
Hypertension
no
Syndactyly | Symbrachyphalangism | Growth disturbances | Short thumb with radial clinodactyly | Complex syndactyly with a bony fusion involving the index, long and ring fingers | Symphalangism | Simple syndactyly of the fourth web space | II-V finger syndactyly | Proximal phalanx of the bilateral thumb "in delta"
yes
Multiple myeloma | Hematologic malignancies | Mantle cell lymphoma
PTEN | CREBBP | MYT1L | PCDH10 | Nfia | Nfib | Tead1 | Tgif2
Insufficient evidence in retrieved documents.
baseball | organized sporting events | athletics
no
Hot water epilepsy is a rare form of reflex epilepsy where seizures are triggered by the stimulus of bathing in hot water. The seizures result from the association of both cutaneous and heat stimuli. It is a sensory epilepsy in childhood.
Volatile biomarkers | Urea
Substitution mutations | Deletion mutations | Transition mutations | Transversion mutations | A:T-->G:C mutations | A:T-->C:G mutations | G:C-->T:A mutations
Vitiligo | Erythropoietic protoporphyria | Polymorphic light eruption | Prevention of actinic keratoses in organ transplant recipients | Skin lesions in HHD | Protoporphyria (PP)
Insufficient evidence in retrieved documents. The snippets discuss mechanisms of bacteria-induced tumors in colorectal cancer, not in Arabidopsis.
yes
Parkinsonism | Depression | Weight loss | Central hypoventilation | Early-onset parkinsonism | Severe weight loss | Hypoventilation | TDP-43 immunostaining | Mutations affecting the CAP-Gly domain of dynactin (encoded by DCTN1) | Diminished microtubule binding | Intracytoplasmic inclusions
Calsequestrin | CASQ
yes
Friedreich's ataxia (FRDA) | Huntington's disease (HD)
yes
LY2062430 | solanezumab | bapineuzumab | ponezumab | gantenerumab | BAN2401 | aducanumab | lecanemab
Are you asking about specific subtypes of calcium channels (e.g., N-type, P/Q-type, etc.)?
The fractal globule is a knot-free, self-similar, compact polymer conformation proposed as a model for chromatin organization. It allows for maximally dense packing of DNA while still enabling easy folding and unfolding of any genomic locus and spatial segregation at all length scales. This conformation emerges due to topological constraints during polymer condensation.
etoposide (VP-16) | teniposide (VM-26) | dovitinib | doxorubicin
Are you asking about SHAPE-Seq in the context of RNA structure probing, or something else?
thieno[3,2-d]pyrimidines | EPAC inhibitors | 1,7-naphtyridine-3-carbonitrile
Autosomal recessive | X-linked (FA-B)
Conserved noncoding sequences, such as conserved noncoding elements (CNEs) and putative enhancers, are thought to be involved in the regulation of Hox genes. These sequences are identified by comparing Hox clusters across different species.
Oligopaint probes are fluorescently labeled, single-stranded DNA oligonucleotides used to visualize genomic regions ranging from tens of kilobases to many megabases using FISH. These probes can be synthesized using basic molecular biological techniques and allow for single and multicolor imaging. The method gives researchers precise control over the sequences they target and can be applied to any organism whose genome has been sequenced.
Targeted Chromatin Capture (T2C) is a novel technique used to interrogate large, selected regions of the genome. It provides an unbiased view of the spatial organization of selected loci at high resolution and lower costs than Hi-C. T2C is an efficient and affordable tool for studying genome compartmentalization and chromatin-interaction networks in both clinical and non-clinical research.
Reported adverse effects of topical minoxidil include irritative dermatitis (pruritus, erythema, scaling, dryness), allergic contact dermatitis, exacerbation of seborrheic dermatitis, hypertrichosis, and local irritation. The 5% formulation is associated with a higher incidence of pruritus, local irritation, and hypertrichosis compared to the 2% formulation or placebo.
yes
Loss of memory | Memory problems | Dysmnesia
Are you interested in the symptoms, causes, diagnosis, or treatment of Heyde syndrome?
yes
MutY | MutM | MutT
Diagnosis of melanoma using macro images | Classification of clinical images of basal cell carcinoma | Classification of clinical images of squamous cell carcinoma | Classification of clinical images of intraepithelial carcinoma | Classification of clinical images of actinic keratosis | Classification of clinical images of seborrheic keratosis | Classification of clinical images of malignant melanoma | Classification of clinical images of melanocytic nevus | Classification of clinical images of lentigo | Classification of clinical images of pyogenic granuloma | Classification of clinical images of hemangioma | Classification of clinical images of dermatofibroma | Classification of clinical images of wart
no
The CRISPR-CAS9 system is a genome engineering tool. It can be used for in vivo studies and has the potential for restoring gene expression. It is based on a bacterial system and has been applied in cell lines and vertebrates.
no
Athletes generally have lower 2D:4D ratios compared to the general population. Lower 2D:4D ratios are associated with athleticism and sporting success. Elite female athletes also have significantly lower 2D:4D ratios compared to controls.
The association between the moon cycle and rupture risk of intracranial aneurysms is debated. Some evidence suggests an increased risk of aneurysmal subarachnoid hemorrhage during the new moon, while other evidence refutes this association. Therefore, the impact of the lunar cycle remains unclear.
In traumatic brain injury patients, brain natriuretic peptide (BNP) levels are elevated. This elevation may play an adaptive role in recovery by augmenting cerebral blood flow.
CD38 | CD38 epitope
Insufficient evidence in retrieved documents.
mismatch repair | mismatch DNA repair system
OikoBase
NT-proBNP levels are associated with cognitive function. Higher NT-proBNP levels are associated with poorer cognitive function in older adults. This association remains significant even after adjusting for several confounding factors.
cell elongation | GTPase | cell division | bacterial cytoskeleton
Castration-resistant prostate cancer (CRPC)
Insufficient evidence in retrieved documents.
insulin receptor | insulin receptor function
no
yes
yes
What is the purpose of determining the proteome of the FFPE tissue?
Type D personality in cancer patients is associated with poor quality of life and mental health problems. These patients also perceive that they receive less information and are less satisfied with the information they receive. Type D personality is a vulnerability factor that may help identify cancer survivors at increased risk for comorbidity burden and increased health care utilization.
Theatre | Genomicus
Aspergillus terreus
Malignant melanoma | Lung cancer | Gastric cancer
rash of DH | rash in dermatitis herpetiformis | childhood dermatitis herpetiformis
MutS | MutL | MutH
yes
arthropods | tick vector | biting vectors
yes
yes
Myocyte enhancer factor-2 (MEF-2) proteins are essential for the differentiation of all muscle lineages. During differentiation into cardiac muscle, Nkx2-5 expression results in the activation of MEF2C. MEF-2 also regulates the alpha-cardiac myosin heavy chain gene.
raptor | mTOR | GbetaL
The Menzerath-Altmann law is a statistical law that defines the dependency between the mean size of the whole and the number of parts in quantitative linguistics.
Mannose 6-phosphate receptor (M6PR) | Two related mannose 6-phosphate receptors (MPRs)
Ulcerative colitis | Crohn's disease | Inflammatory bowel disease
yes
4.0 mm
yes
yes
Catalyzes the excision of introns | Performs splicing | Splicing of mRNA
yes
polC | dnaE
yes
The prothymosin alpha c-terminal peptide has immunostimulatory and immunomodulating properties. Specifically, it stimulates the functions of human neutrophils in vitro. The immunomodulating activity of prothymosin alpha can be substituted by its C-terminal peptide(s).
yes
In *E. coli*, the Ada protein acts as a DNA repair enzyme, specifically correcting premutagenic O6-alkylguanine in DNA. The carboxyl terminal domain of the Ada protein (Ada-C) functions as an O6-alkylguanine-DNA alkyltransferase.
Dopamine | Serotonin | Norepinephrine
Could enhance mineralization | Further studies are required | Insufficient evidence in retrieved documents.
yes
The super-SILAC mix is a mixture of five SILAC-labeled cell lines. This mixture is used to accurately represent tissue for quantitative proteomics.
Greater than 10 base reads | 33-fold | 50×
About 70% | As many as 440,000 cases prevented | Reduced by 84-98%
yes
yes
Insufficient evidence in retrieved documents.
antidepressant | depressive patients with gastric ulcers | narcolepsy
Are you asking about using transcranial ultrasound for diagnostic purposes, therapeutic purposes, or something else?
Both hypermethylation and hypomethylation | DNA hypermethylation | DNA hypomethylation
no
High dose intravenous ascorbate treatments may reduce inflammation in cancer patients, and this modulation of inflammation correlated with decreases in tumor marker levels. High dose ascorbate in cancer treatment has been reexamined recently.
antiparallel | antiparallel heterodimers
no
SMIM1 protein | Vel blood group antigen
Type 1 "classic" Pfeiffer syndrome | Type 2 | Type 3
yes
Insufficient evidence in retrieved documents.
CDK4/6 pathway | CDK 4/6 kinases | Cell-cycle progression
LQVVR
ChIRP-seq (Chromatin Isolation by RNA Purification sequencing) is a method where tiling oligonucleotides retrieve specific lncRNAs with bound protein and DNA sequences. These sequences are then enumerated by deep sequencing.
MammaPrint and Oncotype DX are multigene tests used in early-stage breast cancer to predict recurrence risk and guide adjuvant chemotherapy decisions by analyzing gene expression. MammaPrint categorizes patients as having a high or low risk of distant metastasis. However, one source found no evidence regarding the clinical utility of MammaPrint.
yes
yes
DUF families can be deciphered by examining domain covariation across metagenomic datasets and through targeted attempts at characterization in the laboratory or in silico. Determining the three-dimensional structures of DUF families can also help in deciphering them.
*   Cardiac-specific genes
yes
Implantation of artificial urinary sphincter | BAUS implantation | Male suburethral sling implantation
1100delC | CHEK2-1100delC
yes
Hypercalcemia | Hypercalciuria | Hypothyroidism | Early puberty | Deficient expression of calcitonin | Hypergonadotropic hypogonadism | Prolonged and exaggerated responses of adrenocorticotropin (ACTH) to insulin-induced hypoglycemia and corticotropin releasing hormone (CRH)
Curative resection is the treatment of choice for gastric lymphoma, but the treatment of primary gastric lymphoma is controversial [1, 2, 3]. Radiation therapy may offer some benefit when complete resection is not feasible [1].
Single-cell gel electrophoresis (comet assay) | Flow cytometry | DNA fragmentation assays | Neutral comet assay | Electrophoresis of whole cell lysates | Centrifugation of whole cell lysates
yes
Altered thyroid hormone levels | High serum T3 levels | Disturbed TH levels
yes
Nucleus | Complex samples
A Dermaroller is used in the treatment of scars, acne scars, stretch marks, wrinkles, and for facial rejuvenation. It can also be used for transdermal drug delivery and to promote hair growth, especially when used with Minoxidil.
yes
yes
Eprotirome is a thyromimetic with selective TRβ1 activity. It exerts favorable lipid-modulating effects.
Music therapy plays a role in the rehabilitation of brain-injured patients during coma recovery and in the early rehabilitation of patients with coma. It can help establish contact with seemingly non-responsive patients and re-stimulate communication competencies.
Plasmodium falciparum | Plasmodium
Cardiotoxicity | Myelosuppression
Are you asking about GDF10 as a gene, a protein, or something else?
yes
yes
yes
N6-methyladenosine (m6A) | A-to-I editing
yes
APOBEC3G (A3G) | APOBEC3F (A3F)
yes
Long non-coding RNAs are more abundant and display greater genetic variation compared to protein-coding genes. They also lack transcriptional ability.
no
yes
15q11-q13 deletions of paternal origin | maternal chromosome 15 uniparental disomy (UPD) | absence of function of genes that are normally expressed in a monoallelic fashion only from the paternal chromosome | loss of paternal gene expression from a maternally imprinted region on chromosome 15 | deletion in the area of 15q11-13 on the paternal chromosome
15 to 25 years | 20 and 50 years | 4.83 years
Insufficient evidence in retrieved documents.
Insufficient evidence in retrieved documents.
yes
PLX3397 is a selective CSF1R inhibitor that traps the kinase in an autoinhibited conformation [2]. It decreases microglial numbers by promoting microglial apoptosis [1] and can be used to eliminate microglia [4]. It also inhibits receptor tyrosine kinases [3].
Celiac sprue | Celiac disease
yes
IL-17A | anti-interleukin-17A
calcineurin | Ca(2+)/calmodulin-stimulated protein phosphatase | calcium- and calmodulin-dependent phosphatase calcineurin
yes
yes
no
Trimethylation of lysine 36 in histone subunit 3 (H3K36me3)
To understand the transcriptional network that regulates macrophage differentiation and to uncover novel components of the transcriptome | To measure the genome-wide dynamics of transcription-start-site usage in the human monocytic cell line THP-1
yes
Restless leg syndrome is associated with iron deficiency. It is considered a neurological sleep disorder associated with abnormal iron metabolism or deficiency. This association has been observed in cystic fibrosis patients with chronic hemoptysis and in children.
Insufficient evidence in retrieved documents.
yes
CYP2C19 | P2Y12 | PON1 or ABCB1 (negative finding)
Induces exon 51 skipping | Enables dystrophin production | Attenuation of ambulatory decline
Atypical Guadeloupean parkinsonism presents as two forms of parkinsonism and dementia, differing clinically by the presence of oculomotor signs but sharing similar cognitive profiles. Neuroimaging reveals cerebral atrophy, enlargement of the third ventricle, and T2-hypointensity in the basal ganglia, especially the substantia nigra.
yes
Breast cancer
Oligodeoxyribonucleotides containing 5,6-dihydro-5-azacytosine | 5-azacytosine | 5-Aza-2'-deoxycytidine | Oligonucleotide inhibitors containing 5-azacytosine residues
Armoured brain is a rare condition characterized by dense calcification over the brain. It can be caused by calcified chronic subdural hematoma or chronic subdural collections masking underlying hydrocephalus. Patients with armoured brain may present with clinical signs of increased intracranial pressure.
H3K4me1 | H3K27ac | H3K36me2 | H3K36me3 | H3K79me2
Insufficient evidence in retrieved documents.
yes
yes
Pregabalin
Based on gene expression profiling, no significantly different gene expression profiles appeared to emerge between chronic and aggressive periodontitis. However, subjects could be grouped into clusters based on gene expression, differing in serum IgG levels against periodontal pathogens.
SAGA transcriptional co-activator complex | TREX-2 complex | TREX2/THSC
yes
ATAC-seq is a method used to identify open, accessible regions of chromatin. It uses sequencing to investigate chromatin accessibility in a genome-wide fashion by direct in vitro transposition of sequencing adaptors into native chromatin.
Upf1p | Upf2p | Upf3p | Dcp1p | Xrn1p | Nmd2p
histone tail lysine residues | histone H4 lysine 20
yes
Antihypertensive therapy | Hypertension | Essential hypertension
Chemoradiation | Radio-chemotherapy | Radiochemotherapy | Temozolomide (TMZ)
COL5A1 | COL5A2
Age | Blood pressure | Clinical features | Duration of symptoms | Diabetes
yes
yes
no
Progeria is a genetic condition. Specifically, it is a rare autosomal dominant genetic disorder or syndrome.
base excision repair pathway | the base excision repair pathway
yes
Abnormalities of the musculoskeletal system | Musculoskeletal morphological abnormalities
The "proteomic ruler" uses the MS signal of histones, which is proportional to the amount of DNA and the number of cells, to add an absolute scale to MS readout. This allows for the estimation of copy numbers of individual proteins per cell without spike-in standards.
HIV-1-encoded Vif protein counteracts the antiviral activity of APOBEC3 proteins by targeting them for proteasomal degradation. Vif binds to APOBEC3 proteins and recruits them to a Cullin5-based E3 ubiquitin ligase complex, thus allowing virus replication to proceed.
p38alpha | p38beta | p38gamma | p38delta
yes
Bioengineered dentin can induce cementogenesis. Hertwig's epithelial root sheath (HERS) cells induce DF cell differentiation into cementoblasts and promote cementum formation. Pulp cells can direct DF cell differentiation into osteoblasts.
Skin reaction | Fewer adverse effects | Adverse effects | Behavioral side effects | Intensification of baseline behaviors | New behavioral problems | Tantrums | Aggression directed toward others | Hyperactivity | Defiance
Ranolazine improves diastolic function by inhibiting the late sodium current, reducing sodium-dependent calcium overload, and potentially affecting myofilaments directly. It also improves diastolic tone and oxygen handling during myocardial ischemia. Ranolazine may reverse diastolic dysfunction.
Gemcitabine combined with platinum chemotherapy is an effective and well-tolerated treatment for recurrent epithelial ovarian cancer, including platinum-resistant or -refractory cases. Gemcitabine and carboplatin show similar efficacy in treating both platinum-resistant and platinum-sensitive recurrent epithelial ovarian cancer.
FoxA transcription factors exhibit their pioneering function by engaging chromatin before other transcription factors, binding to promoters and enhancers to enable chromatin access. Specifically, FoxA1 opens closed chromatin and promotes the recruitment of the estrogen receptor to its target regions in DNA. FoxA1 also dictates the binding location and function of androgen and estrogen receptors.
Gata4 | Mef2c | Tbx5
Ibrutinib | Fenebrutinib | Tolebrutinib
yes
yes
In vivo biotinylation tagging involves co-expressing a tagged transcription factor, such as GATA-1, with the bacterial BirA biotin ligase, resulting in efficient biotinylation of the tagged factor. The biotinylated GATA-1 in nuclear extracts is then captured by direct binding to streptavidin. This single-step capture allows for the isolation of the tagged factor and associated proteins, which can be identified by mass spectrometry.
yes
The FAA cDNA is 5.5 kb long with an open reading frame of 4,368 nucleotides. The predicted FAA protein has a molecular weight of 162,752 and contains two overlapping bipartite nuclear localization signals and a partial leucine zipper consensus. These features suggest a nuclear localization for the protein.
Skeletal muscle satellite cells are adult muscle-derived stem cells essential for skeletal muscle regeneration [1, 2, 5]. They are quiescent mononucleated myogenic cells located between the sarcolemma and basement membrane of terminally-differentiated muscle fibres [3, 4]. In adult muscle, these cells are normally mitotically quiescent [2].
Elevated levels of neurogranin in cerebrospinal fluid of Alzheimer's disease patients may indicate synaptic degeneration. Cerebrospinal fluid neurogranin might be valuable in the early diagnosis of AD.
yes
Four | 4
Celiac disease patients often experience symptoms consistent with GERD. These symptoms are related to gluten ingestion in individuals with celiac disease.
Thr-68 | S19 | S33/35
yes
DNA base composition asymmetry | Z-curve method | Cell division cycle (cdc6) gene location | Location of consensus origin recognition box (ORB) sequences
Emulsion PCR is used in Next Generation Sequencing to amplify DNA templates and enrich target sequences, even from poorly preserved samples. It can also be used for bias-free amplification of DNA template libraries and to ensure that each unique template generates a unique sequence read. A method for normalization of multiplex NGS libraries after emulsion PCR has also been described.
yes
Thyroid hormone induces hemopoietic pluripotent stem cell differentiation toward erythropoiesis and is critical in cardiac cell differentiation. Thyroid hormone receptor pathways are stimulated during stem cell differentiation, functioning as a switch between proliferation and differentiation of erythroid progenitors.
5-HT2A receptors | 5HT2 receptors
Wegener's granulomatosis | Type 1 diabetes (T1D) | Rheumatoid arthritis (RA) | Systemic lupus erythematosus (SLE) | Autoimmune thyroiditis (AIT) | Multiple autoimmune phenotypes
Orbital connective tissues
H3K4me1 | H3K27ac
Outer membrane of mammalian mitochondrion | Outer membrane protein of mammalian mitochondria | Involved in protein import into the organelle
Alu | L1 (LINE-1) | SVA elements
Severe hypoplastic anemia | Heterogeneous collection of other clinical features | Chronic, normochromic macrocytosis due to red cell lineage bone marrow failure | Inherited red blood cell aplasia | Normochromic and macrocytic anemia | Reticulocytopenia | Nearly absent erythroid progenitors in the bone marrow | Growth retardation | Craniofacial malformations | Upper limb malformations | Heart malformations | Urinary system congenital malformations | Predisposition for malignancies
Temperature-dependent change in mRNA stability | Environmental regulation
DSIF | NELF
Reduced fertility | Congenital abnormalities | Progressive pancytopenia | Predisposition to cancer | Bone marrow failure | Developmental anomalies | High incidence of myelodysplasia | Acute nonlymphocytic leukemia | Cellular hypersensitivity to cross linking agents | Cancer predisposition | Growth retardation | Aplastic anemia | Increased risk of acute myeloid leukemia | Squamous cell carcinomas
cyclophilin | the protein cyclophilin | CsA receptor
Proton-pump inhibitors | Antacids | Bile acid sequestrants | Ferrous sulphate | Sucralfate | Calcium carbonate | Aluminium-containing antacids | Phosphate binders | Raloxifene
yes
HEXA gene | Hex A gene
Nucleotide excision repair (NER) | Repair of damaged DNA | Illegitimate recombination
Outer membrane proteins | Matrix space | Insufficient evidence in retrieved documents.
yes
liberation procedure | percutaneous transluminal angioplasty | endovascular treatment
Insufficient thyroid hormone synthesis | Partial defect in iodide organification | Development of hypothyroidism
autosomal recessive | autosomal-recessive | autosomal recessive trait
glide docking program | GalaxyDock | ZDOCK | LiGenDock
NBEAL2
Inhibits | Inhibits proliferation | Inhibit
yes
yes
no
MTH1 prevents the incorporation of oxidized nucleotides into DNA in cancer cells. It hydrolyzes oxidatively damaged purine nucleotides, acting as a defense system against mutagenesis, carcinogenesis, and cell death. Cancer cells rely on MTH1 for this function.
yes
yes
∼31,000 | ∼50,000 | thousands
yes
Mutations in the cardiac ryanodine receptor type 2 (RyR2) gene | Mutations in the ryanodine receptor (RyR2) gene | Point mutations in RYR2
Han Chinese | Thai | Malaysian
Fanconi anemia is associated with breaks at telomeres and accelerated telomere shortening in fibroblasts. These observations suggest compromised telomere integrity in the disease.
yes
The Tsix gene encodes a cis-acting antisense transcript that represses the maternal Xist allele in the mouse placenta during X-inactivation. The Xist and Tsix gene pair is pivotal in X-inactivation. Tsix is the antisense counterpart of Xist.
yes
histone H3 | Thr-3 in histone H3 | histone H3 at threonine-3
Diarrhoea | Decreased appetite | Increase in serum creatinine | Malaise | Nausea | Eye disorders | Anorexia | Fatigue | Ipsilateral forehead dermatitis | Blepharitis | Conjunctivitis | Leucopoenia
Insufficient evidence in retrieved documents.
Neutral loss detection in phosphoproteomics allows for accurate and specific detection and sequencing of phosphopeptides. The higher-order fragmentations of neutral loss ions enhance the fragment ion mass spectra of phosphorylated peptides, and phosphorylation site-specific neutral losses can directly pinpoint the phosphorylated residue.
yes
Drug-induced gingival overgrowth is a side effect of certain drugs that may be caused by the enhanced proliferation of gingival fibroblasts. This proliferation could be due to the effects of drugs on the cell cycle and cyclin expression, potentially involving the overexpression of cyclin B1 and the key molecule Cathepsin-L. However, the precise mechanism is not fully understood.
yes
p16(Ink4a) | p19(Arf) | p21
miR-146a | miR-222 | miR-21 | miR-221 | miR-20a
yes
Cyclosporine A | KB-R7943 | Antamanide
Are you asking about ceritinib as a medication, or something else?
frataxin
developmental regulation
The main mechanism by which human papillomavirus proteins E6 and E7 contribute to cell transformation involves their interaction with the tumor suppressor proteins p53 and Rb. E6 and E7 promote the degradation of p53 and pRb, respectively. This interaction abrogates cell cycle checkpoints and induces genomic instability, leading to malignant conversion.
Clostridium perfringens | C. ghonii | C. sordellii | Eubacterium tenue | Bacteroides sp. | Vibrio sp. | Treponema denticola
mRNA processing or transport | mRNA fate | RNA life cycle
Defective control of histone lysine methylation, particularly at H3K9, contributes to the pathogenesis of medulloblastoma. Aberrant patterns of H3K4 and H3K27 histone lysine methylation occur across subgroups, and mutations in H3K27 demethylases suggest a role for H3K27 methylation in these tumors. Restoration of expression of genes controlling H3K9 methylation greatly diminishes proliferation of medulloblastoma in vitro.
Orco is a coreceptor protein in insects that forms a heteromeric odor-gated ion channel with odorant receptors (ORs). It is a conserved, nonconventional coreceptor that is essential for the function of conventional odorant-binding ORs. In some cases, it is referred to as a novel OR co-receptor.
Memantine | Protein phosphatase-1, 2A, and 2B | hUCB-MSC transplantation
5hmC plays important roles in differentiation, including embryonic stem cell differentiation and T-cell differentiation. It is involved in the regulation of gene expression and connects DNA demethylation to nucleosome remodeling complexes and key transcription factors of pluripotency. Its presence correlates positively with gene expression.
H3K4
Are you asking about CRISPRi in the context of a specific disease, gene, or research area?
Motor neurons | T cells, B cells, NK cells, mast cells, macrophages, dendritic cells, microglia
yes
yes
yes
PI3K-mTORC1 attenuates stress response by inhibiting cap-independent Hsp70 translation. This suggests mTORC1 is involved in regulating heat stress.
CRSP33 | CRSP150 | CRSP p200 (TRIP2/PBP) | CRSPs 34 | CRSP77 | CRSP130 | CRSP70 | Med220 (lacking in CRSP/Med2) | Med70 (lacking in CRSP/Med2)
ALS
yes
Rolling circle mechanism | RNA dependent | Dependent on host transcription machinery
*   Nuclear encoded genes controlling mitochondrial biogenesis like PGC-1alpha, NRF-1alpha and Tfam
*   Subunits of cytochrome-c oxidase (IV, Va, and VIc)
*   Subunits of cytochrome-c oxidase (II and III)
XK gene | XK
yes
molecular Target Of Rapamycin, TOR | mTOR
yes
Alzheimer's disease | Alzheimer's dementia
The variable domains of an antibody (VH and VL) interact through a hydrophobic interface. There is a small repertoire of main-chain conformations for at least five of the six hypervariable regions of antibodies.
Long-range epigenetic silencing (LRES) involves the coordinated suppression of large chromosomal regions, spanning megabases of DNA. This process includes broad heterochromatin formation and hypermethylation of contiguous CpG islands within the affected region.
Insufficient evidence in retrieved documents.
yes
Antibiotic-based therapies | Radiation therapy | Cladribine | Sequential treatment | Bismuth-containing quadruple therapies | Standard triple therapies | Eradication therapy | Resection
carboxyl-terminal portion of the receptor tyrosine-protein kinase erbB-3 | LRP5
AMPK phosphorylates TSC2 under energy starvation conditions and energy stress. This phosphorylation contributes to the suppression of mTORC1 activity.
*   3D-CISS
*   LaTcOm
*   Sherlocc
*   INCA
*   PAUSE
15 | Fifteen
yes
Imprinted loci | Chromatin | Dlk1-Dio3 and the Kcnq1/Kcnq1ot1 loci
Ophthalmoplegia | Ataxia | Mental confusion | Confusion
yes
yes
*   Three ryanodine receptor isoforms
*   RyR1
*   RyR2
*   RyR3
GKT137831
IL-1β
Protein phosphatase 1 (PP1) | Protein phosphatase 2B | Protein phosphatase 2A (PP2A) | Protein phosphatase 2C (PP2C)
AATAAA | AAUAAA
yes
Colonoscopy findings in children with autism have revealed a higher prevalence of nonspecific colitis, lymphoid hyperplasia, and focally enhanced gastritis compared to controls. Ileo-colonoscopy has been performed in children with autism spectrum disorders and bowel symptoms.
Intrinsically disordered proteins lack stable tertiary and/or secondary structures under physiological conditions. They undergo conformational changes to well-folded forms upon binding to a partner and are involved in cellular processes. Disordered protein regions are key to the function of numerous processes within an organism.
Transcriptional corepressor | Drosophila corepressor | Co-repressor protein
telomerase | telomerase enzymatic activity
The catalytic mechanism of DNA (cytosine-5) methyltransferases involves the attack of the C6 of substrate cytosines by an enzyme nucleophile, forming a transient covalent adduct. A conserved cysteine initiates catalysis by attacking the C6 of cytosine. This is followed by C5 nucleophilic replacement of the methyl of S-adenosyl-L-methionine.
yes
Geldanamycin targets heat shock protein 90 (Hsp90) and interferes with its function as a molecular chaperone. By binding to Hsp90, geldanamycin disrupts Hsp90-containing multimolecular complexes, leading to the inhibition or degradation of partner proteins and potentially causing apoptosis. It can also inhibit hepatocyte growth factor and hypoxia-stimulated invasion of cancer cells.
infliximab, adalimumab, and etanercept | infliximab | adalimumab
There is an inverse correlation between the number of pregnancies and the age at onset of rheumatoid arthritis, meaning more pregnancies are associated with earlier onset of RA (PMID 22012422).
yes
Illustrates a molecular recognition of a biological target shared by a group of compounds. | Represents the spatial arrangement of essential interactions in a receptor-binding pocket. | Can work both with a free (apo) structure or a macromolecule-ligand complex (holo) structure. | Can identify potential leads after virtual screening.
Flaviviridae viruses, specifically flaviviruses, infect vertebrates through the bite of hematophagous arthropods (mosquitoes or ticks). The arthropods acquire the virus by biting a viremic host, and after an incubation period, transmit the virus to another vertebrate host through their salivary secretions. This ability to infect both arthropods and vertebrates is essential for the virus's survival in nature.
The HAMLET clinical trial aimed to assess the effect of decompressive surgery within 4 days of symptom onset in patients with space-occupying hemispheric infarction. It compared the efficacy of decompressive surgery to improve functional outcome with that of conservative treatment in patients with space-occupying supratentorial infarction.
Yes, amifostine can be used to protect healthy cells during chemotherapy. Amifostine has been shown to specifically protect normal tissues from damage caused by chemotherapy and is a chemoprotective agent in cancer treatment. It protects healthy tissues during antineoplastic therapy.
9 bp deletion and a 29 bp duplication | Unique | Selectively retained in different regions of genes
yes
1 in 1,000 gametes | 2800 and 840 mutants per 10(6) clonable cells per mM | 54 x 10(-5), 35 x 10(-5), and 25 x 10(-5) mutants/plaques
Spinal Muscular Atrophy (SMA) is caused by a deficiency in the survival motor neuron (SMN) protein due to loss of function, disruption, or mutations in the SMN1 gene. This deficiency leads to the neurodegenerative disorder.
Insufficient evidence in retrieved documents.
The chromosomal distribution of conserved noncoding elements (CNEs) exhibits fractal characteristics. Well-developed fractality is characteristic of CNEs that are extremely conserved between species or are of ancient origin. This conclusion was reached by employing scaling of block entropy and box-counting methodologies.
alpha-synuclein | alpha-synuclein (AS)
yes
The Kub5-Hera/RPRD1B interactome preserves genetic stability by regulating DNA mismatch repair. Kub5-Hera/RPRD1B also maintains genetic integrity by minimizing persistent R-loops and promoting repair of DNA double strand breaks (DSBs).
Restless legs syndrome (RLS) | Restless legs syndrome
Neonatal intrahepatic cholestasis | Severe chronic lymphoedema
Hepatotoxic effects | Elevation of serum liver transaminase
yes
yes
tyrosine hydroxylase (TH) | aromatic L-amino acid decarboxylase (AAAD) | dopamine-β-hydroxylase (DBH) | phenylethanolamine N-methyltransferase (PNMT)
Six | six cysteines
yes
Are you asking about the drug's effects, its chemical properties, or something else?
sofosbuvir | ledipasvir
Mff overexpression in mitochondria stimulates mitochondrial recruitment of Drp1 accompanied by mitochondrial fission [1]. Mff overexpression also results in increased fission [2] and increases the interaction between DLP1 and Pex11pβ [3].
yes
Fatal familial insomnia (FFI) is a rare, hereditary prion disease characterized by progressive insomnia and dysautonomia. Some clinical features include dementia, inattention, motor signs, and damage to select thalamic nuclei. It is a fatal disorder.
SLITRK1 | L-histidine-decarboxylase
poly(adenosine diphosphate-ribose) polymerase (PARP) | PARP-1 and PARP-2
JAMM | geck | PeakXus
ENCODE | ROADMAP | BLUEPRINT | DEEP
Essential tremor | Parkinson's Disease
no
yes
CARMEN is upstream of the cardiac mesoderm-specifying gene regulatory network. Knockdown of CARMEN inhibits cardiac specification and differentiation in cardiac precursor cells. Therefore, CARMEN is a crucial regulator of cardiac cell differentiation.
yes
Teriflunomide
Peginesatide is designed and engineered to stimulate specifically the erythropoietin receptor dimer that governs erythropoiesis. It is a synthetic, PEGylated, peptide-based erythropoiesis-stimulating agent.
Eteplirsen is a phosphorodiamidate morpholino oligomer designed to skip exon 51, restore the reading frame, and induce the production of internally shortened dystrophin in patients with Duchenne muscular dystrophy (DMD) who have mutations amenable to exon 51 skipping. It promotes dystrophin production by restoring the translational reading frame of DMD through specific skipping of exon 51 in defective gene variants.
Insufficient evidence in retrieved documents.
Janus Kinase (JAK) inhibitors are being investigated and used as oral therapies for dermatological conditions such as moderate-to-severe psoriasis and atopic dermatitis. These inhibitors, like tofacitinib, baricitinib, and upadacitinib, target different JAK subtypes to improve clinical measures of these skin conditions. Proinflammatory cytokines play a key role in the disease process of plaque psoriasis [4].
5.476% | 8% | 8.49%
yes
CD38 | Unique CD38 epitope | CD38+ multiple myeloma cells
17 bp deletion in the coding region of the SMIM1 gene | SMIM1 gene | Insufficient evidence in retrieved documents.
no
RAD1901
ZNF335 is a causative gene for microcephaly. It is essential for neural progenitor self-renewal, neurogenesis, and neuronal differentiation, and its knockout leads to reduced cortical size. ZNF335 mutations should be considered in infants presenting with both microcephaly and invisible basal ganglia.
PD-L1 | urothelial cancer
Exonic splice enhancers are principle non-splice site motifs. In humans, much of the information specifying splice sites is not at the splice site, and exonic splice enhancers are one such motif.
Zika virus infection during pregnancy is associated with several birth defects. These include microcephaly, neural tube defects, early brain malformations, structural eye abnormalities, congenital deafness, and limb contractures. Zika virus infection can also cause spontaneous abortion.
Neisseria adhesin A (NadA) is a surface protein of *Neisseria meningitidis* that facilitates adhesion and invasion of human cells. It is a component of the Bexsero vaccine against serogroup B *Neisseria meningitidis* (MenB) and induces bactericidal antibodies. NadA exists in multiple variants.
CAFE
SEA | DENdb | dbSUPER
Abnormally hyperphosphorylated and aggregated tau in affected neurons. | Intracellular accumulation of tau in the form of neurofibrillary tangles. | Decreased affinity for microtubules. | Reduced inducer-initiated rates of nucleation and polymerization. | Increased cytotoxicity. | Accumulation in the somatodendritic compartment. | Aggregates into insoluble filaments.
Oxytocin | 'love hormone' | Neuropeptide hormone oxytocin
Are you asking about the nutritional deficiency that causes scurvy?
Ambras syndrome is a congenital hypertrichosis characterized by the whole body being covered with fine long hair, except for areas where hair normally does not grow. Facial dysmorphism is present, and teeth abnormalities such as retarded dentition and absence of teeth may occur. It also has a familial pattern of inheritance.
Erythema multiforme | Stevens-Johnson syndrome (SJS) | Toxic epidermal necrolysis (TEN) | Drug reaction with eosinophilia and systemic symptoms (DRESS) | Acute generalized exanthematous pustulosis (AGEP)
INCA
Are you referring to a specific research study, gene, protein, or something else?
Benserazide is a peripheral decarboxylase inhibitor. When co-administered with L-DOPA, it inhibits the conversion of L-DOPA to dopamine outside of the brain.
In what context are you asking about regioneR (e.g., genomics, bioinformatics, a specific disease)?
Lepromatous nodular erythema | Severe aphtosis | Jessner-Kanoff's cutaneous lymphocyte infiltration | Discoid lupus erythematosis | Chronic graft-versus-host reactions | Relapsed and or refractory multiple myeloma (after the failure of standard therapies) | Erythema nodosum leprosum
Reactive metabolites are believed to be responsible for most idiosyncratic drug reactions and are associated with hepatotoxicity. They are a main reason behind unexpected drug-induced toxicity, by binding covalently to cell proteins or DNA. The formation of reactive metabolites through biotransformation is the suspected cause of many adverse drug reactions.
The "wearing-off" phenomenon is a complication of prolonged levodopa usage in Parkinson's Disease patients. It manifests as motor response fluctuations and can include sensory, autonomic, psychiatric, and motor fluctuations, as well as shortness of breath. This phenomenon can occur after more than five years of levodopa therapy in over 50% of patients.
Are you asking about prions in relation to a specific disease or condition?
yes
Are you asking about the sQTLseekeR software package used in genetic research?
Creutzfeldt-Jakob disease (CJD) is a rare, rapidly progressive, and fatal neurodegenerative disease. It is also classified as a transmissible spongiform encephalopathy that causes neuromuscular symptoms and profound dementia. The disease course is rapid and has a 100% mortality rate.
Athelia is a very rare condition defined by the absence of the nipple-areola complex. It can be associated with syndromes that include other congenital or ectodermal anomalies.
yes
Are you asking about a specific BioCreative challenge, or BioCreative in general?
Treatment of obesity | Adjunct pharmacotherapy for obesity | Used with lifestyle modification
5p15.3 | 5p15.32 | 5p15.33
transposable element | insertion of a large, tandemly repeated, transposable element
huntingtin (Htt) gene | HTT gene | huntingtin or IT15 gene
PHYLUCE | Locus Overlap Analysis (LOLA) | CNEFinder
SLC9A6 gene | SLC9A6
Eteplirsen (Exondys 51) is an antisense oligonucleotide designed to induce exon 51 skipping of the dystrophin gene. It has received accelerated approval from the US FDA for the treatment of Duchenne muscular dystrophy (DMD) in patients with a confirmed mutation of the DMD gene amenable to exon 51 skipping. It promotes dystrophin production by restoring the translational reading frame of DMD through specific skipping of exon 51 in defective gene variants.
SINEUPs are long antisense non-coding RNAs that increase the synthesis of target proteins. They up-regulate translation in mammalian cells in a gene-specific manner, requiring an embedded inverted SINEB2 sequence for their function. SINEUPs are proposed as a scalable tool to increase protein synthesis.
Are you asking about the diagnostic criteria, potential causes, or treatment options for trichotillomania?
Raxibacumab is a human monoclonal antibody that targets the protective antigen, a component of the anthrax toxin. It is developed as a therapeutic approach against inhalational anthrax.
CPEB3 is a CPE-binding protein that binds to the CPE domain. This binding promotes polyadenylation-induced translation.
yes
The shelterin complex binds TTAGGG DNA repeats and caps chromosome ends. It shields telomeres from the DNA damage response and protects chromosome ends by compacting telomeric chromatin. The shelterin complex also prevents recognition of telomeric sequences as sites of DNA damage.
Alzheimer's disease (AD) | Alzheimer's disease
Microdeletion syndromes | DiGeorge sequence | Chronic myeloid leukemia (CML) with the classic form of the Philadelphia chromosome (Ph)
Epilepsy | Ataxia | Sensorineural deafness | Tubulopathy
Early 1950s | 1958 and 1959
yes
Statins | Simvastatin | Ezetimibe | Resins | Fibrates | Niacin | Cholesterol absorption-inhibiting drugs
PD-1 inhibitors are checkpoint antibody inhibitors that function as tumor suppressing factors via modulation of immune cell-tumor cell interaction. Nivolumab and Pembrolizumab are examples of PD-1 inhibitors.
yes
Rofecoxib | Valdecoxib | Sibutramine
yes
crypt base | bottom of the crypts of Lieberkühn | intestinal stem cell niche
ECHO virus infections | Mumps | Enteroviral meningitis | Tick-born encephalitis | Viral undifferentiated meningitis | Herpes virus | EBV | CMV | Aseptic meningitis
Sulfonylureas | Biguanides | Thiazolidinediones | Alpha-glucosidase inhibitors | Insulin secretagogues
*   Q-nexus
*   MACE
*   MACS2
Statins are lipid-lowering and cholesterol-lowering drugs used in cardiovascular prevention. They may also have benefits in cerebral ischaemia and subarachnoid haemorrhage and have pleiotropic vascular effects.
Epithelial cells in the genitourinary tract | Paneth cells in the intestine | Insufficient evidence in retrieved documents.
yes
Disrupts the microtubular network | Mitotic arrest | Induces metaphase I arrest
Could you please specify the context in which you encountered "Path2PPI"?
Lung cancer | Cervical cancer | Prostate cancer | Breast cancer | Male breast cancer
Zika virus infections are often asymptomatic or result in mild illness with symptoms like fever, rash, arthralgia, and conjunctivitis. However, more severe effects can occur. These include Guillain-Barré syndrome in adults and adverse pregnancy outcomes such as fetal loss, microcephaly, and other brain anomalies in pregnant women.
Oseltamivir inhibits neuraminidase, a flu protein responsible for the release and spread of the progeny virions. It is used to fight the flu virus in infected individuals and is effective for treating both seasonal flu and H5N1 influenza A virus infection.
The gamma-secretase complex consists of four proteins: presenilin (PS), nicastrin, Aph-1, and Pen-2. Presenilin (PS) harbors the enzymatic activity of the complex. There are two mammalian PS homologues: PS1 and PS2.
Aurora A | Plk1
yes
E2-conjugating enzyme required for sumoylation | Interacting with almost all of the partners required for sumoylation | Regulating several critical cellular pathways
yes
yes
fimA genotypes II | fimA genotypes Ib | fimA genotypes IV
yes
Cohesins form the topological and mechanistic basis for cell-type-specific long-range chromosomal interactions in cis at the developmentally regulated cytokine locus IFNG. They also form chromosomal cis-interactions at this locus.
Are you interested in the ECG changes, the clinical presentation, or the management of Wellens' Syndrome?
Amyotrophic lateral sclerosis (ALS) | Frontotemporal dementia (FTD) | ALS-FTD
ApoE2 or E4 | ApoE isoform | E2 allele
yes
yes
webSDA | SDA | Simulation of diffusional association
yes
Transthyretin is secreted into the cerebrospinal fluid and facilitates the transport of thyroid hormones. It moves thyroid hormones from the blood into the cerebrospinal fluid.
Illnesses due to diagnostic or therapeutic procedures | Any problem that resulted from therapy | Disease that results from a diagnostic procedure or from any form of therapy
Multipotent neural crest cells | Neural crest | Schwann cell precursors
Gordon syndrome | Marden-Walker syndrome | Distal arthrogryposis type 5
no
Slitrk1 is localized to excitatory synapses and is enriched in postsynaptic fractions. The SLITRK1 gene is expressed in brain tissues, and Slitrk family members are highly expressed in the central nervous system.
Harlequin syndrome is characterized by asymmetric, unilateral facial flushing and sweating, or diminished sweating and flushing of the face, neck, and chest. These symptoms can be triggered by heat, exercise, or emotional factors. It is a rare disorder of the sympathetic nervous system [3, 4].
The constitutive photomorphogenesis 9 signalosome (CSN) plays key roles in many biological processes, including repression of photomorphogenesis in plants, protein subcellular localization, DNA-damage response, and NF-κB activation in mammals. It is also involved in embryonic development and cell cycle regulation. Furthermore, CSN may play a role in regulating the degradation of polyubiquitinated proteins.
yes
Legg-Calvé-Perthes Disease is a pediatric hip disorder characterized by avascular necrosis of the head of the femur. It is a developmental disease that may result in a deformed and poorly functioning hip, with a wide spectrum of pathology. The onset of the disease is insidious.
ERAP1-ERAP2 dimerization increases peptide-trimming efficiency. This dimerization results in the production of mature epitopes more efficiently and creates complexes with superior peptide-trimming efficacy, likely enhancing antigen presentation.
Common foot disorder | Most common cause of plantar heel pain | Chronic degenerative process that causes medial plantar heel pain
deubiquitinase | hydrolyzing Met1-linked polyubiquitin | cleaves Met1-linked polyUb
Insufficient evidence in retrieved documents.
yes
Adhesive capsulitis is a condition characterized by pain and restriction or loss of active and passive shoulder motion. It involves thickening and contraction, or fibrosis and contracture, of the joint capsule. The etiology of adhesive capsulitis is poorly understood or unknown.
Semantic MediaWiki (SMW) was used in the FANTOM5 project to develop SSTAR, a web-based database. SMW provided the flexibility to model, store, and display the data sets produced during the FANTOM5 project. This demonstrates the utility of the framework for disseminating large-scale analysis results.
yes
chromDraw
yes
gastrointestinal tracts of humans and animals | gut | Insufficient evidence in retrieved documents.
yes
NOX1 | NADPH oxidase 1
yes
Osimertinib is a third-generation EGFR tyrosine kinase inhibitor (TKI) that potently and selectively inhibits EGFR-TKI-sensitizing and EGFR T790M resistance mutations. It targets the EGFR T790M mutation, while sparing wild-type EGFR. It is also an irreversible inhibitor of both activating EGFR mutations and resistance-associated T790M point mutations.
Bartter syndrome is a rare, autosomal recessive, salt-losing disorder. It is characterized by a deficiency in sodium and chloride absorption, often resulting in hypokalemic hypochloremic metabolic alkalosis and secondary hyperaldosteronism. Other symptoms can include polyuria and low to normal blood pressure.
yes
RADAR | MODOMICS | doRiNA
Hemolysis | Elevated liver enzymes | Low platelets
MITF gene
Firmicutes | Bacteroidetes | Proteobacteria
beta-globin gene | ß globin gene | HBB
Indian hedgehog (Ihh) plays a vital role in regulating the proliferation and hypertrophy of chondrocytes. It is essential for chondrocyte differentiation and endochondral ossification. Ihh is also thought to be involved in the regulation of hypertrophic conversion.
Facilitate expansion of resident stem cells | R-spondin 1 and noggin facilitate expansion | Expansion of resident stem cells
Orofacial edema | Facial nerve palsy | Lingua plicata | Recurrent oedema of lips | Recurrent facial nerve paralysis
Gaucher disease | type 1 Gaucher disease
Symmetry breaking | Left-right asymmetry
Eucaryotes and procaryotes differ in their translation machinery and ribosome biogenesis. Specifically, polycistronic messengers are expressed as a sequence of individual proteins only in procaryotes, and the initiator tRNA is formylated in procaryotes but not in eucaryotes. Furthermore, ribosome biogenesis occurs in the nucleolus in eucaryotes, while procaryotes lack an equivalent structure.
The HSP70-HSP110 disaggregase machinery clears protein aggregates via the 26S proteasome. UBQLN2 acts with this machinery by recognizing client-bound HSP70 and linking it to the proteasome, allowing for the degradation of aggregated and misfolded proteins. Hsp70 can also reverse Parkinson's-linked α-Synuclein Amyloid Fibrils.
yes
GBshape
yes
yes
yes
yes
Age | Glasgow Coma Scale | ICH location | Volume | Pre-ICH cognitive impairment
mitochondrial inner membrane | inner mitochondrial membrane | Insufficient evidence in retrieved documents.
MiRduplexSVM is a useful and accurate predictive model. It provides precise information about all four ends of the miRNA duplex.
ACVR1
Unipept is a web application used for metaproteomics analysis, including biodiversity analysis of complex metaproteome samples. It provides interactive visualizations and supports taxonomic and functional characterization. The analyses are performed using tryptic peptide information.
Critical in the pathogenesis of Alzheimer's disease | Plays a role in Alzheimer's disease | Cleaves a precursor to create the amyloid beta peptide
Congenital Horner syndrome | Horner's syndrome
Nerve growth factor (NGF) | NGF and its receptor system
yes
Are you asking about a MRSA infection in general, or something more specific?
Electron-based fragmentation | Electron Transfer Dissociation (ETD) | CID | HCD | Neutral loss-dependent MS/MS/MS | Higher-order fragmentations of neutral loss ions
yes
Epitranscriptome analysis involves investigating a new layer of gene regulation through the study of RNA modifications. This analysis utilizes high-throughput sequencing technologies and new detection methods, including mass spectrometry, to reveal the landscape of mRNA modifications.
Human immunodeficiency virus infection | HIV infection
Are you asking about Bexsero the vaccine?
yes
Biguanides are oral insulin-sensitizing agents. They increase insulin sensitivity and decrease plasma fasting insulin levels. Metformin is a commonly used biguanide to treat type 2 diabetes.
The proteasome is located in the cytosol and the nucleus of eukaryotic cells. It is also found in the cytoplasm. In yeast, proteasomes are located in the nuclear envelope-ER network.
Gardner-Diamond syndrome clinically presents with recurrent, painful bruising or ecchymoses. It is often associated with psycho-emotive symptoms, underlying psychosis or neurosis, or a "hysterical" personality pattern. Cutaneous and mucosal hemorrhages may also be present.
Orbital surface of the medial rectus and inferior rectus | Eye | Trochlea
To avoid statin induced adverse drug reactions | Toxicity response of high dose methotrexate chemotherapy | Statin-associated muscle symptoms
PcircRNA_finder | find_circ | CIRCexplorer | UROBORUS
spinal muscular atrophy
Alzheimer's disease (AD) | Executive dysfunction | Cardiomyopathy
In what context are you asking about lncRNA?
10(13-14) | 10(14) cells | 100 trillion
Inhibitors of the oxytocinase subfamily of M1 aminopeptidases with immune-regulating properties | Selective inhibitors for ERAP1, ERAP2, and IRAP | Targeted downregulation of immune responses
yes
Northeastern Siberia | Eastern Siberia
Are you asking about septins in relation to a specific disease, cell type, or research area?
Insufficient evidence in retrieved documents.
A severe form of epilepsy | An epileptic syndrome of infancy | A severe infantile onset epilepsy syndrome
Telomerase is considered a good drug target because it is differentially expressed in cancer cells compared to normal cells and plays an important role in cell proliferation and carcinogenesis. Normal cells have a considerable telomere reserve, making telomerase a potentially selective anti-cancer drug target. Furthermore, almost 100% of adenocarcinoma, including breast cancer cells, expresses telomerase.
Are you asking about a gene, a disease, or something else?
Tokuhashi score | revised Tokuhashi score | modified Tokuhashi score | Tomita score | modified Tomita score
no
Muscle symptoms | Muscle pain | Myopathy | Rhabdomyolysis | Hepatotoxicity | Peripheral neuropathy | Impaired myocardial contractility | Autoimmune diseases | Muscle weakness
Sacubitril | Valsartan
The doRiNA database systematically curates, stores, and integrates binding site data for RBPs and miRNAs. It supports the quest for deciphering the regulatory code by allowing users to view data from mRNA or regulator perspectives and is linked to the UCSC genome browser. The database includes RBP data for human, mouse, and worm genomes and an update of PicTar predictions for miRNA target site predictions.
yes
yes
Transports substances across membranes | Multidrug resistance-associated proteins (MRPs), sulfonylurea receptors (SURs), and a cystic fibrosis transmembrane conductance regulator (CFTR) | Insufficient evidence in retrieved documents.
Furin may control hepcidin expression.
CIDEC protein is predominantly expressed in subcutaneous adipocytes in humans. It is also expressed in hepatocytes, especially during fasting or under conditions like genetic or diet-induced hepatosteatosis.
Weak inverse association | Cardiovascular health benefits | Seems prudent
The Orpington Prognostic Scale (OPS) is used to determine stroke severity. Additionally, the Orpington Prognostic Scale (OPS) can predict outcome and response to subacute rehabilitation in older patients with stroke.
no
methylKit
yes
At least 1.6 per 100,000 | 1.6 per 100,000 | Insufficient evidence in retrieved documents.
yes
yes
Midline brain abnormalities | Optic nerve hypoplasia | Pituitary endocrine dysfunction
yes
DAL cluster
The MCAST algorithm is applicable for identifying candidate cis-regulatory modules (CRMs) within a genomic sequence, using a collection of transcription factor binding motifs and a DNA database as input. It can also predict CRMs while considering epigenomic data. MCAST identifies CRMs by scanning for clusters of motifs.
apoE4 isoform | ApoE epsilon4
no
Insufficient evidence in retrieved documents.
RADAR
no
*   Cse4 histone variant (known in vertebrates as CENP-A)
*   cenH3/H4/H2A/H2B tetramer
*   Histone H3
yes
yes
Yeast Clr4 is a protein that modulates chromatin structure. It regulates silencing and switching at the mating-type loci and affects chromatin structure at centromeres. Clr4 is essential for heterochromatin assembly, targeting H3K9.
LIMT (LncRNA Inhibiting Metastasis) inhibits extracellular matrix invasion of mammary cells and tumor metastasis. It is depleted in basal-like and HER2-positive tumors, and its low expression predicts poor patient prognosis. LIMT is suppressed by EGF.
yes
Kupffer cells are tissue macrophages and resident macrophages of the liver. They are multifunctional cells involved in the body's defense mechanisms and innate immunity by releasing mediators during inflammatory conditions. They are also the main source of MMP and play a role in drug-induced liver injury (DILI).
Saponins are found in crops, such as quinoa, where they may need to be removed before human consumption due to their bitter taste. However, saponins are also approved by the US FDA for inclusion in beverages for human consumption. Saponins are also considered antinutritional factors.
yes
Histone variant H2A.W defines heterochromatin and promotes chromatin condensation in Arabidopsis. It specifically marks heterochromatin and works with H3K9me2 and DNA methylation to maintain transposon silencing.
Hyperbilirubinemia can cause various brain dysfunctions, including auditory system dysfunction and long-term neurologic dysfunctions. More specifically, it can lead to bilirubin-induced neurologic dysfunction (BIND) and kernicterus, resulting in deficits in auditory, cognitive, and motor processing, as well as alterations in myelination and glia reactivity.
yes
X chromosome | sex chromosomes
Detecting telomerase activity | Detection of telomerase activity in cells | To detect cell type-specific gene expression patterns at the level of translating mRNAs
The Pediatric Index of Mortality 2 (PIM2) scoring system is used to predict mortality in patients admitted to pediatric intensive care units (PICUs). It can discriminate between survivors and deaths and is used for the evaluation of risk-adjusted mortality. The PIM2 scoring system is commonly used in PICUs in Argentina.
no
Mutations in the SLC40A1 gene are associated with hereditary haemochromatosis type 4 and autosomal dominant hemochromatosis. Specifically, a gain of function mutation in the SLC40A1 gene is associated with hereditary haemochromatosis type 4.
yes
no
yes
Nrd1 | Nab3 | Sen1
traseR
yes
Exploding Head Syndrome exists and is common in college students. It has clinical features, and there are case reports about it.
yes
Crowned dens syndrome (CDS) is pseudogout of the atlantoaxial junction induced by crown-like calcifications around the dens [1]. It is related to microcrystalline deposition and mainly causes acute or chronic cervical pain [5]. Symptoms can include severe neck pain, rigidity, high fever, and acute occipital headache [1, 2, 3, 4].
yes
Insufficient evidence in retrieved documents.
Trauma | Varicella | UVB | Intradermal antigen tests
yes
The DGAT1 gene product, also known as diacylglycerol acyltransferase 1, is an enzyme that catalyzes the final or rate-limiting step in triglyceride synthesis. It is considered the key enzyme in controlling the rate of synthesis of triglycerides.
H3-K27M mutation | H3.3K27M mutation | H3F3A and HIST1H3B genes mutations
no
HaploReg v4 is designed for systematic mining of putative causal variants, cell types, regulators, and target genes related to human complex traits and diseases. It incorporates regulator binding data, expands regulatory motif disruption annotations, and integrates expression quantitative trait locus (eQTL) variants and their tissue-specific target genes. It can be used to study diseases such as attention deficit hyperactivity disorder (ADHD).
Attacks of vertigo, lasting between half an hour and a few hours and no more than 24 hours | Sensation of aural fullness | Tinnitus accompanied by a fluctuating or permanent low-tone hearing loss | Sensorineural hearing loss | Vertiginous attacks lasting minutes to hours | Unilateral fluctuating hearing loss of sensorineural type
Connective tissue | Skin and joints | Non-ossified tissues
Mondor's disease is a rare condition characterized by superficial thrombophlebitis. It can occur in the thoracoabdominal area or, in the case of penile Mondor's disease, as thrombosis in the dorsal vein of the penis. It is considered benign and self-limiting.
Could you specify which metalloenzyme you're interested in?
Immediate-early (IE) genes are the first class of viral genes expressed after primary infection or reactivation [2]. They are also rapidly induced in response to growth factor stimulations [1]. TIEG1 is also described as an early response gene [5].
Insufficient evidence in retrieved documents.
libFLASM
yes
Are you asking about cardiotoxicity in general, or in relation to a specific condition or treatment regimen?
Hypoproteinemia | Bilateral lower limb edema | Ascites | Protein losing enteropathy | Lymphopenia | Hypoalbuminemia | Hypogammaglobulinemia | Exsudative gastroenteropathy
no
yes
yes
RNA polymerase II | DNA-dependent RNA polymerase II (Pol II)
tyrosinase
en masse repair | separate double-layer double-row repair | arthroscopic debridement (DB) | partial repair (PR) | complete repair (CR) | grafts in the augmentation of large-to-massive rotator cuff repairs
Laser Interstitial Thermal Therapy (LITT) has been used as an ablative treatment for glioma. Stereotactic LITT is used for recurrent high-grade gliomas. However, the development of LITT was limited due to technical issues.
SWR1 complex | SWR1
Mcidas | GemC1/Lynkeas
yes
Perceived and chronic stress are associated with shorter telomere length. Highly stressed, inactive postmenopausal women have shorter telomeres. This aligns with theories suggesting stress induces physiological changes that shorten telomeres.
Ackee fruit
PLA2G6
Are you asking about a medication, a lab value, or something else?
yes
Are you asking about degrons in the context of protein degradation, or something else?
syndromic A
yes
Diabetes mellitus
Lysine 2-hydroxyisobutyrylation is a widely distributed active histone mark.
Attention Deficit Hyperactivity Disorder (ADHD) | Neuropsychiatric diseases
Corynebacterium species | Corynebacterium diphtheriae | toxigenic strains of Corynebacterium diphtheriae
Maintaining calcium homeostasis | Regulating parathyroid hormone secretion and urinary calcium excretion | Hormone secretion, activation of ion channels, cell apoptosis, proliferation, and differentiation
Amitriptyline | Topiramate | Placebo
Natural inhibitor of IL-18 | IL-18 antagonist | Regulates IL-18 activity
Ssu72 | transcription pre-initiation complex | Insufficient evidence in retrieved documents.
Apixaban | Warfarin
Are you asking about REVIGO, the web server for visualizing gene ontology terms?
Onartuzumab is a MET antagonist that blocks HGF-induced MET activation.
yes
poxvirus | molluscum contagiosum virus (MCV)
Tay-Sachs disease, juvenile GM2 gangliosidoses, chronic GM2 gangliosidoses, and adult GM2 gangliosidoses are caused by HEX A deficiency.
Behçet's disease is a chronic relapsing systemic inflammatory disease affecting many different organs. It is also described as a rare systemic vasculitis disorder of unknown etiology characterized by recurrent attacks of acute inflammation. It presents with recurrent oral aphtha, cutaneous manifestations, uveitis, and genital ulcer, and can feature mucocutaneous, ocular, articular, vascular, intestinal, urogenital, and neurologic involvement. In young adults, it is characterized by venous occlusion.
yes
Major depressive disorder | Smoking cessation | Weight loss
Proapoptotic | Cell death regulator | Key role in mitochondria-mediated apoptosis
Ctf4 recruits the Chl1 helicase to the replisome, linking DNA replication with sister chromatid cohesion establishment. Ctf4 interaction, but not Chl1 helicase activity, is required for Chl1's role in sister chromatid cohesion. Chl1 physically interacts with the cohesin complex during S phase, suggesting that Chl1 contacts cohesin to facilitate its acetylation.
Primary intestinal lymphangiectasia (PIL) is caused by a congenital malformation of the lymphatic vessels in the small intestine. This malformation leads to dilated intestinal lacteals, insufficient drainage, and leakage of lymph fluid into the small bowel lumen.
Congenital disorders of glycosylation (CDG) are a growing group of inherited metabolic disorders [1, 2] resulting from deficiencies in glycosylation pathways [4] that affect glycoconjugates [3]. These disorders can lead to a variety of different diseases [1]. A hallmark in a subset of CDG cases is the reduced glycosylation site occupancy of asparagine-linked glycans [5].
494 new TF binding profiles (315 in vertebrates, 11 in nematodes, 3 in insects, 1 in fungi and 164 in plants) | 59 updated profiles (58 in vertebrates and 1 in fungi) | Updated structural annotation of the TF DNA binding domains (DBDs) following a published hierarchical structural classification | 130 transcription factor flexible models trained on ChIP-seq data for vertebrates, which capture dinucleotide dependencies within TF binding sites | A new web tool to infer JASPAR TF binding profiles recognized by a given TF protein sequence | A Ruby module complementing the JASPAR API to ease programmatic access and use of the JASPAR collection of profiles | The JASPAR2016 R/Bioconductor data package with the data of this release
Tafazzin is a transacylase involved in cardiolipin remodeling. It transfers acyl chains with unsaturated fatty acids from phospholipids to monolysocardiolipin to generate cardiolipin with unsaturated fatty acids, thereby affecting cardiolipin fatty acid composition and mitochondrial function. The tafazzin protein is essential for the transacylation of cardiolipin, an essential mitochondrial phospholipid.
Assassin bugs are members of the family Reduviidae (Hemiptera: Heteroptera). This family is a diverse group of true bugs with more than 6,000 species.
no
yes
Telomeric repeats | Regions where transcription starts and stops | Insufficient evidence in retrieved documents.
CisMapper
Unipolar brush cells are localized in the granular layer of the cerebellar cortex, particularly the vestibulocerebellum, and in the cochlear nucleus. They reside in granule cell regions within these areas.
H3F3A mutations (K27M) | HIST1H3B mutations (K27M) | ACVR1 mutations | G34R/V mutations
yes
yes
Could you please provide more context? Are you referring to a gene, a condition, a drug, or something else?
apoB | PCSK9 | MTP | ANGPTL3
Proteolytic processing | Mitochondrial protease | rhomboid protease
yes
A mimotope vaccine incorporates peptide mimics of tumor antigens and is used in cancer immunotherapy to elicit increased numbers of T cells that cross-react with the native tumor antigen. They are also used as cancer vaccines for antibody production and can induce a polyclonal antibody response. Mimotope vaccines are generated by coupling a mimotope to tetanus toxoid as an immunogenic carrier.
Mal de debarquement syndrome (MdDS) is characterized by a persistent subjective perception of self-motion, often described as a low-frequency rocking sensation. This syndrome occurs after exposure to passive motion and involves a motion-induced disorder of balance, with symptoms lasting for months or years.
yes
Verubecestat inhibits BACE1, also known as β-site amyloid precursor protein cleaving enzyme 1 or β-secretase. It is being evaluated for the treatment of Alzheimer's disease.
Insufficient evidence in retrieved documents.
Ectopia lentis is a genetically heterogeneous condition characterized by the subluxation of the lens resulting from the disruption of the zonular fibers [1]. Isolated ectopia lentis is usually autosomal dominant and commonly due to mutations of the FBN1 gene [2, 5].
yes
Gasdermin D (GSDMD) protein triggers pyroptosis, a lytic form of cell death important for immune defenses and diseases. The gasdermin-N domain of GSDMD can bind membrane lipids and disrupt cell membranes.
Are you referring to a gene, a clinical trial, or something else?
Haemolytic anaemia | Abnormally low levels of G6PD
yes
yes
no
The Genome 10K Project aims to sequence the genomes of 10,000 vertebrates, representing approximately one genome for each vertebrate genus. It was established in 2009 by a consortium of biologists and genome scientists to facilitate the sequencing and analysis of these genomes.
PU.1 | GATA3 | C/EBPepsilon
Are you asking about a specific application of MIRA-seq, or would you like a general overview of the technology?
Ssu72 mediates gene looping by facilitating the juxtaposition of promoter and terminator regions. This process is dependent on Ssu72-mediated CTD dephosphorylation, which allows for transcription reinitiation. Ssu72 interacts with components of the transcription pre-initiation complex to form these gene loops.
no
Peptide aptamers are peptides that recognize and bind to a specific target protein, potentially interfering with its function. They can disrupt protein-protein interactions by binding with high affinity to the target protein. They are artificial short peptides.
Arrhythmia | Sudden cardiac death | Progressive myocardial dysfunction | Symptoms of heart failure | Ventricular arrhythmias
The Glasgow Coma Scale (GCS) score can be used to determine injury severity. It is also associated with the Glasgow Outcome Score.
Oral direct factor Xa inhibitors and enoxaparin | Factor Xa inhibitors
trisomy 13 | trisomy for some or all regions of chromosome 13
XX sex reversal | Failure of testicular development | Intersex
yes
Connective tissue | Cardiovascular system | Skeletal systems
Primary sclerosing cholangitis
no
Ebola virus disease | Ebola Virus Infection | Ebola Virus
yes
Phosphorylation | γH2AX expression | γH2AX formation
yes
Modulates expression of G2A | Novel effect of Ikaros haploinsufficiency on Foxp1 functioning | Requires the central zinc finger domain of Ikaros
Cornelia de Lange syndrome (CdLS) | Developmental abnormalities resembling CdLS | Insufficient evidence in retrieved documents.
X-linked | X-linked recessive | X-linked genetic disorder
yes
Pictilisib is an oral inhibitor of multiple PI3K isoforms. It is a potent and selective inhibitor of the class I phosphatidylinositol-3-kinases (PI3K).
Are you asking about sirtuins in relation to a specific condition, medication, or area of research?
miR-138 | miRNAs of the miR-9 family | Insufficient evidence in retrieved documents.
DeepCAGE transcriptomics
yes
treatment of atrial fibrillation and flutter
Organism-independent | Genome-wide transcription start sites | Characterizing diverse architectures
FBN1
no
no
Fibrillin-1 (FBN1) gene | Fibrillin gene
Insufficient evidence in retrieved documents.
Are you asking about the ChIPpeakAnno R package for bioinformatics analysis?
IL-4 signaling | IL-13 signaling
yes
Actin filaments | Microtubules | Intermediate filaments
Apis
Xq28
Parasympathetic neurons
Insufficient evidence in retrieved documents.
no
Percutaneous coronary intervention with drug-eluting stents | Coronary artery bypass graft (CABG)
Are you asking about a specific aspect of ATR-16 syndrome, such as its genetic cause, symptoms, or diagnosis?
Hypolipidemia | Loss of nuclear translocation activity | Reduction of apolipoprotein B and apolipoprotein A-I-containing lipoproteins
50-60% | 30-40% have little or no response | 30% fail to respond
Type 2 diabetes | Obesity | Overweight
Sudden unexpected death in epilepsy
*   Pap1
*   Pta1
Vestibular schwannoma
X-linked | X-linked recessive | X-linked inheritance
PEDLA | DEEP | EP-DNN
no
yes
no
yes
Romosozumab is a humanized monoclonal antibody that targets sclerostin, a protein that inhibits Wnt signaling and osteoblast maturation. By blocking sclerostin, Romosozumab increases bone formation and decreases bone resorption.
posttraumatic stress disorder (PTSD) | PTSD
The Mis18 protein complex is crucial for determining when and where centromeres are built. It is required for the incorporation of CenH3/CENP-A into centromeric chromatin and is pivotal for the deposition of CENP-A at the centromere during cell cycle progression. These functions are indispensable for embryonic development.
no
no
Required for the development of cardiac and skeletal muscle. | Expressed in zebrafish embryos at all developmental stages examined. | Knockdown of smyd3 in embryos resulted in pericardial edema and defects in the trunk structure. | Plays an important role in the expression of heart-chamber markers including cmlc2, amhc and vmhc. | Plays an important role in the expression of myogenic regulatory factors including myod and myog.
CDK4/6 | Cyclin-dependent kinase 4/6
K27M mutation of histone H3.3 | H3.3K27M mutation | Somatic mutations of the H3F3A and HIST1H3B genes encoding the histone H3 variants, H3.3 and H3.1 | Lys27Met (K27M) mutations in genes encoding histone H3.3 (H3F3A) and H3.1 (HIST3H1B) | Gly34Arg/Val (G34R/V) mutations in genes encoding histone H3.3 (H3F3A) and H3.1 (HIST3H1B)
What is the context of your question? Are you referring to a specific sequencing technology, sample type, or research application?
no
Are you asking about the genetic condition, or something else?
Overactive bladder (OAB) | Urgency, urinary frequency and urge urinary incontinence associated with OAB | Urge urinary incontinence, urgency, and urinary frequency and other storage symptoms in both men and women
Medications that block dopamine receptors | Chronic therapy with classical antipsychotic medications | Aripiprazole
yes
Are you asking about a gene, a protein, or something else related to PANTHER-PSEP?
Are you asking about MPE-seq in the context of gene expression, protein analysis, or something else?
Bezlotoxumab is a human monoclonal antibody that neutralizes the cytotoxic effects of TcdB. It binds via its two Fab regions to two epitopes within the N-terminal half of the TcdB CROP domain, partially blocking the carbohydrate binding pockets of the toxin and preventing toxin binding to host cells.
yes
yes
Bites of infected mosquitoes and ticks | Biting insects | Arthropod vectors
Nasuia-ALF
Episodic headache | Increased sweating | Palpitations
Type I: related to initial acute heart failure | Type II: related to initial chronic heart failure | Type III: related to initial acute kidney failure | Type IV: related to initial chronic kidney failure | Type V: related to several systemic diseases
Small non-coding RNAs | Noncoding RNAs that regulate gene expression | Endogenous small non-coding RNAs
no
Insufficient evidence in retrieved documents.
Uhl's anomaly is a rare cardiac defect characterized by the absence or hypoplasia of the right ventricular myocardium. It is an evolutive disease that can lead to terminal right ventricular failure. Uhl's anomaly was first reported by Uhl in 1952.
no
Yes, aspirin can be used in cancer prevention, particularly for colorectal cancer. Evidence suggests it has chemopreventive effects and may reduce the risk of gastrointestinal tumors. Regular aspirin use may prevent a substantial proportion of colorectal cancers.
Cdt1 | Origin Recognition Complex (ORC) | Cdc6 | MCM replicative helicase | DDK | Cdc45
Autosomal recessive inheritance | Unusual inheritance
Amanita phalloides
Interferon signature | C-to-T single nucleotide polymorphism | R620 to W620
Burrows-Wheeler Alignment tool (BWA) | BWASW-PMR | BWBBLE
yes
Pse-in-One
TNF-alpha inhibition, through the use of TNF-alpha blockers, is associated with the reactivation or occurrence of tuberculosis (TB) in patients. This has been highlighted by cases occurring in patients using anti-TNFalpha drugs.
Ribosomal protein genes
chromosome 13 | chromosome 14 | chromosome 21
no
Coilin | p80-coilin
LYST | Lyst | LYST/CHS1
Cereal crops | Wheat | Barley and maize
Herpes simplex viral vector (HSV) | Adeno-associated viral vector (AAV)
no
Disruption of a TAD boundary causes ectopic chromosomal contacts and long-range transcriptional misregulation. This disruption also results in aberrant gene expression by exposing genes to inappropriate regulatory elements.
Thrombocytopenia | Microangiopathic hemolytic anemia | Neurologic symptoms | Renal disease | Neurologic changes | Renal impairment | Fever | Generalized purpura | Fluctuating central neurological abnormalities | Coombs-negative hemolytic anemia
no
LOLA | regioneR | ChIPpeakAnno
ADAR RNA editing enzyme | ADAR
The CEGA catalog, or Conserved Elements from Genomic Alignments, is a resource designed to facilitate the study of Conserved Non-Coding Sequences (CNCs) and Ultraconserved Elements (UCEs). It provides a comprehensive set of CNCs identified across different vertebrate lineages using phylogenetic modeling. A web interface is available to access alignments, genomic locations, and other biologically relevant data.
total hCG | free β-HCG | PAPP-A
no
Are you asking about magnetoreception in the context of human health, animal behavior, or something else?
yes
yes
Prader-Willi syndrome (PWS)
Congenital insensitivity to pain (CIP) | Hereditary sensory and autonomic neuropathy (HSAN) | Sensory neuron development and pain perception problems
yes
Replication origin timing | Transcription | Long-range DNA interactions during homologous recombination
The Ctf4-interacting-peptide (CIP-box) is a motif found in Ctf4 partners like Pol α and helicase, and these motifs target different sites on Ctf4. Ctf4-dependent recruitment of CIP-box proteins couples other processes to DNA synthesis, including rDNA copy-number regulation.
double-stranded RNA | RNA | single strand of negative sense RNA
Deficits in neuropsychological functioning that may occur as a result of cancer treatment | Severe cognitive dysfunction | Decrease in concentration, forgetfulness and slower thinking
DAVF | csDAVFs | ncsDAVFs
Enhancer Sharing | Nucleosomal barriers imposed by histone proteins | UTRs of transcripts
yes
mTOR is a kinase that regulates cell growth, metabolism, proliferation, and survival. It controls processes such as translation, transcription, protein degradation, cell signaling, cytoskeleton dynamics, ribosome biogenesis, mRNA translation, carbohydrate and lipid metabolism, autophagy, microtubule and actin dynamics, protein synthesis, nutrient metabolism, growth factor signaling, and migration. mTOR also participates in neuronal development and the functioning of mature neurons and forms two multiprotein complexes known as mTORC1 and mTORC2.
Tardive dyskinesia | HD-related chorea | Tics associated with Tourette syndrome
Reduced growth | Microcephaly | Ocular anomalies (microcornea, strabismus, myopia, and pale optic disk) | Distinctive facial features (narrow palpebral fissures, telecanthus, sparse and laterally broad eyebrows, preauricular tags, and micrognathia) | Mental retardation | Generalised hypotonia | Long narrow face | Long thin hands and feet
Required to suppress T cell activation | DNA repair cofactors | Novel model for an intestinal bowel disease phenotype
Measles | Mumps | Rubella
Adrenal insufficiency due to ACTH insensitivity | Achalasia | Alacrima | Adrenal failure | Adrenocorticotropic hormone (ACTH) insensitivity
Basset is an open-source package that applies deep convolutional neural networks (CNNs) to learn the functional activity of DNA sequences from genomics data. It can predict changes in accessibility between variant alleles and annotate mutations based on their influence on accessibility. Basset offers a computational approach to annotate and interpret the noncoding genome.
no
Francisella tularensis | The bacterium Francisella tularensis | gram-negative bacterium Francisella tularensis
yes
Retinal vasculitis | Multiple retinal macroaneurysms | Neuroretinitis
Evolocumab | Alirocumab
no
elvitegravir | cobicistat | emtricitabine | tenofovir disoproxil fumarate
intrauterine growth retardation (IUGR) | metaphyseal dysplasia | congenital adrenal hypoplasia | genital anomalies
FCGR2A variation | Genetic variations in pattern recognition receptor loci | A C-to-T single nucleotide polymorphism (SNP) located at position 1858 of human PTPN22 cDNA and converting an arginine (R620) to tryptophan (W620)
SSCprofiler | probabilistic method based on Profile Hidden Markov Models | simultaneous integration of biological features such as sequence, structure and conservation
no
no
ectodermal dysplasia | ectrodactyly | macular dystrophy
~80.8 times | 80.8 times | Approximately 80.8 times
circRNA_finder | find_circ | CIRCexplorer | CIRI | MapSplice | RNase R resistance
Adipocytes | Adipose tissues | Adipose
LARVA | Genomiser
Fingers
no
Respiratory distress syndrome (RDS) | Acute hypoxemic respiratory failure
*   Nuclear RNA exosome
*   Nrd1
*   Nab3
yes
no
proteasome
no
Liver | Acute liver failure | Drug-induced liver injury (DILI)
yes
yes
The MCM2-7 complex plays a critical role in DNA replication initiation and cell proliferation of eukaryotic cells. It may act as a replicative helicase during DNA synthesis and plays a central role in S-phase genome stability. After forming the pre-replication complex (pre-RC) with other components, the MCM2-7 complex is activated by DDK/cyclin-dependent kinase to initiate DNA replication.
Classification of DNA sequences | Improving Bloom Filter Performance on Sequence Data | Implicitly store spaced seeds | Tolerant to sequencing errors | Improve the memory usage for de Brujin graphs | Hashing all reads into Bloom filters to encode | Querying the same Bloom filters using read-length subsequences of the reference genome
phentermine | topiramate
yes
MethPed
CAMUR is a method that extracts multiple and equivalent classification models. It was used to analyze RNA-seq data sets from Breast, Head and Neck, and Stomach Cancer from The Cancer Genome Atlas (TCGA). CAMUR's application to TCGA data resulted in obtaining several reliable equivalent classification models, which helped deduce the most frequent genes, their relationships, and their relation to particular cancers.
Alpha-fetoprotein | Human chorionic gonadotropin | Unconjugated estriol
Orchestrating gene expression via genome architecture | Facilitate and constrain enhancer-promoter interactions | Role during transient changes in gene expression is not known
lncRNAs function as adaptors that link specific chromatin loci with chromatin-remodeling complexes and transcription factors. They play critical roles in growth, development, senescence, death, and other important physiological and pathological processes, including tumor growth. However, the functions of many lncRNAs remain unknown.
The exosome functions in the processing and degradation of a wide variety of RNA substrates. It also mediates communication.
CUL-2 | UBXN-3 | TIMELESS-TIPIN
yes
yes
yes
yes
Sodium-glucose cotransporter 1 (SGLT1) | Sodium-glucose cotransporter 2 (SGLT2)
Intravenous | Intraventricular infusion (GM1)
Are you asking about a software tool, a gene, or something else?
DNA methylation and nucleosome positioning | Chromatin accessibility and endogenous DNA methylation
The dormancy survival regulator (DosR) is chiefly responsible for encoding dormancy-related functions in Mycobacterium tuberculosis [1]. The Dos regulon, regulated by DosR, is essential for hypoxic survival [3]. DosT and DosS play roles in DosR regulon induction and dormancy [4, 5].
ALDH2 deficiency is a risk factor for upper aerodigestive tract cancers in alcohol drinkers and enhances EtOH-induced disruption of intestinal epithelial tight junctions, barrier dysfunction, and liver damage. Diabetic patients with ALDH2 mutations are predisposed to worse diastolic dysfunction. There is also evidence for a causal relationship between acetaldehyde-exposure due to alcohol consumption and cancer of the upper digestive tract in ALDH2-deficient humans.
The positive effector of transcription (pet) is required for proper transcription of the duck hepatitis B virus (DHBV). It functions in cis, potentially as part of the nascent pregenome transcript, and its requirement depends on a region of the DHBV genome that suppresses transcription in its absence.
Kmt5a controls hepatic metabolic pathways by facilitating RNA Pol II release from promoter-proximal regions. In liver-specific Kmt5a-deficient mice, reduced levels of H4K20Me1 correlated with reduced RNA Pol II release from promoter-proximal regions.
yes
Insufficient evidence in retrieved documents.
FIRE (Functional Inference of Regulators of Expression) is a tool developed to score both noncoding and coding SNVs based on their potential to regulate the expression levels of nearby genes. It consists of 23 random forests trained to recognize SNVs in cis-expression quantitative trait loci (cis-eQTLs) using a set of 92 genomic annotations as predictive features.
no
Napabucasin is a small molecule that blocks stem cell activity in cancer cells and suppresses stemness-high cancer cells. It achieves this by targeting and inhibiting the signal transducer and activator of transcription 3 (Stat3) pathway.
yes
Early | First to fire
no
no
yes
yes
yes
Mammalian GA-sequences are DNA sequences longer than 50 bases, consisting exclusively of G's and A's, and are ubiquitously located along the chromosomes. Most are unique, contain repeated short GA-containing motifs, share a common hexa-nucleotide spectrum, and share chains of tetra-GA-motifs with upstream poly(A)-segments. They can reach sizes of up to 1300 bases.
The CVE R package focuses on interactive variant prioritisation to expedite the analysis of cancer sequencing studies in precision oncology.
yes
yes
Insufficient evidence in retrieved documents.
48
yes
yes
Are you asking about oclacitinib in relation to human or animal health?
no
Hemolytic anemia | Thrombocytopenia
no
no
H2A.Z is globally localized to the promoters of inactive yeast genes.
no
emMAW
yes
Stress urinary incontinence
yes
Aicardi-Goutières syndrome | Singleton-Merten syndrome | haploinsuffiency in A20 | otulipenia
* Ufd1-Npl4
Topologically associating domains (TADs) are largely associated with replication timing and are stable units of replication-timing regulation. Furthermore, TADs and their long-range contacts are established during early G1 coincident with the establishment of the replication-timing program. This organization has been observed in the genome of *Saccharomyces cerevisiae*.
Cryptic unstable transcripts (CUTs) are short, 300-600 nucleotide RNA polymerase II transcripts that are rapidly degraded by the nuclear RNA exosome in yeast. They are also non-coding RNAs. It is debated whether they have a functional role or represent noise in the yeast transcriptome.
At least four | Four | Insufficient evidence in retrieved documents.
Galunisertib is a small molecule inhibitor of the TGF-β receptor I (TGF-βRI) kinase. It specifically downregulates the phosphorylation of SMAD2, which abrogates activation of the canonical pathway. Thus, galunisertib blocks TGF-β-mediated tumor growth.
Circularized oligonucleotides | circularized oligodeoxynucleotides
Fyn kinase interacts with tau and hyperphosphorylates it. This hyperphosphorylation of tau by Fyn kinase contributes to synaptic dysfunction, neuronal loss, and cognitive deficits in Alzheimer's Disease.
Mutations in MED12 | Joint laxity | Skeletal deformities | Bilateral patella dislocations
Insufficient evidence in retrieved documents.
Insufficient evidence in retrieved documents.
Insufficient evidence in retrieved documents.
Secreted | UCP1+ adipocytes | UCP1(+) adipocytes
Stroop test | Standardized test battery | Isihara colour blindness tests
Reduces body weight | Weight loss | Anti-obesity effects
Here's a list of methods for circRNA prediction based on the provided evidence:

*   circRNA\_finder
*   find\_circ
*   CIRCexplorer
*   CIRI
*   MapSplice
*   PcircRNA\_finder
Binding of HGF to its receptor MET | Hepatocyte growth factor (HGF)
Rpb9 | S-II | TFIIS
RNA polymerase III transcribes a limited set of short genes producing abundant small RNAs, mostly tRNA and other small untranslated RNAs. The genes transcribed by RNA polymerase III include tRNA, 5S, and U6 genes. The originally defined yeast Pol III transcriptome appears to be expanding owing to the application of new methods.
Several | Six | Seven
no
yes
GFRAL | GDNF family receptor α-like | GDNF receptor alpha-like
yes
Three (PMLI, PMLII and PMLVI) | Six | Insufficient evidence in retrieved documents.
Abductor pollicis longus tendon | Extensor pollicis brevis tendon
no
Insufficient evidence in retrieved documents.
yes
no
Ecm22 | Upc2 | Sut1 | Sut2
*   JGT
Insufficient evidence in retrieved documents.
DNA topoisomerase II | topoisomerase II
Mutations in MED12 | X-linked | Mutations in MED12 are the underlying cause of this X-linked form of Ohdo syndrome.
pembrolizumab | ipilimumab
The FRAX scale is a tool developed to estimate fracture risk. Specifically, it assesses the 10-year fracture risk and the need for interventions such as lifestyle advice, DEXA scans, or preventive treatment. It can also be used to estimate the probability of osteoporotic fracture.
yes
Yes, CRISPR/Cas9 gene editing has the potential to correct inherited hearing loss. CRISPR/Cas9 can be performed in the mammalian inner ear [1], and genetic correction of cells from patients with hereditary hearing loss is a promising treatment method [5]. This correction could restore normal cell function [5].
CTCF can influence co-transcriptional splicing events through RNA polymerase II regulation. TET-catalyzed oxidation of intragenic 5-methylcytosine regulates CTCF-dependent alternative splicing, and TET1 and TET2 are active regulators of this process. CTCF-promoted RNA polymerase II pausing also links DNA methylation to splicing. Additionally, CTCF can regulate mRNA splicing.
no
027
TFIIS (Dst1) in *Saccharomyces cerevisiae* stimulates transcript cleavage in arrested RNA polymerase II and plays a role in the initiation-elongation transition. Dst1 also interferes with NER-dependent repair of AP lesions while suppressing the homologous recombination pathway. Deletion of DST1 has only a small effect on transcriptional fidelity and no major effect on cell viability.
yes
psygenet2r
Janus kinase 3
The AA-NAT gene and the human Per3 gene are implicated in the genetic basis of Delayed Sleep-Phase Syndrome (DSPS). Specifically, a single nucleotide polymorphism in the AA-NAT gene and a length polymorphism in the human Per3 gene are associated with DSPS. Human leucocyte antigen (HLA) types have also been investigated in DSPS patients.
Are you asking about JAK inhibitors in general, or a specific medication?
Recognizes cytoplasmic viral double-stranded RNA and initiates rapid innate antiviral responses | Sensing of viral RNA | Pattern recognition receptor
Asp(D)-Glu-(E)-Ala(A)-Asp(D)
Obese individuals | Individuals in agrarian societies | 45-year-old patient
GARLIC (GWAS-based Prediction Toolkit for Connecting Diseases and Cell Types) is a user-friendly, multi-purpose software with an associated database and online viewer. It uses global maps of cis-regulatory elements to connect human diseases with relevant cell types and can retrieve potential disease-causative genetic variants overlapping regulatory sequences of interest.
Deletion of DST1, the gene encoding the yeast homolog of TFIIS, has only a small effect on transcriptional fidelity in yeast.
dabigatran | dabigatran etexilate
Cellular adhesion | Connecting the extracellular medium with the intracellular actin cytoskeleton | Insufficient evidence in retrieved documents.
yes
Polyneuropathy | Organomegaly | Endocrinopathy | M protein | Skin abnormalities | Monoclonal gammopathy | Sclerotic bone lesions | Castleman’s disease | Papilledema | Pleural effusion | Edema | Ascites | Erythrocytosis | Thrombocytosis
RPE65
Yeast TERRA RNAs are implicated in the control of heterochromatin and telomerase. They are part of the DNA damage response triggered by dysfunctional telomeres and play a central role in telomere structural maintenance and heterochromatin formation. TERRA also facilitates TRF2 interaction with ORC and interacts with telomere-associated proteins.
redness | heat | swelling | pain | rubor | calor | tumor | dolor
yes
*   SMAD4
*   BMPR1A
yes
CRTAP | LEPRE1 | PPIB | SERPINH1 | FKBP10 | SERPINF1 | SP7 | BMP1 | TMEM38B | WNT1
Masitinib is a tyrosine kinase inhibitor. It inhibits c-Kit, platelet-derived growth factor receptors (PDGFR), mast cell-glia axis, and Fyn kinase.
Patisiran | Vutrisiran
The H19 imprinting control region (ICR) governs genomic imprinting at the H19/Igf2 locus. It acts as a CTCF-dependent chromatin insulator, directing the silencing of the maternally inherited Igf2 allele. Differential methylation of the H19 ICR is established during spermatogenesis and maintained throughout development. The H19 locus acts as a tumor suppressor.
Teriparatide is an anabolic drug that increases activity in both osteoblasts and osteoclasts. It improves bone mass, geometry, and microarchitecture.
Strelka is a method for somatic SNV and small indel detection from sequencing data of matched tumor-normal samples. It employs a Bayesian approach, representing continuous allele frequencies for both tumor and normal samples. The normal sample is modeled as a mixture of germline variation with noise, while the tumor sample is modeled as a mixture of the normal sample with somatic variation.
Manta is an algorithm designed for the detection of structural variants and indels from next-generation sequencing data. It is optimized for rapid germline and somatic analysis and scores variants based on paired and split-read evidence. Manta is also able to assemble a higher fraction of its calls to base-pair resolution.
yes
Intravenous drug abuse | Long-term intravenous drug addiction
Ozanimod is an oral sphingosine 1-phosphate (S1P) receptor modulator that selectively binds to S1P receptor subtypes 1 and 5. As an agonist, it induces peripheral lymphocyte sequestration, potentially decreasing the number of activated lymphocytes circulating to the gastrointestinal tract.
Swirl sign in intracerebral hemorrhage (ICH) appears as areas of low attenuation radiolucency or irregular density on CT scans. Its presence is associated with larger ICH volume and suggests active hemorrhage. The swirl sign is an independent predictor of death at one month and poor functional outcome at three months.
Morgellons disease is a rare and infrequent skin condition with unknown etiology. It is characterized by crawling sensations, itchy rashes, stinging sores, fiber-like filaments emerging from the sores, and various dermatologic and neuropsychiatric symptoms, including fatigue, concentrating difficulty, memory loss, anxiety, and depression. It is also associated with multisystemic symptoms and tick-borne illness.
Are you asking about the CellBase database for genomic annotation?
Palatal musculature is responsible for the active opening of the eustachian tube. Laser-assisted uvulopalatoplasty, which may involve partial division of these muscles, could affect the eustachian tube.
yes
General Regulatory Factors (GRFs) are transcriptional regulators with widespread binding and action at many promoters and other specialized genomic regions. Examples of GRFs include Abf1, Rap1, Reb1, and Tbf1. They contribute to transcriptional activation of a large number of genes, as well as to replication, silencing and telomere structure in yeast.
Epstein-Barr virus (EBV) | infectious mononucleosis
Fyn kinase is considered a promising therapeutic target for Alzheimer's Disease because it is activated by amyloid-beta via cellular prion protein. Additionally, Fyn interacts with tau, uniquely linking the two key pathologies in Alzheimer's Disease.
Clusters of conserved noncoding elements (CNEs), also known as genomic regulatory blocks (GRBs), coincide with topological organisation and predict the boundaries of topologically associating domains (TADs) in human and Drosophila. This suggests that GRBs define the boundaries of TADs.
Target Explorer is an automated tool designed to identify new target genes for a specified set of transcription factors. It automates the creation of a binding site library and predicts/annotates target genes potentially regulated by these factors. While designed for Drosophila melanogaster, it can be used for other genomes and is available at http://trantor.bioc.columbia.edu/Target_Explorer/.
yes
Insufficient evidence in retrieved documents.
yes
The auxin-inducible degron (AID) system uses auxin-dependent poly-ubiquitination of Aux/IAA proteins by SCFTIR1 in plants. This allows for conditional control of protein stability, even when the system is transplanted into non-plant cells. The system relies on the SCF E3 ubiquitin ligase.
Corynebacterium minutissimum | Corynebacterium species | Corynebacterium aurimucosum and microbacterium oxydans
SMARCAL1 | swi/snf-related, matrix-associated, actin-dependent regulator of chromatin, subfamily a-like 1 gene
Glioblastoma multiforme | butterfly glioma | Pilocytic astrocytoma
Chromosome 11 | Chromosome 22
yes
no
recount workflow | recount2 | Bioconductor package
VBP15 protects and promotes efficient repair of skeletal muscle cells upon laser injury. It also improves muscle strength and pathology in DMD model mice.
Are you asking about filgotinib as a medication?
Are you referring to a specific medical device, a research project, or something else?
Tisagenlecleucel reprograms a patient's T cells with a transgene encoding a chimeric antigen receptor. This allows the modified T cells to identify and eliminate CD19-expressing cells.
Leber's hereditary optic neuropathy (LHON) is a maternally inherited mitochondrial disorder characterized by bilateral optic atrophy and loss of central vision. It is primarily due to mitochondrial DNA mutations.
ReliableGenome (RG) is a method for partitioning genomes into high and low concordance regions with respect to a set of surveyed variant calling pipelines. It combines call sets from multiple pipelines and annotates genomic regions based on variant calling concordance.
AWP1 | CALCOCO2 | N4BP1 | RIO3 | TEX27 | TTC3 | UBFD1 | ZNF313 | NEMO | A20 | ABIN-1 | ABIN-2 | optineurin | p62
Decline in growth rate | Excessive weight gain
USP25 cleaves both lysine 48-linked and lysine 63-linked polyubiquitin chains. It catalyzes the hydrolysis of these chains and its deubiquitinating enzyme (DUB) activity is dependent on a cysteine residue (Cys178) and a histidine residue (His607).
yes
yes
Heat stress | High salt treatment | Developmental regulation
Convergent | Facing one another | >90% in a convergent orientation
yes
Insufficient evidence in retrieved documents.
Yes, circRNAs can be translated into proteins. Some circRNAs have been shown to generate proteins in vivo, and can function as templates for translation. However, it was previously thought that circRNAs were noncoding, and whether they encode functional proteins remains elusive.
Gene kissing is a phenomenon where genes with similar expression patterns cluster together. This clustering is influenced by the positioning of genes within the nucleus and can require cis-acting DNA sequences and trans-acting proteins. HoxB and HoxC clusters are frequently involved in gene kissing in embryonic nuclei.
fibrinogen Aα-chain | fibrinogen Aalpha chain | AFib
Fewer side effects than prednisone | Severe adverse side effects with long-term use
Epithelioid sarcomas, renal medullary carcinomas, undifferentiated chordomas | Childhood chordomas | Chordoma
According to the Rabl orientation, centromeres are grouped in a limited area near the nuclear periphery. They are also associated with the nuclear membrane.
STAR elements in yeast telomeres dampen silencing when located between the telomere and a reporter gene. They counteract silencer-driven repression and can protect a reporter gene from surrounding silencing elements when bracketing it. STARs also uncouple the silencing of neighboring genes, functioning as insulators.
OCTAVE Induction 1 | OCTAVE Induction 2
Selectively inhibits osteoclastogenesis | Interferes with the formation, activation, and survival of osteoclasts | Fully human monoclonal antibody for RANKL
Insufficient evidence in retrieved documents. While periostin is regulated by parathyroid hormone, the direction of this regulation (increase or decrease) is not specified in the provided snippets.
MINDY (motif interacting with Ub-containing novel DUB family) is a new family of deubiquitinating enzymes (DUBs) found in all eukaryotes. MINDY-family DUBs are highly selective at cleaving K48-linked polyUb, a signal that targets proteins for degradation. MINDY-1 prefers cleaving long polyUb chains and works by trimming chains from the distal end.
yes
yes
yes
yes
Are you asking about cebocephaly in humans or in an animal model?
Chromatin assortativity can be used to integrate the epigenomic landscape of a cell type with its chromatin interaction network. This allows for the investigation of which proteins or chromatin marks mediate genomic contacts in the three-dimensional structure of the genome. Network analysis, including assortativity, is a powerful way of modeling chromatin interactions.
RA-BEAM study | RA-BEACON study | Baricitinib for the treatment of rheumatoid arthritis.
Obstructive sleep apnea (OSA) | Epilepsy patients at risk for obstructive sleep apnea | OSA risk in MS patients
Preventing RSV bronchiolitis in vulnerable infants. | Reducing RSV hospitalization in high risk patient groups. | Prevention of severe RSV-associated bronchiolitis in high-risk infants.
VEGF-C | VEGF-D
siG12D-LODER™ | siG12D | RNAi therapy targeting KRAS
CTCF is post-translationally modified by poly(ADP-ribosyl)ation.
HPG Pore is a toolkit for exploring and analyzing nanopore sequencing data. It is designed to be efficient and scalable, capable of running on individual computers or in a distributed computing framework to manage large datasets.
no
yes
CancerSubtypes | MethPed
yes
no
yes
MEFV gene | MEFV | Mediterranean fever gene
DeepBlueR | methylKit | regioneR
yes
yes
yes
Are you asking about miravirsen in relation to a specific condition, such as hepatitis C?
Group A β haemolytic Streptococcus (GABHS) | Acute strep pharyngitis | Sore throat
no
yes
bmal1
yes
Oral-treatment Psoriasis Trial Pivotal 1 | Oral-treatment Psoriasis Trial Pivotal 2 | phase III clinical trials | phase III randomized, placebo-controlled clinical trial
Interleukin 12 | Interleukin 23
Insufficient evidence in retrieved documents.
metastatic NSCLC positive for ALK fusions | ALK alterations | Insufficient evidence in retrieved documents.
Programmed death 1 (PD1) | Cytotoxic T-lymphocyte-associated protein-4 (CTLA4) | PD-L1 | LAG-3
Aux/IAA genes
Are you referring to a specific gene, a research project, or something else?
Cephalopagus | Thoracoomphalopagus | Thoracopagus | Omphalopagus | Parasitic twins | Craniopagus
MARS
double-click stapled peptides encoding the Ctf4-interacting peptide (CIP) of the replicative helicase subunit Sld5 | i,i+6 stapled peptide
SLC2A10 | SLC210A
Tomato
yes
Could you please provide more context? Are you referring to a specific test, tool, or something else related to "BBCAnalyzer"?
yes
The FaceBase Consortium aims to facilitate craniofacial research by generating data and technology, accelerating the understanding of craniofacial developmental biology, and promoting research into the genetic and epigenetic causes of craniofacial abnormalities. This is achieved through data resources, technology exploration, collaboration, and data accessibility. The ultimate goal is to translate science into improved health care.
Are you asking about a tool, a file format, or something else related to TCGA data?
no
no
Nursemaid's elbow is a common injury in young children, also known as subluxation of the radial head. It typically occurs with longitudinal traction of the pronated forearm and extended elbow. This injury is frequently encountered in emergency and urgent care settings.
Are you asking about trismus in relation to a specific condition or medication?
Benralizumab is a monoclonal antibody that targets interleukin-5 receptor α. This action leads to the depletion of eosinophils. In patients with severe eosinophilic asthma, this depletion reduces asthma exacerbations and improves lung function.
yes
Match BAM to VCF (MBV) is a method used to quickly solve sample mislabeling and detect cross-sample contamination and PCR amplification bias.
no
yes
yes
yes
Fremanezumab is a monoclonal antibody that selectively targets calcitonin gene-related peptide (CGRP). CGRP is a validated target for migraine preventive therapy.
The provided evidence suggests that trastuzumab-related cardiotoxicity is generally reversible. While one source indicates the extent and reversibility are still in question, other sources state that it is reversible, or reversible in most cases.
Nimotuzumab, with or without radiotherapy or chemotherapy, might improve the response rate or survival time in diffuse intrinsic pontine glioma (DIPG) and may have promising value in combination treatment. One case reported using craniospinal irradiation with concurrent temozolomide and nimotuzumab in a child with primary metastatic DIPG.
Are you asking about the R/Bioconductor package "annotatr," or something else?
Blount's disease is a multi-planar deformity affecting the pediatric population, leading to varus alignment of the lower extremities. It is also described as an uncommon disorder of the postero-medial proximal tibial physis. Infantile Blount's disease causes genu varum and internal tibial torsion.
Nusinersen is an antisense oligonucleotide that modifies pre-messenger RNA splicing of the SMN2 gene, which increases the production of full-length survival motor neuron (SMN) protein. It targets intronic splicing silencer N1 (ISS-N1) to alter splicing of SMN2 pre-mRNA. This ultimately increases the amount of functional SMN protein.
Are you asking about the historical King–Kopetzky syndrome related to auditory processing, or something else?
The 959 Nematode Genomes initiative is a community-curated semantic wiki designed to coordinate the sequencing efforts of individual labs to collectively sequence 959 genomes spanning the phylum Nematoda. It aims to inspire, promote, and coordinate genomic sequencing across the diversity of the phylum. The initiative's website is www.nematodegenomes.org.
Chromosomal regions | Highly conserved non-coding elements (HCNEs)
chronic hepatitis C virus infection
Dual orexin receptor | Orexin-1 receptor and orexin-2 receptor
yes
Are you asking about a specific research project, database, or something else related to CellMaps?
yes
*   SomaticSignatures
*   pmsignature
*   signeR
Dyslipidemia | Hypertension | Obesity | Hyperglycemia | Central obesity | Glucose dysregulation
Alzheimer's Disease (AD) | Parkinsonism
Tumor suppressing factor via modulation of immune cell-tumor cell interaction | Empower any ongoing anti-cancer immune response | Restore the capability of the immune system to attack cancer cells and stop their growth
no
Cseq-Simulator | CapSim
Upper GI tract perforation | Proximal GI perforation | Lower GI tract perforation
yes
yes
Could you please specify the gene or genomic region you are interested in when discussing SNP2TFBS?
Are you asking about SMiLE-seq in the context of gene expression analysis, or something else?
Could you please provide more context or details about where you encountered the term "libgapmis"?
yes
yes
Could you please specify what JACUSA refers to (e.g., a gene, a drug, a condition, or something else)?
Tezepelumab is a human monoclonal antibody that targets and neutralizes thymic stromal lymphopoietin (TSLP). TSLP is an epithelial cytokine involved in asthma pathogenesis.
Kidney donation is associated with an increased risk of gestational complications, specifically gestational hypertension, pre-eclampsia, gestational diabetes, and proteinuria. One study showed an increase in gestational hypertension or preeclampsia in donors (11%) compared to the general population (5%).
yes
Insufficient evidence in retrieved documents.
The RNA Centric Annotation System (RCAS) is an R package created for gene-centric annotation and analysis of genomic regions of interest from RNA-based omics technologies. It features a modular design with interfaces like a Galaxy wrapper and a stand-alone web service. RCAS is available at http://bioconductor.org/packages/release/bioc/html/RCAS.html and http://rcas.mdc-berlin.de.
Chronic Wasting Disease (CWD) is a fatal prion disease affecting deer. It is a transmissible spongiform encephalopathy found in North American deer. CWD also affects other cervids like elk and moose.
A1C measures glycated hemoglobin and long-term blood plasma glucose average. It is also a surrogate measure of glycemic control.
yes
Are you asking about craniosynostosis in general, or a specific type or aspect of it?
McEnhancer | machine learning approach | semi-supervised learning algorithm
Could you please specify the context in which you are asking about Click-PEGylation? For example, are you interested in a specific drug, disease, or research area?
SLEDAI stands for Systemic Lupus Erythematosus Disease Activity Index [1, 2, 3, 5]. SLEDAI scores correlate with the level of disease activity in Systemic Lupus Erythematosus [4].
Anaplastic large cell lymphomas | Non-small cell lung cancer (NSCLC) | Inflammatory myofibroblastic tumors
Community acquired pneumonia
Subpallial Enhancer Transgenic Lines
yes
Synaptophysin | PSD95
selective estrogen receptor modulator | selective ER modulators | estrogen receptor modulator
yes
Limb-Enhancer Genie (LEG) | Limb-Enhancer Genie
Corticosteroids | Glucocorticoids | Oral glucocorticoids
Borderline personality disorder
DNA replication | Cell proliferation
no
Gardnerella vaginalis | Coccobacilli | Mycoplasmas
Antibodies for HIV | p24 antigen
de Quervain's disease
Gynecological cancers | ESCC
no
Insufficient evidence in retrieved documents.
Autonomy | Nonmaleficence | Beneficence | Justice | Respect for autonomy
diffloop
Foot osteomyelitis | Osteomyelitis (OM)
yes
Learning and memory | Seizure propagation | Spatial coding and contextual representation
Posterior cruciate ligament (PCL)
38.3°C (rectal temperature) | 38.3°C (RDT) | 37.7°C (NCIT)
Fever | Uveitis | Parotid gland enlargement | Facial nerve palsy | Salivary gland enlargement | Cranial nerve palsy | Right facial paralysis | Parotid gland swelling | Poor general condition | Anterior uveitis | Posterior uveitis | Macular edema | Chorioretinal infiltrates
femur | tibia | patella
yes
corticosteroids | immunosuppressive drugs | vedolizumab
FullSSR
MGA repository
Cryptogenic stroke
Comparisons of ChIP-Seq datasets from the Human Epigenome Atlas and FANTOM CAGE | Spatial correlation of CAGE clusters with donor splice sites and with poly(A) sites
The 4D Nucleome Network aims to map the structure and dynamics of the human and mouse genomes in space and time to gain deeper mechanistic insights into how the nucleus is organized and functions. The project will develop and benchmark experimental and computational approaches for measuring genome conformation and nuclear organization, and investigate how these contribute to gene regulation and other genome functions.
Transient haemolytic anaemia | Jaundice | Hyperlipidaemia | Alcohol-induced liver disease | Cholestatic jaundice | Hemolytic anemia | Hyperlipemia | Fatty liver | Icterus
Increased risk of psoriatic arthritis | High prevalence of depression symptoms | Depression reduces likelihood of remission
no
gastrointestinal stromal tumors | pulmonary chondroma | extra-adrenal paraganglioma | bronchial chondromas | vagal paragangliomas | adrenal paragangliomas | paraadrenal paragangliomas | gastric stromal sarcoma | gastric leiomyoblastoma
Prevention of Dementia by Intensive Vascular Care | Open-label, cluster-randomized controlled trial | A 6-year multidomain vascular care intervention to prevent dementia
Insufficient evidence in retrieved documents.
Treatment of patients with type 2 diabetes | Type 2 diabetes mellitus(T2DM) treatment | Glucose-lowering agent in type 2 diabetes
Non-islet cell tumor hypoglycemia | Tumor-associated hypoglycemia | Hypoglycemia
Rabies | Rabies encephalitis
no
16S rRNA gene sequencing is used to evaluate soil bacterial communities, identify microorganisms within complex mixtures, profile bacterial communities, and study bacterial communities in wastewater treatment plants.
Insufficient evidence in retrieved documents.
no
Circular RNAs are associated with breast cancer. Specifically, circ-ABCB10 promotes breast cancer proliferation and progression, and circular RNAs are associated with breast cancer subtypes.
ophthalmoplegia | ataxia | mental confusion | changes in mental status | ocular abnormalities | nystagmus
Are you asking about a medication, a research study, or something else related to RIblast?
Alzheimer's disease resilience, specifically memory resilience, occurs when individuals genetically at-risk for Alzheimer's disease perform at high and sustained cognitive levels. Resilience is also reflected in better cognitive outcomes than expected given a certain level of Alzheimer's disease pathology.
RAPIDR
yes
yes
Are you asking about the pain syndrome also known as paroxysmal finger hematoma?
no
no
Host-induced gene silencing (HIGS) is a transgenic technology where a host plant silences fungal genes during infection, reducing disease. The plant produces small interfering RNA molecules, complementary to targeted fungal genes, which are transferred to the invading fungi to cause gene silencing.
Maternal spindle transfer (MST) is a germline-altering, IVF-based embryonic technique. The aim of MST is to prevent the maternal transmission of serious mitochondrial diseases.
no
Tankyrases promote homologous recombination and checkpoint activation in response to Double Strand Breaks (DSBs).
vascular endothelial growth factor receptor-1 | vascular endothelial growth factor receptor-2 | vascular endothelial growth factor receptor-3 | platelet-derived growth factor receptor-β | Fms-like tyrosine kinase 3 | c-Kit | fibroblast growth factor receptor-1 | fibroblast growth factor receptor-2 | fibroblast growth factor receptor-3 | topoisomerase I | topoisomerase II
CircRNAs have a function in tumorigenesis and may be a potential target in cancer therapy. They regulate gene expression and may regulate miRNA function in cancer initiation and progression. Additionally, circRNAs play an important role in regulating cell biological function and have been shown to be involved in cancer progression.
Genomiser
no
yes
Phase III | Multiple clinical trials
BPP
Group A Streptococcus (GAS) | group A streptococcus | Streptococcus haemolyticus
A small-scale automated cryopreservation and storage system | System used in the banking of umbilical cord blood (UCB) units | Bioarchive system
SeqArray | BGT | BCF
yes
Actoxumab | Bezlotoxumab
Ribosomal proteins (RP) | TGFβ/Activin signalling proteins
53BP1 | p53
ExpansionHunter | ExpansionHunter Denovo | RP-PCR
Glioma | High-grade glioma | Paediatric GBM, DIPG and adult GBM
iLIR database
Liquid/liquid phase separation (LLPS) phenomenon | Physiological liquid-liquid phase transitions (LLPTs) | Liquid-liquid phase separation leading to complex coacervation
yes
100 nm (maximum diameter) | 60-80 nm (exosomes size, potentially confused) | Subnanomolar concentrations (concentration at which they are detectable)
yes
yes
Are you asking about bromodomain and extraterminal (BET) family proteins?
no
Protein products with various primary structure alterations | Protein species | Workhorses of the cell
yes
Induces secretion of neuroligin-3 | Activity-dependent cleavage and secretion | Neuronal activity-induced secretion
The blood-brain barrier (BBB) separates the blood from the central nervous system (CNS) and protects the CNS from toxic and pathogenic agents. It also plays a key role in maintaining the microenvironment and homeostasis of the brain, enabling communication with the systemic compartment, and acting as an interface between neural and circulating immune cells.
Osteoblast function | Late-osteoblast/preosteocyte differentiation | Mineralization
Insufficient evidence in retrieved documents.
Insufficient evidence in retrieved documents.
no
yes
Are you asking about pQTLs in the context of a specific disease or condition?
Dysphoric Milk Ejection Reflex (D-MER) is characterized by an abrupt dysphoria, or undesirable feeling/emotional "drop," that occurs just before milk release and continues for only a few minutes. After milk ejection, the dysphoria vanishes.
yes
The protein inference problem involves assigning identified peptides to the proteins from which they originate. It is also described as selecting a subset of candidate proteins that best explain the observed peptides and assembling peptides into a list of proteins. This problem hampers the automatic assignment of peptide sequences to proteins.
The evidence suggests an association between maternal lithium treatment during pregnancy and Ebstein's anomaly in offspring. While a strong association was proposed in the 1970s, current data are considered conflicting and limited. There is concern that lithium exposure early in pregnancy may increase the risk of Ebstein's anomaly.
no
The Ribosome-bound Quality Control complex (RQC) recognizes nascent peptides translated from aberrant mRNAs, polyubiquitylates these aberrant peptides, extracts them from the stalled 60S subunit, and escorts them to the proteasome for degradation. The RQC performs translational protein quality control.
Are you asking about emicizumab as a medication, or something else?
Human monocytic ehrlichiosis | Tularemia | Southern tick-associated rash illness (STARI) | Human ehrlichioses | Ehrlichia chaffeensis | Ehrlichia ewingii | Lyme-like illness | Masters disease
Ubiquitin receptors | Link ubiquitinated proteins to the proteasome | Facilitate proteasomal degradation of ubiquitinated substrates
DeepLoc
Asia
Insufficient evidence in retrieved documents.
Salmonella
MCV | RBC
Human African trypanosomiasis (HAT) | Sleeping sickness | Chagas disease
yes
yes
no
no
yes
sofosbuvir | velpatasvir | voxilaprevir
suprachiasmatic nucleus of the hypothalamus | suprachiasmatic nucleus (SCN) of the hypothalamus | suprachiasmatic nucleus
Here's a list of algorithms used for compression of SAM files, based on the provided evidence:

*   GeneComp
*   SAMZIP
*   NGC
Metagenomics of the Human Intestinal Tract
Methadone | Buprenorphine | Naltrexone | Naloxone
yes
Romosozumab is a monoclonal antibody that targets sclerostin. By blocking sclerostin, Romosozumab prevents the inhibition of osteoblast maturation and function and increases bone formation while decreasing bone resorption. Sclerostin is an inhibitor of canonical Wnt signaling.
Nrf2 regulates glutathione reductase, glutathione S-transferase, and NAD(P)H quinone oxidoreductase-1 (NQO1). Bach1 is a negative regulator of Nrf2.
sofosbuvir | EPCLUSA (Sofosbuvir/Velpatasvir) | Miravirsen
yes
Hypertension | Apolipoprotein E4 (E4) | Type 2 diabetes | Advancing age | Diabetes | Obesity
Pretest probability in patients with suspected pulmonary embolism | Clinical probability of pulmonary embolism (PE) | A high probability of PE
Tabix is a tool that indexes position-sorted files in TAB-delimited formats such as GFF, BED, PSL, SAM, and SQL export, and quickly retrieves features overlapping specified regions. It is useful for examining local genomic features and enables genome viewers to support huge data files and remote custom tracks over networks.
Could you please provide more context or details about what you are trying to learn about MULTOVL?
The Ser312Gly polymorphism in the HSD17B1 gene is associated with endometriosis. Specifically, the presence of the A-allele in the HSD17B1 gene appears to increase the risk and severity of endometriosis.
relapsing forms of multiple sclerosis | relapsing-remitting multiple sclerosis | multiple sclerosis
yes
Are you asking about INCB3619 as a drug, or something else?
Are you asking about crenezumab in relation to Alzheimer's disease?
Vanishing lung syndrome (VLS) is a rare radiological syndrome where the lungs appear to be disappearing on X-ray and is a clinical presentation of giant bullous emphysema. It is characterized by giant emphysematous bullae, often affecting young men and leading to severe progressive dyspnea. The syndrome is characterized by extensive, asymmetric, peripheral, and predominantly upper lobe giant lung bullae.
CD4 binding site | membrane-proximal external region (MPER) | V1V2 glycan site
Are you asking about calciphylaxis in the context of a specific disease or condition?
Alternative lengthening of telomeres (ALT) is a telomerase-independent telomere maintenance mechanism. It occurs in approximately 15% of cancers.
According to the provided documents, FGF21 is expressed in multiple tissues, including the liver, adipose tissue, and thymus. It is primarily produced by the liver.
Neddylation is a post-translational modification that controls diverse biological processes and maintains cellular homeostasis. It is tightly linked to ubiquitination and protein degradation. Neddylation also regulates dendritic cell function.
Break-induced replication (BIR) is a pathway specializing in the repair of one-ended double-strand DNA breaks (DSBs). It initiates with a broken DNA end invading a homologous template, followed by DNA synthesis. This synthesis proceeds via a migrating bubble and is associated with conservative inheritance of newly synthesized DNA.
Fibrocytes are bone marrow-derived progenitor cells, spindle-shaped fibroblast-like hematopoietic cells, and circulating mesenchymal precursors (CD45+, col 1+). They produce growth factors, contribute to fibrogenesis in the lungs, and play a pivotal role in wound healing.
Cardiac fibroblast proliferation | Fibrosis | Autophagy | Cardiomyocyte apoptosis
high-risk neuroblastoma
Identifying genomic location of DNA-binding proteins with near-single-nucleotide accuracy | Identifying Protein-DNA Interactions with Near Base Pair Precision | To effectively footprint the left and right 5' DNA borders of the protein-DNA crosslink site
Near deletion breakpoints prevalent in human disease | Nucleotide repeats flanking the deletions | Association of G-quadruplex forming sequences with human mtDNA deletion breakpoints
Insufficient evidence in retrieved documents.
Metalloendopeptidase | N-arginine dibasic convertase | Insufficient evidence in retrieved documents.
Tuberculosis | Latent tuberculosis infection | TB infection
Biomarkers/proteins | Protein expression | Levels of proteins
no
yes
no
yes
yes
no
no
yes
no
yes
yes
yes
yes
yes
no
yes
The aim of the PhenCode database is to help understand phenotypes of human mutations in the context of sequence and functional data from genome projects and to connect ENCODE data with mutations and phenotype.
SP3 (Single-Pot Solid-Phase-enhanced Sample Preparation) is a proteomic sample preparation protocol that uses paramagnetic or magnetic beads. It is a rapid and unbiased method performed in a single tube, facilitating ultrasensitive analysis.
Enhancer hijacking occurs when structural variations relocate distal enhancers to activate proto-oncogenes. This process induces aberrant oncogene expression and can cause tumorigenesis. Enhancers are DNA sequences that can activate gene transcription from remote positions.
Tinea is an infection caused by dermatophytes or a fungal infection. Different types of tinea infections exist, such as tinea pedis, tinea capitis, tinea cruris, and tinea corporis. Tinea versicolor is caused by Malassezia furfur.
Deletion breakpoints are defined using a combination of long and conventional polymerase chain reaction (PCR) amplifications, and DNA sequencing. They are identified at the DNA nucleotide sequence level and can be mapped molecularly. Some breakpoints are flanked by nucleotide repeats.
The nuclear localization of the lncRNA BORG is mediated through a novel RNA motif consisting of the pentamer sequence AGCCC with sequence restrictions at positions -8 (T or A) and -3 (G or C) relative to the first nucleotide of the pentamer. This localization is dependent on the sequence of the mature, spliced transcript.
Are you asking about ATAC-seq in the context of a specific disease or research area?
TALE-iD is a methylation-based orthogonal validation method. It is used to show that native interactions resemble cross-linked ones, but display improved signal-to-noise ratios and are more focal on regulatory elements and CTCF sites, while strictly abiding to topologically associating domain restrictions.
Paget's disease can refer to Paget's disease of the bone or Paget's disease of the breast. Paget's disease of the bone is a focal disorder of aging bone and a chronic osteopathy that leads to structural weakness, hypervascularity, and bone deformities; it is primarily a disease of the osteoclast. Paget's disease of the breast is a rare disorder of the nipple-areola complex often associated with an underlying carcinoma and characterized by eczematoid changes of the nipple.
Beta-lactamases, also known as penicillinases, are serine enzymes that hydrolyze beta-lactam antibiotics, including penicillins, very fast, following an acylation-deacylation mechanism.
Carnivora | Felidae | Coronaviridae
Ectopic expression of CTCF inhibits cell growth. In K562 cells, it leads to growth retardation and promotes differentiation into the erythroid lineage. It also inhibits cell clonogenicity by causing profound growth retardation without apoptosis.
Dardarin is a protein also known as LRRK2 (leucine-rich repeat kinase 2). It is encoded by the LRRK2/Dardarin gene and functions as a kinase with multiple domains. Mutations in this protein are associated with Parkinson's disease.
Diamond-Blackfan anemia (DBA)
Ancestral DNA exaptation | DNA sequences | Non-coding sequences of genes
median nerve
Remodeling of the extracellular matrix (ECM) by cross-linking collagens and elastin | Collagen crosslinking | ECM-modifying enzyme
herpes simplex | herpes zoster | other viral infections
OR7D4
Medial side of the foot | Proximal to the navicular | Continuous with the tibialis posterior tendon
H19
MC1R gene | melanocortin-1 receptor (MC1R) gene
Escherichia coli | E. coli | E. coli RY 13
HIV infection | Immunosuppressed patients | AIDS
EPAS1 | EGLN1 | PPARA | HMOX2
UCP1 | uncoupling protein 1 | Insufficient evidence in retrieved documents.
Insufficient evidence in retrieved documents.
Personality traits on an antisocial index | Aggressive behavior | Antisocial behavior | Happiness
Deacetylation of lysine residues on histone and non-histone proteins | Key regulators of gene expression | Modulate chromatin compaction
To reveal the precise position of histone H4 in every nucleosome in the genome | To map fission yeast centromeres | To identify nucleosomes with alternative structures genome-wide
POLQ gene | POLQ
Nearly 100% | 100% | Insufficient evidence in retrieved documents.
miR-7
Bacteroidetes and Firmicutes
Insufficient evidence in retrieved documents.
Ishihara Test | Isihara colour blindness tests | scratch collapse test
breast carcinoma cells | ER+ breast cancer | adenocarcinoma
yes
HIV
Human chromosome 2
Carcinomas, tumor-initiating cells, selected tissue progenitors, and embryonic and adult stem cells | Human epithelioma | Normal epithelial tissues
Factor Xa | FXa
T807 | THK-5117 | PBB3 | 18F-THK-5351 | 18F-T807 (18F-AV-1451) | 18F-RO6958948 | [(18)F]THK523 | [(18)F]THK5117 | [(18)F]THK5105 | [(18)F]THK5351 | [(18)F]AV1451(T807) | [(11)C]PBB3
Assessing pain | Study of pain | Model of persistent pain
Antiplatelet drugs
Huntington's disease (HD) | Myotonic dystrophy (DM1 and DM2) | Amyotrophic lateral sclerosis/frontotemporal dementia (C9ORF72) | Eight other polyglutamine disorders | Dominantly inherited ataxia | Friedreich ataxia | Fragile X syndrome | Dentatorubral-pallidoluysian atrophy (DRPLA)
High A/T content | Depleted of synteny breakpoints | Low overall sequence conservation
Three-legged heteropolymer | Triskelia composed of three clathrin heavy chains and associated clathrin light chains | Three-legged pinwheel-shaped heteropolymer
Are you asking about myelin in the context of a specific disease or condition?
no
2-4% | 3.6% | Insufficient evidence in retrieved documents.
Dupuytren's contracture is a condition affecting the palmar fascia of the hand, leading to contractures. It is characterized by shortening and progressive digital flexion deformity, causing one or more fingers to curl into the palm. It is also described as a fibroproliferative disorder.
The V60L mutation in the MC1R gene is associated with melanoma risk, red hair, and fair skin. It may also be associated with blonde hair. The V60L variant may act as a partially penetrant recessive allele.
Pds5B | HEAT repeat-containing protein 1 (HEATR1) | TOG5 | Rif1 proteins | PR65/A
The aim of performing a cycloheximide chase assay is to determine the half-life of a given protein. It is used to compare protein stability in eukaryotic cells by inhibiting protein biosynthesis. The assay has gained popularity in cancer research.
Cell-derived vesicle | Cell-derived extracellular nanovesicle | Complex of 3' -->5' exoribonucleases
Enhancers | Promoters | Insufficient evidence in retrieved documents.
Idarucizumab | Andexanet alfa | Monoclonal antibodies against dabigatran
KRT5 | KRT14
Allergic reactions | Inflammatory diseases | Host defense
UV-C | UV-B | UV-A
Increasing age | Cardiovascular disease | Alcohol | Diabetes | Lung disease | Coexisting cardiac disease | Thyroid disease | Pyrexial illness | Electrolyte imbalance | Cancer | Coexisting infection | Male sex
yes
yes
Are you asking about cutaneous, visceral, or mucocutaneous leishmaniasis?
Non-steroidal anti-inflammatory drugs | Azole antibiotics | Macrolides | Quinolones | Selective serotonin reuptake inhibitors | Omeprazole | Lipid-lowering agents
Pleural or peritoneal | Pleural | Peritoneal
In what context did you encounter the term BORSA?
FOXP2 gene | FOXP2
In what context did you encounter "PNPPP"?
Mendelian randomization is an approach for obtaining causal inferences on the effect of an exposure on an outcome from observational data, using genetic variants as instrumental variables. This method can account for potential confounders that are difficult to address in observational studies.
PD-L1 status of patients
Reactivate Hand2 | Re-express dHAND | Insufficient evidence in retrieved documents.
Tissue injury | Inflammation | Oxidative stress | Hypoxia | Telomere erosion | Oncogene activation | Inflammatory states | Metformin use in people with dysglycemia | Obesity
Integration site in chromosome 15 | Leading strands | Insufficient evidence in retrieved documents.
FunImageJ
Insufficient evidence in retrieved documents.
Maternal gastrointestinal tract | Bacterial exposure of the breast during nursing
Haemophysalis longicornis ticks | Lizards and snakes
Warts | Hypogammaglobulinemia | Recurrent infections | Myelokathexis
clust
Oscillospira | Ruminococcus
PPIM | MobiDB | DENdb
yes
Insufficient evidence in retrieved documents.
Pcp1 protein | Rhomboids | PARL
Membrane-bound | protein | Insufficient evidence in retrieved documents.
Insufficient evidence in retrieved documents.
Lead poisoning | Lead intoxication
Mosdepth | BWBBLE | Nextflow
Kaposi's sarcoma
Esrrb-Sox2 complex | Dax1 | ERRE1
magnetic resonance imaging
Cutaneous squamous cell carcinoma | CSCC
Pancreatic cancer | Glioma
Brain | Kidney | Skin | Heart
Post-translational modification | Lipid anchors | Soluble proteins attached to the external leaflet of the plasma membrane
Aberrant regulation of genes transcription | Potential mechanism leading to DNA hypomethylation | Little is known about hydroxymethylation in this process
Catalyzes the synthesis of 3'-polyadenylate tails onto mRNA | Adds a polyA tail onto the 3'-end of RNAs without a nucleic acid template | Polyadenylating enzyme
hereditary transthyretin amyloidosis | acute hepatic porphyria | cancer | cardiovascular disease
High efficacy against wild-type and mutant ALK proteins | Anchored to the residue Met1199 of hinge region by two hydrogen bonds | Strong electrostatic interaction with the dimethylphosphine oxide moiety in brigatinib
3DSNP | 3DGD
Phase II clinical trials
Are you asking about gingipains in the context of a specific disease, bacteria, or treatment?
Drug-resistant tuberculosis
Inhibits bacterial DNA replication | Inhibits bacterial topoisomerase | Bactericidal
Converts L-fucose to fucose-1-phosphate | Takes part in the salvage pathway for reutilization of fucose | FUK encodes fucokinase
yes
yes
yes
yes
yes
yes
no
yes
yes
no
yes
no
no
no
Are you asking about the condition where tears are tinged with blood?
yes
yes
no
yes
yes
yes
yes
yes
no
The 3D Genome Browser is a web-based tool that allows users to explore and visualize 3D genome organization and long-range chromatin interactions. It provides access to both user's own data and over 300 publicly available chromatin interaction datasets. The browser also allows integration with other omics data.
Yes, gut proteobacteria are associated with inflammatory disease. Specifically, the onset of inflammatory bowel disease is associated with enteric proteobacterial infection [1]. Also, alterations in the gut microbiota are implicated in many inflammatory diseases [5].
controlled thermal ablation of deep hemispheric rGBM | Laser interstitial thermal therapy | treatment of brain tumors
Could you please specify what you are referring to by "genomiser"?
T-UCstem1 | uc.170+
Are you referring to a specific tool, or are you asking about a general concept related to a calculation?
Escobar syndrome is a nonlethal subtype of multiple pterygium syndromes characterized by multiple pterygia (webs of the skin), congenital anomalies, and joint contractures. Facial dysmorphism is also a characteristic of the syndrome.
Small activating RNAs (saRNAs) are small double stranded RNAs (dsRNAs) that target promoters and trigger gene activation, a mechanism known as RNA activation (RNAa). They can be used to restore the activity of tumor suppressor genes.
Ivosidenib is an orally available, small-molecule inhibitor of mutant IDH1. It targets the IDH1 metabolic pathway to prevent the build-up of the oncometabolite 2-HG.
ATAC-seq captures open chromatin sites using a two-step protocol with 500-50,000 cells. It is a high-throughput sequencing technique that identifies open chromatin.
In what context are you asking about vcfanno (e.g., variant annotation, a specific disease study, etc.)?
Disease-associated short tandem repeats (daSTRs) are located at boundaries demarcating 3D chromatin domains. Specifically, daSTRs localize to ultra-high-density CpG island boundaries, suggesting they might be hotspots for epigenetic misregulation or topological disruption linked to STR expansion. Deletions of chromosomal regulatory boundaries are associated with congenital disease.
Ultraconserved elements occupy specific arenas of three-dimensional mammalian genome organization.
Ohnologs are paralogous gene pairs generated by whole genome duplication events. They are also described as paralogs retained from whole genome duplication. Some genes described as "novel" may be better interpreted as "ohnologs gone missing" in different evolutionary lineages.
Could you please specify what kind of TissueEnrich you are asking about (e.g., a gene, a research tool, a specific assay)?
Are you asking about OligoSTORM microscopy, or something else?
xenobiotic metabolic pathway involved in estrogen metabolism | one-carbon metabolic pathways | folate cycle | methionine remethylation | trans-sulfuration pathways | unsaturated fatty acid metabolism pathway | amino acid metabolism pathway
Staphylococcus | Streptococcus | Pseudomonas
geck
VWF and platelets
Insufficient evidence in retrieved documents.
alpha-synuclein | alpha-synuclein (AS)
Bioactive molecules | Proteins | Factors
20% of all of the annotated C. elegans genes | At least 4% of the annotated C. elegans genes | A fifth of annotated Caenorhabditis elegans genes
Membrane channels | Bidirectional transfer of water and small solutes across cell membranes | Involved in several pathophysiological conditions
Recognised cellular antigens | CD marker profile | CD
Dolutegravir | Rilpivirine
ezTag
T helper type 17 (TH17) cells | TH17 cells | Interleukin-17 producing T cells
yes
yes
yes
Ibalizumab is a humanized monoclonal antibody that functions as a post-attachment inhibitor. It binds to the CD4 receptor on T lymphocytes, specifically the 2nd domain, which blocks HIV-1 from connecting to CCR5 or CXCR4 and thus prevents viral entry.
Immunophenotyping, enabled by mass cytometry, allows for comprehensive single-cell analysis and functional assessments. This captures the complexity of the immune system and the molecularly heterogeneous consequences of primary immunodeficiency defects.
Emicizumab is a bispecific antibody that binds to both factor IXa (FIXa) and factor X (FX). By binding to these factors, Emicizumab mimics the cofactor function of activated factor VIII.
mutations in the cohesin acetyltransferase ESCO2 | Mutations in Esco2 | mutations in cohesion pathways
Are you asking about a specific gene, a database, or something else related to disease enhancement?
yes
GFRAL is the receptor for GDF15. It is required for the anti-obesity effects of GDF15 and regulates food intake by a central mechanism. GDF15, when bound to GFRAL, promotes weight loss.
ZCCHC17 is a master regulator of synaptic gene expression, especially in the context of Alzheimer's disease. It drives the expression of a similar gene network in humans and rats, and its loss leads to lower expression of synaptic targets. ZCCHC17 is normally expressed in neurons.
yes
no
Latex bead phagocytosis is a process assessed by in vitro assays where macrophages ingest latex beads. The amount of phagocytosis is then quantified using methods like scanning cytometry or fluorescence measurements. These assays can be used to assess macrophage scavenger function.
yes
In what context are you asking about CGmapTools (e.g., a specific disease, research study, or type of data analysis)?
no
Regulatory Trait Concordance (RTC) accounts for local LD structure and integrates eQTLs and GWAS results to reveal association signals due to cis eQTLs. It measures the probability of eQTLs being active in multiple tissues and calculates the probability that a GWAS-associated variant and an eQTL tag the same functional effect. The exact calculation method is not specified in the provided snippets.
Filipin staining is used to detect and measure cholesterol. It can be used to measure membrane cholesterol content, intracellular and total cholesterol, and to observe cholesterol sequestration.
no
CarbonylDB
Nup153 is a component of the nuclear pore complex involved in nuclear export of RNAs and proteins, nuclear pore basket formation, nuclear pore complex anchoring, and import of a subset of nuclear proteins. It is a key participant in both import and export.
yes
PEGylation can improve recombinant drugs by increasing their molecular mass and shielding them from proteolytic enzymes, which improves pharmacokinetics and helps prevent adverse drug reactions. It can also delay protein aggregation, delay renal excretion (leading to a longer half-life), and inhibit interactions with proteases and the host immune system, thereby inhibiting inactivation and attenuating immunogenicity.
yes
Are you referring to a specific gene, software, or something else with that name?
yes
c.1516C>T (p.Arg506Ter) | c.1558C>T (p.Gln520Ter) | c.1482delinsGCCAGG (p.Ile494MetfsTer23)
no
Nup153 | Nup50 | Tpr
no
Arimoclomol's mechanism of action involves potentiation of the heat shock response. It amplifies heat shock protein gene expression during cell stress and increases Hsp70 expression. Arimoclomol also acts as a co-activator, prolonging the binding of activated HSF1 to heat shock elements (HSEs) in the promoter regions of inducible Hsp genes.
Decreases nuclear stiffness | Reduces expression of TAZ-regulated genes | Alters mechanosensing pathways | Disrupts the actin cap | Reduces apical perinuclear actin cables | Increases nuclear height | Impairs nuclear re-orientation | Reduces dbcAMP-induced neurite outgrowth | Reduces cAMP-induced TC10 inactivation
fever | cough | conjunctivitis | coryza | eruption | rash
no
GeneMatcher | PhenomeCentral | DECIPHER | MyGene2 | matchbox | Australian Genomics Health Alliance Patient Archive | Monarch Initiative
no
The Ottawa Ankle Rule is a clinical decision tool used to identify which patients with acute ankle/midfoot injuries require radiography. Its purpose is to minimize unnecessary radiographs in ankle and foot injuries.
CIBERSORT is a computational method used for quantifying cell fractions from bulk tissue gene expression profiles. It can be used to characterize tumor-infiltrating lymphocytes (TILs) in tumor samples and enables large-scale analysis of RNA mixtures for cellular biomarkers and therapeutic targets.
yes
human platelet-derived growth factor (PDGF) receptor α (PDGFRα) | platelet-derived growth factor receptor α (PDGFR-α) | platelet-derived growth factor receptor alpha (PDGFRα)
PANDAS (Pediatric Autoimmune Neuropsychiatric Disorders Associated with Streptococcal Infection) is an immune-mediated disease characterized by obsessive-compulsive symptoms and/or tics. These symptoms are triggered or exacerbated by group A beta-hemolytic streptococcal infections. It is also described as a newly defined disease.
yes
exceeding 95% | 95%
no
yes
Tyro-3 | Axl | Mer | MERTK | TYRO3
Severe axonal arborization defect | Loss of self-avoidance
Are you asking about the drug CPX-351, also known as Vyxeos?
yes
miR-423-5p | miR-21
Are you asking about ivosidenib in relation to a specific condition or disease?
PIPKIalpha | Larp7 | CPSF 160 subunit | CPSF 73 subunit
Visual snow syndrome is characterized by the continuous perception of tiny flickering dots throughout the entire field of vision. This visual disturbance is often likened to the static noise of an untuned television.
Leucosporidium ice-binding protein (LeIBP) lowers the freezing point by binding to ice. More generally, ice-binding proteins inhibit ice growth through direct interaction with ice crystals.
yes
SVM | Multi-stage SVM | Insufficient evidence in retrieved documents.
no
MIR137
Insufficient evidence in retrieved documents.
Multiple Myeloma | Non-Hodgkin's lymphoma | Chronic lymphatic leukemia
Insufficient evidence in retrieved documents.
Are you asking about ferroptosis in relation to a specific disease or condition?
Achalasia | Esophageal achalasia
Elevated bilirubin level | Diarrhea | Differentiation syndrome | Decreased potassium and calcium levels
no
Suicidal behavior | Suicide risk
Deep learning systems, particularly convolutional neural networks (CNNs), are being developed for melanoma detection. These systems analyze dermoscopy images and, in some instances, have demonstrated accuracy exceeding that of some dermatologists, but not all. Therefore, some deep learning systems are more accurate than some human experts at detecting melanoma.
multiple sclerosis (MS) | MS
Mutations in the CTNS gene | Defective lysosomal transport of cystine | Functional defects of cystinosin
yes
no
CD38 | unique CD38 epitope | CS1
Assessing folate receptor expression in tumors | Imaging agent for folate receptor | Selecting patients likely to benefit from vintafolide
Inhibits tissue-type plasminogen activator (tPA) | Inhibited cell adhesion | Crucial regulator of fibrinolysis
Durvalumab is a fully human monoclonal antibody that blocks programmed cell death ligand-1 (PD-L1) binding to its receptors PD-1 and CD80. It binds to PD-1 and CD80, blocking PD-L1, but not PD-L2.
Arioc
Acute myeloid leukemia (AML) | AML
GeneWeaver is used for aggregating and analyzing gene set-centric data to study biological processes, diseases, and traits. It can be used to find genes common to multiple gene sets, prioritize candidate genes, and characterize differentially expressed genes, and has been applied to the study of complex behavior and addiction. GeneWeaver is available as an online database and suite of tools.
yes
ALS | amyotrophic lateral sclerosis
Endolymphatic hydrops is associated with Meniere's disease and affects the inner ear, specifically the cochlea and vestibule. Symptoms associated with endolymphatic hydrops in Meniere's disease include vertigo, hearing loss, and tinnitus.
CD33 | Anti-CD33 antibody | CD33-targeted antibody
Ohio
yes
ankylosing spondylitis | birdshot chorioretinopathy | Behçet's disease | psoriasis
Cellular adhesion | Neural adhesion molecules | Connecting the extracellular medium with the intracellular actin cytoskeleton
Type IIA topoisomerase inhibitor | Bacterial topoisomerase inhibitor
Alpelisib is a selective, alpha-specific inhibitor of the class I PI3K catalytic subunit p110α.
Tumor-suppressor protein | Transcription factor | Guardian of the genome
Are you asking about eravacycline in relation to a specific infection or condition?
Are you asking about PEGylation in general, or in relation to a specific drug or treatment?
3D spectral domain optical coherence tomography (SD-OCT) | 3D Optical Coherence Tomography | Optical coherence tomography
Enasidenib
Inner ear
glecaprevir | pibrentasvir
The 4D-CHAINS algorithm analyzes two 4D spectra recorded using a single, fully protonated protein sample in an iterative ansatz. It uses common NOEs between different spin systems to supplement conventional through-bond connectivities, establishing assignments of sidechain and backbone resonances with high completeness and minimal error. It is used in the 4D-CHAINS/autoNOE-Rosetta pipeline for protein structure determination.
Organoids are 3D in vitro structures that mimic the morphology and function of in vivo tissues, and they are constructed from self-organizing stem cells. They can be used to model tissues like the intestinal epithelium or to study early neural development. Organoids offer advantages over traditional cell culture methods.
no
yes
Sacubitril | Valsartan
yes
yes
Major depressive disorder is associated with disorders of the gut microbiota. Depression may also be related to increased translocation of gut bacteria, dysbiosis, and activation of oxidative and nitrosative pathways. These factors may play a role in the pathophysiology of depression.
yes
Acute myeloid leukemia with activating FLT3 mutations in combination with intensive induction and consolidation therapy | Aggressive systemic mastocytosis (ASM) | Systemic mastocytosis with associated hematological neoplasm (SM-AHN) | Mast cell leukemia (MCL)
no
lumacaftor | ivacaftor
NanoStringNorm | NanoStringNormCNV
HIV-1 | AIDS | Insufficient evidence in retrieved documents.
Anlotinib is a tyrosine kinase inhibitor that targets tumor angiogenesis and proliferative signaling. It inhibits angiogenesis by suppressing the activation of VEGFR2, PDGFRβ, and FGFR1. Anlotinib also targets VEGFR, FGFR, PDGFR, and c-kit.
Could you please specify what you are referring to by "Canvas SPW"?
Are you interested in markers for a specific type of phagosome or in general phagosomal markers?
Streptococcus pneumoniae | Haemophilus influenzae | Moraxella catarrhalis
Mutations in the HEXB gene | Mutation of the β-subunit gene β-hexosaminidase B (HexB) | Biallelic pathogenic variants in the DCAF17 gene
yes
mogamulizumab
Cemiplimab is a PD-1 inhibitor. It is a human programmed death receptor-1 (PD-1) monoclonal antibody that binds to PD-1 and blocks its interaction with programmed death ligands 1 (PD-L1) and 2 (PD-L2).
CNEFinder
transglutaminase-1 deficiency | TGase-1 gene mutations | recessive, temperature-sensitive mutations in the transglutaminase-1 gene (TGM1)
Phenotypic data | Genetic data | Biological measurements | Lifestyle indicators | Biomarkers in blood and urine | Imaging of the body and brain | Health and medical records | Genome-wide genotype data
yes
Open radical cystectomy (ORC) | Robot-assisted radical cystectomy (RARC)
no
Special mechanisms for their expression have not been investigated. | Translation of non-genic sequences is expected to produce insignificant polypeptides. | Genetic alterations are elusive. | Expression and function are unrelated to those of the target gene.
CNV-RF
pre-exposure prophylaxis (PrEP) | prevent HIV infections | HIV prevention
yes
Are you interested in STING agonists for research or clinical use?
nivolumab | ipilimumab | sunitinib
PIK3CA gene | NEMO gene
Are you asking about a specific gene, disease, or something else related to "CamurWeb"?
Are you asking about the SLIC classification system for cervical spine injuries or something else?
no
X-linked hypophosphatemia (XLH) | tumor-induced osteomalacia (TIO)
Loss-of-function nuclear factor κB subunit 1 (NFKB1) variants | Monoallelic loss-of-function mutations in NFKB1 | Heterozygous loss-of-function variants in NFKB1
Human cytomegalovirus infection treatment | Prophylaxis against human cytomegalovirus in immunocompromised transplant recipients | Cytomegalovirus infection prophylaxis in hematopoietic stem cell transplant recipients | Prophylaxis in stem cell transplant recipients | CMV prevention after allogeneic HSCT
Are you asking about the esophageal motility disorder?
yes
Burning Mouth Syndrome (BMS) is a chronic condition characterized by a burning sensation in the oral mucosa. It is often associated with symptoms like dry mouth, taste alterations, and pain, and typically presents without visible lesions. BMS primarily affects peri- and postmenopausal women.
Diagnostic biomarker | Screening marker for HCC | Hepatic stem cell marker
yes
Severe rotavirus disease
yes
The Mcm2-Ctf4-Polα axis facilitates the transfer of parental (H3-H4)2 tetramers to lagging-strand DNA at replication forks for nucleosome assembly at the original location.
Are you asking about the genetic condition, or something else?
DNA nuclease | Resolves chromatin bridges during late mitosis | Processes DNA bridges | Acts at the midbody | Promotes genome integrity
Ultraconserved elements (UCEs) are used to resolve phylogenetic relationships within the radiation of Australasian smurf-weevils. Specifically, UCEs designed for beetles and a novel partitioning strategy of loci are employed in this effort.
Botulism toxin blocks the release of acetylcholine from the motor end plate, leading to muscle weakness and paralysis. The toxin affects the presynaptic synaptic membrane, resulting in neuromuscular dysfunction and generalized flaccid weakness of striated muscle.
Pilocytic astrocytoma (PA) | Gliomas | Medulloblastoma
Adaptor protein | Cytosolic sensor for cyclic dinucleotides | Adaptor molecule for intracellular DNA receptors
UPDtool | SNPtrio | AsCNAR
Apalutamide is an androgen receptor (AR) antagonist that targets the AR ligand-binding domain. It prevents AR nuclear translocation, DNA binding, and transcription of AR gene targets. Apalutamide has a very high affinity for the androgen receptor.
TRK kinases | TRK fusions
Bayesian methods are used in the context of haplotyping for quality score compression and improved genotyping. The HapMap project, which aims to describe genome variation patterns, can be facilitated by these methods. Bayesian Inference is also used for phylogenetic reconstructions and divergence dating.
Telangiectasias | Erythrocytosis and elevated Erythropoietin | Monoclonal gammopathy | Perinephric fluids collections | Intrapulmonary shunting
Are you interested in the symptoms, causes, diagnosis, or treatment of Herpetic Whitlow?
Cystic fibrosis | Electrolyte metabolism disorders | Electrolyte balance
Periodic leaf-movement of legumes | Circadian leaf movement | Daily oscillation in leaf orientation
yes
*   tmVar software and its corpus of 500 manually curated abstracts
Deep convolutional neural network | DeepVariant | Insufficient evidence in retrieved documents.
Inflammation | Metabolism
Pitolisant is an antagonist/inverse agonist of the histamine 3 receptor. It acts on the presynaptic histamine 3 receptor and utilizes histamine to improve wakefulness.
*   tmVar
*   nala
*   Conditional random field (CRF) based methods
focal adhesion kinase (FAK) | proline-rich tyrosine kinase-2 (Pyk2)
Are you asking about chrysophanol as a chemical compound, a medication, or something else?
2.7% | 1 in 38
Insufficient evidence in retrieved documents.
Are you referring to a specific diagnostic tool, research project, or something else?
Gynecological cancers | Esophageal squamous cell carcinoma (ESCC)
no
Insufficient evidence in retrieved documents.
Orofacial swelling | Facial palsy | Fissured tongue
yes
yes
yes
htseq-count | featureCounts | mmquant | Bartender
no
Clostridium difficile | Clostridium difficile infection (CDI) | recurrent Clostridium difficile infection
yes
June 2017
Calcitonin gene-related peptide receptor | CGRP-receptor
CADD scores are predictive scores for single-nucleotide variants (SNVs) that indicate the deleteriousness of variants throughout the human genome. CADD can score human single nucleotide variants and short insertion and deletions anywhere in the reference assembly, including noncoding regions. It is a measure of variant deleteriousness that can effectively prioritize causal variants in genetic analyses.
Are you asking about prolactinomas in humans or in animals?
ITGA4 | ITGB8 | ITGAL | ICAM1
DSMNC
trifluridine | tipiracil
Epigallocatechin gallate (EGCG) plays a protective role in the cardiovascular system and has vascular protective properties. It also has an ameliorative effect on cardiac hypertrophy and fibrosis and attenuates hypertension and sympathoexcitation.
Tucatinib is a tyrosine kinase inhibitor (TKI) that specifically targets human epidermal growth factor receptor 2 (HER2). It is being developed as a novel treatment for ERBB2/HER2-positive breast cancer.
ALK and ROS1 tyrosine kinases | ALK | ROS1
gram-positive oral bacteria
yes
Binding to GM1 | Binding to the intestinal cell surface | AB5 toxin can enter the cell
Lurbinectedin inhibits active transcription, leading to DNA-break accumulation and apoptosis. It inhibits RNA polymerase II and the DNA repair machinery in tumor cells. Lurbinectedin also functions as a minor groove binder.
yes
PI3K-δ | PI3K-γ
X!Tandem | MS-GF | MS Amanda | MyriMatch | Comet | Tide | Andromeda | OMSSA | MaxQuant | Proteome Discoverer | Mascot | MS-GF+
yes
yes
ATG5 | ATG7 | BLK | BANK1 | Yaa (Y-linked autoimmune acceleration)
no
Motolimod is a selective small-molecule agonist of TLR8. It stimulates natural killer (NK) cells, dendritic cells, and monocytes. It can also sensitize T cells and augment natural killer (NK) cell function.
yes
dolutegravir | abacavir | lamivudine
no
Capillaria hepatica | C. hepatica
neuronal ceroid lipofuscinosis type 2 (CLN2) disease | CLN2 | motor function loss in paediatric patients ≥3 years of age with CLN2
yes
PARP1 functions in DNA repair, gene transcription, differentiation, and as a DNA damage sensor. It also acts as a transcriptional coactivator of nuclear factor kappaB (NF-kappaB) and hypoxia inducible factor 1 (HIF1). Furthermore, PARP1 regulates gene expression by modifying chromatin structure and altering the function of chromatin-modifying enzymes, and it controls adipogenic gene expression and adipocyte function.
no
mutant IDH1 | cytosolic isocitrate dehydrogenase 1 (IDH1) | IDH1
Are you asking about a gene, a drug, or something else related to COG112?
four-channel single-reaction multiplexing with orthogonal CRISPR enzymes | quantitative measurement of input as low as 2 attomolar | 3.5-fold increase in signal sensitivity by combining Cas13 with Csm6, an auxiliary CRISPR-associated enzyme | lateral-flow readout
yes
no
yes
Telomerecat
Activated
Taraxasterol has a protective effect against rheumatoid arthritis by modulating inflammatory responses in mice.
yes
lysosomal acid lipase (LAL) | LIPA enzyme | cholesteryl ester hydrolase
yes
Are you asking about a gene, protein, or something else related to MOV10?
yes
Yolk sac tumor (YST) | Ovarian Sertoli-Leydig cell tumors (SLCTs) | cancer
no
Amegakaryocytic thrombocytopenia
no
CD28 functions as a direct and critical receptor for bacterial superantigen toxins. This interaction broadens the scope of pathogen recognition mechanisms. CD28, a homodimer expressed on T cells, also functions as the principal costimulatory ligand in the immune response, while superantigens induce an inflammatory cytokine storm.
Proteins found outside of the cells | Describing and quantifying the proteins found outside of the cells | Next-generation proteomics
Adrenal insufficiency | Achalasia | Alacrima | Adrenal abnormalities | Progressive neurological syndrome | Neurological manifestations | Adrenal failure
CRT0066101 is a potent and specific inhibitor of the protein kinase D (PKD) family. It suppresses bladder cancer growth by blocking the cell cycle at G2/M.
BH3 interacting-domain death agonist (BID) | tBID | truncated BH3-interacting domain death agonist (tBID)
Are you asking about PhenomeCentral in relation to a specific disease or research project?
Listeria monocytogenes
no
CGRP receptor | Calcitonin gene-related peptide receptor
no
Super-enhancers can be used as potential biomarkers for disease diagnosis because disease-associated sequence variations are enriched in super-enhancer regions of disease-relevant cell types.
Are you interested in sirtuin inhibitors for research purposes, potential therapeutic applications, or something else?
yes
yes
Fidaxomicin | Insufficient evidence in retrieved documents. | Insufficient evidence in retrieved documents.
p16INK4a (p16) is a biomarker of HPV oncogenic activity. E6 and E7 viral proteins are also mediators of HPV-induced carcinogenesis.
Car | Relax | Alone | Forget | Friends | Trouble | Family
Bartender is an accurate clustering algorithm designed to detect barcodes and their abundances from raw next-generation sequencing data. It uses a modified two-sample proportion test that considers cluster size, unlike other methods relying only on sequence similarity. Bartender also handles unique molecular identifiers and has a 'multiple time point' mode for time course data.
Alipogene tiparvovec (Glybera®)
yes
Hematologic cells | CD4+ T cells | CD8+ T cells | Central memory T cells (CD4+CD45RO+CCR7+, Tcm) | Effector memory T cells (CD4+CD45RO+CCR7-, Tem) | Follicular helper T cells (CD4+CXCR5+, Tfh) | Follicular regulatory T cells (CD4+CXCR5+ FOXP3 +, Tfr) | Th17 cells | Regulatory Treg-cells | CD3+ T-cells
netupitant | palonosetron
Could you please specify what you mean by "CapSim"? Are you referring to a specific medication, a simulation tool, or something else?
Chiesi Pharma | Insufficient evidence in retrieved documents. | Insufficient evidence in retrieved documents.
Tetrocarcin-A antagonizes Bcl-2 functions, sensitizing tumor cells to cell death signals. It also causes apoptosis and inactivation of the PI3-kinase pathway in breast cancers and downregulates Junctional Adhesion Molecule-A in conjunction with HER2 and inhibitor of apoptosis proteins, inhibiting tumor cell growth.
serotonin | gamma-aminobutyric acid | neurotrophic factors
Parkinson's disease | Fluctuating PD
Eliquis | Eliquis® | Eliquis™
MATLAB environment
yes
SHERLOCK
CRISPR-Cas12a proteins are RNA-guided enzymes that bind and cut DNA as components of bacterial adaptive immune systems. They exhibit indiscriminate single-stranded DNase activity upon target binding and can be used for genome editing. They have also been used to detect EGFR mutations in lung cancer patients.
direct factor Xa inhibitor | oral direct factor Xa inhibitor | selective, direct, reversible inhibitor of the coagulation factor Xa
yes
11p11.2p12 | 11p11.2 | 11p14-p12
Toxin A | Toxin B | Toxin C
Visceral adipose tissue | White adipose tissue | Insufficient evidence in retrieved documents.
Are you interested in adipokines in the context of a specific disease or condition?
Sensorineural hearing loss | Hypoplastic or absent nails on the hands and feet | Small or absent distal phalanges of the hands and feet | Mental retardation | Onychodystrophy | Osteodystrophy | Intellectual disability | Seizures | Dystrophic thumbs | Increased urinary levels of 2-oxoglutarate
*   pedigreejs
*   Madeline 2.0 PDE
Solriamfetol is a selective dopamine and norepinephrine reuptake inhibitor. It exhibits dual reuptake inhibition activity at dopamine and norepinephrine transporters, leading to increased extracellular concentrations of dopamine and norepinephrine. This mechanism, along with the lack of monoamine-releasing properties, may explain the differences in its effects compared to other similar drugs.
Cas13a was previously called C2c2, meaning they are the same nuclease.
Brown algae | Seaweeds
Tissue, cell type, and subcellular distributions | Mammalian tissues | Sub-cellular localization and tissue distribution
Cariprazine is a dopamine D3 and D2 receptor partial agonist, with a preference for the D3 receptor. Its mechanism of action is dopamine D3 receptor-dependent.
IRscope
ArachnoServer
CRISPR-Cas12a (Cpf1) | CRISPR-Cpf1 (CRISPR-Cas12a) | Insufficient evidence in retrieved documents.
Bezlotoxumab
Tumor suppressor | Plays important role in innate immunity | Modulates the host immune-inflammatory response | Modulates bone metabolism | Might be involved in dental implant osseointegration
no
pyNBS
Cofilin 2 | Zyxin and alpha-actinin | N-RAP-alpha-actinin
yes
yes
Are you asking about a medication, a clinical trial, or something else related to CVT-301?
yes
PF-04523655 | TKM-080301 | Atu027 | SYL040012 | SYL1001 | siG12D-LODER | QPI-1002 | QPI-1007 | patisiran
intestinal epithelial cells | enterocyte | intestine
DCAF17 gene mutation | DCAF17 mutations | c.436delC DCAF17 Gene Mutation
TAPAS | VAAPA | PlantAPA
Are you asking about patisiran as a medication, or something else?
Focal epilepsy | Partial epilepsy
MGA repository | Cistrome database
approximately 50 | 50 | Insufficient evidence in retrieved documents.
Inclisiran is a synthetic siRNA that inhibits PCSK9 synthesis, specifically in the liver. It works by inhibiting the translation of PCSK9 mRNA, which reduces the production of PCSK9. This ultimately leads to a reduction in LDL-C levels.
Protein Contacts Atlas
Are you asking about Opdivo the medication?
yes
yes
Open-angle glaucoma | Ocular hypertension
yes
Metastatic melanoma | Metastatic non-small-cell lung cancer | Recurrent or metastatic head and neck cancer | Refractory Hodgkin lymphoma | Urothelial carcinoma
Treatment for cancer patients with positive microsatellite instability-high (MSI-H) markers or mismatch repair deficient (dMMR) markers
Prevnar 13 consists of 13 serotype-specific polysaccharides of Streptococcus pneumoniae, each covalently conjugated to a non-toxic immunogenic carrier protein. It is also a revised formulation of pneumococcal vaccine.
oral
Primary ovarian insufficiency
*   Split-decomposition
*   NeighborNet
*   QNet
*   FlatNJ
*   SPECTRE
Insufficient evidence in retrieved documents.
SAMHD1 activity differs between sexes. In male-derived macrophages, SAMHD1 is hyperphosphorylated and less active, while female-derived macrophages exhibit lower levels of CDK1, the kinase responsible for SAMHD1 phosphorylation. These sex-dependent differences in SAMHD1 activity influence susceptibility to HIV-1.
Latent enhancers are regions of the genome that, in terminally differentiated cells, are unbound by TFs and lack the histone marks characteristic of enhancers. They acquire these features and become activated upon stimulation.
COG133 is a peptidomimetic of apoE protein, while COG112 is created by fusing COG133 to a protein transduction domain. This fusion enhances the anti-inflammatory bioactivities in vitro and improves the therapeutic effects on EAE in vivo compared to COG133. Thus, COG112 is a modified version of COG133.
no
yes
yes
no
Neutrophils | Macrophages | Distinct subtypes of dendritic cells
Olive tree | Olea europaea | Olive oil
Uncontrolled eosinophilic asthma | Persistent allergic or nonallergic eosinophilic asthma | Severe asthma with an eosinophilic phenotype
Regulator of basal intracellular free magnesium levels | Magnesium transporter | Magnesium transporter 1
yes
Histone acetyltransferase (HAT) | Transcriptional co-activator | Regulates gene expression by acetylating chromatin
ironwort | mountain tea | Insufficient evidence in retrieved documents.
Gas vesicles (GVs) are used as contrast agents in ultrasound and MRI. They produce contrast in MRI due to their differential magnetic susceptibility relative to water, and this contrast can be inactivated with ultrasound. GVs can also be modified for molecular targeting in ultrasound imaging.
toad venom
In what context are you asking about super-enhancers?
no
Relict mitochondrion with reduced metabolic capability | Simplest and least well-studied type of anaerobic mitochondria | Highly divergent mitochondrion-related organelle
US$475,000 | Price not including hospital admission | Price not including treatment of side effects
pyrimidine de novo biosynthesis pathway | pyrimidine biosynthetic pathway | de novo pyrimidine biosynthesis
OPRM1 | PTGS2
yes
Pediatric patients and young adults with refractory or relapse (R/R) B cell precursor acute lymphoblastic leukemia | Refractory or relapse (R/R) B cell precursor acute lymphoblastic leukemia | B cell precursor acute lymphoblastic leukemia
Promotes astrocyte differentiation | Drivers of astrocyte differentiation | Essential for normal astrocytic differentiation
Tocilizumab is a monoclonal antibody that inhibits the IL-6 receptor. It binds to both soluble and membrane-bound IL-6 receptors, blocking IL-6 from binding to these receptors and thus inhibiting IL-6 action.
Haploid male germ cells | Human sperm | Insufficient evidence in retrieved documents.
yes
no
In what context are you interested in analyzing exosomes with FACS?
Bristol-Myers Squibb | Bristol Meyer Squibb | Manufacturer (Bristol-Myers Squibb)
Are you asking about DMARDs in relation to a specific condition, like rheumatoid arthritis?
To transfer mitochondria from cell type A to cell type B | Transfer of mitochondria from donor cells to target cells | Insufficient evidence in retrieved documents.
yes
no
Hematological disorders | Kidney disorders | Systemic connective tissue disorders | Autoimmune disease | Refractory lupus
yes
Quorum sensing is a process of cell-cell communication that bacteria use to share information and regulate gene expression in a cell-density-dependent manner. This signaling mechanism allows bacteria to modulate a number of cellular functions. It enables bacteria to regulate a wide range of behavior patterns.
Deficiency of galactocerebrosidase | Deficient activity of galactosylceramide beta-galactosidase | Deficiency of β-galactocerebrosidase
c.19G>A, p.Val7Met
Self-renewal | Maintenance of pluripotency | Endoderm formation
gastrointestinal complaints | inflammation | rheumatic disorders
Noonan syndrome is characterized by dysmorphic features, webbed neck, cardiac anomalies, short stature, cryptorchidism, facial dysmorphism, congenital heart disease, developmental complications, elevated tumor incidence rate, coarctation of the aorta, and hypertrophic cardiomyopathy. The syndrome also exhibits high phenotypic variability.
no
yes
Are you interested in the primary vector globally, or in a specific geographic region?
yes
no
no
yes
Toxocara canis | Toxocara cati
dbSUPER is the first integrated and interactive database of super-enhancers. It aims to assist studies related to transcriptional control of cell identity and disease. The database offers a user-friendly interface and tools for data analysis and visualization.
Retina | Hair follicles | Central nervous system (CNS) | Olfactory bulb (OB) | Pancreatic islets
no
Are you asking about YESCARTA as a medication or something else?
Insufficient evidence in retrieved documents.
Totality of all human environmental exposures from conception to death | Totality of an individual's exposures over the life course | Cumulative measure of environmental influences and associated biological responses throughout the lifespan
autologous CD34+ cells transduced to express adenosine deaminase (ADA) | ex vivo stem cell gene therapy | single treatment
yes
The human surfaceome
Luxturna
Mir140 is essential for normal endochondral bone development. Reduced BMP signaling caused by Dnpep upregulation may play a causal role in the skeletal defects of Mir140-null mice.
Luxturna
Psychosocial stress | Psychological stress | Endocrine status
Recognition of DNA encoded viruses | Detects tumor-derived DNA | Intrinsic antitumor immunity
no
Why we build models of human performance | What the expectations of a good human performance model are | What the procedures and requirements in building and verifying a human performance model are | How we integrate a human performance model with system design | What the possible future directions of human performance modeling research are
Tc toxins use a syringe-like mechanism to inject toxic enzymes into host cells. TcA forms the translocation channel, and TcB-TcC shields the toxic enzyme. These toxins act as pathogenicity factors in bacteria.
Runt related factor-2
Forefoot
yes
yes
Acoustic reporter genes are used to detect bacterial gene expression in vivo using ultrasound.
Lipin 1 regulates glycerolipid homeostasis by acting as a phosphatidic acid phosphohydrolase (PAP) enzyme in the triglyceride-synthesis pathway and by regulating transcription factor activity. It also functions as a phosphatidate phosphatase enzyme and/or a co-transcriptional regulator in lipid metabolism and is involved in many other cell processes.
Alnylam Pharmaceuticals
moesin (Moe) | Crb | epidermal growth factor receptor (Egfr)
yes
no
Stomach | Hypothalamus | Placenta
ezrin | radixin | moesin
Are you asking about the role of epitranscriptomics in a specific disease or condition?
Are you asking about resistin in the context of research, a specific disease, or something else?
no
miR-301a | ADP-actin filaments | ATP/ADP-Pi-actin filaments
One protein of gas vesicles | Major component of gas vesicle wall | Microbial flotation devices
A SMR based BCI is a brain-computer interface (BCI) that uses sensorimotor rhythms (SMR) as a control signal. These BCIs are based on or modulate the sensorimotor rhythm.
no
Aicardi-Goutieres syndrome (AGS)
TRIM proteins | RING1 | UHRF1 | RING ubiquitin E3 ligases
Mutations in the FAAH gene are associated with increased body weight and obesity. There is also a suggested link between FAAH mutations and problem drug use, drug abuse, and dependence.
Breakdown of central tolerance | Decreased expression of self antigens in the thymus | Autoimmune diseases
yes
yes
Are you asking about aphasia as it relates to a specific condition, such as stroke or traumatic brain injury?
yes
Acyl-homoserine lactones (AHLs) are quorum sensing (QS) signals used by many proteobacteria and Gram-negative bacteria. They facilitate communication between bacteria, which is important for bacterial colonization and biofilm formation. AHLs are involved in cell density-dependent gene regulation through quorum sensing.
Follicular non-Hodgkin's lymphoma | Diffuse large B-cell non-Hodgkin's lymphoma | Rheumatoid arthritis
yes
yes
yes
yes
no
Nephropathy | Hypoacusia | Ocular alterations | Hereditary nephritis | Sensorineural deafness | Ocular abnormalities | Nephritic syndrome | Ophthalmological alterations
no
Are you asking about a medication?
no
The Barricaid annular closure device is designed to provide durable occlusion of the annular defect and lower the risk of symptomatic reherniation. This has been demonstrated in a large European randomized trial.
Rett syndrome | Rett syndrome (RTT) | neurodevelopmental disorder Rett syndrome
yes
activin type II receptors | ActRII
Transcription initiation region of RNA polymerase III | Upstream of tRNA, 5S, and U6 genes | Transcription initiation sites of genomic tRNA genes and plasmid-borne 5S and U6 RNA genes transcribed by RNA polymerase III.
Anorectal malformation | Sacral bony defect | Presacral mass | Sacral bone abnormality
June 2014
Are you asking about invasomes in relation to drug delivery, cancer research, or something else?
uc.339 | uc.454
no
yes
Unilateral horizontal gaze palsy | Internuclear ophthalmoplegia | Horizontal conjugate gaze palsy
In advance of the 2015-2016 season
Sarcomas | Breast cancers | Brain tumors | Lung and laryngeal cancers | Leukemia | Adrenocortical carcinomas | Lymphoma
yes
Anorexia | Migratory Pain | Local Peritonism | Elevated C-reactive protein | Neutrophilia | Male gender (Dude)
SSX proteins act as co-repressors and are involved in the regulation of target genes, potentially impacting the development of human synovial sarcomas. They are also cancer-testis antigens and target proteins for tumor therapy.
yes
Invaplex 50 is a macromolecular complex containing IpaB, IpaC, and LPS, formulated from an aqueous extract of virulent Shigella delivered via nasal administration. It is being developed as a nasal vaccine for Shigella flexneri. Clinical trials have been conducted to assess its safety and immunogenicity.
complete or partial loss of an X chromosome
Hotair | Mir155hg | SR-lncRNA-1 | SR-lncRNA-2
Nearly 5,000 | 5,000 | Insufficient evidence in retrieved documents.
GPR151 is an orphan G-protein coupled receptor (GPCR) with an unknown endogenous ligand, highly expressed in the habenula. It may play a role in nociception, and pLOF variants in the GPR151 gene are associated with protection against obesity and type 2 diabetes.
no
B-cell activating factor | BLyS
Non-convulsive status epilepticus (NCSE)
ASH2 | WDR5 | SET1 (also known as SETD1A) | Mll4 (Kmt2d) | KMT2C (also known as MLL3)
yes
Multiple Sclerosis | MS
Monomethylation of Lys4 on histone H3 (H3K4) | Lysine methyltransferase
Insufficient evidence in retrieved documents.
Bipolar | Schizophrenia | Attention-deficit/hyperactivity disorder (ADHD)
melanocytes | melanocyte umbrella | cortical bone
BANK1 | B-cell systemic lupus erythematosus-associated genes | B cell adaptor protein with ankyrin repeats
yes
Single-dose | One
Acylcarnitines into the mitochondrial matrix and free carnitine | Acyl moieties in the form of acylcarnitines | Carnitine/acylcarnitine
H1N1 vaccine strain | H3N2 vaccine strain | B vaccine strain
no
Insufficient evidence in retrieved documents.
EGFR | HER2 | ErbB receptor tyrosine kinases
Streptobacillus moniliformis
GATA3 is responsible for the induction of Th2 differentiation and uniquely regulates the transcription of Th2-specific genes. Its expression is reduced in developing Th2 cells, and posttranslational modifications of Gata3 control the regulation of IFNγ expression in memory Th2 cells. GATA3 function is important for Th1/Th2 differentiation.
Disambiguate is a program designed to computationally separate sequencing reads from two species in grafted samples. It operates on DNA or RNA-seq alignments and separates the components with high sensitivity and specificity.
yes
yes
Toll receptor | Toll receptor in Toll signaling pathway
Zinc finger nucleases (ZFNs) | Transcription activator-like effector nucleases (TALENs) | Clustered regularly interspaced short palindromic repeat (CRISPR)/Cas9/single guide RNA (sgRNA)
yes
PRDM9 is a DNA-binding protein that determines the placement of genetic crossovers during meiotic recombination in mammals. It controls the activation of recombination hot spots and directs the positioning of double-strand breaks that initiate meiotic recombination. It also trimethylates H3K4.
Neo4j
Oral | Single-dose oral
Insufficient evidence in retrieved documents.
EphA2 is implicated in acquired resistance to EGFR kinase inhibitors. Increased levels of EPHA2 have been identified as a resistance mediator, and blocking EPHA2 can overcome this resistance in lung cancer. Chemical proteomics has uncovered EPHA2 as a mechanism of this acquired resistance.
Slc22a3 is imprinted and regulated by the Igf2r-ICE, similar to Igf2r. It lies 3' to Igf2r.
14-3-3 dimers regulate the steady-state phosphorylation of both wild-type and the R406W mutant Tau.
yes
The BioPlex network is a comprehensive map of human protein interactions and a large-scale interactome data set. It represents a systematic exploration of the human interactome and the first phase of a long-term effort to profile the entire human ORFEOME collection. It is based on AP-MS of baits from the human ORFeome.
ExpansionHunter | ExpansionHunter Denovo | TRAP
modified form of factor Xa | recombinant modified factor Xa protein
DNA methylation determines nucleosome occupancy in the 5'-CpG islands of tumor suppressor genes. 5-hydroxymethylcytosine (5hmC) connects DNA demethylation to nucleosome remodeling complexes.
trifluridine | tipiracil | tipiracil hydrochloride
Are you asking about 23andMe in relation to genetic testing for disease risk, ancestry, or something else?
yes
Pituitary | Pituitary adenoma
CVD 103-HgR | Orochol, Mutachol
PRDM9 is a DNA-binding protein that recognizes specific DNA motifs. The DNA binding specificity of PRDM9 defines the recombination hotspots.
miR-137 | MicroRNA-101 | miR-16 | miR-128
Insufficient evidence in retrieved documents.
Pleuromutilin class of antibacterials | Newly developed class of antibiotics
Ozanimod is an oral sphingosine 1-phosphate receptor modulator that selectively binds to sphingosine 1-phosphate receptor subtypes 1 and 5. As an agonist, it induces peripheral lymphocyte sequestration, potentially decreasing the number of activated lymphocytes circulating to the gastrointestinal tract.
Are you asking about Syndecans in relation to a specific disease or condition?
Are you asking about chemokinesis in general, or in relation to a specific disease or cell type?
Cell proliferation | Cell differentiation | Cell migration
There is a statistically significant positive association between dental X-ray exposure and brain tumors. Studies have found a significant association between dental X-ray exposure and meningioma. Research also evaluates the risk of both benign and malignant brain tumors in relation to dental X-rays.
yes
Uc.63+ | Uc.158+A | Uc.416+A
yes
double PHD finger domain | DPF | MYST domain
Sanofi
no
no
PTEN pseudogene | endogenous RNA | PTENp
Ulcerative colitis (UC) | Crohn's disease (CD)
Are you asking for a list of ACE inhibitor medications?
Androgen deprivation therapy affects pain perception in men with prostate cancer [1].
Health-related terms used by lay consumers | Open Access and Collaborative Consumer Health Vocabulary | Facilitates consumers' health information retrieval
Autosomal dominant Alzheimer's disease is a rare form of Alzheimer's caused by mutations in the amyloid precursor protein, presenilin 1, or presenilin 2 genes. Biomarkers include amyloid deposition, altered glucose metabolism, and structural atrophy. The Dominantly Inherited Alzheimer Network studies this disease.
Retinopathy | Aplastic anemia | Nail dystrophy | Cerebellar hypoplasia | Exudative retinopathy | Bone marrow failure | Neuroradiographic abnormalities | Integumentary findings
no
no
no
Modified Vaccinia virus Ankara expressing Antigen 85A
no
yes
Reduced Il17 transcription | Decreased activation of the cAMP response element modulator α (CREM-α) | Reduced activation of the AKT/mTOR pathway | Decreased levels of glycolytic intermediates such as glucose-6-phosphate, fructose-6-phosphate, fructose-1,6-diphosphate, pyruvate, and lactate | May inhibit cell growth and division by blocking calcium-regulated signal transduction pathways
Are you asking for a list of genetic disorders caused by mutations in cohesin complex genes?
ferrochelatase | FECH
no
3' flanking region | Met196Arg polymorphism | TNFR2 gene
In what context are you asking about VISMapper?
Are you asking about a specific condition, a gene, or something else related to tau protein?
no
yes
A cytokine storm is an intensified and dysregulated immune response that can be triggered by acute or chronic injury. It is characterized by the recruitment of inflammatory leukocytes and exaggerated levels of cytokines and chemokines, potentially leading to tissue injury.
SNP2TFBS | doRiNA
phosphonormalizer
yes
Coronaviridae
A cytokine storm is an intensified and dysregulated inflammatory or immune response. It can be triggered by an acute or chronic injury, a disease, or a treatment. This response is characterized by the recruitment of inflammatory leukocytes, exaggerated levels of cytokines and chemokines, and can lead to tissue injury.
no
yes
Are you asking about a medication, a medical device, or something else?
yes
no
Nascent chromatin has a shortened repeat length (165 bp) compared to mature chromatin (288 bp) | Nascent chromatin is preferentially sensitive to DNaseI, more soluble in magnesium, and depleted of histone H1 | Dependence on protein synthesis to attain typical subunit structure
yes
yes
yes
The mouse Fxy gene spans the pseudoautosomal boundary. The first three exons of the gene are located on the X chromosome, while the remaining exons are located on both the X and Y chromosomes.
no
Positron emission tomography (PET) quantifies the physiological distributions of radiolabeled tracers in vivo. It also allows the quantitative measurement of regional cerebral flow (rCBF) in humans.
yes
Could you please provide more context? Are you referring to a specific gene, a company, or something else?
no
yes
Apoptotic bodies are generated during apoptotic cell shrinkage and death and are considered hallmarks of apoptosis. They are a type of extracellular vesicle involved in cell-to-cell communication.
no
ISW1 and CHD1 are ATP-dependent chromatin remodelers involved in transcription-related chromatin remodeling and maintaining chromatin configuration in yeast [2, 3, 4]. They compete to set nucleosome spacing, with CHD1 directing short spacing and chromatin unfolding, while ISW1 directs longer spacing and chromatin condensation [5].
yes
Thyroid cancer | Esophageal squamous cell carcinoma | Osteosarcoma | Breast cancer
yes
Idiopathic toe walking is a diagnosis of exclusion characterized by a persistent toe-toe gait pattern after three years of age, or after a child should have achieved a heel-toe gait. There is no orthopedic or neurological reason for this gait.
no
no
Alzheimer's disease | Parkinson's disease | Amyotrophic lateral sclerosis | Frontotemporal dementia | Tauopathies
Daptacel is a diphtheria, tetanus, and acellular pertussis vaccine (DTaP). Pentacel is a combination vaccine containing Daptacel (DTaP), inactivated poliovirus vaccine (IPV), and Haemophilus influenzae type b (Hib) vaccine.
no
no
Are you asking about radioprotective agents for a specific condition, or in general?
Impair phosphorylation of signaling molecules in response to T cell receptor crosslinking | Deregulation of the immune system | Cell viability and migration inhibited, Schwann cells apoptosis promoted
no
PAR1 | PAR2
Herd immunity is a way to drive population control of disease beyond those who are vaccinated. Vaccines provide community (herd) immunity against a range of diseases.
no
Relapsing-remitting multiple sclerosis | Primary progressive multiple sclerosis | Secondary progressive multiple sclerosis
The provided evidence indicates that studies aimed to assess the safety and efficacy of opicinumab in patients with relapsing multiple sclerosis. However, the specific findings of these studies are not included in the provided snippets.
CD19-expressing B cells | CD19
Insufficient evidence in retrieved documents.
Are you interested in Mcl-1 inhibitors in clinical trials, approved for use, or in preclinical development?
Are you asking about how viruses interact with autophagy in general, or are you interested in a specific virus or type of virus?
MPE-seq is a method for the genome-wide characterization of chromatin. It involves the digestion of nuclei with MPE-Fe(II), which preferentially cleaves the linker DNA between nucleosomes, followed by massively parallel sequencing.
RotaTeq | Rotarix
yes
Insufficient evidence in retrieved documents.
Could you please specify what "f-scLVM" refers to in this context?
yes
Longer than 200 nucleotides | More than 200 nucleotides in length | >200 nucleotides
Are you asking about a gene, a protein, a drug, or something else?
Malaria treatment | Disease-modifying antirheumatic drug | Oral therapy for cutaneous and systemic lupus erythematosus (SLE) | Rheumatoid arthritis (RA) | Pre-exposure or post-exposure prophylaxis of SARS-CoV-2 infection | Treatment of patients with mild COVID-19
no
Are you asking about a specific type of telangiectasia, or are you looking for general information?
yes
endothelial cells | lung | kidney | heart | islets of pancreas
chromosome 15
A J pouch can be an ileal or colonic pouch created via anastomosis. It is used in the treatment of ulcerative colitis, familial adenomatous polyposis, and as a reconstruction after rectal carcinoma resection. Ileal J-pouch anal anastomosis (IPAA) is a specific type of J pouch surgery.
Na-K-2Cl cotransporter | 2 chloride co-transporter | Insufficient evidence in retrieved documents.
no
yes
Trilaciclib is an intravenous CDK4/6 inhibitor. It is in development to proactively preserve HSPC and immune system function during chemotherapy (myelopreservation).
transdermal drug-coated microneedle patch system | microneedle patch system | ZP-PTH
Osteoporosis
ClC-Kb | CLCNKB gene | Several genes
Metabolite annotation | Database searching in mass spectrometry-based metabolomics | Searching by mass values measured using mass spectrometry
Insufficient evidence in retrieved documents.
Angiotensin II receptor | OLM | OL
B cells | Immune cells | Women and Klinefelter syndrome males
DeepCpG
June 10, 2016
leuprorelin acetate
Astellas Pharma GmbH | Insufficient evidence in retrieved documents.
Edit-distance
20 | At least 20
MannKind Corporation
DeepSynergy
no
yes
easyGWAS
yes
Are you asking about a vaccine?
microinjection system (Soluvia™)
Exubera | Afrezza
The mouse Fxy gene, which spans the pseudoautosomal boundary, was recently translocated into the pseudoautosomal region, leading to a rapid increase in GC content [1, 4]. Its accelerated evolution might be due to GC-biased gene conversion [3]. The gene might be in a state of transition between pseudoautosomal and X-unique locations [4].
320-kb | 320 kb | Insufficient evidence in retrieved documents.
yes
Niemann-Pick Disease Types A and B (NPD A and B) | Niemann-Pick disease (NPD) types A (NPD A) and B (NPD B) | Niemann-Pick Type A and Type B disease
autosomal-recessive omodysplasia
Dystopia canthorum | Heterochromia iridum | Congenital deafness | Hearing loss | Pigmentary changes of the hair or skin | Sensorineural hearing loss | Pigmentary abnormalities of the eyes, hair, and skin | Broad nasal root and confluent eyebrows | White forelock
no
yes
huntingtin gene | IT15 gene | HTT gene
Pancreatic cancer | Glioblastoma | Multiple types of cancer
no
yes
70 | A large number | Insufficient evidence in retrieved documents.
BCR-ABL1
severe acute respiratory syndrome (SARS) | Middle East Respiratory Syndrome (MERS) | Coronavirus Disease-19 (COVID-19)
Fitz-Hugh–Curtis syndrome is characterized by inflammation of the perihepatic capsules, often associated with pelvic inflammatory disease. A characteristic feature is the presence of violin string-like adhesions between the liver surface and the parietal peritoneum. It involves liver capsular infection without infecting the hepatic parenchyma or pelvis.
Viagra®
Up to 30 structural and non-structural protein products | 14 functional open reading frames | Insufficient evidence in retrieved documents.
yes
yes
Gait disturbance | Cognitive dysfunction | Urinary incontinence | Cognitive impairment | Urinary impairment | Urinary urgency
yes
yes
Hiatus hernia | Gallstones | Diverticulosis coli | Diverticulosis of the colon | Gallbladder disease | Atypic cholelithiasis | Colonic diverticulosis
Erdafitinib is a tyrosine kinase inhibitor of FGFR1-4 [3] and an oral selective pan-fibroblast growth factor receptor (FGFR) kinase inhibitor [4, 5]. It has shown antitumor activity in preclinical models and in a phase 1 study involving patients with FGFR alterations [3].
Female | Women | Insufficient evidence in retrieved documents.
Progressive ossification | Heterotopic bone formation in soft tissues | Metaphyseal bony outgrowths
no
no
The LINCS project aims to create a network-based understanding of biology by cataloging changes in gene expression and signal transduction that occur when cells are exposed to perturbations. It seeks to generate a reference library of cell-based perturbation-response signatures and improve our understanding of human diseases at the systems level, with the goal of creating a systems biology knowledge resource.
yes
Fuchs' Uveitis (FU) or Fuchs uveitis syndrome (FUS) is a chronic, low-grade inflammatory disorder. It involves the anterior uvea and vitreous, or the anterior segment, and can be unilateral. It is associated with a gradual onset of decreased visual acuity.
no
yes
Risk of death associated with antipsychotic use in elderly patients with dementia
Aip1 | Ede1 | Inn1
Lateral displacement of the inner canthi | Lateral displacement of the inner canthi of the eyes
yes
Heterochromia iridis is asymmetry of iris pigmentation. It has been described in association with congenital Horner syndrome and Waardenburg's Syndrome.
Nucleosome arrays inhibit the elongation of transcripts. Transcriptional elongation machinery is involved in generating nucleosome positioning patterns.
~ 55
yes
yes
NIH Common Fund program | NIH-funded program | National consortium funded by the NIH
yes
yes
yes
non-lysosomal glucosylceramidase (NLGase) | b-glucosidase 2
yes
Cell phone use may be associated with an increased risk of certain brain tumors, particularly among heavy users, although findings are inconsistent across studies. Radiation is a known risk factor for thyroid cancer, but the provided evidence does not explicitly link cell phone radiation to thyroid cancer.
no
yes
Exposure of skin to ultraviolet radiation (UVR) results in the production of reactive oxygen species (ROS). Excessive ROS production can lead to oxidative stress and damage to cellular components, contributing to photoaging and potentially skin cancer. UVR from sun exposure and the production of ROS is known to be a pivotal factor in the aetiology of skin cancer.
Insufficient evidence in retrieved documents.
In what context did you encounter "PWMScan"?
yes
DamID (DNA adenine methyltransferase identification) is a methylation-based tagging technique or enzymatic technology. It is used to detect DNA regions targeted by chromatin-associated proteins and to study DNA-protein interactions or chromatin profiling.
The Spt6 gene functions in a transcriptional process essential for viability in yeast. It is required for normal transcription and chromatin structure and plays a role in rRNA synthesis. Spt6 also interacts with RNA polymerase II and histones to regulate gene expression.
Parkinson's disease psychosis (PDP) | Hallucinations and delusions associated with Parkinson's disease psychosis
Cyrano (long ncRNA) | miR-7 (microRNA) | Cdr1as (circular RNA) | miR-671 (microRNA)
no
Amifostine | Palifermin
yes
yes
Are you asking about a medication, a research project, or something else related to ProSavin?
no
Are you asking about the Q-SYMBIO study, or something else?
NIPBL is a cohesin-loading factor that plays an important role in maintaining 3D genome organization and function. It loads cohesin onto chromatin and recruits histone deacetylases to mediate local chromatin modifications. NIPBL interacts with factors such as cohesion and CTCF.
yes
Insufficient evidence in retrieved documents.
Are you asking about a medication, a research study, or something else related to Xanamem?
Nrf2 activation may lead to resistance to radiotherapy. Blocking Nrf2 activation may enhance chemoradiation sensitivity of glioblastoma cells, and NRF2 appeared to play a role in anticancer drug resistance.
yes
BRAF | BRAFV600E
Capture Hi-C (cHi-C) is based on the Hi-C protocol, but incorporates a sequence capture step. This allows for high-resolution analysis of targeted regions of the genome or enrichment of standard Hi-C libraries for regions of biological interest. cHi-C enables the characterization of physical interactions on a genome-wide scale.
Scc2/Nipbl stimulates cohesin's ATPase and is essential for loading cohesin onto chromosomes. It also plays a role in maintaining 3D genome organization and may have a post-loading function, potentially driving loop extrusion. Scc2/Nipbl interacts with factors like cohesion and CTCF.
chromosome 19 | short arm of chromosome 19
yes
Leukaemia | Lung cancer | Breast cancer | Stomach cancer | Thyroid cancer | Osteosarcomas | Meningiomas | Gliomas | Sarcomas | Gastrointestinal cancers
SBF | MBF
Are you asking about the genetic condition, or something else?
Phospholipids | phospholipid | Insufficient evidence in retrieved documents.
The Hof1-Cyk3 interaction is essential for normal primary-septum formation and a normal rate of cleavage-furrow ingression during yeast cytokinesis. This interaction becomes critical for growth when Inn1 or Myo1 is absent and appears to be particularly important for Cyk3 function, and possibly Hof1 function as well.
Severe dermatitis | Multiple allergies | Metabolic wasting
The Smith-Waterman algorithm is an important technique used for local sequence alignment and high precision sequence matching. It is a sensitive approach that finds the local alignment with the maximal score. It is considered a gold standard to evaluate sequence alignment software.
yes
The Java Adverse Drug Event (JADE) tool is designed to analyze prescribed drugs in connection with diagnoses from hospital stays and explore adverse drug events using health claims data. It supports physicians during clinical trial planning by showing the occurrences of adverse drug events with population-based information. JADE was implemented using Java, R, and a PostgreSQL database.
Insufficient evidence in retrieved documents.
PAI-1's role in human longevity is complex and not fully understood. While some evidence suggests a causal effect of PAI-1 on longevity and a genetic predisposition to higher levels in centenarians, other data indicates the PAI-1 4G/4G genotype may have sex-specific effects on mortality. The role of PAI-1 in human longevity remains unclear.
yes
Acute skin reactions | Radiation necrosis | Microangiopathy | Progressive leukencephalopathy | Radiation-induced fibrosis (RIF) | Increased rates of thyroid, breast, and lung cancers and multiple myeloma | Increased morbidity and mortality of cleanup workers from cardio- and cerebrovascular pathology | Poor performance status of the patients
no
Helicobacter pylori
no
Detection of inheritance pattern in males with CGD | Evaluate intracellular reactive oxygen species | Screening tests for CGD
Janus kinase 1 (JAK1)-selective inhibitor | selective Janus kinase 1 inhibitor | oral, selective Janus kinase 1 (JAK1) inhibitor
Dominant | Autosomal dominant
RiboTag profiling is a ribosomal capture strategy that allows for the measurement of translating RNAs from specific cell types, even within complex tissues. It involves immunoprecipitation to recover high integrity RNA, which can then be analyzed using methods like RT-qPCR, PCR array, and RNA-Seq.
yes
Are you asking about a medication, a research study, or something else related to foliglurax?
Mutations in NIPBL | Mutations in cohesin regulator NIPBL or cohesin structural components SMC1A and SMC3 | Mutations in cohesion pathways
yes
yes
Induces constitutive hyperphosphorylation | Modulation of the DDR pathway | Altered the chronology and persistence of JNK activation
proton beams | hadron beams | Insufficient evidence in retrieved documents.
yes
yes
yes
Protein Phosphatase 2A (PP2A)
Asthenia/tiredness | Loss of appetite | Hand-foot skin syndrome | Diarrhea | Mucositis | Weight loss | Infections | Hypertension | Rash
Abdominal or back pain | Shock | Pulsatile abdominal mass
Adrenal insufficiency | Achalasia | Alacrima | Autonomic disturbances | Neurological impairment | Addisonianism
Water radiolysis involves the chemical decomposition of the water molecule into free radicals after exposure to ionizing radiation [1]. These free radicals have deleterious effects on normal cell physiology [1]. Water radiolysis reactions can simulate processes that generate DNA-damaging species against cancerous cells [2].
Amantadine extended release reaches higher plasma concentrations than amantadine immediate release. Specifically, amantadine extended release results in approximately 1.4- to 2-fold higher plasma concentrations compared to amantadine immediate release.
no
Length of stay | Acuity of admission | Comorbidity | Emergency visits in the previous 6 months
liquid antacid | viscous lidocaine | anticholinergic | Benzocaine
yes
no
yes
Elagolix is a nonpeptide, orally active gonadotropin-releasing hormone (GnRH) antagonist. It competitively binds to GnRH receptors.
Volanesorsen is an antisense oligonucleotide that inhibits the production of Apo C-III, a key regulator of triglyceride metabolism. By inhibiting Apo-CIII mRNA translation, volanesorsen lowers plasma levels of Apo-CIII and triglycerides. It was approved in the European Union for reducing triglyceride levels in patients with Familial Chylomicronemia Syndrome.
Treating head and neck paragangliomas | Therapeutic option for malignant melanomas affecting the choroid and ciliary body | Stereotactic radiotherapy
yes
OncoPPi Portal
yes
pre-mRNA splicing | splicing factor storage
HMGB2 loss induces CTCF clustering. Knocking down HMGB2 is sufficient for senescence-induced CTCF clustering, while ectopically expressing HMGB2 rescues this effect.
yes
*   MAGeCK (Model-based Analysis of Genome-wide CRISPR/Cas9 Knockout)
*   BAGEL (Bayesian Analysis of Gene EssentiaLity)
Hemopoietic stem cells (HSCs) are possible target cells in radiation-induced leukemias. An extended model for leukemia includes HSC initiation, inactivation, proliferation, and long-range migration.
Parkinson's disease
no
protein | whey proteins | soy proteins | peroxiredoxin 2 (Prx2) | L. rhamnosus IMC 501(®) | L. paracasei IMC 502(®)
no
Scalp cirsoid aneurysms are rare arteriovenous fistulas or malformations affecting the scalp. They can be congenital, traumatic, or postinfectious in nature.
lamin B1 (LMNB1) gene | LMNB1 | lamin-B1 (LMNB1) gene
Predictive assay for adverse late reactions after radiotherapy | To evaluate whether radiation toxicity correlates with RILA | Insufficient evidence in retrieved documents.
puQTLs (promoter-usage Quantitative Trait Loci) are regulatory variants associated with promoter usage. Researchers have mapped these variants to understand mechanisms underlying human traits and diseases.
Absence of H3K27ac | Enrichment of H3K27me3 | Active vs. poised enhancers
Are you asking about a specific clinical trial, a research study, or something else related to PRL3-zumab?
VEGF-1, -2, and -3 receptors | vascular endothelial growth factor (VEGF) receptors-1, -2, and -3
yes
Are you asking about the experimental technique Perturb-seq, or something else?
The REPAIRtoire database contains information on DNA damage linked to environmental agents, pathways involved in damage removal, proteins participating in DNA repair, and diseases correlated with mutations in genes encoding DNA repair proteins. It also provides links to publications and external databases.
yes
no
As low as 1 in 10(9) hematologic cells | a rare cell species | Insufficient evidence in retrieved documents.
Gamma sterilization is a preferred or gold standard sterilization method used to minimize the risk of infection transmission through bone allografts and is commonly employed for a wide range of products. It is also a preferred sterilization method for some devices.
yes
UV-damaged DNA | UV-induced deoxyribonucleic acid (DNA) lesions | CPD and a (6-4) photoproduct ((6-4)pp)
The current regulation for eye lens radiation exposure, according to the European directive 2013/59/Euratom, is an annual permissible dose of 20 mSv. This regulation was to be implemented in EU member states by February 2018. X-ray safety glasses may be mandatory for certain procedures due to the risk of exceeding this limit.
no
Combinatorial genome segmentation using information on combinations of epigenetic marks | SEGCOND: a computational framework combining genomic datasets related to enhancer activity and chromatin accessibility
IGF-1R | insulin-like growth factor-I receptor
NER-defective | ERCC4 mutations | Mutations in XPA
Are you asking about the classic signs and symptoms associated with Alkaptonuria?
yes
uc.63 | uc.38
One | miR-181b-1 | Insufficient evidence in retrieved documents.
T-UCRs | Uc.160+
Systemic lupus erythematosus (SLE) | Diseases that exhibit chronic dysfunctional type I IFN signalling
Gly380Arg | G380R | G1138A
cyclobutane pyrimidine dimers (CPDs) | pyrimidine-pyrimidone photoproducts (6-4 PPs) | (6-4) photoproduct ((6-4)pp)
yes
Cytoplasm
SweeD | SweepFinder | SweepFinder2 | OmegaPlus | RAiSD
Skin | Brain | Kidney | Heart | Hematologic system | Mucocutaneous system | Musculoskeletal system | Neuropsychiatric system
Amyand's hernia is an inguinal hernia where the vermiform appendix is found within the hernia sac. It involves the protrusion of abdominal cavity content through the inguinal canal, including the appendix.
Insufficient evidence in retrieved documents.
no
Imatinib-resistant and -intolerant CML | Ph+ ALL | Sclerotic chronic graft-versus-host disease
yes
CNEFinder
Adenosine A2A receptor antagonist
Non-invasive | Easily repeated | Potential to improve patient care | Allows monitoring of tumor recurrence, metastasis, or treatment responses in real time.
The 4D-CHAINS algorithm analyzes two 4D spectra recorded using a single, fully protonated protein sample. It uses an iterative ansatz where common NOEs between different spin systems supplement conventional through-bond connectivities to establish assignments of sidechain and backbone resonances with high completeness and minimal error. It is used for NOE-driven structure determination of proteins.
Acromelic frontonasal dysostosis | Severe intellectual disability without frontonasal or limb malformations
Are you referring to a specific company, research project, or something else related to "ChromoTrace"?
The aim of iodine prophylaxis, specifically using potassium iodide (KI), is to block radioiodine uptake by the thyroid. This can prevent the development of thyroid cancer and reduce the risk of adverse health outcomes following accidental radioactive iodine release.
AMPK/Sirt1 pathway | hepatic lipogenesis | fatty acid oxidation
hydrochlorothiazide | aspirin | atorvastatin | enalapril | valsartan | acetylsalicylic acid
yes
TBC1D24 | Unknown cause
To enable the creation of the large radiotherapy cohorts required to exploit advances in genomics | Establishment of the Radiogenomics Consortium to advance radiobiology in the genomic era | Insufficient evidence in retrieved documents.
Workers in the nuclear industry and other non-medical sectors should wear whole body dosimeters. Nuclear medicine technologists rely on a single dosimeter. Employers engaged with work with ionising radiation must have appropriate monitoring arrangements in place for all workers, including specific dosemeters worn near the eye for eye lens dose monitoring. Medical radiation workers also require dosimetry.
modified mRNA encoding vascular endothelial growth factor A (VEGF-A) | mRNA designed to produce vascular endothelial growth factor A (VEGF-A) | mRNA
Solid tumors | Malignant meningioma | Chordoma
Vestibular schwannoma
Circulating free DNA (cfDNA) is a material present in the blood, notably in cancer patients [2, 3]. It can also be found as cell-free fetal DNA (cffDNA) in maternal circulation [4, 5]. Analysis of cfDNA can be a promising tool for managing colorectal cancer patients [1].
In vivo, AZD8601 induces vasodilation, blood flow upregulation, and neovessel formation. It also improves vascularization and tissue oxygenation of the wound bed, leading to accelerated re-epithelialization during the early phase of diabetic wound healing, ultimately accelerating cutaneous wound healing in a murine diabetic model.
N-methyl-D-aspartate (NMDA) receptor | N-methyl-D-aspartic acid
SLEDAI scores | SLE disease activity index | weighted index of 9 organ systems for disease activity in SLE | SLE Disease Activity Index (SLEDAI) score
Aspirin | Ramipril | Simvastatin | Atenolol | Hydrochlorothiazide
Luspatercept is an activin-receptor trap that modifies transforming growth factor-β signaling. By blocking transforming growth factor beta (TGF β) superfamily inhibitors of erythropoiesis, Luspatercept increases the efficiency of erythropoiesis.
SLIC-CAGE | Super-low Input Carrier-CAGE | Cap Trap RNA-seq
LB100 sensitizes ovarian carcinoma cells to cisplatin-mediated cell death by abrogating cisplatin-induced cell-cycle arrest. This sensitization involves decreased Wee1 expression, increased cdc2 activation, increased mitotic entry, hyperphosphorylation of DDR proteins (BRCA1, Chk2, and γH2AX), altered JNK activation, and modulated expression of 14-3-3 binding sites.
no
Tumor-targeted radionuclides | Neuroblastoma treatment | Directed at distinct molecular targets
nontranslating mRNAs | non-essential RNAs | mRNAs
Variable detection antibodies | Differing IHC cutoffs | Tissue preparation | Processing variability | Primary versus metastatic biopsies | Oncogenic versus induced PD-L1 expression | Staining of tumor versus immune cells | Clinical significance is still debatable | Has shown some value for predicting response to immune checkpoint inhibitors in some studies, but not in others | PD-L1 overexpression could not be currently considered a robust biomarker to tailor the immune checkpoint inhibitors treatment | It is not clear whether expression of the ligand PD-L1 is a biomarker for response.
yes
SAHFs are created through the spatial rearrangement of pre-existing heterochromatin. This involves the nuclear rearrangement of repressive histone marks like H3K9me3 and H3K27me3 into nonoverlapping structural layers within senescent cells.
Src family kinase inhibitor specific for Fyn and Src kinase | Investigational drug AZD0530
formation and maintenance of heterochromatin | heterochromatin-mediated gene silencing | gene silencing
yes
Are you asking about Nextflow in the context of a specific disease, diagnostic test, or research project?
Cytoscape (version 3)
In what context are you asking about SpatialDE?
The Match BAM to VCF (MBV) method is used to quickly solve sample mislabeling and detect cross-sample contamination and PCR amplification bias.
Are you asking about the MAGNIMS criteria for diagnosing multiple sclerosis?
yes
Oramed Pharmaceuticals
Insufficient evidence in retrieved documents.
Are you asking about Twiddler's syndrome related to cardiac devices, or something else?
Balancer chromosomes in Drosophila melanogaster are genetic reagents used for stock maintenance and mutagenesis screens. They are multiply inverted chromosomes that suppress exchange with their homologs and are an essential part of the genetic toolkit. They are created and used with specific techniques.
Reduces the risk of developing thyroid cancer | Radioiodine uptake blocked by potassium iodide | ITB
no
yes
Systemic lupus erythematosus (SLE)
Rogaratinib is a small-molecule pan-fibroblast growth factor receptor (FGFR) inhibitor. It potently and selectively inhibits the activity of FGFRs 1, 2, 3, and 4.
H3K27me3 | trimethylates histone H3 at lysine 27
no
Meningitis | Sepsis
no
Are you asking about the oral typhoid vaccine?
Breast cancer | Melanoma | Epithelial Ovarian Cancer
Osanetant and talnetant are both NK3 antagonists. They have both demonstrated significant improvement in positive symptoms in phase II clinical trials in schizophrenia.
Are you interested in diseases directly caused by SLC25A46 mutations, or conditions where SLC25A46 may play a contributing role?
Calcitonin gene-related peptide (CGRP) | CGRP
Carotid and vertebral artery dissection | Carotid artery dissection | Vertebral artery dissection
Insufficient evidence in retrieved documents.
yes
The Sunnybrook Facial Grading System (FGS) is used to measure and detect changes in facial function. It is also used to measure facial symmetry and evaluate functional results.
The PDZ domain of SATB1 mediates dimerization and contributes to its function as a transcription regulator. It plays a role in global gene regulation, presumably through interaction with other cellular proteins. The PDZ-like dimerization domain bridges the homeodomains.
Endocytosis | Exocytosis | Secretion
no
MobiDB | DisProt
IgM | IgG | IgA | IgD | IgE
yes
BLISS (Breaks Labeling In Situ and Sequencing) is a technique for genome-wide profiling of DNA double-strand breaks (DSBs). It involves direct labeling of DSBs in fixed cells or tissue sections, linear amplification of tagged DSBs by in vitro transcription, quantification of DSBs through unique molecular identifiers, and scalability and multiplexing.
Fezolinetant | ESN364
no
no
no
yes
Intellectual disability | Macrocephaly/hemi/megalencephaly | Seizures | Dysmorphic facial features | Developmental delay
Are you asking about ORMD-0801 as a potential treatment for type 1 diabetes?
no
yes
Are you asking about a specific type of synucleinopathy, or would you like a general overview?
S1PR (sphingosine-1-phosphate receptor) | Sphingosine 1 phosphate (S1P) receptor | S1P1 receptors
A zoonotic disease is one that can be passed from animals to humans [1]. Zoonotic viruses may adapt to a human host eventually becoming endemic in humans, but before doing so punctuated outbreaks of the zoonotic virus may be observed [1]. Rodents and bats are important sources of zoonotic virus infections [3].
PF-05190457
BRD4 recognizes and binds acetylated lysine and represses autophagy and lysosomal function. It also mediates E2-dependent transcriptional activation. High expression of BRD4 is involved in cardiac hypertrophy.
Insufficient evidence in retrieved documents.
Minoxidil is approved as a topical drug for the treatment of both female and male pattern hair loss. In the US, it is approved over-the-counter at a maximum concentration of 5%.
yes
Src family kinase | Fyn and Src kinase
yes
Insufficient evidence in retrieved documents.
Erenumab is used for migraine prevention and treatment. It is also approved for the prophylactic treatment of migraine. Erenumab is a human anti-calcitonin gene-related peptide monoclonal antibody.
Attachment and fusion during viral entry | Induction of cell to cell fusion | Viral peplomer-mediated attachment of virus to cells
yes
The Open Targets platform integrates different data sources to facilitate the identification of potential therapeutic drug targets for human diseases. It also consolidates a wide range of comprehensive evidence associating known and potential drug targets with human diseases.
yes
yes
Are you asking about a drug, a gene, or something else?
no
no
no
SNV | MNV | InDels | complex variants | structural variants
yes
Are you asking about the initial licensing date, or a more recent licensing update?
yes
WAPL interacts with PDS5, and they function together in processes like controlling loop length and releasing cohesin from chromosomes. They also differentially control cohesin chromosome association and function. PDS5 is a binding partner of WAPL.
no
Protein kinases are known for their ability to phosphorylate protein substrates, which is an essential biological process [1]. Ubiquitin can activate protein kinases [3]. Pim1 serine/threonine kinase is associated with multiple cellular functions [5].
Vaxchora
Atezolizumab | Durvalumab | Avelumab
yes
Regulates binding of the cohesin complex to chromosomes | Promotes cohesin's timely release from chromosome arms | Cohesin-binding protein
thrombopoietin (TPO)-receptor | TPO-receptor | THPO-mimetic
Cetuximab | Panitumumab | Gefitinib | Erlotinib
Insufficient evidence in retrieved documents.
The TSA-Seq method can estimate mean chromosomal distances from nuclear speckles genome-wide and predict several Mbp chromosome trajectories between nuclear compartments. It also allows for genome-wide mapping of nuclear structure.
Markov Clustering (MCL) | MPI and OpenMP
Insufficient evidence in retrieved documents.
poly(ADP-ribose) polymerase | PARP
Gardasil is a vaccine used for the prevention of HPV (human papillomavirus) types 6, 11, 16, and 18.
CD4+CD8- and CD4-CD8+ T cells | CD8+4-TCR- cells | CD8+4+ TCR+ T cells
eRNA-producing centers (EPCs) are DNase hypersensitive sites with evidence of bidirectional transcription. They are found very close to transcription start sites of lncRNAs and exhibit attributes of both enhancers and promoters.
Brain Radiation Information Data Exchange (BRIDE) is a data integration platform that integrates experimental data from low-dose ionizing radiation research to facilitate pathway discovery. It contains information from literature, transcriptomics, and proteomics studies, using a hybrid storage solution. BRIDE acts as a knowledge broker for researchers studying the systems biology of low-dose ionizing radiation response in mammals.
1983
Are you asking about Herceptin the medication, or something else?
yes
Camels | Dromedary camels
FLT3 | AXL | Anaplastic lymphoma kinase (ALK)
yes
Loss-of-function nuclear factor κB subunit 1 (NFKB1) variants | Monoallelic loss-of-function mutations in NFKB1 | Heterozygous loss-of-function variants in NFKB1
Measles | Mumps | Respiratory syncytial virus (RSV)
Multisystem disease with abnormal neurodevelopment | Distinct multisystem disorder | Insufficient evidence in retrieved documents.
PD-1 | Programmed cell death protein 1
Estrogen receptor (ER) | Progesterone receptor (PR) | Human epidermal growth factor receptor 2 (HER2)
Rat | Rats
IFIT1 is a candidate gene for SLE and may be involved in its pathogenesis. It may function by activating Rho proteins through interaction with Rho/Rac guanine nucleotide exchange factor. IFIT1 and the interferon-related pathway may provide potential targets for novel interventions in the treatment of SLE.
yes
Here's a list of genes with variants that cause nonsyndromic retinal degeneration, based on the provided evidence:

*   DYNC2H1
*   IFT81
*   USH2A
Omecamtiv Mecarbil directly activates cardiac myosin. It is a selective, small-molecule activator that increases cardiac contractility. The mechanism of action also provides insights into how force is generated by molecular motors.
α-defensins | β-defensins
HA stands for hemagglutinin and NA stands for neuraminidase. These are major glycoproteins expressed on the surface of the influenza virus. HA is a receptor-binding and fusion protein, while NA is a receptor-cleaving protein.
no
G1P[8] | G2P[4] | G3P[8] | G4P[8] | G9P[8]
THOC1 | THOC2 | THOC5 | THOC6 | THOC7
The Liverpool Elbow Score (LES) is used to assess the outcomes of total elbow replacement in various conditions. It can be used as a postal questionnaire for outcome assessment after total elbow arthroplasty.
no
yes
The Zelda transcription factor in *Drosophila melanogaster* plays an important role in the maternal-to-zygotic transition and is instrumental in driving the activation of the zygotic genome. It is a DNA-binding factor responsible for the maternal-to-zygotic transition.
targeted synthetic DMARDs | targeted synthetic DMARD | Insufficient evidence in retrieved documents.
Severe developmental delay | Intellectual disability | Epilepsy | Proteinuria | Focal segmental glomerulosclerosis | Mild intellectual disability | Progressive renal phenotype
Are you asking about the use of LY-CoV555 in a specific clinical trial, or are you interested in its mechanism of action?
Galectin-3 | Decreased B-cell activating factor levels
no
yes
Rheumatoid arthritis | Systemic juvenile idiopathic arthritis (sJIA) | Polyarticular juvenile idiopathic arthritis (pJIA)
The 100,000 Genomes Project in the UK included sarcoma research, ranking it third in patient samples sent for sequencing. Whole genome sequencing (WGS) was used to refine diagnoses and identify novel alterations. Genomes from 350 out of 597 patients were analyzed, and diagnoses were modified for 3% of patients following review of the WGS findings.
The goal of the RadRAT calculator is to estimate the lifetime risk of radiation-related cancer with uncertainty intervals following a user-specified exposure history. It is an online radiation risk assessment tool.
Ebola virus (EBOV) | Marburg virus (MARV) | HIV
pembrolizumab | nivolumab | Ipilimumab
Notch receptor | hairy/Enhancer of split (HES) genes
no
KIF1A-related disorders in children can manifest with a range of neurological issues. These include movement disorders with spasticity and/or dystonia, dysautonomia, sensory axonal neuropathy, optic atrophy, learning and behavioral difficulties, and changes in white matter on MRI. Some children may experience more severe symptoms such as congenital contractures, respiratory insufficiency, and a complete lack of neurodevelopmental progress, while epilepsy is common in severely affected children.
Pitolisant is an antagonist/inverse agonist of the histamine H3 receptor. It acts on the presynaptic histamine 3 receptor utilizing histamine to improve wakefulness. It is a first-in-class drug that acts on histamine 3 receptors.
Endoplasmic reticulum (ER) stress is an imbalance between protein folding load and capacity, leading to the accumulation of unfolded, misfolded, or abnormal proteins in the endoplasmic reticulum lumen. This accumulation is the cause of ER stress.
An operon is a group or set of neighboring genes that are transcribed as a single polycistronic message or mRNA. These genes are linked together linearly, and their transcription is regulated by trans-acting factors. Operons are a feature of prokaryotic and nematode genomes.
no
NY-ESO-1 targeted vaccine regimen | NY-ESO-1 protein vaccine | Glycopyranosyl lipid A
Biallelic mutations | Mutations | G-Protein coupled receptor kinase 1 (GRK1) mutations
no
yes
Rheumatoid arthritis (RA) | Systemic autoimmune diseases
Emergency granulopoiesis is a hematopoietic program that enhances neutrophil production, driven by stem cells, in response to infection or inflammatory challenge. It serves to supply neutrophils, counteract immune cell exhaustion, and replace exhausted leukocytes. It is also a component of the innate immune response.
G1P[8]
FHF2/FGF13 | GRIA3
yes
IgA | IgE | IgG | IgM | IgG1 | IgG2 | IgG3 | IgG4 | IgD
Central retinal artery occlusion (CRAO) is an ophthalmological or ophthalmic emergency. It is characterized by acute painless visual loss in the ipsilateral eye and is the ocular analogue of cerebral stroke. It can also cause sudden, frequently irreversible, monocular vision loss.
yes
conventional-synthetic disease-modifying anti-rheumatic drugs | conventional synthetic DMARDs | conventional synthetic DMARDs (csDMARDs)
*   Defective endochondral bone formation
*   Impaired Ihh-mediated chondrocyte differentiation and proliferation
*   Impaired osteoblast differentiation of -/- bone-marrow mesenchymal stromal-cell cultures
no
Histone deacetylases (HDACs) | Protein lysine methyltransferases (PKMTs) | Histone methyltransferases (HMTases) | Histone acetyltransferases (HATs)
16,569 | ~16.5 kilobase pairs
yes
no
Primary microcephaly | A novel laminopathy
The risk of secondary cancer after proton beam therapy is low but not negligible, and should be taken into account when planning treatment [1]. Proton beam therapy may reduce the risk of secondary cancer compared to photons [2, 3, 4], but activation and neutron production should be considered due to the associated secondary cancer risk [5].
valine | leucine | isoleucine | phenylalanine | methionine | lysine | tryptophan | cysteine
Impetigo | Skin infections | Secondarily infected traumatic lesions
H3K27ac | H3K27me3
disease-modifying antirheumatic drugs
yes
CSF1R | Tyrosine kinase | Colony-stimulating factor-1
The sexually dimorphic microbiome | Interaction between microbiota, sex hormones and the immune system | Potential role of sex hormone modulation of the gut microbiota
Jaundice, or yellowing of the skin and eyes, in patients with liver failure is caused by hyperbilirubinemia, which is a rise in the concentration of bilirubin. This accumulation of bilirubin occurs due to liver malfunction or a deficiency in the enzyme required to convert bilirubin into a soluble form.
yes
yes
Joubert syndrome
yes
Viral polymerase | Proofreading exoribonuclease
Pleuromutilin can be isolated from *Pleurotus mutilus*. It is a natural tricyclic compound.
Transition from naive to primed pluripotency | Pluripotency | Function during the transition from naive to primed pluripotency
no
De novo SOX6 variants cause a neurodevelopmental syndrome associated with ADHD, craniosynostosis, and osteochondromas. This syndrome is a SOXopathy resulting from SOX6 haploinsufficiency.
yes
yes
A | B | H | Lewis A | Lewis B | Lewis X | Lewis Y
Insufficient evidence in retrieved documents.
Preliminary clinical results indicate that tocilizumab can improve the outcomes of patients with severe or critical COVID-19 while maintaining a good safety profile.
c.G2873A (p.R958H) | Novel and rare missense variants in ABCC8 | ABCC8 mutations
Tremor | Essential Tremor | Cerebellar signs
VAMP2 | Syntaxin | SNAP25
Are you asking about septicemia in general, or in relation to a specific patient or condition?
TAL1 | T-cell acute lymphocytic leukemia protein 1
Vaxigrip | Begrivac | Influsplit/Fluarix | Influvac | Agrippal | Fluvirin
Are you asking about the canSAR database related to cancer research?
Insufficient evidence in retrieved documents. The snippets identify magrolimab as an anti-CD47 antibody, but do not describe its mechanism of action.
Deletions | Point mutations | Duplications | Substitutions | Intronic splice site mutations | Indels
ErbB family of receptor tyrosine kinases | HER family of proteins | epidermal growth factor family of transmembrane receptors
Etanercept (ETN) is a fusion protein composed of the Fc portion of IgG1 and the extracellular domain of the TNF receptor (p75) or the tumor necrosis factor receptor (TNFR) extracellular domain. It also possesses three N- and 13 O-glycosylation sites.
Biological disease-modifying anti-rheumatic drugs
yes
no
H1 | H2A | H2B | H3 | H4
no
783
no
no
Obstructive sleep apnea syndrome in depressive disorder | Sleep-disordered breathing
47, XXY karyotype | 47,XXY chromosomal pattern | 47,XXY chromosomal abnormality
Essential for lncRNA function | RNA domains | Repeat Insertion Domains of LncRNAs
multiple sclerosis
Drug | Prodrug
Hemochromatosis | primary hypertriglyceridemia
Insufficient evidence in retrieved documents.
X chromosome | human chromosome Xp22.3
Active cis-acting regulatory elements | Regulatory regions in the genome | DNA elements that regulate transcription
yes
Differential analysis of count data | Differential gene expression analysis
A protein degron is an amino acid sequence that encodes a protein degradation signal, targeting proteins for degradation and controlling protein abundance. E3 ubiquitin ligases use degrons to target proteins. They can also be inducible degradation signals used to control protein levels.
MCScanX algorithm | Cinteny | SynBlast pipeline | Domain team: synteny of domains
yes
B-cells can transdifferentiate into macrophages through overexpression or ectopic expression of the transcription factors C/EBPα or C/EBPβ. Endogenous activation of C/EBPα and β can enhance this conversion.
ChromHMM annotates the noncoding genome using epigenomic information across one or multiple cell types. It learns chromatin-state signatures using a multivariate hidden Markov model to generate genome-wide annotations and provides automated enrichment analysis to facilitate functional interpretations of each chromatin state.
Assigning sequence reads to genomic features | Read summarization | Counting reads generated from RNA or genomic DNA sequencing experiments
OTX2 and NANOG exhibit mutual antagonism that specifies cell fate during neural patterning. This antagonism is critical for regulating early neural development, with the balance between them determining rostral or caudal cell fate.
no
yes
no
IL-1α | IL-1β
DeepCC
Antidepressants
median nerve | the median nerve
Anakinra | anti-interleukin-1 receptor antagonist
double-stranded DNA | linear dsDNA | linear double-stranded DNA
yes
The FDA reported an increased risk of cancer with lorcaserin. While current evidence does not confirm this increased risk, it suggests a trend, particularly for lung and pancreas cancers. A meta-analysis showed a slightly higher relative risk of cancer in the lorcaserin group (RR: 1.08; 95% CI: 0.96-1.23).
no
Non-metastatic castration-resistant prostate cancer (nmCRPC) | Castration-resistant prostate cancer
RET-mutated cancers | Lung cancers with activating RET gene fusions and mutations | Thyroid cancers with activating RET gene fusions and mutations | Rearranged during transfection (RET) proto-oncogene mutation-positive cancer | RET fusion-positive non-small-cell lung cancer
Apo-CIII mRNA | Apo C-III | apoC-III transcription/translation
chronic plaque psoriasis
Givosiran is a small interfering ribonucleic acid agent that inhibits hepatic ALAS1 synthesis. It acts as a conventional siRNA to trigger RNA interference (RNAi)-mediated gene silencing on delta-ALA synthase 1 (ALAS1), returning ALA and PBG metabolites to physiological levels.
yes
Corkscrew esophagus, also known as rosary bead esophagus, is a radiological diagnosis and a classic finding of diffuse esophageal spasm (DES) in barium studies. It is characterized by twisted segments in the distal third of the esophagus.
methotrexate | sulfasalazine | leflunomide | hydroxychloroquine
yes
yes
Lundbeck Seattle BioPharmaceuticals, Inc.
Adenopathy | Extensive skin patch overlying a plasmacytoma | Rare paraneoplastic condition due to an underlying plasma cell dyscrasia
Vinorelbine (V) | Cisplatin (P) | 5-fluorouracil (5-Fu)
dactinomycin | vincristine
no
metPropagate | network-based approach | label propagation
irinotecan | oxaliplatin
FGFR1 | FGFR2 | FGFR3
yes
Here's a list of tools for identifying and visualizing ncRNA promoters based on the provided evidence:

*   ncPro-ML
*   Eukaryotic Promoter Database (EPD)
Intradermal injection | Intradermal delivery | Sequential dosing
Are you asking about SAR425899 as a medication, or something else?
Neurodevelopmental disorders | Intellectual disability (ID) | Autism spectrum disorder (ASD)
yes
Cell membrane | Extracellular matrices | Cell cytoskeleton
Ribosomally produced antimicrobial peptides of bacteria | Natural food preservatives | Produced by enterococcal strains
BAF chromatin-remodelling complex | SWI/SNF complex | SWItch/sucrose non-fermentable chromatin remodeling complex
Are you asking about a specific type of aortitis or aortitis in relation to a particular condition?
Thrombocytopenia | Anasarca | Fever | Renal insufficiency | Organomegaly | Myelofibrosis | Reticulin fibrosis | Ascites | Multiple lymphadenopathy
Curli is a bacterial α-synuclein and cell surface amyloid protein expressed by certain gut bacteria. It is a major component of bacterial biofilms and is secreted by the curli biogenesis system. Curli can exacerbate αSyn-induced behavioral deficits and promote αSyn pathology in the gut and brain.
Insufficient evidence in retrieved documents.
yes
yes
no
yes
Insufficient evidence in retrieved documents.
Myasthenia Gravis is an autoimmune neuromuscular disorder characterized by muscle weakness and fatigability. It is an organ-specific autoimmune disorder caused by an antibody-mediated attack against the skeletal muscle nicotinic acetylcholine receptor (AChR) at the neuromuscular junction. Muscle-specific kinase (MuSK) Myasthenia Gravis is an antibody-mediated disease characterized by predominantly focal muscle weakness.
Hydrometrocolpos | Postaxial polydactyly | Congenital heart disease
yes
Ethanol | Isopropanol | 0.12% benzalkonium chloride (BZK)
FTY720 (Fingolimod)
Fingolimod is a non-selective agonist of all S1P receptors except S1P2. It is also a selective S1P1 functional antagonist.
Fingolimod (FTY720) was synthesized from myriocin, a metabolite of the fungus Isaria sinclairii. This fungus is known in traditional Chinese medicine.
The mechanism by which fingolimod reduces or prevents grey matter damage in multiple sclerosis is not completely understood.
0.5 mg | 1.25 mg
1272 patients | Insufficient evidence in retrieved documents. | Insufficient evidence in retrieved documents.
Are you asking about blepharospasm as a symptom, a diagnosis, or something else?
Balovaptan is a vasopressin 1a receptor antagonist. It has been evaluated for the improvement of social communication and interaction and for the treatment of Autism Spectrum Disorder.
Bisphenol A (BPA) is an endocrine disruptor with estrogenic activity that has a significant adverse impact on human health. BPA exposure can reduce body weight and food intake and affect male fertility.
Mucins | Histatins | Lysozyme
no
MIENTURNET
CAV1 | COL5A1 | COL6A3 | FLNB | HMMR | ITGA3 | ITGA5 | MET | SDC1 | THBS1 | VEGFC
Are you referring to a specific application of SWItchMiner (SWIM) in a particular disease or research area?
apoE4-165
EpiMethylTag | M-ATAC or M-ChIP
KLF4 | OTX2 | miR-1343
Ventral hypothalamus (VHT) | Hypothalamus | Arcuate nucleus
Metabolism-reprogramming marker | Primary enzyme in fructose metabolism | Insufficient evidence in retrieved documents.
yes
TADCompare | SpectralTAD
regutools
yes
SCN4A | CLCN1 | DMPK | CNBP
yes
yes
A susceptibility locus on chromosome 13 | A genetic determinant | Ascorbic acid
Aromatic amino acids | Natural products with aromatic moieties | Aromatic amino acid synthesis
Uber-operons are groups of functionally or transcriptionally related operons whose gene sets are conserved across genomes. They represent footprints of operon evolution and can lead to a better understanding of biological pathways and networks. Many uber-operons correspond to parts of known regulons or biological pathways.
MIR137 | DPYD
yes
yes
yes
Dysplasia of all of the bony components of the elbow joint, abnormalities in the shape of carpal bones, and brachydactyly | Transformation of the upper limbs to reflect lower limb characteristics
Enasidenib | Ivosidenib
Are you asking about RADICL-seq in the context of RNA sequencing, or something else?
allergic, inflammatory, and proliferative diseases | eosinophilic gastritis and duodenitis | eosinophilic gastritis
Mammalian melatonin receptors are G protein-coupled receptors that mediate melatonin's effects. Two subtypes, MT1 and MT2, regulate circadian rhythms, the immune system, and reproduction. The melatonin receptor family includes three subtypes that bind melatonin and one related receptor that does not.
Are you asking about holoprosencephaly in the context of a diagnosis, research study, or something else?
In Drosophila neural progenitors, Notch signaling regulates signaling output after asymmetric cell division [2] and affects neural cell fate [3]. Activation of the Notch receptor induces transcriptional repressors [4].
SAR425899 has been tested in two randomized, placebo-controlled, double-blind clinical trials: a single-ascending dose trial in healthy overweight volunteers and a multiple-ascending-dose trial in healthy normal- to overweight volunteers and overweight/obese patients with T2D. These trials were first-in-human and first-in-patient trials. One study evaluated the change in insulin sensitivity, β-cell function and glucose absorption after 28 days of treatment with SAR425899 versus placebo.
no
Pexidartinib is a tyrosine kinase inhibitor with selective inhibition of colony-stimulating factor 1 receptor (CSF-1R). It is an orally bioavailable and potent inhibitor of CSF-1R.
Listeriolysin O (LLO) | Staphylococcal bi-component pore-forming toxins (leukocidins) | Staphylococcal pore-forming cytotoxin (leukocidin)
Kabuki syndrome | Kabuki syndrome 1 (KS1) | KS
yes
yes
32-nucleotide
Excessive daytime sleepiness | Cataplexy | Sleep paralysis | Hypnopompic/hypnagogic hallucinations | Disrupted nighttime sleep | Sleep fragmentation | Sleep-related hallucinations
Maintain adult skeletal bone mass | Osteogenic growth factor | bone growth factor
Are you asking about ECMO as a medical procedure or something else?
Autoimmune diseases | Lupus syndrome | Collagen-induced arthritis
Activin type II receptors
yes
yes
mouse retina
yes
RNA polymerase II | Pol II | RNAP II
Insufficient evidence in retrieved documents.
no
Ticagrelor | Clopidogrel
mast cells
Bladder cancer | Carcinoma in situ of the bladder | High-risk nonmuscle invasive urothelial carcinoma of the bladder
H2A monoubiquitination | Insufficient evidence in retrieved documents. | Insufficient evidence in retrieved documents.
yes
ARID1B | ZDHHC14 | 6q25.3
Bronchiectasis
Transcription factor | Copper-sensing transcription factor
Seven | 7 | seven "Baltimore classes"
Dkk1 inhibits or antagonizes Wnt signaling. Specifically, Dkk1-dependent inhibition of Wnt signaling and antagonism of canonical Wnt signaling have been observed.
Are you asking about bimagrumab in relation to a specific condition or clinical trial?
*   CCT271850
yes
Commensal bacteria are microbes that are a major factor in human health and disease pathogenesis. They are usually found in the gut microbiota. Examples include Staphylococcus aureus, Clostridioides difficile, and Klebsiella spp.
Kabuki syndrome (KS)
C/EBPβ | CCAAT/enhancer binding protein β
February 2020 | 21 February 2020
Insufficient evidence in retrieved documents.
no
Are you asking about pyroptosis in the context of a specific disease or condition?
A catalogue of common genetic variants that occur in humans | One of the largest public resources of human single-nucleotide polymorphisms (SNPs) | A resource which describes common patterns of linkage disequilibrium (LD)
Breast cancer | Liver cancer | Prostate cancer | Gastric cancer
Insufficient evidence in retrieved documents.
Thrombocytopenia | Hemolytic anemia | Fever | Neurologic abnormalities | Renal disease | Microangiopathic hemolytic anemia | Renal insufficiency | Renal failure | Fluctuating neurologic symptoms | Renal dysfunction
Are you asking about organoids in the context of research, disease modeling, or something else?
Strabismus | Myofascial syndrome | Headaches | Arthritis | Neuropathic pain | Pain control | Osteoarthritis treatment | Wound healing | Conditions associated with muscular hyperactivity | Glandular hypersecretions | Pain
Tcf3 is an integral component of the core regulatory circuitry of embryonic stem cells and a key player in the control of self-renewal and pluripotency [2, 5]. It localizes to many pluripotency genes [1]. Tcf3 acts as a cell-intrinsic inhibitor of many pluripotency genes [3].
Migraine
yes
Satralizumab is a humanized monoclonal antibody that targets the interleukin-6 (IL-6) receptor. It is designed to treat neuromyelitis optica spectrum disorder (NMOSD).
yes
Alobar | Semilobar | Lobar | Middle interhemispheric fusion variant
SMC2 | YCG1 | XCAP-E
erenumab | AMG 334 7 mg | AMG 334 21 mg
Genetic determinants of common epilepsies include copy number variations (CNVs) at 15q11, 15q13, and 16p13, risk loci at 2q24.3 (SCN1A), 4p15.1 (PCDH7), and 2p16.1 (VRK2 or FANCL), and sequence variations in KCNQ2 and KCNQ3 genes. The CNV landscape in familial epilepsies is similar to that of sporadic epilepsies. Developmental and epileptic encephalopathies (DEEs) are also genetically heterogenous.
no
Alcohol acyl-transferases (AATs) synthesize volatile esters, which contribute to the aroma of many fruits. CM-AAT1 plays a major role in aroma volatile formation in melon, and the AAT1 locus is critical for the biosynthesis of esters contributing to 'ripe apple' flavour in apples.
Hikikomori syndrome is a syndrome consisting of prolonged and severe social withdrawal. It is considered a severe form of social withdrawal syndrome and a Japanese culture-bound syndrome of social withdrawal.
TWIST1 gene | TWIST
Tofacitinib | Baricitinib | Filgotinib | Upadacitinib
miR-301b
daratumumab | carfilzomib | dexamethasone
Rod | Hook | Junction | Filament | Cap | Basal body | Helical propeller | Bi-directional rotary motor | Universal joint
Male calico cats are rare because the calico or tortoiseshell coat color in cats is typically associated with female cats. The occurrence of this coat color in male cats is linked to chromosomal abnormalities, most commonly an additional X chromosome (XXY).
Hepatocyte nuclear factor 4-alpha (HNF4α) | hepatocyte nuclear factor 4 alpha (HNF4
yes
Putamen | Hippocampal volume | Caudate nucleus
Acute hepatic porphyria | AHP
Vascular endothelial growth factor (VEGF) | Chymase | Tryptase | Histamine | Cytokines | Proteases | Vasoactive mediators
Are you asking about exencephaly in humans or in animal models?
TNF-alpha plays a role in obesity and the insulin resistance and diabetes that often accompany obesity. TNF, acting via its receptors, is a major contributor to obesity-associated insulin resistance and microvascular endothelial dysfunction.
no
The Enhancing NeuroImaging Genetics through Meta-Analysis (ENIGMA) Consortium is a collaborative network of researchers that integrates data from multiple institutions worldwide. ENIGMA combines neuroimaging data from many institutions worldwide to achieve more generalizable estimates of effect sizes and more reliable and reproducible outcomes.
Autoimmune pulmonary alveolar proteinosis (aPAP) | Pulmonary alveolar proteinosis
Bind to phospholipids in a calcium (Ca2+) - dependent manner | Act as a Ca2+-dependent phospholipid and membrane binding protein | Associated with the survival and spread of multiple neoplasms | Supporting Ca2+ homeostasis and membrane transport
Shingrix | Zostavax
Retrotransposition of a cDNA originating as mRNA | Other intronless genes or multiexon genes | Ancient retrotransposition of a mature mRNA
Agios Pharmaceuticals
yes
no
Binding to natural cyclic dinucleotide (CDN) ligands | By intracellular DNA receptors | By cytosolic nucleic acid ligands
Radio Frequency Ablation (RFA) is a treatment option for atrial arrhythmia, small renal tumors, focal renal cell carcinoma, osteoid osteomas, bone metastases, and symptomatic unilateral lumbosacral junction pseudarticulation. In the case of renal tumors, RFA is considered a nephron-sparing treatment.
28 Joints | Disease Activity Score in 28 Joints | Disease Activity Score
Are you asking about a clinical trial, a research project, or something else related to healthcare?
Expanded CORE collection with 245 new PFMs (169 for vertebrates, 42 for plants, 17 for nematodes, 10 for insects, and 7 for fungi) | Updated 156 PFMs (125 for vertebrates, 28 for plants and 3 for insects) | Novel collection of unvalidated TF-binding profiles | Dedicated web form for community curation of unvalidated TF-binding profiles | Q&A forum for communication between users and JASPAR curators | Updated genomic tracks | Updated inference tool | Updated TF-binding profile similarity clusters
yes
yes
Are you asking about the genetic condition Hutchinson-Gilford Progeria Syndrome?
Could you please specify what you are referring to by "CrossICC"? For example, are you asking about a clinical trial, a research study, or something else?
mineralocorticoid receptor | mineralocorticoid-receptor
yes
yes
no
inducer
yes
Couvelaire uterus is a rare condition involving hematic infiltration of the uterine myometrium due to a massive retroplacental hematoma [1, 2]. It is also known as uteroplacental apoplexy and is a complication of placental abruption [3]. The condition can cause blue-purple discolorations of the uterine wall due to hemorrhages [4] and may require a hysterectomy [5].
otoferlin | otoferlin protein
Are you asking about hypercapnia in relation to a specific medical condition or situation?
TSA-Seq is a mapping method used for estimating chromosomal distances from nuclear speckles genome-wide and predicting chromosome trajectories between nuclear compartments. It can also map 3D genome organization relative to nuclear compartments. The method is described as a "cytological ruler".
Polyclonal antibody
Participants in the 100,000 Genomes Project were patients with rare diseases (or their parents) who agreed to undergo whole genome sequencing. They participated based on trust in the NHS and a desire to improve future care, but they had concerns about their future relationships with healthcare professionals and the security of the biorepository. Taking part involved additional travel and appointments.
Elagolix is an oral gonadotropin-releasing hormone (GnRH) antagonist being developed for the treatment of heavy menstrual bleeding associated with uterine fibroids [2, 4, 5]. Studies have demonstrated that elagolix with hormonal add-back therapy reduces heavy menstrual bleeding in premenopausal women with uterine fibroids [1, 3].
Along the length of the cochlear spiral | Cochlea | Ventral region of the inner ear
Retinal detachment | Retinochoroiditis | Posterior uveitis | Uveitis
Nematode genomes | Ascidian genomes | Caenorhabditis elegans
In May 2020, capmatinib received FDA approval in the USA for the treatment of adults with metastatic non-small cell lung cancer (NSCLC) whose tumours have a mutation that leads to MET exon 14 skipping, as detected by an FDA-approved test.
no
yes
Transfer phosphatidylcholine | Mediate binding of lipids | StAR/StarD1-related lipid transfer
yes
Tumor necrosis factor alpha (TNF-alpha) | Tumor necrosis factor (TNF)-alpha | Human TNF
CYP2D6
Epidermal CYLD inactivation sensitizes mice to the development of sebaceous and basaloid skin tumors. CYLD is a tumor suppressor gene.
Lisocabtagene maraleucel is an autologous, CD19-directed, chimeric antigen receptor (CAR) T-cell product. The snippets do not provide further details about its mechanism of action.
Mutation in the EHMT1 gene | Subtelomeric 9q34.3 deletion | Chromosomal deletion at 9q34.3
yes
Mediator plays a significant role in higher-order genome organization. It affects chromatin looping between enhancers and promoters.
fremanezumab | galcanezumab
Could you please specify what you are referring to by "LowMACA"? For example, are you referring to a gene, a condition, or something else?
yes
TNAP (tissue nonspecific alkaline phosphatase)
Ubrogepant (MK-1602) | Olcegepant | Telcagepant
*   Transporter genes
*   Glycolytic genes
Fingolimod is considered a prodrug because it is phosphorylated in vivo to its active phosphorylated form. This conversion is necessary for the drug to exert its therapeutic effects.
yes
Hemophilic pseudotumor is a rare complication of hemophilia and is essentially a progressive, encapsulated, slowly expanding hematoma. It is usually seen in 1-2% of patients with severe coagulative disorder.
The aim of the TRAP method can be to detect telomerase activity in tissues or cell lines, or to detect cell type-specific gene expression patterns at the level of translating mRNAs. The telomerase activity detection method is also known as telomeric repeat amplification protocol (TRAP). Another TRAP method can also be used to isolate translating mRNAs.
herpes zoster | Varicella Zoster Virus
HP1a is involved in gene silencing and heterochromatin formation. It also plays a role in transcription, DNA replication, and repair. HP1a can both silence and activate transcription.
yes
long non-coding RNAs (lncRNAs)
Programmed cell death protein 1 | Programmed death protein 1 | Programmed death receptor-1
Arterial wall cells with excessive lipid inclusions | Hallmark of atherosclerosis | Derived from monocyte-differentiated macrophage and VSMCs
Statins | Lipid-lowering drugs | HMG-CoA reductase inhibitors
Activins | transforming growth factor (TGF)-β
The Oncomine Dx Target Test (ODxTT) is a next-generation sequencing-based companion diagnostic test. It is an investigational test that could facilitate access to multiple biomarker testing using small tissue samples to support therapy decisions for patients with advanced NSCLC.
Hippocampal volume | Alzheimer's disease (AD) | Biological markers of Alzheimer's disease (AD)
KRASG12C | KRAS p.G12C mutation
Stress-induced activation of OMA1 | Mitochondrial stress | elease of high MW Opa-1 isoforms from the mitochondria to the cytosol
Ciliopathies are hereditary disorders or diseases resulting from structural or functional abnormalities of cilia. These genetic disorders involve alterations in cilia assembly, maintenance, and/or function, and their causative genes encode proteins involved in the primary cilium apparatus. Ciliopathies can be life-threatening.
methylation mark of vertebrate histone H1
Are you asking about AZD8601 as a potential treatment for a specific condition?
7p22.1
HER2 | ERBB2
Stimulate ATPase activity of HSP70 chaperone | Key player in neuronal proteostasis maintenance | Protein aggregation and neurodegeneration role
Acute treatment for migraine | Acute oral treatment for migraine | Acute migraine therapy
15% | >17%
Insufficient evidence in retrieved documents.
primary aldosteronism
Transurethral resection of the prostate (TURP) | Thulium laser transurethral vaporesection of the prostate (ThuVARP)
Slit ligands | Slit protein family
Kisspeptin acts centrally on the hypothalamus-pituitary-gonadal axis to regulate energy intake and reproduction. It also preserves mitochondrial function by inducing mitophagy and autophagy in the aging rat brain hippocampus and human neuronal cell line. Furthermore, kisspeptin has anti-metastatic roles in brain cancer.
no
Oral | Orally administered
yes
Dog bite | Animal bite
Anti-bacterial protein | Antimicrobial enzyme | Operates against Gram-positive bacteria and leads to cell death
Amniotic band syndrome is a congenital disorder characterized by a collection of fetal malformations and deformities. These malformations are associated with fibrous bands that entrap or entangle fetal parts, potentially affecting various organs and systems. The syndrome is attributed to the disruption of developing parts of the embryo or rupture of the amniotic sac.
Two orders of magnitude faster | Similar accuracy | Reduce runtime | Improve performance | Radically simplified the quantification of transcripts in RNA-sequencing experiments
Immunohistochemical assay | Immunohistochemistry (IHC) | Diagnostic test
signatureSearch | triplex | regioneR
Janus kinase 1 | JAK1
Natriuretic peptide receptor A, also known as NPR-A, is a receptor through which natriuretic peptides accomplish their physiological functions. It is also referred to as guanylyl cyclase A [1]. It is involved in the regulation of physiological and pathophysiological processes of blood pressure [2].
Dexamethasone's mode of action includes suppressing neutrophil function, reducing ischemia-reperfusion injury, activating signaling pathways for osteoblast differentiation, increasing gut permeability via stress-mediated mechanisms, activating glycogen synthase kinase-3beta, and inhibiting nitric oxide-mediated cytotoxicity. The exact mechanisms for some of these actions, such as the effect on gut permeability, are not fully understood. Dexamethasone affects different cell types and pathways.
Complex coacervation is a phase separation phenomenon that may occur in a solution of positively and negatively charged polyions. It is an electrostatically and entropically-driven associative liquid-liquid phase separation that can result in the formation of bulk liquid phases or the self-assembly of hierarchical materials. It is also described as an emerging liquid/liquid phase separation (LLPS) phenomenon that behaves as a membrane-less organelle in living cells.
MDM2
yes
Vincristine | Actinomycin D | Cyclophosphamide
yes
Insufficient evidence in retrieved documents.
heat shock RNA omega (hsrω) | PAPAS
Insufficient evidence in retrieved documents.
INDEED | dagLogo
yes
yes
Cytokine release syndrome is a systemic inflammatory condition that can occur after treatment with some types of immunotherapy or be associated with therapeutic antibodies. It is characterized by the release of cytokines into the circulation, leading to symptoms such as fever, nausea, chills, hypotension, and tachycardia. Cytokine release syndrome also contributes to the pathophysiology and progression of COVID-19.
GATA6 | HNF4A | Foxa2
According to the retrieved documents, the European Medicines Agency (EMA) and the FDA recommend or suggest that abacavir administration must be preceded by a specific genotyping test. This recommendation is based on studies establishing the effectiveness of prospective HLA-B*57:01 screening to prevent hypersensitivity reactions to abacavir.
In what context are you asking about PWMScan (e.g., a specific disease, gene analysis, or something else)?
yes
MRJP1 | MRJP2 | MRJP3 | MRJP4 | MRJP5 | MRJP6 | MRJP7 | MRJP8 | MRJP9
Biological Expression Language (BEL) is a syntax representation used to represent a broad range of biological relationships, including causal and correlative relationships among biological events. It is also used to collate findings from scientific literature into biological network models.
ExpressDB | yStreX | filamentous fungal gene expression database (FFGED)
CYP2B6 G516T (rs3745274)
Regulating cytokine expression, secretion, and cell proliferation | Promotes T helper cell differentiation | Resolving secretory stress and accelerating proliferation
yes
Annexin V | apoE3 | apoE4
Heterogeneous epilepsy syndromes | Early-onset seizures | Refractory seizures | Developmental delay | Disability | Severe, early onset epilepsies | Developmental delay or regression associated with ongoing epileptic activity | Generally poor prognosis | Genetically heterogenous conditions | EEG interictal epileptiform abnormalities | Polymorphous and drug-resistant seizures | Neurodevelopmental impairments
*   A linear programming-based tree search algorithm (TreeEFM)
*   EFM-Ta method that analyzes the information provided by the LP solver
Vosoritide is a biologic analogue of C-type natriuretic peptide. It functions as a potent stimulator of endochondral ossification.
The "flight-or-fight response" serves as the fundamental physiological basis for examining an organism's awareness of its environment under an impending predator attack and is a response to acute stress [1, 2]. The cAMP intracellular signaling pathway is responsible for this response and involved in the control of critical functions [3].
The Burke-Fahn-Marsden Dystonia Rating Scale is a universally applied instrument for the quantitative assessment of dystonia in both children and adults. It is also used as an outcome measure.
yes
Next generation sequencing (NGS) | 324-gene panel assay | Insufficient evidence in retrieved documents.
Insufficient evidence in retrieved documents.
Idasanutlin is a selective small-molecule MDM2 antagonist. It inhibits MDM2, a negative regulator of the tumor suppressor p53, thereby activating TP53.
Insufficient evidence in retrieved documents.
Kidney | Parathyroid gland | Choroid plexus | Renal tubular epithelial cells
male pseudohermaphroditism | intersex | masculinization defects
no
Are you referring to a specific application of DeepTRIAGE, or the general concept?
Pseudomelanosis duodeni is a rare condition characterized by dark pigmentation of the duodenal mucosa, specifically diffuse small black spots on the first and second portions of the duodenum. This condition involves the accumulation of dark pigment in macrophages located in the lamina propria of the duodenal mucosa. It is also described as an uncommon endoscopic sign.
yes
Central obesity | Hypertriglyceridemia | Low high-density lipoprotein (HDL) levels | Fasting hyperglycemia | Hypertension | Abdominal obesity | High plasma glucose | High triglycerides | Low plasma HDL-cholesterol | High fasting blood glucose
PITX1 gene | PITX1 locus
HLA-B*15:02 screening is recommended prior to administering carbamazepine because it is a biomarker for carbamazepine-induced Steven-Johnson Syndrome and Toxic Epidermal Necrolysis (SJS/TEN) in some Asian populations. The USFDA recommends this screening for Asian and other populations with a high prevalence of HLA-B*15:02.
yes
Mesna | Doxorubicin | Ifosfamide | Dacarbazine | Adriamycin
Glucocorticoids | Hormone | Ligand
Emmanuelle Charpentier | Jennifer Doudna
Super-enhancers are defined as large clusters of transcriptional enhancers. These clusters play pivotal roles in cell/tissue specification, identity, and maintenance by driving cell-type-specific gene expression. They are also referred to as stretch enhancers.
yes
ExpansionHunter | New version of ExpansionHunter
Nirsevimab is a monoclonal antibody used for RSV prophylaxis in infants. It is designed to protect infants for an entire RSV season with a single intramuscular dose, preventing RSV-associated lower respiratory tract infection.
Tsukushi (TSK) is a member of the small leucine-rich repeat proteoglycan (SLRP) family. It contributes to collagen accumulation.
no
yes
Etanercept | Ustekinumab | Adalimumab
Adamts18 links luminal hormone receptor signaling to basement membrane remodeling and stem cell activation. It connects hormone action to the activation of the mammary stem cell niche. Estrogens and progesterone control breast development and carcinogenesis via their receptors, and Adamts18 plays a role in this process.
yes
D-lactate | L-lactate
Key regulator of eye development | Transcription factor | Master-regulator of eye development
no
yes
In what context are you interested in ReactomeGSA?
Sodium phenylbutyrate-taurursodiol slowed functional decline in a phase 2 trial for ALS. However, longer and larger trials are necessary to fully evaluate its efficacy and safety.
Growth arrest-specific 6 (Gas6) is a vitamin K-dependent protein encoded by the GAS6 gene and secreted by cells such as fibroblasts, immune cells, endothelial cells, vascular smooth muscle cells, and adipocytes. Gas6 signaling may be associated with conditions like adipose tissue inflammation, glucose intolerance, insulin resistance, and obesity. Gas6 receptors (Tyro3, Axl, and Mer) may also play a role in these processes.
Neoplastic leptomeningeal disease (LMD) is defined as the infiltration of the leptomeninges by tumor cells. Meningeal melanomatosis and primary diffuse leptomeningeal melanomatosis (PDLM) are examples of diseases affecting the leptomeninges.
30% | 30-40% | 30% of patients fail to respond
vedolizumab | siltuximab | ramucirumab | pembrolizumab | nivolumab | blinatumomab
Lymphocyte-maturation defects | Immunoglobulin deficiency | Intestinal inflammation
yes
yes
The venom of the cone snail *Conus tulipa* contains peptides such as rho-TIA, which has alpha1-adrenoreceptor antagonist activity, and conantokin-T, which affects excitatory synaptic transmission and induces sleep-like symptoms in young mice.
Insufficient evidence in retrieved documents.
CYP2C9 | VKORC1
Are you asking about the MSstatsTMT R package for proteomics data analysis?
no
yes
Pain and inflammation-reducing effects | Anti-inflammatory effects | Antioxidant effects
The inactive X chromosome condenses into a bipartite structure featuring two superdomains separated by a hinge region. The remodeling of the three-dimensional structure of the X chromosome is part of the X chromosome inactivation process.
Mothers with a CYP2D6 ultrarapid metabolizer phenotype may expose their infants to risk of adverse events when taking codeine while breastfeeding because they produce more of the active metabolite, morphine. This increased morphine level can then cause adverse effects in the infant.
Rtpca | Path2PPI
Evinacumab is a human monoclonal antibody that binds to and inhibits angiopoietin-like protein 3 (ANGPTL3).
yes
1967
rheumatoid arthritis (RA)
HLA-B*5701
yes
Acetylsalicylic acid | Ramipril | Simvastatin | Atorvastatin | Aspirin
Liver | Ventricular myocytes | Atrial tissue
In female neutrophil nuclei, a drumstick-shaped appendage can be observed. This drumstick contains the inactive X chromosome. Up to 17% of neutrophil nuclei in healthy women exhibit this drumstick-shaped appendage.
TNFα | IL-1β | IFNγ
Thermo Fisher Scientific | Insufficient evidence in retrieved documents. | Insufficient evidence in retrieved documents.
The INSPEcT R package is a tool for the integrative analysis of RNA- and 4sU-seq data to study the dynamics of transcriptional regulation. It quantifies mRNA synthesis, processing, and degradation rates at the gene level. The package also provides a modeling framework to identify regulatory processes affecting mRNA and pre-mRNA concentrations, with performance tested on synthetic datasets.
insulin-like growth factor-I receptor | IGF-1R | IGF-IR
Apolipoprotein-B mRNA-editing catalytic polypeptide-like 3C (A3C)
yes
Sequence-dependent models | DNA methylation | Nucleosome remodelers
CYP2C19
Somatic mosaicism | Common genetic variation | Rare Mendelian disorders | Primary immunodeficiency | Enteropathy | Higher IBD polygenic risk scores | Variants in TRIM22 that affect NOD2 signaling
severe hemophilia A | Hemophilia A | Hemophilia A.
Directly targets Rho-associated kinase (ROCK) | ROCK inhibitor | Increases expression of pluripotency factors
The Barr body is the inactive X chromosome found in female somatic cells. The condensation of the X chromosome into a Barr body depends on the level of endogenous cyclic AMP.
yes
The CYP2C19*2 and CYP2C19*3 alleles are loss-of-function alleles. The CYP2C19*2 allele has been associated with impaired clopidogrel response.
Full Spectrum of Intolerance to Loss-of-function (FUSIL) is a cross-species gene classification. Genes in the five mutually exclusive FUSIL categories have differing biological properties. Mendelian disease genes, particularly those associated with developmental disorders, are highly overrepresented among genes non-essential for cell survival but required for organism development.
no
yes
1990 (initiation) | 2003 (completion)
Insufficient evidence in retrieved documents.
324 | FoundationOne CDx | Insufficient evidence in retrieved documents.
c-Myc | ATR
no
Aberrant proteolytic activity has been observed in the salivary glands of non-obese diabetic mice. This activity leads to the generation of a unique fragment of the chemokine and adhesion molecule fractalkine.
no
Formative pluripotency is an intermediate stage between naïve and primed pluripotency. It involves a gene regulatory network switch from the naïve state and the dismantling of the transcription factor network that governs the naive state. This stage comprises capacitation of enhancers, signaling pathways and epigenetic machinery in order to install competence for lineage specification.
yes
dagLogo
Ph-Positive Acute Lymphoblastic Leukemia | precursor-B acute lymphoblastic leukemias (B-ALL) | lymphoblastic lymphomas
yes
Carpal tunnel syndrome | Cubital tunnel syndrome | Peripheral nerve compression
type-I interferon gene signature | interferon (IFN) signature | IFN type I inducible genes
yes
massPix | LipidMS | lipidr | INDEED
Uterine fibroids | Prostate cancer
Carbendazim likely weakens bee colonies by reducing the expression of major royal jelly proteins, potentially contributing to colony collapse disorder. It is considered an environmental risk factor for bees.
Duodenum | Bile duct | Pancreatic duct
Clinical phenotype of patients with KMT2B mutations | Molecular genetic features of patients with KMT2B mutations | Atypical patterns of dystonia evolution | Non-dystonic neurodevelopmental phenotype | Systemic features | Risk of status dystonicus | Intrauterine growth retardation | Endocrinopathies | Genotype-phenotype correlations
Migraine prevention | Preventive treatment of migraine | Migraine prevention treatment
yes
Blocker of vascular leakage | Induces the apoptosis of breast cancer cells | Prevent Plasmodium falciparum malaria transmission
no
Gain-of-function variants in SYK cause immune dysregulation and systemic inflammation in humans and mice. These variants also result in a potentially treatable form of inflammatory disease.
yes
transporter proteins for serotonin | serotonin receptor | serotonin transporter
yes
yes
yes
Nematode of the genus Thelazia | Thelazia callipaeda | Nematode parasite called Thelazia
Host-mediated defense against exogenous viruses | Defense against HIV-1 | Defense against endogenous transposable elements
Autosomal dominant Spinocerebellar Ataxia type 3 (SCA3) is caused by the abnormal amplification of cytosine-adenine-guanine (CAG) trinucleotide repeats in the ATXN3 gene, resulting in a polyglutamine expansion in the ataxin-3 protein. This expansion leads to a gain of toxic function of the mutant protein.
p38 MAPK pathway | RNA methylation | Insufficient evidence in retrieved documents.
Intellectual disability | Speech delay | Dysmorphism | Growth failure | Feeding difficulties | Non-specific MRI abnormalities | Epilepsy and/or abnormal EEG | Predisposition to recurrent infections (mostly bacterial) | Ophthalmological abnormalities | Gait/balance disturbance | Joint hypermobility | Similar dysmorphic facial features
yes
Mechanotransduction | Mediating Ca2+ influx | Regulates cytoskeletal remodeling and stress alterations
Eptinezumab | Erenumab | Fremanezumab | Galcanezumab
Insufficient evidence in retrieved documents.
Are you referring to a specific gene, acronym, or something else?
Glucagon-like peptide 1 (GLP1) receptors | Gastric inhibitory polypeptide (GIP) receptors | Glucose-dependent insulinotropic polypeptide (GIP) receptors | Glucagon-like peptide-1 (GLP-1) receptors
yes
Chaperonins assist cellular proteins to fold and assemble into their native shape. They facilitate the proper folding of polypeptides into their three-dimensional structures. They are important in living systems because of their role in folding.
no
Oguchi disease | Congenital stationary night blindness (CSNB)
Metastatic uveal melanoma | Uveal melanoma | Malignant melanoma
yes
Neuromedin U (NmU) is a neuropeptide with anorexigenic activity and uterocontractile effects in rodents. It is a highly conserved and bioactive neuropeptide distributed in the gastrointestinal tract and the central nervous system. NMU is implicated in the stress response and has various physiological functions related to feeding behavior, energy metabolism, stress responses, circadian rhythmicity and inflammation.
yes
Are you referring to a specific gene, protein, or something else when you say SPar-K?
Donanemab (LY3002813) is an IgG1 antibody that targets an N-terminal pyroglutamate of amyloid beta epitope, specifically Aβ(p3-42). This form of Amyloid-β (Aβ) is exclusively found in plaques in the brain.
yes
Tumor-associated macrophages | Promising therapeutic target for cancer immunotherapy | TAMs targeting therapy using nano-sized drug delivery system (NDDS)
FTO controls the exonic splicing of RUNX1T1, influencing differentiation by regulating m6A levels. The effect of FTO on adipogenesis is mediated via enhanced expression of a pro-adipogenic short isoform of RUNX1T1. A variant of RUNX1T1 is located in a potential FTO recognition motif and is associated with waist circumference.
JUCHMME
Etesevimab is a monoclonal antibody to SARS-CoV-2 that targets the SARS-CoV-2 spike protein and blocks entry of SARS-CoV-2 in host cells.
Are you interested in pseudokinases in a specific organism, disease, or signaling pathway?
Intestinal wall | Small intestine | Distal ileum
yes
The GenomeAsia 100K Project aims to enable genetic discoveries across Asia. Its pilot phase includes whole-genome sequencing data from 1,739 individuals across Asia to catalogue genetic variation, population structure, disease associations, and founder effects, and to facilitate genetic studies.
Spinal muscular atrophy (SMA) | Spinal muscular atrophy
Protein palmitoylation (S-acylation) is a reversible post-translational modification involving the covalent attachment of a fatty acid, typically palmitate, to cysteine residues of proteins. This modification, occurring via a thioester linkage, anchors proteins to membranes and enhances the membrane stability of ion channels, influencing their life cycle.
yes
September 2018 | In September 2018
yes
Amyotrophic lateral sclerosis (ALS)
Lactase deficiency | Reduced ability to metabolize lactose | Decreased levels of intestinal lactase
Are you asking about Etizolam as a medication, or are you interested in its chemical properties or potential effects?
no
De novo VPS4A mutations cause a distinct multisystem disorder. This disorder is characterized by structural brain abnormalities, severe neurodevelopmental delay, cataracts, growth impairment, and anemia. The mutations also affect ESCRT-dependent cellular processes.
Treatment for adults with paroxysmal nocturnal haemoglobinuria (PNH) | Treatment for those switching from C5 inhibitor therapy with eculizumab and ravulizumab | More complete hemolysis control in patients with PNH
Transfer polysaccharides to engineered carrier proteins | En bloc transfer of N-glycan intermediates | Catalyze the attachment of glycans to specific amino acid residues
chromosome 20p12
Mothers with a CYP2D6 ultrarapid metabolizer phenotype may expose their infants to risk of adverse events when taking codeine while breastfeeding. This is because they produce more of the active metabolite, morphine.
VICTOR is a fully interactive and dependency-free visual analytics web application that allows for the visual comparison of the results of various clustering algorithms. It can handle multiple cluster set results simultaneously and compare them using ten different metrics. The application uses data tables or interactive heatmaps, bar plots, correlation networks, sankey and circos plots for comparison.
Are you asking about a medication, a gene, or something else?
yes
LASEK | Laser epithelial keratomileusis | laser in situ keratomileusis
'RRACH' motif | potential FTO recognition motif
SCUBE3 loss-of-function causes a recognizable recessive developmental disorder due to defective bone morphogenetic protein signaling. This results in a syndromic disorder characterized by reduced growth, skeletal features, distinctive craniofacial appearance, and dental anomalies.
capecitabine | oxaliplatin
yes
oxytocin
S1P1 | S1P receptor
yes
no
Insufficient evidence in retrieved documents.
Streptomyces anulatus | Streptomyces anulatus 3533-SV4
Ammi visnaga
Are you asking about a specific clinical trial, a company, or something else related to Antisoma?
Factor XI | Factor XIa
Could you please provide more context, such as where you encountered this term or what medical field it relates to?
intravenous (IV) administration | infusion therapy | anti-CGRP mAb
clinical approaches | radiological approaches | genetic approaches
Vericiguat is a stimulator of soluble guanylate cyclase (sGC). It targets the NO-sGC-cGMP pathway.
human larynx epidermoid carcinoma cell line | laryngeal cancer cells | oropharyngeal cancer cells
yes
human anti-ActRII antibody | human monoclonal antibody inhibitor of activin type II receptors (ActRII) | ActRII antibody
Are you asking about a specific gene, a research project, or something else related to STATegra?
baloxavir marboxil
no
yes
ubrogepant
2183 families | 4660 participants | 161 disorders
Are you referring to a specific gene, protein, drug, or something else?
SIK1 | SIK2 | SIK3
no
Next-generation sequencing-based | Multiple biomarker testing | Molecular tests
Insufficient evidence in retrieved documents.
Daratumumab
Single-stranded RNA | Covalently closed loops | Closed-loop RNA
Are you interested in the symptoms, causes, diagnosis, or treatment of Fanconi anemia?
CYP2D6 | CYP3A4
Are you asking about the SBGNview R package, or something else with a similar name?
Asthma | Chronic Obstructive Pulmonary Disease (COPD)
Complex of DNA, RNA, and probably protein | Multi-copy single-stranded DNA | Small, structurally unique satellite DNA
yes
50%
Syndromic form of thoracic aortic aneurysm (TAA) | Syndromic thoracic aortic aneurysm | A human importin-β-related disorder
Evinacumab is a monoclonal antibody that binds to and inhibits angiopoietin-like protein 3 (ANGPTL3). Inhibition of ANGPTL3 by Evinacumab can lower triglyceride (TG) levels and reduce low-density lipoprotein cholesterol (LDL-C).
hypopharyngeal glands | HPGs | hypopharyngeal glands (HGs)
Diabetic retinopathy | Age-related macular degeneration | Retinopathy of prematurity | Glaucoma | Retinal vascular dysfunction | Retinoblastoma | Retinal neovascular diseases
CYP1A2 rs762551 polymorphism modifies the association of habitual coffee consumption with appetite. High coffee consumption is associated with lower appetite perception only in rapid metabolizers. Coffee consumption also leads to lower energy and dietary fat intake.
SDE2 is an RNA binding protein and trans-acting adaptor protein that regulates RNA splicing and ribosome biogenesis. It also plays a key role in maintaining active replication and counteracting replication stress by regulating the replication fork protection complex (FPC). SDE2 interacts with TIMELESS (TIM), enhancing its stability and aiding TIM localization to replication forks.
cabotegravir | rilpivirine
Shone's complex is a rare congenital cardiac malformation characterized by serial obstructive lesions of the left heart. It affects the mitral valve and left ventricular outflow tract. The syndrome can include supravalvular mitral ring, parachute mitral valve, subaortic stenosis, and coarctation of the aorta.
Double-contrast barium enema | Transvaginal ultrasonography | Rectal endoscopic ultrasonography | Magnetic resonance imaging | Multislice computed tomography | Transrectal endoscopic ultrasonography | Multidetector computerized tomography enema | Computed tomography colonoscopy | Multidetector computerized tomography enteroclysis | Ultrasonography
March 26, 2021
Insufficient evidence in retrieved documents.
no
Treating helminth infections | Treatment of parasitic diseases | Insecticidal effects
DEAD box proteins are RNA helicases. They function in various stages of RNA processing and in RNP remodeling, and are involved in all aspects of RNA metabolism, including translation, ribosome biogenesis, and pre-mRNA splicing. They are also implicated in cellular processes involving alteration of RNA secondary structure, such as translation initiation and splicing.
Improved vascular permeability | Reduced concentration of Evans Blue dye | Ameliorated hypercholesterolemia
MTH1
Gemogenovatucel-T is an autologous tumour cell vaccine that reduces the expression of furin and downstream TGF-β1 and TGF-β2. Since TGFβ is important for T cell homeostasis, Gemogenovatucel-T may affect T cell homeostasis.
Preparing follicular thyroid carcinoma cells suspension | Detaching stem cell sheets | Insufficient evidence in retrieved documents.
no
no
βII-spectrin stability | Binding to key molecular partners | Cytoskeleton organization and dynamics
Bevacizumab is used to treat complications such as radiation-induced necrosis and severe, refractory perilesional edema following stereotactic radiosurgery for arteriovenous malformations. It has been shown to improve symptoms and neuroimaging results in cases where edema is refractory to corticosteroid therapy.
yes
Influenza and Ebola | COVID-19 | RNA viral diseases
yes
Alport syndrome
yes
anagen | catagen | telogen
Bow Hunter's syndrome is caused by mechanical occlusion or compression of the vertebral artery or the posterior inferior cerebellar artery, often during head and neck rotation or hyperextension. This compression reduces blood flow in posterior cerebral circulation. It is also referred to as rotational occlusion of the vertebral artery.
Single-targeted antibodies | Bi-specific antibodies (BsAbs) | Antibody-drug conjugates (ADCs) | Anti-tumor monoclonal antibody | Immune-checkpoint inhibitors (PD-1/PD-Li, CTLA4 blocking antibody) | Monoclonal antibodies
Insufficient evidence in retrieved documents.
MET exon 14 skipping mutation | METex14 skipping mutations | METex14 skipping mutation
In what context are you asking about second messengers?
yes
yes
yes
Atopic dermatitis (AD) | Prurigo nodularis (PN) | AD associated pruritus (ADaP)
Could you specify what context you're asking about hemoglobin's antimicrobial properties in?
arginine vasopressin
MEK
Syndromic neurodevelopmental disorder | Neurodevelopmental disorder
Sodium-glucose co-transporter 2 (SGLT2) | Sodium-glucose co-transporter 1 (SGLT1)
primary structure interrogation of intact proteins | analyte fragmentation | automated analysis of fragmentation spectra
Bartter syndrome is a rare, autosomal recessive salt-losing disorder. It is characterized by a deficiency in sodium and chloride absorption, often presenting with hypokalemic hypochloremic metabolic alkalosis. Other features include secondary hyperaldosteronism, polyuria, and low to normal blood pressure.
yes
Poretti-Boltshauser syndrome
Lactin-V is used to prevent the recurrence of bacterial vaginosis after treatment with vaginal metronidazole and to reduce recurrent UTI after treatment for cystitis. Lactin-V is Lactobacillus crispatus CTV-05.
Testing biofilm-forming ability | Testing slime-forming ability | Culture
prelamin A | lamin A
Ibrutinib increases the cell viability and expansion of CLL patient-derived CART cells. It also enriches CART cells with a less-differentiated naïve-like phenotype, decreases exhaustion marker expression, and increases cytokine release capacity. Therefore, BTK/ITK inhibition with ibrutinib during CART cell culture can improve yield and function of CLL patient-derived CART cell products.
miR-193b appears to function as a tumor suppressor in prostate cancer. Overexpression of miR-193b inhibits invasion and induces apoptosis in prostate cancer cell lines, while silencing of miR-193b through promoter methylation may contribute to prostate cancer progression. It is also epigenetically regulated.
Pembrolizumab and chemotherapy | Adjuvant pembrolizumab | Immunotherapy
Fibrolamellar carcinoma | FLC
The Nerve-Tissue Contrast Index (NTI) is a ratio of average brightness levels of surrounding tissue and the median nerve, calculated on the basis of a US image. It was developed to assess the loss of visualization of the nerve fascicular pattern on US images in carpal tunnel syndrome.
2017 | Prior to the registration of dupilumab by both the European Medicines Agency (EMA) and Federal Drug Administration (FDA) in 2017
Could you please provide more context about what you mean by "bigPint"?
Alzheimer's disease (AD) | Alzheimer's
yes
SARS-like CoVs in bats | Bats | Bats and pangolins
yes
In what context are you asking about CLICK-Seq?
Lumasiran is an RNA interference (RNAi) therapeutic agent that reduces hepatic oxalate production by targeting glycolate oxidase. It is a small interfering RNA (siRNA) that targets the mRNA for the hydroxyacid oxidase 1 gene (HAO1), which encodes glycolate oxidase. By silencing the gene encoding glycolate oxidase, lumasiran depletes glycolate oxidase and inhibits the synthesis of oxalate.
intestine | airway epithelium | lungs
Are you asking about Oral Health-Related Quality of Life?
VKORC1-1639GA | VKORC1-1639AA
copynumber | seqCNA | crlmm | NanoStringNormCNV
no
yes
Insufficient evidence in retrieved documents.
MET | mutant MET variant | the mutant variant produced by exon 14 skipping
Schizophrenia | Autism | Mental retardation | ADHD | Epilepsy
Carcinoma en cuirasse is a rare form of cutaneous metastasis, most commonly associated with breast cancer. It often presents on the chest as a recurrence of breast cancer, but can also be the primary presentation. It is almost exclusively described as deposits secondary to breast carcinoma.
Are you asking about carboxyglutamate in relation to a specific condition, medication, or lab test?
Morton's neuroma is a common and painful lesion of the interdigital nerve, often in the third intermetatarsal space. It is associated with fibrotic changes in the nerve, microvascular degeneration, deregulation of sympathetic innervation, and perineurofibrosis. It is a frequent cause of forefoot pain or metatarsalgia.
DAKO A/S | Dako
yes
no
Lacritin | Lysozyme | Natriuretic peptide family
1884
Erenumab | Eptinezumab | Fremanezumab | Galcanezumab
yes
Ertugliflozin | Metformin
Mitochondrial DNA | Mitochondria | Mammalian mitochondria
no
stage 1 and stage 2 hATTR polyneuropathy | Hereditary Transthyretin Amyloidosis
yes
yes
myeloproliferative neoplasms | Charcot-Marie-Tooth disease | distal spinal muscular atrophy
yes
no
GprotPRED | GprotPRED online tool | annotatr Bioconductor package
The CHALICE rule is used in the management of children with head injuries. It is a clinical prediction rule for predicting important clinical events and clinically significant head injury.
ER retention sequence | retained in the endoplasmic reticulum (ER) | accumulation of PrP in the ER
Fever | Splenomegaly | Cytopenias affecting at least two of the 3 lineages in peripheral blood | Hypertriglyceridemia | Hyperferritinemia | Elevated serum level of soluble interleukin-2 receptor (sCD25) | Hypofibrinogenemia | Hemophagocytosis in bone marrow | Decreased cytotoxic T cell and natural killer cell activity | Bicytopenia
Summer 1999
no
yes
CK | aldolase
Induction of maternal tolerance to fetal alloantigens | Role of RANTES in the induction of maternal-fetal tolerance | RANTES production
Could you please provide more context? Are you referring to a medication, a gene, or something else?
no
yes
Are you asking about Preterm Premature Rupture of Membranes?
Two to three generations | Short half-lives
metformin | rosiglitazone
mTOR | mTOR kinase activity | mTORC1 complex
yes
Substantial decrease in RNA abundance | Downregulated | Insufficient evidence in retrieved documents.
Leprosy | Diffuse lepromatous leprosy | Untreated leprosy
Neuronal presynaptic terminals | Presynaptic proteins | Synaptic proteins
PRICK TEST | PRIST | RAST | TNP | Skin prick test | Nasal provocation tests | Intradermal skin tests
yes
The AIMS65 score is a risk-scoring system used to predict outcomes in upper gastrointestinal bleeding and peptic ulcer bleeding. It has been proposed as an alternative to the Glasgow-Blatchford score. The AIMS65 score can be easily calculated.
ATP binding cassette (ABC) transporter
Malaria | Cancer | Fibrosis | Inflammatory disease | Schistosomiasis
May 2019
yes
yes
Three | 8 Lbx paralogons | Insufficient evidence in retrieved documents.
United States Food and Drug Agency | Health Canada | European Commission
The CAHP (Cardiac Arrest Hospital Prognosis) score is a tool for risk stratification after out-of-hospital cardiac arrest (OHCA). It aims to stratify patients admitted to the ICU after OHCA, according to their neurological outcome and can be used to predict survival in OHCA due to acute coronary syndrome.
Treatment of Alzheimer's disease | Anti-Alzheimer drug
Adenocarcinoma | Squamous cell carcinoma (SQ) | Large cell carcinoma | Small cell carcinoma
Are you referring to a gene, protein, drug, or something else?
Edasalonexent at 100 mg/kg may slow disease progression and preserve muscle function in Duchenne muscular dystrophy patients, according to one study. The results support further investigation of edasalonexent in future trials.
Alzheimer's disease | Early-onset familial Alzheimer's disease
oral facial complex | head and neck | cheek
*   ID1 overexpression
no
Electromotive behaviour of outer-hair cells | Acute sensitivity and frequency selectivity in the vertebrate auditory system | Charge movement as a nonlinear capacitance
no
Are you asking about piRNAs in the context of a specific disease or condition?
Psoriasis | Psoriatic disease | Psoriatic arthritis
The white mutation in Drosophila affects eye color and can impair biological functions such as mobility, lifespan, and stress tolerance. It also has behavioral consequences.
Pneumonia | Endocarditis | Meningitis
Approximately 25 times greater than DNA sequence changes | Spontaneously | Insufficient evidence in retrieved documents.
yes
Are you asking about Upadacitinib the medication?
Pyoderma gangrenosum usually affects the upper and lower legs and feet or peristomal sites, while chronic venous ulcers are limited to the lower legs and feet. | Pyoderma gangrenosum can be associated with systemic diseases, especially inflammatory bowel disease. | Pustules and purulent discharge are features of pyoderma gangrenosum but not of chronic venous ulcers. | Crater-like holes or cribriform scarring is commonly seen in pyoderma gangrenosum but not in chronic venous ulcers. | Pathergy is a specific but not sensitive finding of pyoderma gangrenosum.
Are you asking about Mobilome-seq in the context of a specific disease, organism, or research area?
Asymmetry | Leukocytosis | Tachycardia | age ≥70
C-reactive protein (CRP) | Procalcitonin (PCT) | Serum amyloid A (SAA) | Presepsin (PSEP) | Neutrophil-to-lymphocyte ratio
no
Are you asking about the medication Waylivra, or something else?
Plasmodium falciparum malaria | Malaria
yes
Composite endpoints for assessing safety and efficacy of treatment processes of acute coronary syndrome (ACS) | Major adverse cardiovascular events | Major adverse cardiac events
APPROACH and COMPASS studies
yes
yes
yes
Ionis Pharmaceuticals through its subsidiary company, Akcea Therapeutics | Ionis Pharmaceuticals | Akcea Therapeutics
no
FANK1 is an evolutionarily conserved gene expressed in vertebrates, particularly in the testis. It encodes a protein with fibronectin type III and ankyrin repeat domains, functions as an anti-apoptotic protein activating the AP-1 pathway, and may act as a transcription factor with DNA binding activity. FANK1 interacts with Jab1, a co-activator of AP-1.
Estrogens | Streptozocin | Azacitidine | Suramin | Diuretics | Bisphosphonates | Antibiotics | Insulin | Antacids | Carboxymaltose iron | Imatinib
no
yes
Aortic aneurysm or pseudoaneurysm | Regression | Dissection
Dapagliflozin | Saxagliptin
Are you interested in autoantibodies used for diagnosis, monitoring disease activity, or both?
Nephropathic cystinosis is a rare autosomal recessive lysosomal storage disorder characterized by the accumulation of free cystine or pathognomonic cystine crystals within lysosomes in various tissues of the body.
Naltrexone | Bupropion
Treatment of non-small-cell lung cancer (NSCLC) containing an ALK rearrangement | Inhibits most ALK mutants resistant to current ALK inhibitors | Overcome the largest number of acquired ALK resistance mutations
Muscle and nervous system | Neural and muscle | Insufficient evidence in retrieved documents.
no
Activation of innate immune response | Immune response against virus infection | Encodes antiviral restriction enzyme activators
yes
Trifluridine | Tipiracil
Cathepsin L (CTSL) is a SARS-CoV-2 protease that plays a key role in the virus's entry into the cell and subsequent infection. Therefore, Cathepsin L is correlated with COVID-19.
yes
Here's a list of tools that predict protein structure considering amino acid sequence, based on the provided evidence:

*   PredictProtein
*   AlphaFold
*   PreSSAPro
RAS
surface-exposed basic patch
Subarachnoid hemorrhage (SAH) | Aneurysmal Subarachnoid Haemorrhage or ASAH | Cerebrospinal fluid (CSF) hypotension
Breast cancer | Colon cancer | Small cell lung carcinoma | Ovarian cancer | Lymphomas | Squamous cell carcinomas | Thyroid cancer | Glioma
ARF-p53-p21Cip1 pathway | p16INK4a-pRb pathways | p53/p21WAF1/CIP1 pathway | p16INK4A/pRB pathway
Fatal muscle disease | Progressive wasting disease of skeletal and cardiac muscles | Early loss of ambulation
ALS disrupts spinal motor neuron maturation pathways. This suggests a link between developmental pathways and the disease.
yes
In what context are you asking about p85α homodimerization?
Parallel artificial membrane permeability assay (PAMPA) | Caco-2 permeability assay | P-glycoprotein (Pgp) affinity assay | Plasma protein binding assay | Metabolic stability assay | Drug-drug interaction assay | Mutagenicity risk test | HepG2-hepatotoxicity risk test | Number of aromatic and non-aromatic rings | Functional groups
no
Mycro1 | Mycro2 | 10074-G5 | 10058-F4 | methyl 4'-methyl-5-(7-nitrobenzo[c][1,2,5]oxadiazol-4-yl)-[1,1'-biphenyl]-3-carboxylate
Natural History Progression Model | Latent process model
The cytoprotective autophagy pathway is suppressed in skeletal muscle in ALS, which contributes to muscle degeneration and disease progression. Thus, abnormal autophagy activity in skeletal muscle links muscle cellular pathways to ALS.
oncogenic mutations | KRAS mutation alleles | activating mutations | single amino acid substitutions at codon 12 | G12D | G12V | Gly12Ala | Gly12Asp | Gly12Arg | Gly12Cys | Gly12Ser | Gly12Val | Gly13Asp
p110δ | p110α
Allosite | Ohm
Rhinorrhea | Otorrhea | Focal neurologic signs | Retroauricular hematoma | Hemotympanum
Fibronectin | Osteopontin | malate dehydrogenase 2
The evidence suggests a link between changes or dysfunction in lipid metabolism and ALS. Alterations to lipid metabolism in neurons regulate processes linked to neurodegenerative diseases, and lipid metabolism plays a key role in ALS. The relationship of lipid metabolism and lipid derived-products with ALS is also noted.
Multisystem inflammatory syndrome in children (MIS-C) is a rare but serious complication or a new dangerous childhood disease associated with COVID-19. It is initiated by an overactive immune response in children weeks after exposure to COVID-19 and is also known as pediatric inflammatory multisystem syndrome. MIS-C is a post-infectious inflammatory response, and cardiac involvement, such as myopericarditis, can occur.
Muscular Dystrophy Surveillance, Tracking, and Research Network (MD STARnet) | Dutch Natural History Survey (DNHS) | Parent Project Muscular Dystrophy (PPMD)
Toll-like receptor (TLR) and NOD-like receptor (NLR) signaling pathways are upregulated in ALS patients and are related to the immune response, specifically pathological innate immunity and neuroinflammation. Early immune activation pathways may initially promote neuronal repair in ALS.
Vitamin E deficiency | Vitamin B12 deficiency | Vitamin B1 deficiency | Vitamin B3 deficiency | Vitamin B6 deficiency | Vitamin B9 deficiency
Deep learning models are used in Duchenne Muscular Dystrophy for evaluating ambulatory function through ultrasound imaging. Machine learning is also used to improve energy expenditure estimation in children with DMD.
Are you asking about the symptoms, causes, diagnosis, or treatment of long-COVID?
yes
MRI | Magnetic resonance imaging | FLAIR* magnetic resonance imaging
Are you asking about pseudotumor cerebri in adults or in children?
Are you asking about pseudodementia related to a specific condition, such as depression?
Acetaminophen | NSAIDs (with caution/if no contraindications) | Both acetaminophen and NSAIDs
no
Approximately 6.4 days (PMID 33362233) | 5-7 days (PMID 33915459) | 6.0 days (PMID 34535192)
Guillain-Barre syndrome (GBS) is an autoimmune disorder affecting the peripheral nervous system. It is a life-threatening immune-mediated acute inflammatory polyneuropathy. GBS is often triggered by infections.
no
Decreased lymphocyte count | Thrombocytopenia | Elevated serum C-reactive protein | Elevated lactate dehydrogenase | Elevated D-dimer concentrations | Lymphopenia | Elevated CPK | Elevated ferritinemia | Elevated erythrocyte sedimentation rate | Increased inflammatory indices | Elevated IL-6 | Elevated serum ferritin
no
Factor XIa (FXIa)
Serine protease | Inducer of target cell apoptosis | Secreted by Natural Killer (NK) cells and cytotoxic T lymphocytes
yes
Condensin is required for the localization of topoisomerase II to the axial chromosomal structure, which is necessary for sister chromatid resolution during mitosis. Condensin aids topoisomerase II in decatenation. Condensin and topoisomerase II work together to prevent chromosome segregation failure.
PI3K/AKT signaling | PI3-K-Akt signaling | β-catenin pathway
no
casirivimab | imdevimab | REGN10933 | REGN10987
familial hemophagocytic lymphohistiocytosis type 2 (FHL 2)
Progranulin (PGRN) | Progranulin | secreted glycoprotein
Insufficient evidence in retrieved documents.
γ-cyclodextrin is mixed with grapefruit juice to attenuate the juice's inhibition of CYP3A, which can help prevent drug-grapefruit juice interactions. This attenuation is achieved through juice processing with γCD.
mitophagy
Morel-Lavallée lesion is a closed degloving injury in soft tissues caused by trauma or shear force. It involves the separation of skin and subcutaneous tissues from the underlying deep fascia. This separation is a result of shearing forces that tear perforating vessels.
Patatin is the major protein found in potatoes and is considered a valuable plant protein due to its functional properties and nutritional value. It is a fucosylated glycoprotein that may have anti-obesity effects. Patatin also has a high essential amino acid content.
Inhibition of protein biosynthesis | Block protein synthesis | Early step in the vesicular transport mechanism
3DGD | 3DBG | 3DIV | 3DSNP
B-cell maturation antigen (BCMA) | CD3
no
yes
yes
Nuclear transport | Trafficking of proteins to and from the nucleus | Macromolecular transport through nuclear pore complexes
Approximately 3% | 3 percent | 3%
daratumumab | elotuzumab
A novel neurodevelopmental disorder | A novel neurodevelopmental syndrome with progressive microcephaly, seizures, and joint anomalies | Autosomal recessive neurodevelopmental disorder
yes
yes
VEGF-A | Ang-Tie pathway | VEGF | Ang2
Stress | Osmotic stress | Ca2+ signaling
Significantly enhanced EC migration | Stimulated migration of HCAEC and EA.hy926 cells | Improved vascular permeability
yes
Pulmonary embolism | Septic embolus | Lung infarction
Immunosuppressive enzyme | Mediator of immune tolerance | Normal endogenous mechanism of acquired peripheral immune tolerance
Uptake of extracellular proteins, liquids, and particles | Internalize extracellular fluids and nutrients | Nonselective uptake of nutrients to support growth under nutrient-deprived conditions
Insufficient evidence in retrieved documents.
Are you asking about chromones as a type of chemical compound, or in relation to a specific medication or condition?
Myeloid leukaemia | AML
Lanifibranor is a pan-PPAR agonist. It modulates key metabolic, inflammatory, and fibrogenic pathways. By acting on three different PPAR isotypes, Lanifibranor combines pharmacological effects that could address different components of the disease.
yes
DHX36 is a DEAH-box, ATP-dependent helicase highly specific for G-quadruplexes (G4s) in both DNA and RNA. It disrupts G4 structures, contributing to their regulatory roles in processes such as gene expression, replication, and transcriptional and post-transcriptional regulation. DHX36 unwinding activity can be inhibited by other molecules.
YY1 is a transcription factor that can activate or repress transcription of a variety of genes and is involved in several developmental processes [1]. YY1 can bend DNA to regulate contact between other proteins [4]. YY1 also interacts with M-MITF and c-Myc [2, 5].
CYP1A2 | CYP3A
*   NPM1
*   MLL
*   CEBPA
Renal cell carcinoma (RCC) with clear cell histology (ccRCC) | von Hippel-Lindau (VHL) disease-associated RCC | Solid tumors | Kidney cancer
Nucleoskeleton underneath the INM | Plants | Plant homeostasis and adaptation
no
yes
yes
intellectual disability | spastic-dystonic cerebral palsy | epilepsy | hearing loss | sensorineural hearing loss | microcephaly | developmental delay | cerebral palsy
atezolizumab | bevacizumab
Yes, ALS can be a heritable disease. Approximately 5-10% of ALS cases are familial, associated with gene mutations such as C9orf72, SOD1, TDP-43, FUS, UBQLN2, and OPTN.
Could you please provide more context? Are you referring to a medication, a gene, or something else?
CPX-351 is indicated for the treatment of adults with newly diagnosed therapy-related acute myeloid leukemia or acute myeloid leukemia with myelodysplasia-related changes. It is a liposomal formulation of cytarabine and daunorubicin.
moderate-to-severe developmental delay | progressive neurological abnormalities | neurosensory abnormalities | variable white matter involvement | autism | hyperactive behavior | pontine hypoplasia | cerebellar atrophy with prevalent vermian involvement | hearing loss
Synthetic marijuana use | Synthetic cannabinoid use | Marijuana smoking
Are you asking about the AlphaFold protein structure prediction tool?
Fragile X-related disorders (FXDs) | FMR1 disorders
Are you asking about a medication, a research study, or something else?
Biallelic variants in HPDL cause a syndrome varying from juvenile-onset pure hereditary spastic paraplegia to infantile-onset spastic tetraplegia associated with global developmental delays.
Interleukin-36 receptor
yes
yes
Enhances oral bioavailability | Inhibition | Inhibits intestinal cytochrome P450 3A4
Retinal dystrophy | Optic atrophy | Retinal degeneration
yes
Cytoplasmic granule-associated proteins | Secretory granules | Leukocytes
no
life-threatening COVID-19
no
yes
no
yes
KAT7 is a genetic vulnerability in acute myeloid leukemias (AML) driven by MLL rearrangements. Loss of KAT7 leads to a loss of H3K14ac and H4K12ac marks, reduced proliferation, increased apoptosis, and differentiation of AML cells. The acetyltransferase activity of KAT7 is essential for the proliferation of these cells.
capecitabine | irinotecan
CrAssphage is the most abundant human-associated virus and a member of a large group of bacteriophages that infect bacteria of the phylum Bacteroidetes [2]. They are a broad group of diverse bacteriophages in the order Caudovirales and are highly abundant in the human gastrointestinal tract [3, 4]. CrAssphage has been proposed as a human-specific marker for tracking fecal contamination [1].
Circular RNA (circRNA) functions include acting as microRNA sponges, transcriptional regulators by binding to RNA-binding proteins, and RNA or protein decoys to regulate gene expression. They also play a role in regulating cell biological function and cancer progression and can interact with miRNAs to regulate gene expression.
khellin
Protein Contacts Atlas
primary hemophagocytic lymphohistiocytosis (HLH) | primary HLH
yes
Regulates ATAXIN1 | Regulates specific target mRNAs posttranscriptionally | Regulates translation from the relevant mRNA
Are you asking about CPX-351 as a medication?
1.1% frequency in Finns | virtually absent in individuals from other ancestries | Insufficient evidence in retrieved documents.
KIT mutations | PDGFRA mutations | Wild-type KIT | Wild-type PDGFRA | Primary KIT mutations | Primary PDGFRA mutations | Secondary KIT mutations | Secondary PDGFRA mutations | Activation loop mutations in KIT | Activation loop mutations in PDGFRA
PYHIN proteins are a family of proteins involved in innate immunity [1]. They regulate immune response, transcription, apoptosis, and cell cycle [2]. Some PYHIN proteins, such as AIM2, sense double-stranded DNA, while others like IFI16, PYHIN1, and MNDA restrict viral pathogens [3, 4].
Chemotherapeutic agents | Antibiotics | Antiarrhythmic drugs
Rhabdomyolysis | Increased risk of new-onset diabetes | Proteinuria
trfermikit
yes
yes
Toripalimab is an anti-PD-1 monoclonal antibody. It binds to PD-1 and prevents the interaction of PD-1 with its ligands, PD-L1 and PD-L2.
yes
Postural headaches | Nausea | Vomiting | Dizziness | Photophobia | Tinnitus | Vertigo
no
yes
stearoyl CoA desaturase 1 (SCD1)
Defects in the RPS19 gene | Ribosomal gene mutations | Defects in the RPS19 gene, encoding the ribosomal protein S19
Involved in many essential cellular and organismal functions | Play important roles in key cellular functions, including telomere homeostasis and gene expression | Play a crucial role in the oncogene transcription and translation | Serve important regulatory roles in fundamental biological processes such as DNA replication, transcription, and translation
Epiregulin has elevated expression in various human cancers and promotes tumor progression and metastasis, which reduces patient survival. Epiregulin might play different roles according to its abnormal levels in tumor tissue. Epiregulin is epigenetically regulated in colorectal cancer.
CellVGAE
Bruton's tyrosine kinase
Are you asking about Cereblon in relation to a specific disease, drug, or area of research?
The Abbreviated Injury Scale (AIS) is used to quantify or ascertain injury severity. It is an anatomical-based coding system created to classify and code injuries resulting from trauma. The AIS score is used to quantify injury severity by body region.
Epidermal growth factor (EGF) family | EGF-like ligands | Insufficient evidence in retrieved documents.
Cap Trap RNA-seq is a technology combining cap trapping and long read MinION sequencing. It was developed to confirm transcription at microsatellites.
The Canadian C-Spine Rule is a clinical decision aid used to facilitate the safe removal of cervical collars, help physicians be more selective in ordering C-spine radiography, rapidly clear the C-spine without radiography, risk-stratify patients needing radiography, and clinically clear cervical spine fracture without imaging.
A transcriptional regulator | Functions in the regulation of developmental pathways | da gene in Drosophila
no
EGFR | epidermal growth factor receptor
*   NCAM1
*   CADM2
*   PHF2/FAM120A
*   DOCK9
*   CKAP2/TPTE2P3
*   BAG6
yes
Chaperone and Ca2+ buffer | Associated with radiation resistance | Assist correct protein folding within the ER
Rheumatoid arthritis | Stickler syndrome | Loeys-Dietz syndrome | Marfan syndrome | Morquio syndrome | Ehlers-Danlos syndrome | Ankylosing spondylitis
Increases leptin production and secretion | Induction of leptin secretion | EREG increased leptin production
The 9th release
no
DNA-protein crosslink proteolysis repair | Repair of covalent DNA-protein crosslinks | Metalloprotease
lower part of the spinal canal | lumbosacral spine | lumbosacral root
Runt-related transcription factor 1
Are you asking about the R/Bioconductor package "InteractiveComplexHeatmap"?
Brain Metastasis Velocity (BMV) describes the rate of development or recurrence of new brain metastases after initial treatment, such as radiosurgery or stereotactic treatment. It is a prognostic metric.
Cell competition is a social cellular phenomenon and a quality control mechanism where fitter cells eliminate neighboring less-fit cells to maintain tissue homeostasis. This process relies on fitness comparison among individual cells and can occur between normal and transformed cells.
Imminent death donation (IDD) involves procuring organs from patients before the withdrawal of life support, when death is anticipated. It is also described as living organ donation prior to a planned withdrawal of life-sustaining care in an imminently dying patient.
m6A "writer" | methyltransferase | key component of the large N6-adenosine-methyltransferase complex
The 4D Nucleome Network aims to map the structure and dynamics of the human and mouse genomes in space and time to understand how the nucleus is organized and functions. The project focuses on developing and benchmarking experimental and computational approaches for measuring genome conformation and nuclear organization, and investigating how these contribute to gene regulation and other genome functions.
atenolol | ramipril | hydrochlorothiazide | statin
Aβ amyloid | aggregated Aβ | beta-amyloid plaques
no
Pathogen recognition | Immune cell activation | Immune cell fate decisions | Immune reactions
Are you asking about a specific clinical trial, a medical device, or something else related to nextNEOpi?
The ATRIA score is used to detect thromboembolic and hemorrhagic risk in atrial fibrillation patients. It can also predict poor clinical outcomes in patients with acute myocardial infarction and is used to assess bleeding risk. A score >3 indicates non-low risk of bleeding.
HER-2 | Product of the HER-2 oncogene | ErbB2
neurologic examination | apnea testing
Amphiregulin decreases the anti-proliferative effect of cetuximab via AKT and ERK activation in cetuximab-sensitive CRC cell lines.
Could you please specify what you are referring to by "RCandy"?
Multinodular infiltration | Hypo-lymphocytosis | Bacterial co infection | Smoking history | Hyper-tension | Age
Caenorhabditis elegans | nematodes | parasitic flatworms
no
prostate cancer-associated transcript 6
yes
The ASTRAL score is an integer-based prognostic tool for acute ischemic stroke. It predicts functional outcome, 5-year dependence and mortality, and unfavorable outcomes at 3 and 12 months. It is considered a reliable tool for this purpose.
yes
Prostate
FTO suppresses pancreatic cancer tumorigenesis by demethylating PJA2, reducing its mRNA decay, and inhibiting Wnt signaling. This process restrains the proliferation, invasion, and metastasis of pancreatic cancer cells.
GLYCO
Tubulin polymerization | Src kinase signaling | Src kinase | Peptide substrate site of Src
yes
BACH1 is a regulator of the cellular response to oxidative stress, acting as a repressor. It is also a DNA repair protein supporting BRCA1 damage response and suppresses expression of HO1. Furthermore, BACH1 functions in coordination with multiple signaling molecules.
Epiregulin
MBPpred
ANCA-associated vasculitis
yes
Ankylosing spondylitis (AS) | Bechterew's syndrome | Marie-Strümpells disease
EGFR/MAPK pathway | Dose-dependent manner | Induction of leptin secretion
yes
no
yes
yes
yes
yes
KRASG12C
yes
Are you asking about luteolin as a supplement, a medication, or something else?
no
PheneBank
Relapsed and refractory multiple myeloma (RRMM) | Refractory multiple myeloma | Multiple myeloma
Pancreatic cancer | Lung cancer | Breast cancer
PCAT6 is involved in the progression of multiple human cancers and is abnormally elevated in various human malignant tumors. It affects tumor cell proliferation, migration, invasion, cycle, apoptosis, radioresistance, and chemoresistance. PCAT6 also plays a role in breast cancer progression.
yes
KIT | Platelet-derived growth factor receptor alpha (PDGFRA) | Oncogenic KIT mutants | Platelet-derived growth factor receptor alpha (PDGFRA) mutants | KIT activation loop mutants | Platelet-derived growth factor receptor alpha (PDGFRA) exon 18 mutation
Jackhammer esophagus is a rare esophageal motility disorder associated with hypercontractility. It can result in dysphagia, chest pain, and gastro-esophageal reflux symptoms.
yes
Recessive hereditary motor neuropathy
The Apfel score is an evidence-based tool used to assess the risk of PONV (postoperative nausea and vomiting). The simplified Apfel score is frequently used to assess PONV risk in the general surgical population.
Pregnant women | Females | Women
Are you asking about a specific gene, a research tool, or something else related to EpiMethylTag?
C1s protein | Classical pathway complement factor C1s
yes
Multilocus Inherited Neoplasia Allele Syndrome (MINAS) is a phenomenon where patients with hereditary cancer have more than one pathogenic mutation in high and/or moderate-risk-associated cancer genes. MINAS has been potentially linked to more severe clinical manifestations.
no
Treatment of schizophrenia | Acute treatment of bipolar depression
yes
Are you asking about Sublocade the medication, or something else?
no
Gilteritinib is a FLT3/AXL inhibitor and a FLT3 kinase inhibitor. It has demonstrated activity against FLT3-ITD and FLT3-TKD mutations.
N-acetylgalactosamine (GalNAc) conjugation of siRNAs allows for delivery to the liver and direct liver cell targeting. This conjugation induces RNAi-mediated gene silencing in the liver, owing to uptake mediated by the asialoglycoprotein receptor (ASGPR).
Synthetic lethality is a genetic interaction where simultaneous deficiencies or perturbations of two genes result in cell death or decreased cell viability, while a deficiency or perturbation of either gene alone is not lethal. It is the synthesis of mutations leading to cell death. This can be interpreted as redundancy at an essential metabolic step.
Two | 2 | 0 and 12 weeks
Xp21 probes | EMG | Muscle biopsy | Serum CK assay | Denaturing high-performance liquid chromatography (DHPLC) | Multiplex PCR (mPCR) | Sequencing | Fibronectin (serum biomarker)
yes
Both acquired and congenital | Acquired | Inherited
Upstream or at the 5' end of the transcription initiation site | Proximal to the transcription start site (TSS) | Regions of variable length upstream of the open reading frames of genes
24 weeks | NCT02595398 | 0 and 12 weeks
Progressive weakening and loss of skeletal muscles | Facial weakness | Periscapular weakness | Foot dorsiflexor weakness | Hip girdle weakness | Hearing loss | Weakness of shoulder and pelvic girdle | Weakness of humeral muscles | Weakness of anterior foreleg muscles | Prominent scapular winging | Anterior axillary folds | Horizontally positioned clavicles | Upper arm weakness | Lower limb musculature weakness
Adagrasib irreversibly and selectively binds to KRASG12C, locking it in its inactive state. It utilizes the Switch II binding pocket and Cys12 residue of GDP-bound KRAS proteins in G12C mutants, confining them to their inactive state.
yes
Are you asking about enhancers in genetics, or something else?
Via a microneedle-based device, the SCS Microinjector | Suprachoroidal use | Injectable suspension
Duchenne muscular dystrophy | Becker muscular dystrophy | Myotonic muscular dystrophy | Ullrich congenital muscular dystrophy (UCMD) | Bethlem myopathy (BM) | Facioscapulohumeral dystrophy
Fazirsiran targets liver disease associated with alpha1-antitrypsin deficiency. It is an RNA interference therapeutic.
Myocardial cell | Heart | Left ventricle
yes
no
Myotonic dystrophy type 1 (DM1) | Myotonic dystrophy type 2 (DM2)
Nivolumab | Relatlimab
Anterior chamber of the eye | Eye | Eyeball
yes
Autosomal recessive | Autosomal recessively inherited | Autosomal recessive inherited disorder
Duchenne muscular dystrophy (DMD) and Becker muscular dystrophy (BMD) differ in the amount of dystrophin present, with DMD patients having virtually none and BMD patients having 10-40% of the normal amount. They also differ in age of onset, severity of disease and rate of progression. Both are caused by mutations of the DMD gene.
Lance-Adams syndrome is a rare syndrome occurring after cardiopulmonary resuscitation, resulting from brain damage caused by cerebral hypoxia. It is also known as chronic or late post-hypoxic myoclonus and is often accompanied by action myoclonus. Myoclonus can manifest as generalized, focal, or multifocal movements.
Mitapivat is an oral activator of pyruvate kinase in red cells. It upregulates both wild-type and mutant forms of erythrocyte pyruvate kinase, increasing ATP production and reducing levels of 2,3-diphosphoglycerate, and increasing hemoglobin levels in patients with pyruvate kinase deficiency. It also mitigates ineffective erythropoiesis.
Are you asking about the general term for this arrangement of genes, or are you interested in a specific example in a particular prokaryote or context?
Insufficient evidence in retrieved documents.
deletions (about 65%) | duplications (about 7%) | point mutations (about 26%) | unknown mutations (about 2%)
yes
no
Are you asking about promoters in the context of genetics, drug development, or something else?
no
Insufficient evidence in retrieved documents.
Daridorexant is a dual orexin receptor antagonist. It is used for the treatment of insomnia.
Early detection of drug's hepatotoxicity | DILI causality assessment | Signal confirmation in early drug development
A persistently positive RT-PCR test for SARS-CoV-2 weeks after illness may not indicate the presence of replication-competent virus. Viral RNA persistence can last for more than two weeks and may be associated with a weaker immune response. Immunocompromised individuals can have prolonged positive RT-PCR results.
Friedreich's ataxia is caused by mutations in the frataxin (FRDA or FXN) gene, specifically an expansion of a GAA triplet or guanine-adenine-adenine (GAA) nucleotide repeat in the first intron of the gene. This mutation leads to decreased frataxin expression.
DNA test using Southern Blotting and hybridization to a set of probes | Molecular diagnosis | Southern blot analysis with DNA probe p13E-11 | Molecular diagnostic testing
yes
yes
RNA structural modulation | Altering their structure in response to specific metabolite binding | Metabolite binding
Are you asking about Concerta® as a medication, or something else?
Autism spectrum disorder | Attention deficit disorder and hyperactivity | Obsessive-compulsive disorder | Anxiety | Depression
Interleukin-4 (IL-4) | Interleukin-13 (IL-13)
Articular chondrocytes | Cartilage progenitor cells | Embryonic stem cells | Mesenchymal stem cells | Ex vivo expanded chondrocytes | Bone marrow-derived mesenchymal stem cells | Mature articular chondrocytes | Chondrocyte progenitors | Pluripotent stem cells
yes
2021
yes
yes
yellow light
TATA box
9 | Nine | 9 subjects each cohort
Approximately 1:8000
Spinal muscular atrophy (SMA) | spinal muscular atrophy
Myotonic Dystrophy type 1 (DM1) | Neurodegenerative neurological diseases | Huntington Disease | Alzheimer's disease | Experimental cerebral malaria
Assay for Transposase Accessible Chromatin sequencing (ATAC-seq) | Transposome hypersensitive sites sequencing (THS-seq) assay
1.8 g/day | 9.0 g/day
Neonatal Infant Pain Scale (NIPS) | Comfort scale | Scale for Use | Neonatal Pain, Agitation, and Sedation Scale (N-PASS) | CRIES (cry, requires O(2), increased vital signs, expression, sleeplessness) | CHIPPS (children's and infants' postoperative pain scale) | Neonatal Infant Acute Pain Assessment Scale | Premature Infant Pain Profile-Revised
no
frataxin gene | FRDA gene | STM7/X25 gene
no
yes
no
Antisense oligonucleotides are synthetic, single-stranded nucleic acids (often DNA-based) that bind to RNA to alter or reduce its expression. In contrast, siRNAs are double-stranded RNA molecules that hybridize with mRNA to block translation or activate Ago2.
Are you asking about the brand name medication Yutiq?
1/3300 male live births | 1:5,000 live male births | 1 in 3,500 male births
Atezolizumab | Cobimetinib | Vemurafenib
Amniotic fluid is created by the flow of fluid from the fetal lung and bladder. It is also produced by fetal urines with small contributions from fetal membranes.
Superficial bladder cancer | Superficial transitional cell carcinoma | Bladder cancer
Collagen VI-related dystrophies | LAMA2-related dystrophies | Laminin subunit alpha 2 (LAMA2)-related (merosin deficient) congenital muscular dystrophies | α-dystroglycan-related congenital muscular dystrophies | Congenital muscular dystrophy type 1A (MDC1A)
Relapsed or refractory multiple myeloma | Multiple myeloma
ANP | BNP | CNP | DNP | urodilatin | uroguanylin | osteocrin | musculin | NPPA | NPPB | NPPC | atrial natriuretic peptide | brain natriuretic peptide | C-type natriuretic peptide | Dendroaspis natriuretic peptide
yes
Facioscapulohumeral Muscular Dystrophy type 1 (FSHD1) is caused by a contraction of the D4Z4 repeat array on chromosome 4. Facioscapulohumeral Muscular Dystrophy type 2 (FSHD2) is associated with mutations of the SMCHD1 or DNMT3B gene in the presence of a disease-permissive 4qA haplotype, and occurs in patients without a D4Z4 repeat contraction on chromosome 4.
recurrent C. difficile infection | Clostridioides difficile recurrence | rCDI
yes
Trichotillomania is defined as an obsessive-compulsive or related disorder characterized by the recurrent pulling out of hair from any region of the body (hair pulling disorder).
Xp21 | X chromosome (Xp21)
Tolebrutinib is a potent BTK inhibitor that covalently binds the kinase, resulting in durable inhibition. It crosses the blood-brain barrier and inhibits BTK in microglial cells isolated from the CNS.
no
Insufficient evidence in retrieved documents.
Eteplirsen is an antisense oligonucleotide designed to induce exon 51 skipping. This action restores the translational reading frame of DMD, promoting dystrophin production by inducing the production of internally shortened dystrophin in patients with mutations amenable to such treatment.
yes
The DESTINY-Breast04 trial showed that trastuzumab deruxtecan is effective for patients with inoperable/metastatic HER2-low breast cancer. Specifically, trastuzumab deruxtecan resulted in significantly longer progression-free and overall survival than the physician's choice of chemotherapy for patients with HER2-low metastatic breast cancer.
In what context are you asking about LOQ and LOD?
Histone acetyltransferases (HATs) transfer acetyl groups to lysine residues on histones to modulate their intermolecular binding properties and control various cellular processes. This transfer plays a central role in transcriptional regulation and activation.
SERPING1 | Factor 12
Casimersen binds to exon 45 of the DMD gene pre-mRNA, resulting in the skipping of exon 45 during mRNA processing. This mechanism is intended to produce an internally truncated, but functional, dystrophin protein in patients with Duchenne muscular dystrophy (DMD).
Tiragolumab is an anti-TIGIT inhibitory immune checkpoint agent. It can reactivate the immune response of tumor infiltrating lymphocytes (TILs).
Glial fibrillary acidic protein (GFAP) | Neurofilament light chain (NfL)
Acute limb ischemia | Abdominal and thoracic aortic thrombosis | Mesenteric ischemia | Myocardial infarction | Venous thromboembolism | Acute cerebrovascular accident | Disseminated intravascular coagulation | Deep vein thrombosis | Pulmonary embolism | Stroke | Myocardial injury/infarction
Are you asking about Cinryze as a medication?
yes
SARS-CoV-2 | Severe pneumonia | COVID-19
Indian muntjac
lysine | arginine
Pharming
2 to 5
no
Aspartate aminotransferase (AST) and gamma-glutamyl transpeptidase (GGT) are used as biomarkers of hepatocellular and cholestatic damage, respectively, when calculating the R value.
yes
Hereditary angioedema (HAE) is a rare autosomal dominant disorder caused by mutations of the SERPING1 or the Factor 12 genes. It is characterized by recurrent and unpredictable swellings and episodic attacks of subcutaneous and submucosal edema, which can be painful, incapacitating, and potentially fatal. These attacks are mediated by excessive bradykinin production.
Viltolarsen is a phosphorodiamidate morpholino antisense oligonucleotide (PMO) designed to skip exon 53 of the DMD gene. It is used for the treatment of Duchenne muscular dystrophy (DMD).
no
Systemic iron balance | Systemic iron homeostasis | Iron metabolism
yes
Conestat alfa (Ruconest, rhC1INH)
Exon 53 skipping | Duchenne muscular dystrophy (DMD) | DMD
iris coloboma | anorectal malformations | auricular abnormalities
yes
Are you asking about initiating, continuing, or discontinuing inhaled glucocorticoids?
no
Duchenne muscular dystrophy (DMD) with genetic mutations amenable to skipping exon 51 | DMD | Defective gene variants of DMD through specific skipping of exon 51
no
Hepatocyte | Liver
H3K4me1 | H3K27ac | H3K27me3 | H3K36me2 | H3K36me3 | H3K79me2
yes
DMD in patients who have a mutation of the DMD gene that is amenable to exon 45 skipping | Frameshift DMD mutations
Plasmodium falciparum | malaria | antimalarial monoclonal antibody
Cal-Light is a dual-protein switch system and photoactivatable calcium sensor. It translates neuronal-activity-mediated calcium signaling into gene expression in a light-dependent manner and can trigger the expression of genes.
Promoter | Promoter region | Short promoter sequence
yes
7 to 13 years | 9-11 years | around age 12
yes
Indocyanine green (ICG) is used in medical imaging and testing, including as a fluorescent probe in clinical imaging and as a dye for fluorescent-guided surgery. It is also used for hepatic function evaluation, fundus evaluation, and to image retinal and choroidal vessels.
Could you tell me what context you're interested in this process, such as a specific gene, disease, or research area?
no
Late teens to over 30 years of age | Second decade of life | Teens and twenties
yes
Erythroblasts | Erythroid cells
Mediator functions as an integrator of transcriptional regulatory activity by interacting with DNA-bound transcription factors and RNA polymerase II (Pol II) to both activate and repress gene expression. It serves as a link between gene-specific transcription factors and RNA polymerase II, affecting multiple steps in transcription. Mediator facilitates transcription factor-dependent regulation of gene expression, converting biological inputs to physiological responses.
Fragment-based drug discovery
yes
Feeding behavior | Sleep and wakefulness states | Metabolism | Arousal | Reward | Addiction | Homeostatic processes
yes
Advanced (unresectable or metastatic) melanoma
Insufficient evidence in retrieved documents.
no
Could you provide some context? Are you asking about coactivators in relation to a specific gene, receptor, or disease?
Are you asking about PROTACs in relation to a specific disease or treatment?
Albumin | Bilirubin
Xraphconn® | GS-441524 | Propentofylline (PPF) | Mefloquine | GC376
no
TNBC
MM | Multiple Myeloma
Feline spongiform encephalopathy (FSE) is a transmissible spongiform encephalopathy affecting domestic and captive wild cats. It is related to bovine spongiform encephalopathy (BSE) and associated with consuming contaminated feedstuffs, leading to the accumulation of an abnormal prion protein in the central nervous system. FSE has been reported in the United Kingdom and other European countries.
yes
yes
no
Liver hepatocytes | Hepatocytes | Human cells
Rebound COVID-19 refers to the recurrence of viral RNA and symptoms after initial improvement, particularly following treatment with nirmatrelvir/ritonavir. The exact mechanisms are unclear but may involve drug resistance, impaired immunity, insufficient dosing, or persistent high viral load.
Mantle cell lymphoma (in adults who have received at least one prior therapy) | Waldenström macroglobulinemia (in adults) | Relapsed or refractory marginal zone lymphoma (in adults who have received at least one anti-CD20-based therapy)
yes
Primary brain tumours of oligodendroglial histology | Disseminated tumor with mixed immunohistochemical features of oligodendroglioma and neurocytoma | Oligodendroglial tumors | Glial tumor | Lower-grade gliomas
RNA | long noncoding RNA
Are you asking about microexons in a specific tissue, disease, or gene?
yes
The Fenton reaction is the reaction between iron and hydrogen peroxide. This reaction generates hydroxyl radicals. Iron ions act as a catalyst of oxidation with hydrogen peroxide. It is important for industry and biological systems.
tryptophan
SOX9 is a transcription factor involved in various developmental processes. It regulates downstream factors in chondrogenesis, plays critical roles in neurodevelopment within neural stem cells, and functions as an intestine crypt transcription factor. Duplication of SOX9 can cause autosomal XX sex reversal.
Cell cycle progression | Differentiation | Antigen presentation | Retrovirus assembly | Apoptosis | Signal transduction | Transcriptional activation | Biological clocks | Receptor downregulation | Endocytosis | Degradation of proteins by the proteasome | Activation | Proliferation | Cell death | Alter protein localization | Alter protein function | Alter protein transport | Alter protein interaction | Alter activity of an enzyme
safety | pharmacokinetics | preliminary efficacy
Mutations in the frataxin (FXN) gene | Decreased expression of frataxin (FXN) protein | Deficiency of frataxin protein
Chemotherapeutic agent intravenous injection | Chemotherapy-associated drug eruption | Peripheral infusion of chemotherapy agents | Intravenous infusion of 5-fluorouracil | Infusion of several chemotherapeutic agents
A-syn, especially in aggregated forms, is linked to cell death. This occurs through mechanisms such as altered neuronal excitability, disruption of cell membrane integrity, impaired mitochondrial function, and proteasomal/lysosomal dysfunction leading to protein accumulation. The exact mechanism of a-syn-mediated cell death remains elusive [1].
Oncogenes | Genes positively controlling cell cycle checkpoints | Growth-related genes
Autosomal dominant | Autosomal recessive | Insufficient evidence in retrieved documents.
First or second decade of life | First or second decade
hip fracture | displaced intracapsular hip fractures | hip trauma
yes
no
Insufficient evidence in retrieved documents.
Mutations in SMN1 | Reduced survival motor neuron (SMN) protein | Loss-of-function mutations in the survival of motoneuron gene 1 (SMN1)
no
Are you asking about Luminopsins in the context of research, a specific disease, or something else?
Sustained proliferation | Evading growth suppressors | Metastasis | Replicative immortality | Angiogenesis | Resisting cell death | Altered cellular energetics | Immune evasion | Escape from apoptosis | Genomic instability | Proliferative signaling | Resistance to cell death | Inducing angiogenesis | Activating invasion and metastasis | Self-sufficiency in growth signals | Insensitivity to growth-inhibitory signals | Evasion of programmed cell death | Limitless replicative potential | Sustained angiogenesis | Invasion and metastasis
phase III
EMD | LMNA | SYNE1 | SYNE2 | FHL1 | TMEM43 | SUN1 | SUN2 | TTN
no
ATP | Coelenterazine | Luciferin | D-luciferin | CycLuc1
Master regulatory genes are transcription factors that regulate the identity and patterning of embryonic structures and the development of organs. They act on the top of a regulatory hierarchy that determines a complete developmental program. In the context of cancer, a master regulator is a key gene controlling cancer initiation and progression.
Phase I/II double-blind, comparator-controlled trial | Randomized, clinical trial | Phase I/II trial
Polymyositis (PM) | Dermatomyositis (DM) | Inclusion body myositis (IBM) | Immune-mediated necrotising myopathy | Sporadic inclusion-body myositis | Overlap myositis | Antisynthetase syndrome | Autoimmune necrotizing myopathy (AINM) | Inflammatory myopathies associated with connective tissue diseases (overlap myositis)
Malaria
yes
Genome-wide association studies (GWAS) are observational studies that examine genetic variants across many individuals to identify associations with traits or diseases [3]. GWAS are a powerful tool to detect genetic risk factors and reveal the genetic architecture of diseases [4, 5]. They evaluate associations between genetic variants and a trait or disease of interest free of prior biological hypotheses [2]. GWAS can detect the association between single-nucleotide polymorphisms (SNPs) and common human diseases [5].
Proteolysis targeting chimeras | proteolysis-targeting chimeras | Insufficient evidence in retrieved documents.
1:40,000 live births | 1:77,000-1:34,000 live births | 1:40,000 - 1:77,000 liveborn infants a year
Hypothermia | Acidosis | Coagulopathy
Glossectomy is a tongue reduction, and total glossectomy is the procedure for the entire removal of the tongue. Total glossectomy is performed in the context of tumor ablation or advanced carcinoma of the tongue.
Histone modification | DNA methylation | Small RNAs | Chromatin remodeling | Noncoding RNAs
BTK
Early-onset (≤14 years) | Intermediate onset (15-24 years) | Late onset (≥25 years) | Late-onset (age of onset 25-39 years) | Very-late-onset (age of onset >40 years) | Late-onset Friedreich's ataxia (LOFA), after the age of 25 years | Very late-onset cases of Freidreich ataxia (VLOFA), after the age of 40 years
capivasertib | fulvestrant
Are you interested in a specific gene or its effect in a particular disease?
Splicing | Cleavage and polyadenylation | Capping at the 5' ends | Transport of mRNA from the nucleus to the cytoplasm
HIV-1 pre-exposure prophylaxis (PrEP)
acute Werdning-Hoffmann (type I) | intermediate Werdnig-Hoffmann (type II) | Kugelberg-Welander disease (type III)
Relapsing multiple sclerosis | Multiple sclerosis
Symmetric, blanchable, slightly warm, nonscaling erythema | "Liver palms" | Superficial skin infection
yes
Trichotillomania treatment requires a comprehensive plan, potentially involving an interdisciplinary approach. Treatment options include behavioral therapy and pharmacotherapy. Pharmacotherapy options include tricyclic antidepressants, selective serotonin reuptake inhibitors, and glutamate-modulating agents such as N-acetylcysteine, which is considered a good first-line option.
Polyalanine expansion mutation | Short heterozygous expansions of a (GCN)(10) triplet located in the first exon of the PABPN1 gene | Triplet repeat expansion in exon 1 of the PABPN1 gene
Respiratory syncytial virus (RSV)
durvalumab
tumor suppressor genes | negative regulators | Rb, p53, p16INK4A/MTS1 and p15INK4B/MTS2
September 4, 2014 | Advanced (unresectable or metastatic) melanoma | Unresectable or metastatic melanoma
Approximately 1 in 80,000 individuals worldwide | As much as 1:600 in some populations | Rare
Vomiting | Severe chest pain | Subcutaneous cervical emphysema
Could you please provide more context? Are you referring to a medication, a gene, or something else?
no
Are you asking about Ruconest the medication?
Amyotrophic lateral sclerosis (ALS) | Spinal muscular atrophy (SMA) | Progressive bulbar palsy | Primary lateral sclerosis (PLS) | Spinal and bulbar muscular atrophy (SBMA) | Kennedy's disease | Spastic paraplegias | Progressive muscular atrophy (PMA)
hereditary angioedema
Neurological diseases | Hematological diseases | Renal diseases | Autoimmune diseases | Immune-mediated diseases
Insufficient evidence in retrieved documents.
Colorectal cancer | CRC
*   Mutations in at least 75 genes cause Leigh syndrome.
*   Mutations can occur in nuclear- and mitochondrial-encoded genes.
*   Most genes associated with Leigh syndrome are associated with mitochondrial respiratory chain function.
*   Pathogenic mutations in >75 genes have been identified, encoded by 2 genomes (mitochondrial and nuclear).
*   Leigh syndrome is genetically heterogeneous.
Seminal vesicle cysts | Ejaculatory duct obstruction | Unilateral renal agenesis | Ipsilateral renal agenesis
A regulon is a group of genes controlled as a unit, often by the same repressor or activator gene, or a set of target genes regulated by a transcription factor. In bacterial cells, regulons are the basic units of the response system, consisting of transcriptionally co-regulated operons. Eukaryotic regulons are regulatory units formed by a set of genes under the control of the same transcription factor.
yes
Expansion of a CAG repeat in the androgen receptor gene | CAG repeat expansion mutation in the androgen receptor gene | Expansion of trinucleotide cytosine-adenine-guanine repeats
Severe, uncontrolled asthma | Severe asthma | TSLP-mediated diseases
no
yes
Zanidatamab is a bispecific, humanized monoclonal antibody that targets two non-overlapping domains of HER2. It has demonstrated antitumor activity in a broad range of HER2-amplified/expressing solid tumors.
SOX10 is a transcription factor involved in the regulation of embryonic development and determination of cell fate. It plays a critical role in neural crest development, specifically in melanocytes. SOX10 also regulates genes coding for structural components of the myelin sheath and lipid metabolic enzymes in myelinating glia.
Friedreich's ataxia is an autosomal recessive disease caused by decreased expression of the mitochondrial protein frataxin, which leads to mitochondrial dysfunction. It is caused by a triplet repeat expansion in the frataxin gene (FXN). It can exhibit cerebellar sensory ataxia and diabetes.
no
Homeotic transformation is the transformation of one body part into something that resembles another body part. An example of this is the transformation of cervical vertebrae into thoracic vertebrae.
Spinal muscular atrophy is a neurodegenerative, autosomal recessive disease affecting motor neurons, which leads to muscle atrophy and weakness. It is genetically linked to the survival motor neuron gene (SMN), specifically resulting from survival of motor neuron 1 (SMN1) gene mutation or deletion.
Older age | Diabetes | Cardiovascular disease | Malignancy | Surgery/trauma | Human immunodeficiency virus infection | Immune deficiency | Obesity | Smoking | Chronic kidney disease | Sleep apnea
no
DNA and protein | Higher-order structures | Nucleoprotein complex
no
Enhancers play a significant role in cancer development and progression. Their dysregulation can lead to the misregulation of growth-related genes, activation of oncogenes, and aberrant gene expression patterns. Targeting enhancers and their associated RNAs may offer therapeutic strategies for cancer.
Breastfeeding | Non-nutritive sucking | Mother's heartbeat sounds
yes
Type 1 facioscapulohumeral muscular dystrophy (FSHD) | Type 2 FSHD
Microphthalmia-associated transcription factor (MITF) | Sox10
heterozygous SMCHD1 mutation plus DNA hypomethylation on D4Z4 | mutations of the SMCHD1 or DNMT3B gene in the presence of a disease-permissive 4qA haplotype
Spinal and bulbar muscular atrophy (SBMA) is a neurodegenerative disease characterized by slowly progressive muscle weakness and atrophy. It is an X-linked, adult-onset neuromuscular disease affecting spinal and bulbar motor neurons and skeletal muscles, resulting from an expansion of a CAG repeat in the androgen receptor gene.
Cardiomyopathy | Muscle symptoms | Muscle weakness | Skeletal muscle symptoms | Cardiac muscle symptoms
CMT1 (demyelinating form) | CMT2 (axonal form)
Contraction of the D4Z4 repeat array | Contraction of the D4Z4 repeat array on chromosome 4 | Contraction in the number of D4Z4 repeats on chromosome 4
Kearns-Sayre syndrome (KSS) is a rare mitochondrial disorder or disease caused by mutations in mitochondrial DNA. It is also described as a multisystem mitochondrial encephalomyopathy characterized by a primary dysfunction of the mitochondrial respiratory chain.
Golodirsen is a phosphorodiamidate morpholino oligomer (PMO) designed to induce exon 53 skipping. It functions as an antisense oligonucleotide.
Emery-Dreifuss muscular dystrophy (EDMD) is an inherited disorder affecting skeletal and cardiac muscles. It is characterized by muscular atrophy, contractures, and cardiomyopathy with conduction defects. It can be X-linked or autosomal.
no
Critical Appraisal and Data Extraction for Systematic Reviews of Prediction Modelling Studies | Methodological appraisals of predictive models | A checklist
*   Srrm4
*   Nova1
deletions (about 65%) | duplications (about 7%) | point mutations (about 26%) | unknown mutations (about 2%)
BDCA2 | humanized monoclonal antibody against BDCA2
Area under the receiver operating characteristic curve | Accuracy of discrimination | To evaluate risk models
yes
yes
Tirzepatide targets glucagon-like peptide 1 (GLP-1) receptors and glucose-dependent insulinotropic polypeptide (GIP) receptors.
Could you please clarify what context you're asking about, such as a specific condition, treatment goal, or region?
CYP1A2 polymorphisms modify the association of habitual coffee consumption with appetite. High coffee consumption is associated with lower appetite perception, but only in rapid metabolizers. Coffee consumption also leads to lower energy and dietary fat intake.
yes
Darolutamide is used for the treatment of castration-resistant prostate cancer. It is specifically indicated for nonmetastatic castration-resistant prostate cancer (nmCRPC). Darolutamide functions as an androgen receptor (AR) antagonist.
Here's a list of the main clinical features of small-fiber neuropathy (SFN) based on the provided evidence:

*   Neuropathic pain
*   Autonomic disturbances
*   Sensory disturbances
*   Acral burning pain
*   Reduced quality of life
October 24, 2016
Gene replacement strategies | RNA-based approaches | Cell-based gene therapy | Surrogate genes | Targeted exon skipping | Oligonucleotides as targeting vectors
yes
CDK9 is a kinase that controls mRNA synthesis and processing by RNA polymerase II. It forms the positive transcription elongation factor (P-TEFb) with T-type cyclins, which stimulates transcription elongation and functions in histone modification, mRNA processing, and mRNA export. CDK9 also plays a role in signal transduction, basal transcription, HIV-Tat- and MyoD-mediated transcription and differentiation.
RBM24 controls the cardiac QT interval by regulating CaMKIIδ. RBM24 is a critical regulator in controlling the cardiac QT interval, highlighting the key role of splicing regulation in cardiac rhythm.
yes
Rilzabrutinib is an oral Bruton tyrosine kinase (BTK) inhibitor.
Astrocytoma, isocitrate dehydrogenase (IDH)-mutant | Oligodendroglioma, IDH-mutant and 1p/19q codeleted | Glioblastoma, IDH-wildtype | chromosome 1p/19q co-deleted/IDH mutant | intact 1p/19q/IDH mutant | IDH wild type | astrocytoma | oligodendroglioma | mixed oligoastrocytoma
yes
yes
yes
no
About 8% | 10-12% | Insufficient evidence in retrieved documents.
no
CD20 | CD3
yes
KEYNOTE 002 | KEYNOTE 006
yes
Wilkie's syndrome, also known as Superior Mesenteric Artery Syndrome (SMAS), is a rare condition and cause of bowel or upper gastrointestinal tract obstruction. It is caused by compression of the third portion of the duodenum between the superior mesenteric artery and the aorta, potentially due to a reduced angle of the superior mesenteric artery.
PROTACs are bifunctional or heterobifunctional molecules that bind to a target protein and an E3 ligase. This interaction leads to ubiquitination and subsequent degradation of the target protein, often through the ubiquitin-proteasome system. They can also eliminate protein complexes formed by protein-protein interaction.
yes
Teclistamab is a T-cell-redirecting bispecific antibody. It works by targeting CD3, which is expressed on the surface of T cells, and B-cell maturation antigen (BCMA), which is expressed on the surface of myeloma cells.
Alkaline phosphatase
Merck | Merck & Co., Inc. | Merck Sharp & Dohme Corp.
no
immunomodulatory drugs (IMiDs) | thalidomide | lenalidomide
no
tixagevimab (AZD8895) | cilgavimab (AZD1061)
Nivolumab | Pembrolizumab
Dermatillomania or skin picking disorder (SPD) | Insufficient evidence in retrieved documents.
Rickettsia japonica | Spotted fever group rickettsiosis
PD-1 is a receptor that interacts with two ligands, PD-L1 and PD-L2. PD-L1 is expressed on hematopoietic and nonhematopoietic cells, while PD-L2 expression is restricted to dendritic cells and macrophages. PD-1 and PD-L1 can also be targets of inhibitors.
A virtual digital twin, based on genetic and other data, could guide nutrition in a personalized manner. This approach may revolutionize the management of obesity and its comorbidities and promote healthy aging.
no
Vomiting | Lethargy | Hyperventilation | Death | Hyperammonemic events | Moderate symptoms | Asymptomatic individual | Hyperammonemia | Hyperammonaemic encephalopathy | Asymptomatic carrier state
SRSF11 contributes to the metastasis potential of colorectal cancer by inhibiting the alternative splicing of HSPA12A pre-RNA. This suggests a PAK5/SRSF11/HSPA12A axis that could be a potential therapeutic target and prognostic biomarker in CRC.
Rheumatoid arthritis
Trophinin-associated protein (TROAP) is a cytoplasmic protein. It is required for spindle assembly and regulates microtubules. TROAP also mediates embryonic transfer/transplantation and is associated with cancer.
SRSF11 promotes metastasis in colorectal cancer by inhibiting the alternative splicing of HSPA12A pre-RNA. This suggests a PAK5/SRSF11/HSPA12A axis may be a therapeutic target.
HIV-1 infection | HIV | Multidrug-resistant human immunodeficiency virus (HIV)-1 virus
yes
yes
Catamenial pneumothorax is a recurrent, spontaneous pneumothorax occurring within a day before or 72 hours after the onset of menstruation [3]. It is also described as a rare form of spontaneous pneumothorax in females forming part of thoracic endometriosis syndrome [5]. It is one of the most frequent manifestations of thoracic endometriosis syndrome [4].
Are you asking about haptenization in the context of a specific drug, chemical, or condition?
no
Absent or defective abdominal wall muscles | Urinary tract abnormalities | Bilateral cryptorchidism
B-cells | B cell lymphoproliferative disorder | virgin B-cell neoplasm
Insufficient evidence in retrieved documents.
PDE4B | phosphodiesterase 4 (PDE4)
REMS requirements include medication guides, communication plans, elements to ensure safe use, implementation systems, and specified assessment intervals. RMP requirements are increased pharmacovigilance and risk minimization activities. Both REMS and RMPs provide guidance for identification, monitoring, and minimization of risk to patient safety.
yes
Recessive dystrophic epidermolysis bullosa (RDEB)
Progressive renal disease and alopecia | Renal failure | Severe renal disease and patchy alopecia
Metastasis in colorectal cancer | CRC metastasis | Changes in the pattern of microexon splicing
ASPA gene | aspartoacylase (ASPA) | aspartoacylase
no
Are you asking about the use of genetics in telehealth, or a specific genetic condition?
Mitapivat is an oral, small-molecule allosteric activator of pyruvate kinase. It upregulates both wild-type and mutant forms of erythrocyte pyruvate kinase (PKR), increasing adenosine triphosphate (ATP) production and reducing levels of 2,3-diphosphoglycerate. This represents a unique mechanism to mitigate ineffective erythropoiesis.
yes
Dermatillomania is a pathologic grooming disorder characterized by repetitive, ritualistic, impulsive skin picking without an underlying dermatologic condition. It is also referred to as skin picking disorder (SPD), a chronic, recurrent, and treatment resistant neuropsychiatric disorder.
Relapsed/refractory B-cell non-Hodgkin lymphoma | DLBCL | Progressive DLBCL after preceding CAR T-cell therapy
Hemophilia A | Hemophilia B
Insufficient evidence in retrieved documents.
no
yes
Oculopharyngeal Muscular Dystrophy (OPMD) is a late-onset, autosomal dominant neuromuscular disease. It is characterized by ptosis and dysphagia, and can also include proximal muscle weakness.
Dersimelagon is a selective agonist for melanocortin receptor 1. It increases levels of skin eumelanin.
2.62% | Insufficient evidence in retrieved documents. | Insufficient evidence in retrieved documents.
yes
A spillover event involves the transfer of pathogens between different species. This can involve the physical transfer of viral particles and is often from a reservoir population to a host population. These events are influenced by interactions between animals, humans, pathogens, and their environment.
X-linked inheritance | Autosomal inheritance
no
Total lipid | Saturated fatty acids | Monounsaturated fatty acids | Meat | Fat | Fiber | Micronutrients | Total caloric intake | Alcohol | Vitamin B12 | Cholesterol | Animal protein | Energy | Iron | Refined carbohydrates | Vitamin D | Calcium | Dairy products | Starch | Vegetables | Fruit
EP enhances immunogenicity of DNA vaccines | EP is an effective method for delivering DNA vaccines | EP enhances expression of the encoded antigen
yes
DMD amenable to exon 53 skipping
elexacaftor (VX-445) | tezacaftor (VX-661) | ivacaftor (VX-770)
well below 5% | 0.25% | Insufficient evidence in retrieved documents.
Upadacitinib | Tofacitinib | Filgotinib
no
Prednisone | Deflazacort
relapsed/refractory multiple myeloma | multiple myeloma
K-ras mutation
Prurigo nodularis is a chronic inflammatory skin disease characterized by intense pruritus. It presents with lichenified or excoriated papules and nodules. It can be localized or generalized.
Human-related environmental disturbances | Behavioural practices and ecological and socioeconomic change | Climate change, biodiversity loss and globalization
BPS | CPOT | FLACC | COMFORT | NIPS | PIPP-R | N-PASS
Pembrolizumab | Lenvatinib
The colonic microbiota drives the progression towards colorectal malignancy by generating reactive metabolites and carcinogens, altering host carbohydrate expression, and inducing chronic mucosal inflammation. Specific members of the microbiota may also promote IL17A production, promoting carcinogenesis. A diet-associated shift in gut microbiota can provoke injuries and inflammation to the colonic mucosa, contributing to the development of CRC.
no
tenofovir disoproxil fumarate | emtricitabine
Mutations in at least 75 genes | Mutations in one of over 75 different genes | Deficiency of pyruvate dehydrogenase complex E1 alpha subunit (PDHA1)
Primary diffuse meningeal melanomatosis is a rare variant of primary melanoma of the central nervous system, arising from melanocytes of the leptomeninges. It is characterized by a variety of nonspecific clinical, radiological, and histopathological features.
yes
yes
yes
Pegozafermin (PGZ) is a glycopegylated version of human fibroblast growth factor 21 (FGF21) that improves metabolic functions. Its mechanism of action includes promoting adiponectin levels, enhancing insulin sensitivity, increasing triglyceride uptake, and reducing de novo lipogenesis.
Hypercholesterolemia | Treatment of hypercholesterolemia in high-risk patients | Cholesterol-lowering
no
Metastatic uveal melanoma | HLA-A*02:01-positive uveal melanoma
Since 2016
yes
cabozantinib | nivolumab | ipilimumab
Domperidone is a dopamine antagonist, specifically a dopamine D2-receptor antagonist. It possesses anti-nausea, anti-emetic, and prokinetic properties. Its prokinetic effects are mainly manifest in the upper gastrointestinal tract.
Insufficient evidence in retrieved documents.
no
Carbon dioxide concentration | Exhaled carbon dioxide | Partial pressure of respiratory gas
Yes, men should be immunized against HPV. The HPV vaccine is important for reducing HPV-associated cancers in both genders, and vaccinating both men and women maximizes public health benefits and contributes to herd immunity. Most physicians would recommend HPV vaccination to males.
no
Lipectomy | Liposuction
Unpredictable effect on menstrual bleeding | Poor cycle control | Breakthrough bleeding | Bleeding problems
Peresolimab is a humanized IgG1 monoclonal antibody that stimulates the endogenous programmed cell death protein 1 (PD-1) inhibitory pathway. Stimulation of this pathway has shown potential efficacy in treating rheumatoid arthritis.
Eosinophilic esophagitis (EoE) and reflux esophagitis (RE) can be difficult to distinguish, but EoE is characterized by a prominent eosinophilic infiltrate (≥15 eosinophils/HPF), whereas RE has smaller numbers of eosinophils and neutrophils [1, 4]. A key difference is that EoE demonstrates persistent esophageal eosinophilia despite proton-pump inhibitor therapy [2]. The pathological role of lymphocytes in RE and EoE may be underestimated [3].
Heavy menstrual bleeding | Painful menstruation | Pelvic pain | Urinary problems | Constipation | Infertility | Recurrent pregnancy loss | Anemia | Pelvic pressure | Abnormal uterine bleeding | Reproductive dysfunction | Abnormal gynaecologic haemorrhage | Dyspareunia | Bowel symptoms | Urinary frequency or retention
RET kinase | RET proto-oncogene mutation | RET inhibitor
Are you asking about IL-35 as it relates to a specific disease or condition?
Contact with blood or body fluids of a person who contracted or died from EVD | Contaminated objects like needles | Infected animals or bush meat | Human-to-human transmission | Contact with patients | Nosocomial infections
Sotorasib selectively and irreversibly inhibits KRAS G12C, locking it in an inactive state, inhibiting oncogenic signaling, and inducing a proinflammatory microenvironment. It is a covalent inhibitor of KRASG12C.
Ticks | Airborne | Tick bites
yes
no
yes
Dysphoric mood | Self-deprecatory ideation | Agitation | Loss of energy | Reduced socialization | Altered school performance | Altered school attitude | Sleep disturbance | Appetite disturbance | Somatic complaints | Negative self-concept | Self-deprecation | Difficulty making choices | Sadness | Irritability | Reductions in positive affect
Nirmatrelvir (NMV) | Ritonavir (RTV)
Presenting results of diversely reported studies in a systematic review | Approximate examination of underlying effect sizes | Identify sources of heterogeneity across studies
Administer naloxone if opioid overdose is suspected. | Initiate cardiopulmonary resuscitation if the individual is unconscious and not breathing normally. | Carry out time-sensitive medical interventions. | Provide first aid.
Sparsentan is a single-molecule dual endothelin angiotensin receptor antagonist (DEARA). It functions by blocking both the endothelin type A receptor and the angiotensin II type 1 receptor.
MuSK antibody-positive Myasthenia Gravis is a subset of Myasthenia Gravis characterized by autoantibodies against the MuSK protein, leading to weakness in bulbar and proximal muscles. It accounts for about one third of seronegative Myasthenia Gravis. The effectiveness of thymectomy for this condition is uncertain, and some cases are treatment-resistant.
Could you please specify what disease or condition you are referring to?
yes
Increase breast milk production | Gastro-esophageal reflux disease | Dyspepsia
Dopamine (DA) | Serotonin (5HT) | Glutamate (Glu) | Gamma-amino butyric acid (GABA)
yes
Are you asking about a specific medication, gene, or something else?
Ventriculoperitoneal (VP) shunt placement | Cerebrospinal fluid (CSF) diversion by shunts | Surgical implantation of a cerebrospinal fluid (CSF) shunt
yes
yes
yes
Alzheimer's disease
Afibrinogenemia | Hypofibrinogenemia | Dysfibrinogenemia | Hypodysfibrinogenemia
Lepromatous nodular erythema | Severe aphtosis | Jessner-Kanoff's cutaneous lymphocyte infiltration | Discoid lupus erythematosus | Chronic graft-versus-host reactions | Relapsed and or refractory multiple myeloma (after the failure of standard therapies) | Acute erythema nodosum leprosum | Newly diagnosed myeloma (in combination with dexamethasone)
Intranasal | Nasal spray
Are you asking about the diagnosis of BGH in adults or children?
yes
yes
yes
IV artesunate | Intravenous artesunate | Parenteral artesunate
P85-Ab is a promising novel biomarker for nasopharyngeal carcinoma screening. It has higher sensitivity, specificity, and positive predictive value than the standard two-antibody method. Combining P85-Ab with the two-antibody method further increases the positive predictive value and sensitivity.
Atropine sulfate | Scopolamine butylbromide | Atropine-diphenoxylate | Hyoscyamine
FAM134B (also called JK-1, RETREG1) functions as an oncogene, originally discovered in esophageal squamous cell carcinoma, and as an ER-phagy-regulating receptor. Its dysfunction is related to several pathophysiological processes, including neuropathy, viral replication, inflammation, and cancer. It may also play a role in tumorigenesis of hepatocellular carcinoma and in epithelial-to-mesenchymal transition.
cervical cancer | anal cancer | head and neck cancers | penile cancer | vulvar cancer | oropharyngeal cancer | cancers of the oral cavity
TFAP2A, a member of the AP-2 transcription factor family, plays a role in cancer development. Specifically, AP-2α facilitates melanoma metastasis through transcriptional activation of genes within the E2F pathway. Overexpression of TFAP2A has also been linked to increased lymph node metastasis in basal-squamous bladder cancer.
Tetanus toxoid (TT; tetanus, diphtheria, acellular pertussis (Tdap) | Flu vaccines | Inactivated vaccines
Treatment of moderate-to-severe atopic dermatitis (AD) | Targeting interleukin (IL)-13 | AD treatment in adults
yes
no
Microcephaly | Neural tube defects | Early brain malformations | Structural eye abnormalities | Congenital deafness | Limb contractures | Fetal loss | Serious brain anomalies | Spontaneous abortion | Other adverse pregnancy and infant outcomes
GLI-1/2/3 | E2F1-8 | STAT3 | HIF-1/2 | NFI-A/B | TBXT | MYT1 | MYT1L
G1 | G2 | G3 | G4 | G5
atezolizumab | cobimetinib | vemurafenib
Dermatologic and mucosal toxicities | Hand-foot skin reaction | Rash | Oral mucositis | Constitutional symptoms | Fatigue | Nausea | Weight loss | Vascular effects | Hypertension | Gastrointestinal symptoms | Diarrhea | Desquamation
yes
Epstein-Barr virus is linked to Burkitt lymphoma, according to the provided evidence.
PTEN | Rb | p53 | TP53
no
Sigmoid volvulus
Epiregulin (EREG) and amphiregulin (AREG) are ligands of EGFR that play a central role in the development of colorectal cancer. Their expression is positively correlated with response to EGFR-targeted therapies, and they are predictive biomarkers for colorectal cancer patients treated with anti-EGFR therapies.
Addition of terminal cytosine-cytosine-adenosine (CCA) trinucleotides to all mature tRNAs | Addition of cytosine-cytosine-adenosine (CCA) to the ends of cytoplasmic and mitochondrial tRNAs
Insufficient evidence in retrieved documents.
yes
8%
STAT4 | SCN4A | ClC-1
yes
Cholesterol
yes
chromosome 10
Are you asking about a specific gene, a clinical trial, or something else related to KineDMD?
no
yes
Are you asking about the biogenesis of circRNAs in general, or are you interested in a specific type of circRNA or a circRNA related to a particular disease or gene?
Transgender individuals may have higher mortality rates compared to cisgender individuals. This includes higher rates of suicide, suicide-unrelated deaths, and all-cause mortality. Additionally, transgender individuals experience higher rates of cancer-related mortality, possibly due to avoidance of gender-assigned cancer screenings and later diagnoses.
Loss of heterozygosity on chromosome 10 | Extensive genomic deletions involving chromosome 10 | Loss of portions of chromosomes 10 and 17
Upper limb function assessment
Mezigdomide is a cereblon E3 ligase modulator (CELMoD). More specifically, it is a cereblon E3 ubiquitin ligase modulator.
Insufficient evidence in retrieved documents.
mTORC1 is a serine and threonine kinase that regulates cell growth, survival, and proliferation. It acts as a connection between nutrient signals and metabolic processes indispensable for cell growth. mTORC1 also influences ribosome biogenesis, mRNA translation, carbohydrate and lipid metabolism, protein degradation, autophagy as well as microtubule and actin dynamics.
no
no
no
Insulin icodec is designed for once-weekly subcutaneous administration.
yes
Symptomatic treatment | Extracorporeal shock waves therapy (ESWT) | Pulsed electromagnetic fields (PEFs) | Hyperbaric oxygen (HBO) | Vitamin D | Iloprost | Bisphosphonates | Denosumab | Surgery
Insufficient evidence in retrieved documents.
The tumor microenvironment (TME) and cancer stem cells (CSCs) play a crucial role in glioblastoma recurrence. The TME contains factors promoting tumor invasiveness, while CSCs contribute to therapy resistance and organize a microenvironment that supports their survival and expansion, ultimately leading to tumor relapse. Glioma stem cells (GSCs) within the TME also contribute to disease progression.
yes
yes
*Bacteroides fragilis* is associated with an increased risk of colorectal cancer through the release of toxins, activation of inflammation, and regulation of specific miRNAs, increasing cell proliferation. Recombinant *Bacteroides fragilis* enterotoxin-1 (rBFT1) can promote cell proliferation and accelerate tumor growth, possibly through the CCL3/CCR5 and NF-κB pathways.
Brain tissue | Basal ganglia | Not specified
Approximately one in ten individuals
IDH mutations are closely related to the development of glioma, especially lower-grade gliomas and secondary glioblastomas. These mutations can promote gliomagenesis through various mechanisms, including the production of 2-HG and upregulation of VEGF and HIF-1α. However, gliomas with IDH1 or IDH2 mutations have better outcomes compared to those with wild-type IDH.
yes
sitagliptin | simvastatin
yes
The exposome is the totality or cumulative measure of environmental influences and associated biological responses throughout the lifespan. It includes environmental exposures, diet, behavior, and endogenous processes. It is a framework that allows for concurrent examination of multiple intrinsic and extrinsic factors, as well as changes in exposures over time.
Polysomnography (PSG) recordings | Overnight polysomnography | Formal sleep study including overnight polysomnography
FGFR1 | BRAF | Insufficient evidence in retrieved documents.
no
African Americans | Black Americans
low-density lipoprotein receptor
Bleeding | Retained products of conception | Retained cervical dilator | Uterine perforation | Amniotic fluid embolism | Misoprostol toxicity | Endometritis | Pelvic inflammatory disease | Ectopic pregnancy | Infertility | Chronic pelvic pain
Are you asking about episignatures in the context of a specific disease or condition?
yes
Pamrevlumab (FG-3019) is a fully human monoclonal antibody that binds to connective tissue growth factor (CTGF).
Liver-dominant colorectal metastases after failure of surgery or systemic chemotherapy | Pre- and post-operative downsizing | Minimizing time-to-surgery
Alzheimer's disease is a neurodegenerative disorder characterized by the accumulation of misfolded proteins, including amyloid-beta. This accumulation leads to cognitive decline and memory impairment. Neurofibrillary tangles and tau protein are also associated with the disease.
yes
yes
CIN | RAS mutations | BRAF mutations | microsatellite instability | ctDNA | consensus molecular subtypes
Nutritional management | Loss of ambulation | Progressive and generalized muscle weakness | Muscle weakness | Loss of independence | Premature death
Infiltrating lymphocytes | Poor histological grade | Mucinous appearance
no
Here's a list of the mechanisms of action of regorafenib on tumor cells, based on the provided evidence:

*   Targets tyrosine kinases involved in oncogenesis. [1]
*   Inhibits receptor tyrosine kinases expressed on tumor cells (c-KIT, RET, and BRAF). [2]
*   Induces the expression of PUMA, a p53 target and a critical mediator of apoptosis in colorectal cancer cells. [3]
*   Inhibits RAF1. [4]
*   Anti-angiogenesis. [4]
*   Remodeling of tumor microenvironment. [4]
*   Dual blockade of VEGF receptors and TIE2. [4]
*   Inhibits molecular escape pathways to VEGF inhibition (e.g., FGF, PIGF, and PDGF signaling). [4]
*   Accelerates apoptosis resistance and migration capability in colorectal cancer cells. [5]
Autosomal dominant PKD (ADPKD) | Autosomal recessive PKD (ARPKD) | Syndromic PKD (SPKD)
yes
yes
*   USA
*   Australia
*   Canada
*   Norway
*   Black Americans in the U.S.
*   Bulgaria
*   Estonia
*   Ukraine
*   Brazil
*   China-Hong Kong
*   China-Shanghai
*   Japan
*   United Kingdom
Change from baseline in percent predicted forced vital capacity (ppFVC) | Other pulmonary function tests | Upper limb function and strength assessments | Changes in upper arm fat and fibrosis scores on magnetic resonance imaging | Safety | Tolerability | Pharmacokinetic analysis
*   Alterations in KRAS
*   Mutations in ERBB2
*   Mutations in EGFR
*   Mutations in FGFR1
*   Mutations in PDGFRA
*   Mutations in MAP2K1
*   Alterations in the ectodomain of EGFR
yes
yes
22%
yes
no
no
Alzheimer's disease | Cerebral amyloid angiopathy
Ixodes | Amblyomma | ixodid
yes
Fezolinetant is used for the treatment of moderate to severe vasomotor symptoms (VMS) associated with menopause. It is a non-hormonal, selective neurokinin 3 receptor antagonist and is FDA-approved.
KRAS mutations | ERBB2 | EGFR | FGFR1 | PDGFRA | MAP2K1 | Alterations in the ectodomain of EGFR
Ravitch method | Wada method | Silastic mold method | Nuss operation | Minimally invasive repair of pectus excavatum | Conservative sub-perichondral resection of deformed costal cartilages and detachment of the xiphoid process | Modified Ravitch procedure, closure of the defect with stainless steel wires, and insertion of a pectus bar
Air pollution has a negative impact on asthma, contributing to its onset and aggravation, inducing symptoms and exacerbations, and decreasing lung function. Reducing asthma risk requires air pollution regulation. This impact is observed in both adult and pediatric populations.
yes
Zilebesiran is an RNA interference therapeutic agent that inhibits hepatic angiotensinogen synthesis.
Inflammatory bowel disease predisposes to colorectal cancer due to chronic mucosal inflammation [2, 3]. Inflammation can induce mutagenesis, and the relapsing-remitting nature of this inflammation, together with epithelial regeneration, may exert selective pressure accelerating carcinogenesis [4].
Bone tissue surrounding artificial joint replacement | Joint | Following joint replacement surgery
Significant drivers of disease risk and susceptibility | Impact on glycemic control, LDL, and blood pressure to varying degrees | Strongly associated with health and health outcomes
yes
mpox disease | smallpox
5HT3RA, DEX, and NK1RA | NEPA (netupitant/palonosetron) | Insufficient evidence in retrieved documents.
Tinnitus | Visual problems | Vertigo | Cognitive difficulties | Auditory-vestibular symptoms (acute phase) | Nonspecific neurobehavioral symptoms (chronic phase)
Death | Neonatal disease | Long-term complications | Perinatal morbidity | Perinatal mortality | Hypotonia | Developmental delay | Inguinal hernia | Umbilical hernia
The ANGEL-ASPECT trial studied acute anterior circulation large vessel occlusion (LVO). The trial included patients with either an Alberta Stroke Program Early CT Score (ASPECTS) of 3-5 on non-contrast CT or an infarct core volume range of 70-100 mL (defined as rCBF <30% on CT perfusion or ADC <620 on MRI).
Left-sided colorectal cancers are more sensitive to anti-EGFR antibodies than right-sided cancers. High AREG expression is more common in left-sided tumors, and high AREG and EREG expression are associated with better responses to anti-EGFR therapy. However, the underlying mechanism for the difference in EGFR inhibitor efficacy between right and left-sided tumors is unclear.
yes
no
Narcolepsy | Narcolepsy type 1
yes
Acute pancreatitis-induced splanchnic vein thrombosis (APISVT) is an important and well-recognized complication of acute pancreatitis. It can lead to poor outcomes, including severe gastrointestinal hemorrhage, bowel ischemic necrosis, and liver failure.
no
Glucagon-like peptide 1 (GLP-1) receptors | Glucose-dependent insulinotropic polypeptide (GIP) receptors | Glucagon receptors
The microbiota modulates the effectiveness of chemotherapy via mechanisms including immunomodulation, xenometabolism, alteration of community structure, and regulation of the tumor microenvironment. Gut microbiota can affect both the efficacy and toxicity of chemotherapy.
Are you asking about Tagraxofusp in relation to a specific condition or treatment?
Male breast cancer is rare, accounting for less than 1% of all breast cancer. Men generally present with breast cancer at an older age compared with women. Major genetic factors such as BRCA2 mutations, Klinefelter syndrome, and a positive family history are associated with an increased risk.
Hepatitis D | Hepatitis B virus (HBV)
Insufficient evidence in retrieved documents.
Membrane-associated | Target membranes | Transport vesicles
The gut microbiota can influence the effectiveness and toxicity of chemotherapy, potentially by altering how the drugs are processed in the body. The balance between the intestinal microbiota and the immune system is crucial for maintaining the efficacy of cancer chemotherapy. Gut microbiota can also regulate the tumor microenvironment.
T1DM | type 1 diabetes
no
Diphthamide is essential for messenger RNA translation and ribosomal protein synthesis [1]. It is a modification in translation elongation factor 2 (EF2), which is responsible for catalyzing the coordinated translocation of tRNA and mRNA through the ribosome [5]. However, the precise physiological function of diphthamide is unclear [2, 3, 4].
yes
KRAS G12C | KRASG12C
HER2-targeted therapies | HER2 blockade | Chemotherapy
A basket trial is a type of clinical trial where eligibility is based on specific molecular or genomic characteristics, irrespective of cancer type. These trials investigate the effects of one drug on multiple tumor indications or diseases that share a common characteristic. They are often used to evaluate the response rate of an investigational therapy across several types of cancer.
Dermatitis herpetiformis | Anemia | Dental enamel hypoplasia | Recurrent oral aphthae | Short stature | Osteoporosis | Arthritis | Neurologic problems | Unexplained elevation of transaminase levels | Female infertility
no
The microbiota modulates the effectiveness of immunotherapy via mechanisms such as immunomodulation. The gut microbiota's immunomodulation function facilitates the efficacy of immune checkpoint inhibitors.
Diphthamide deficiency results in reduced selenocysteine incorporation into selenoproteins, altered tRNA-synthetase and selenoprotein transcript levels, hypersensitivity to oxidative stress, and increased selenite tolerance. It can also manifest as intellectual disability with developmental abnormalities, seizures, craniofacial and additional morphological phenotypes, and potentially embryonic lethality and profound neurodevelopmental delays. Diphthamide deficiency is also considered a developmental disorder and ribosomopathy.
Sydenham's chorea is an immune-mediated hyperkinetic movement disorder that emerges after a group A beta-hemolytic streptococcal (GABHS) infection. It is also referred to as a rheumatic chorea, which may or may not present with carditis or arthritis.
insulin degludec | glucagon-like peptide-1 (GLP-1) analogue liraglutide
yes
bone autograft | bone allograft | demineralized bone matrix | bone graft substitutes | bone marrow aspirate concentrate | platelet-rich plasma | bone morphogenetic proteins | platelet-derived growth factor | parathyroid hormone | vitamin D | calcium | leukocyte-rich platelet-rich plasma | leukocyte-poor platelet-rich plasma | amniotic membrane products | adipose-derived mesenchymal stromal cells | umbilical cord-derived cells | isolated growth factors | cell therapy approaches
Are you asking about the general purpose of advanced directives or a specific aspect of their use?
sotorasib | panitumumab
no
yes
antenatal corticosteroids
no
yes
MDMA | ketamine | psilocybin | antidepressants | stimulants | tranquilizers/antipsychotics | anticonvulsants | anxiolytic/sedative/hypnotics | benzodiazepines | ayahuasca | LSD
live attenuated herpes zoster vaccine (ZVL) | live attenuated MMR vaccine | aerosol formulated live attenuated measles vaccine | Zostavax
The PATCH-Trauma trial tested the effectiveness of prehospital tranexamic acid (TXA) in patients with severe trauma at risk of acute traumatic coagulopathy. The trial compared TXA, initiated prehospital and continued in hospital over 8 hours, with a placebo. The study aimed to determine if prehospital TXA, used with current advanced trauma care, improves outcomes after severe injury.
500 mg/m(2) bid | 625 mg/m(2) bid | Insufficient evidence in retrieved documents.
no
Ocrelizumab | Ibudilast | Alemtuzumab | Daclizumab | Pegylated interferon-β-1a | Glatiramer acetate | Vedolizumab | Tofacitinib
yes
yes
The sodium leak channel (NALCN) regulates neuronal excitability and is important for maintaining the resting membrane potential. NALCN mediates sodium leak currents and is mainly responsible for leaky sodium transport across neuronal membranes. NALCN also regulates nerve-resting conductance.
Cancer risk in transgender individuals may be altered by hormone therapy due to the link between sex hormones and cancer risk differences between men and women. Transgender individuals also face healthcare barriers that may influence cancer risk and outcomes, and they have higher cancer mortality rates, possibly due to delayed diagnoses from avoiding screenings. Reliable epidemiologic data on cancer risk in transgender individuals is sparse.
no
MSI-high | CIMP-positive | BRAF mutation-positive
Mitochondria | Lysosome | Autophagosomes
Statins are associated with an increased risk of hemorrhagic stroke. However, statin use is also associated with a decreased risk of dementia among patients with stroke, although the benefit of statins for stroke is debatable.
NaV1.8 voltage-gated sodium channel | NaV1.8
Intravenous calcium and magnesium | Mangafodipir | Ibudilast
To treat pores | Removal of skin cores without a scar | To remove small skin columns
Chronic pain | Anxiety | Depression | Recurrent monthly abdominal pain | Bowel symptoms | Gynaecologic complaints | Dysmenorrhea | Pelvic pain | Abdominopelvic pain | Menorrhagia | Subfertility | Dyspareunia | Postcoital bleeding | Ovarian cysts
Mirvetuximab Soravtansine is an antibody-drug conjugate that targets folate receptor-α. Folate receptor-α is a validated molecular target for therapeutic intervention in ovarian cancer.
yes
yes
Rickettsia rickettsii | Tick bite
yes
Cytotoxic chemotherapy plus bevacizumab | Doublet or triplet chemotherapy plus antiangiogenic antibody | Insufficient evidence in retrieved documents.
cardiac amyloidosis | cardiac sarcoidosis | cardiac hemochromatosis | mutations in sarcomeric proteins | mutations in the thin filament regulatory protein cardiac troponin I (cTnI) | desmin mutations | variants in sarcomeric genes
Acute epiglottitis in children has become uncommon in recent years, with a declining incidence. The average annual incidence declined from 10.9 per 10,000 admissions before 1990 to 1.8 per 10,000 admissions from 1990 through 1992.
yes
Endometrial cancer | Stomach cancer | Small bowel cancer | Pancreas cancer | Biliary tract cancer | Ovary cancer | Urinary tract cancer | Brain cancer | Skin cancer | Urothelial tract cancer | Prostate cancer
no
CA19-9 | Operative procedure | Regional lymph node metastatic status | Pathological margin | Primary lesion wall depth | Liver metastasis Grade
Lennox-Gastaut syndrome is a severe childhood epilepsy disorder, also described as a catastrophic childhood cryptogenic or symptomatic epilepsy and one of the most severe epileptic encephalopathies of childhood onset. It is characterized by encephalopathy and multiple, often intractable, seizure types.
1 for 4,500 | about 1/3,000 | 1:2500 to 3300
Microphthalmia-associated transcription factor (MITF) | MITF
Mutations in the PAH gene | Phenylalanine hydroxylase (PAH) gene variants | Deficiency of p
Respiratory syncytial virus (RSV) | RSV-associated lower respiratory tract infection | Lower respiratory tract infection
Rectal cancer and colon cancer differ in etiology, genetics, anatomy, and treatment response (Snippet 4). Local recurrence is a greater concern in rectal cancer (Snippet 2), and tumor deposits may indicate a worse prognosis compared to colon cancer (Snippet 1). In stage IIB, colon cancer patients had better survival than those with rectal cancer (Snippet 5).
yes
Borderline personality disorder (BPD) is characterized by affective instability. Self-injurious behavior appears to have an emotion-regulating effect in individuals with BPD. Dialectical behavior therapy (DBT) is a frequently investigated intervention for BPD.
FOXA1 is a pioneer transcription factor that interacts with the estrogen receptor (ER) and contributes to chromatin opening, facilitating ER binding in ER+ breast cancer. FOXA1 expression is upregulated by estrogen, and mutations in FOXA1 are a hallmark of ER+ breast cancers. It mediates breast cancer progression.
Huntington's Disease is an inherited neurodegenerative disease. It is inherited in an autosomal dominant pattern or dominantly inherited. The disease is caused by an expanded CAG repeat in the huntingtin (HTT) gene.
Scabies | Screening a large number of patients | Diagnosing scabies
Antibiotics | Corticosteroids | Oral tetracyclines | Minocycline | Retarded low-dose doxycycline | Menadione topical cream
no
Insufficient evidence in retrieved documents.
GPN-MSA | HyenaDNA
PCT | CRP
Mirikizumab is a humanized IgG4 monoclonal antibody that targets the p19 subunit of IL-23. The IL-23 pathway is a therapeutic target for ulcerative colitis.
Palliation of malignant colorectal obstruction | Bridge to elective surgery for resectable colorectal cancers | Palliation of extracolonic malignant obstruction
B cells | Follicular dendritic cells | T cells
yes
yes
A neurocognitive rehabilitation program can be used in the chronic pain management of Ehlers-Danlos Syndrome. The rehabilitation treatment should be tailored to the patient and focused on both movement recovery and pain perception.
yes
*   The mechanism by which colorectal cancer may become resistant to bevacizumab is poorly understood.
*   Resistance remains a major hurdle limiting bevacizumab efficacy, highlighting the importance of identifying a mechanism of antiangiogenic therapy resistance.
*   Biophysical properties of the extracellular matrix (ECM) related to metabolic processes and acquired resistance to bevacizumab.
yes
Low transverse incision | Transverse lower segment operation | Low vertical uterine incision
Proliferative (PRO) | Invasive (INV) | Melanocytic | Mesenchymal-like | Intermediate state(s) | Distinct intrinsic phenotypic states
yes
Sulbactam | Durlobactam
85 min | 68 min | 1 mg/m(2)/min
Epilepsy | Medically refractory epilepsy | Drug-resistant epilepsy
no
Enhancer RNAs (eRNAs) are non-coding RNAs transcribed from enhancer regions. They play an important role in gene regulation and may serve as biological markers of enhancer activity. eRNAs are involved in transcriptional regulation, particularly during cellular differentiation, and can activate promoters of target genes.
yes
mutant IDH1 | mutant IDH2
Are you asking about screening recommendations for individuals at average risk, or those with specific risk factors?
Are you asking about acupotomy as a surgical procedure or something else?
Insufficient evidence in retrieved documents.
H3K27ac | Nucleosome displacement | Hypersensitivity to sonication | Strong depletion of H3K27me3
Classical | Classical-like | Cardiac-valvular | Vascular | Hypermobile | Arthrochlasia | Dermatosparaxis | Kyphoscoliotic | Brittle cornea syndrome | Spondylodysplastic | Musculocontractural | Myopathic | Periodontal | Kyphoscoliotic A/B | Arthrochalasis A/B | Dermatosparaxis
yes
Pembrolizumab | PD-1/PD-L1 inhibitors and CTLA-4 inhibitors | Immune checkpoint inhibitors
The paraoxonase (PON) multigene family, composed of three proteins (PON1, PON2, and PON3), plays a crucial role in the body, displaying antioxidant, anti-inflammatory, and antiatherosclerotic properties. The PON family inhibits LDL oxidative modification and suppresses the differentiation of monocytes into macrophages. PON1 prevents the accumulation of oxidized LDL and stimulates cholesterol efflux from macrophages.
yes
no
Mutations in PKD1 or PKD2 genes | Mutations in the PKD1 gene
yes
Colorectal cancer | Advanced colorectal cancer | Colorectal cancer previously treated with fluoropyrimidine-based systemic therapy | Advanced and previously untreated colorectal cancer
Dysphagia | Dysphonia | Ipsilateral facial thermal hypesthesia | Contralateral trunk and limb thermal hypesthesia | Ipsilateral facial hypoalgesia | Contralateral trunk and limb hypoalgesia | Vertigo | Nystagmus | Diplopia | Ipsilateral Horner syndrome | Facial ruddiness and dry skin | Dysarthria | Ipsilateral loss of gag reflex | Ipsilateral ataxia | Ipsilateral impaired taste | Ipsilateral facial pain and paresthesia | Decreased ipsilateral blink reflex | Contralateral hypoalgesia and thermoanaesthesia in the trunk and limbs | Ipsilateral facial hypoalgesia and thermoanaesthesia
Ivacaftor (Kalydeco) and the combination of lumacaftor and ivacaftor (Orkambi) are treatments for cystic fibrosis. Orkambi is approved for patients with the ΔF508 mutation. A deuterated analog of ivacaftor is also being developed.
Pairing with target mRNAs | Repressing mRNA translation | Degrading mRNA
Insufficient evidence in retrieved documents.
delta-like ligand 3 | CD3
no
Are you asking about the risk factors, the specific fungal species involved, or something else related to the causes of Mucormycosis?
1970
yes
Insufficient evidence in retrieved documents.
Nemolizumab is an IL-31A-receptor inhibitor or anti-IL-31 receptor α-chain (IL-31RA) monoclonal antibody. It functions by blocking the α subunit of the IL-31 receptor, modulating the neuroimmune response, and directly blocking signaling to alleviate itching. Additionally, it reduces inflammation and lesion severity by restoring epithelial function and promoting skin barrier integrity.
colonoscopy | CTC screening | Cost-effective screening strategies
no
Are you interested in the causes, rates, or risk factors associated with mortality in schizophrenia?
yes
yes
yes
Southeastern states | Maryland, USA | North-eastern United States urban-suburban landscape
The rationale for treating melanoma with immunotherapy is based on the tumor's high immunogenicity and the presence of existing immune responses against it. Immunotherapy aims to boost these anti-tumor immune reactions to combat the tumor. This approach is supported by evidence of melanoma's response to immunotherapy and the potential for tumor regression using cytokines and adoptive cellular therapy.
no
Somatic mutation in the UBA1 gene | Mutation in the UBA1 gene
no
sitaxsentan | ambrisentan | FR139317 | Atrasentan
Insufficient evidence in retrieved documents.
Loss of paternal gene expression from a maternally imprinted region on chromosome 15 | Mutation on chromosome 15 | Lack of expression of paternally inherited genes on chromosome 15q11-q13
yes
Debatable | Optimal timing | Insufficient evidence in retrieved documents.
yes
Yes | POMS | SM in children
Here's a list of current approaches for gene therapy for Phenylketonuria (PKU) based on the provided evidence:

*   Adeno-associated vector (AAV) delivery of PAH gene
*   Viral vector based on adeno-associated viruses (AAVs) for liver gene therapy
*   AAV vector containing the genes for PAH, and for two key synthetic enzymes for BH(4), injected into skeletal muscle
Rett syndrome
Insufficient evidence in retrieved documents.
Head, neck, and trunk | Head and neck area
Irritable bowel syndrome (IBS) is a multifactorial disorder explained by several interacting mechanisms. These include genetic factors, post-infectious changes, disturbances in the intestinal microbiota, low-grade mucosal inflammation, altered intestinal permeability, disordered bile salt metabolism, abnormalities in serotonin metabolism, alterations in brain function, psychosocial factors, altered motility, visceral hypersensitivity, dysregulation of the brain-gut axis, and environmental factors. IBS is considered a biopsychosocial disorder.
Mutations in the MECP2 gene | Mutations in the X-linked gene coding for methyl-CpG-biding-protein 2 (MECP2) | Mutations in the X-linked gene methyl-CpG binding protein 2 (MeCP2)
MILTON
Nipocalimab is a monoclonal antibody that targets the neonatal Fc receptor (FcRn). By targeting FcRn, nipocalimab decreases systemic IgG, including autoantibodies.
Are you asking about theragnostics in general, or are you interested in a specific disease or application?
Steroid injections in the knee reduce inflammation to relieve pain, especially in the short term. They are a routine procedure for osteoarthritis-associated pain, but carry potential risks.
Cancer-associated fibroblasts (CAFs) contribute to immune evasion through multiple mechanisms, including promoting T-cell exclusion and exhaustion, secreting cytokines and chemokines, and directly abrogating the function of cytotoxic lymphocytes. They also physically impede the immune system and interact with myeloid and lymphoid cells, promoting recruitment of myeloid-derived suppressor cells and inducing protumoral phenotypic shifts in macrophages and neutrophils. These actions shape the tumor microenvironment to be immunosuppressive.
In what context are you asking about Mantis-ML 2.0?
ANGPTL3 expression in the liver | ANGPTL3
cerebrum | cerebral cortex | human brain
Varicocele
BRAF mutation | BRAF mutations | Activating BRAF mutations
Insufficient evidence in retrieved documents.
yes
Fever | Joint pain | Rash | Severe joint aches | High fever | Skin rash | Headache | Muscle aches | Polyarthralgia | Intense pain | Edema | Temporary functional impairment | Arthralgia | Encephalitis
Oral valaciclovir | Frozen-thawed breast milk | Valacyclovir
TET (Ten-Eleven Translocation) family | TET family of enzymes | Ten-eleven translocation Enzymes (TET) family
no
Remibrutinib is a highly selective, covalent inhibitor of Bruton's Tyrosine Kinase (BTK). It carries a reactive acrylamide moiety.
Are you asking about pendelluft in the context of respiratory physiology or a specific medical condition?
Bleeding | Retained products of conception | Retained cervical dilator | Uterine perforation | Amniotic fluid embolism | Misoprostol toxicity | Endometritis | Incarcerated small bowel | Bilateral renal cortical necrosis (BRCN) | Anuric acute renal failure | Thrombotic thrombocytopenic purpura/Hemolytic uremic syndrome | Septic abortion | Complicated grief | Depression | Post-traumatic stress disorder (PTSD) | Relationship disturbances
no
MiDAS 4
Warts | Hypogammaglobulinemia | Recurrent infections | Infections | Myelokathexis | Myelocathexis
Radiofrequency ablation | Cryoablation | Microwave ablation
Congenital cytomegalovirus infection | Cytomegalovirus (CMV) infection | Cytomegalovirus
yes
yes
no
Parkinson's disease | Acromegaly | Hyperprolactinemia
yes
yes
14 | 4 | Insufficient evidence in retrieved documents.
cefepime | enmetazobactam
Ponseti method of manipulation and casting | Bracing | Percutaneous elongation of the Achilles tendon | Plantar fasciotomy | Corrective plasters | Surgical releases | Surgery | Conservative treatment using the Ponseti regime
monoclonal antibodies | omalizumab | mepolizumab | reslizumab | benralizumab | dupilumab | tezepelumab
Are you interested in the impact of IDH1/IDH2 mutations on prognosis in a specific glioma subtype (e.g., astrocytoma, oligodendroglioma)?
NM_017785.5:g.169588475 G > A p.Arg20Gln
Haemophilia B | Congenital factor IX deficiency
The Pringle maneuver is used to minimize blood loss during liver surgery. It is applied during hepatic resection or liver transection. It is also crucial for controlling bleeding during laparoscopic procedures.
*Histoplasma capsulatum* thrives in environments contaminated with bird or bat droppings, particularly in soil and confined spaces like caves. These environments are often enriched with nitrogen and phosphate from the guano.
PD-L1
9,950 | More than 150,000 | 219
Asthma | Aspirin sensitization | Nasal polyposis | Chronic rhinosinusitis with nasal polyps | Aspirin intolerance
Inhibits ATP citrate lyase | Inhibits hepatic cholesterol synthesis | Hypolipidemic drug
Obesity in adolescence can persist into adulthood and is associated with several long-term effects. These include increased risk of chronic health conditions, such as cardiovascular disease and diabetes, and psychosocial issues. Specific adverse psychosocial consequences for women include less education, higher poverty rates, and lower marriage and household income.
Less than 15 months | 14.6 months | 12 months
DrugnomeAI | MILTON
The Eiffel-by-Night sign, characterized by a hypointense center and enhancing periphery in the posterior falx and tentorium, demonstrates reactivation in idiopathic hypertrophic pachymeningitis (IHP) and is associated with immune-mediated HP. It is more commonly associated with IHP compared to other conditions.
The current hypothesis is that Guillain-Barre syndrome (GBS) is an immune-mediated disease affecting the peripheral nervous system. It is often associated with prior infections such as cytomegalovirus (CMV), Epstein-Barr virus (EBV), or mycoplasma. The syndrome is thought to be related to immune damage.
delta F 508 del mutation | DeltaF508 | deletion of phenylalanine at residue 508 (delta F508)
Cancerous cells | Resident brain cells | Immune cells | Cells in transit through the tumor such as marrow-derived immune cells | Blood vessels | Neuroglial cells | Extracellular matrix | Extracellular vesicles | Cytokines | Low pH | Hypoxia | Elevated interstitial pressure | Impaired perfusion
BioPAXViz
no
Kisspeptin generally has antimetastatic roles in cancers like colon, lung, and brain cancer. However, in breast cancer, increased kisspeptin expression can increase tumor aggressiveness. Kisspeptin has also been associated with lymphoid cell apoptosis, which can promote metastasis.
Chest infection | Bacteremia | Urinary tract infections | Pneumonia | Enteritis | Sepsis | Bloodstream infection | Wound or surgical site infection | Brain infection | Recurrent UTI
no
Are you referring to a specific gene, a research project, or something else with that name?
yes
yes
Phenylketonuria | Congenital hypothyroid | Adrenogenital syndrome | Cystic fibrosis | Congenital adrenal hyperplasia
Loss of heterozygosity 10q25-qter | Extensive genomic deletions involving chromosome 10 | EGFR amplification
Could you please specify what field of medicine or research gwRVIS relates to?
NTLA-2002 is an investigational in vivo gene-editing therapy based on CRISPR-Cas9. It targets the KLKB1 gene, which encodes prekallikrein, in hepatocytes. The intended outcome is lifelong control of angioedema attacks after a single dose.
As a remedy for morning sickness
Insufficient evidence in retrieved documents.
Insufficient evidence in retrieved documents.
yes
Tumor necrosis factor-like cytokine 1A (TL1A)
Deterioration in language skills | Seizures | Abnormal electroencephalography findings | Aphasia | Verbal auditory agnosia | Paroxysmal electroencephalographic abnormality with spike and spike and wave discharges which are mostly multifocal and unstable in their course of evolution | Psychomotor disturbances | Behavioural disturbances | Epilepsy
Life-long adverse health effects | Neurocognitive and behavioral changes | Adverse effects on the immune system | Anemia | Hypertension | Perturbs other organ systems | Deleterious effects on the hematopoietic system | Deleterious effects on the renal system | Deleterious effects on the reproductive system | Deleterious effects on the central nervous system | Increased oxidative stress | Neurological dysfunction | Psychological dysfunction | Reduced cognitive function | Reduced attention span | Disruptive behavior
Glioblastoma stem-like cells (GSCs) play a crucial role in tumor initiation, maintenance, and recurrence. A subpopulation of GSCs drives tumor progression and treatment resistance. GSCs are also essential for therapy resistance.
Simpler to use | Reduced run time
the catalytic domain | the inactive zymogen Factor XI | the activated FXI
no
N-acetylcysteine | Intravenous acetylcysteine
TGF-beta | IL-10
yes
Secondary syphilis | HIV (in the context of discovery)
Extended operative times | Increased transfusion rates | More frequent returns to the operating room
yes
An E-box is a widely used DNA control element and an important regulatory element in the eukaryotic genome. Transcription factors bind to E-boxes to regulate gene transcription, and these E-box-binding transcription factors (EBTFs) are important regulators of development and play a role in tumorigenesis.
Are you referring to a specific medication, a research project, or something else?
Programmed cell death protein 1 (PD-1) | Vascular endothelial growth factor (VEGF)-A
calcitonin gene-related peptide (CGRP mAb) | calcitonin gene-related peptide | CGRP
Ophthalmologic loa-loa, also known as ocular loasis or eye worm, refers to eye conditions caused by the Loa loa nematode. These conditions include pain and redness due to the worm's movement within the eye, and periocular migration of adult worms. Many infected patients experience ocular symptoms.
yes
14,287 | 81% | 2,923 proteins
Imlunestrant is a next-generation, brain-penetrant, oral selective estrogen-receptor (ER) degrader. It delivers continuous ER inhibition, even in cancers with mutations in the gene encoding ERα (ESR1). It also has potent antitumor activity in ESR1 wildtype and mutant breast cancer.
yes
Yes, brain abnormalities have been found in people with anxiety. These abnormalities have been observed in various brain regions, including the prefrontal cortex, amygdala, hippocampus, and others. These findings suggest that anxiety disorders are associated with distinct neurobiological changes.
yes
GNB1 | GATAD2A | GBP2 | MACROD1 | EIF5B
Ebola disease | Ebola
Serous fluid collection | Fluid collection within the surgical site | Benign collections of serous fluid
yes
Twist | Snail | Slug | ZEB1 | ZEB2
>54,000
Pulmonary embolism
no
DNA vaccines that encode MV-H and MV-F | DNA vaccine encoding the measles viral hemagglutinin, fusion and nucleoprotein | aerosol formulated live attenuated measles vaccine | nucleic acid vaccines | DNA plasmids encoding measles virus (MV) proteins
yes
TET2-CH and increased FLT3 levels
HER2 protein | HER3 protein
Uterus and fallopian tubes | Uterine cavity | Fallopian tube patency
Age 50 (age 45 in high risk) | Age 45 | Age 40
yes
rs11665831 | rs11083925 | rs2043211
yes
Activation likelihood estimation (ALE) is a quantitative technique for coordinate-based meta-analysis (CBMA) of neuroimaging results. It is a voxel-based meta-analysis method used to estimate consistent activations across different imaging studies and is among the most used algorithms to perform neuroimaging meta-analysis.
BRCA2 | CDKN2A/p16 | hMSH2 | hMLH1 | hPMS1 | hPMS2 | LKB1/STK1 | PRSS1 | BRCA1 | PALB2 | ATM | APC | MSH6 | PMS2 | STK11 | SPINK-1 mutation
GBM heterogeneity contributes to treatment resistance and unfavorable prognosis. This heterogeneity, arising from diverse cell states and phenotypes, makes it difficult to classify GBM and find effective therapies, ultimately leading to suboptimal treatment outcomes. The heterogeneity also differs between new and recurrent GBM, and treatment naïve and experienced patients.
Are you asking about the FINDbase database for genetic variation, or something else?
Bortezomib | Lenalidomide | Dexamethasone
yes
A diet low in FODMAP (fermentable oligosaccharides, disaccharides, monosaccharides, and polyols) is recommended for Irritable Bowel Syndrome (IBS). NICE recommends a rational approach to nutrition and, if necessary, the short-term implementation of a low FODMAP diet.
Macrophages are major components of the glioblastoma microenvironment and play a crucial role in tumor progression. They contribute to an immunosuppressive environment, promote tumor growth, and can induce a mesenchymal-like transition in glioblastoma cells. These effects are often mediated through interactions with glioma stem cells and other cells within the tumor microenvironment.
Half (50%) of patients have undetectable plasma EGFR T790M at disease progression and/or treatment discontinuation. | Fifteen patients (19%) have >1 resistance-related genomic alteration. | MET amplification (14/78, 18%) | EGFR C797X mutation (14/78, 18%)
no
Xylazine is a tranquilizer and veterinary sedative found in illicit drug supplies. It is also associated with fatal overdoses.
yes
Up to 50% | Up to 40% | Up to 30%
Are you asking about a specific medication, a genetic condition, or something else?
Talquetamab is a bispecific antibody that targets both CD3 and GPRC5D. It redirects T cells to mediate the killing of GPRC5D-expressing myeloma cells. It is the first-in-class GPRC5D-targeting T-cell redirecting bispecific antibody.
Formoterol has a faster onset of action | Salmeterol causes bronchodilation in a somewhat slower manner
yes
Plasmacytoid dendritic cells (pDCs) are specialized immune cells that produce high levels of type I interferon (IFN). This function allows them to play a crucial role in the innate immune response to viral infections and in activating adaptive immune responses. They are also implicated in antiviral immunity.
UBASH3A | PRKD2 | ETS2 | AP003774.1/CCDC88B | SH2B3 | Biological mechanisms at five non-coding and one coding primary sclerosing cholangitis loci
Glucagon-like peptide 1 (GLP1) receptors | Gastric inhibitory polypeptide (GIP) receptors
no
Here's a list of indications for autologous blood use, based solely on the provided evidence:

*   Diminishing pneumothorax incidence post-lung biopsy
*   Diminishing chest tube placement requirement post-lung biopsy
*   Scoliosis surgery
*   Optimal tissue healing environment
*   Multiple sclerosis
PD-1 | TIM-3 | LAG-3 | CTLA-4
*   High-resolution 'patient-centric' omics data sets
*   Advanced in silico tools (systems biology, connectivity mapping, and machine learning)
*   'State-of-the-art' experimental systems (complex 3D systems in vitro, CRISPR gene editing, and various model biological systems in vivo)
sofosbuvir | velpatasvir
Tau protein | Glial fibrillary acidic protein (GFAP) | S100 protein | Beta amyloid peptide | Phosphorylated tau | Neurofilament light chain (NfL) | phospho-tau (p-tau) | p-tau181 | p-tau217 | p-tau231
There are two main types of poliovirus vaccines: inactivated polio vaccine (IPV) and oral polio vaccine (OPV). The oral polio vaccine has different formulations, such as trivalent and bivalent.
Central memory T cell | T(CM) | Central memory cell profile
Xalnesiran is a small interfering RNA (siRNA) molecule. It targets a conserved region of the hepatitis B virus (HBV) genome and silences multiple HBV transcripts.
Are you asking about Tenecteplase as a medication?
yes
Reactive | Constructive | Invasive
Claudin-18.2 | CLDN18.2
Tonkinochromane I | Glabrol | Lupinifolin | Tonkinensisol | 8-C-prenylkaempferol | 7,2'-dihydroxy-4'-methoxy-isoflavanol | Formononetin | Genistein | 1-(6,7-dihydro-5H-pyrrolo[1,2-a]imidazol-3-yl)ethanone | Cyclo(Pro-Pro) | Nicotinic acid | p-hydroxybenzonic acid | p-methoxybenzonic acid | 4-hydroxymethyl-2,6-dimethoxyphenol-1-O-β-D-glucopyranoside | Coniferin | Syringin | (-)-secoisolariciresinol-4-O-β-D-glucopyranoside | (-)-syringaresinol-4-O-β-D-glucopyranoside | (-)-syringaresinol-4,4'-di-O-β-D-glucopyranoside | (-)-pinoresinol-4,4'-di-O-β-D-glucopyranoside | (6S,9R)-roseoside | (-)-14 beta-hydroxymatrine | (+)-oxymatrine | (+)-matrine | (+)-sophoranol | (-)-5 alpha-hydroxysophocarpine | (-)-cytisine | (-)- N-methylcytisine | Maackiain | Sophoranone | Sophoranochromene | Pinoresinol | Syringaresinol | Medioresinol | 4',7-dihydroxyflavone | Calycosin | Bayin | Vitexin | Lupeol | A new pterocarpan glycoside
*   Known high-risk surgery
*   Medication
*   Opioid-related death
*   Iatrogenic trauma of non-cardiological origin
*   Postsurgical arrhythmias
Chromosome 10 | Chromosome 10q | 10q24-qter
Nexiguran Ziclumeran is an investigational therapy based on CRISPR-Cas9. It targets the gene encoding transthyretin (TTR).
yes
yes
CCL2 | CXCL12 | CCL7
yes
Anthropogenic gadolinium (Gd) originates from gadolinium-based contrast agents (GBCAs) used in magnetic resonance imaging (MRI). It has been detected in surface waters worldwide and raises concerns about toxicity and accumulation in the aquatic environment.
Maldescended testis | Torsion of the spermatic cord | Undescended testis | Lymphocytic infiltration in an adolescent with recently diagnosed B-ALL
yes
yes
Ankylosing Spondylitis (AS) is characterized by pain, stiffness, and fatigue. Inflammatory back pain and increasing spinal stiffness are typical symptoms. The disease involves the spine and sacroiliac joints.
Girls with ADHD often present with fewer hyperactive and impulsive behaviors compared to boys, and are more frequently diagnosed with the predominantly inattentive type. Attention deficits, emotional dysregulation, and verbal aggression are more common in girls with ADHD. They may also experience internalizing problems like depression and anxiety more often than boys.
enhancer hijacking
Vutrisiran is an RNA interference (RNAi) therapeutic that targets TTR mRNA, leading to reduced hepatic production of transthyretin (TTR) and rapid TTR knockdown.
Key therapy component | Toxin payloads, or drugs | Payload drug (often cytotoxic)
yes
Tumor Treating Fields (TTFields) are used in glioblastoma multiforme (GBM) therapy to interfere with tumor cell division. This is achieved by delivering low-intensity, alternating electric fields to the tumor, resulting in antimitotic effects. TTFields, when combined with temozolomide, have shown improved progression-free survival and overall survival in patients with newly diagnosed GBM.
CSF-1R | colony-stimulating Factor 1 Receptor
Molecular polaritons are formed through the hybridization or strong coupling between molecular transitions (electronic or vibrational) and photonic modes. This light-matter interaction results in hybrid states of photonic and molecular character. They arise from the strong coupling of a dipole-allowed molecular transition with the photonic mode of an optical cavity.
no
Peripheral bone marrow | Bone marrow | Insufficient evidence in retrieved documents.
capecitabine | irinotecan
Nucleic acids | Single-stranded DNA (ssDNA) | Molecular recognition elements
yes
Tumors employ immune checkpoints | Tumors exploit immune checkpoints | Tumors evade immune detection by downregulating antigen presentation | Tumors hinder immune responses | Tumors restrict antigen recognition | Tumors inhibit the immune system | Tumors induce T cell exhaustion | Tumors accumulate specific metabolites within the TME | Tumors accumulate signal factors within the TME | Tumors limit the nutrients available to immune cells
HIV | HIV-1 | multidrug-resistant HIV
no
Levodopa | Dopamine receptor agonists like ropinirole | Dopamine agonists | Gabapentin | L-dopa associated to its sustained release formulation | Iron repletion
Are you asking about the RankMHC software, or something else?
Insufficient evidence in retrieved documents.
Sildenafil
The pathophysiology of irritable bowel syndrome (IBS) is complex and multifactorial. Factors contributing to IBS pathophysiology include epithelial barrier dysfunction, visceral hypersensitivity, intestinal dysmotility, psychological factors, dysregulated gut-brain axis, intestinal microbiota alterations, impaired intestinal permeability, mucosal immune alterations, infection, and immune activation. IBS also results from disordered brain-gut interactions.
AXL is a receptor tyrosine kinase that is often overexpressed in various malignancies, playing a central role in tumor development, progression, and metastasis. AXL also contributes to invasion, drug resistance, and vasculogenic mimicry formation, and its expression correlates with poor survival in a plethora of cancers.
yes
Neurodegenerative disorder with spasticity, ataxia, neuropathy, and optic atrophy | Neurodegenerative disorder | Autosomal recessive spastic paraplegia type 79
Cetuximab plus chemotherapy | Adjuvant systemic chemotherapy | Transarterial chemotherapy
yes
Aedes species mosquitoes | Aedes aegypti | Aedes albopictus
FOSL1 | STAT3
Pathogenic role for large AAAGG repeat configuration expansions | Complex motifs with AAAGG interruptions | Insufficient evidence in retrieved documents.
no
Septic shock | Fulminant colitis | Sepsis | Bowel surgery | Diarrhea | Colitis
Anovulation | Amenorrhea | Oligomenorrhea | Irregular menstrual cycles | Hirsutism | Acne | Alopecia | Weight gain | Obesity | Infertility | Dysmenorrhea | Abdominal pain | Pelvic pain | Elevated free testosterone levels | Absent menses | Morphological abnormalities of the ovaries (cystic enlargement and stromal expansion)
OLIG genes | Olig2
POPLAR (NCT01903993) | OAK (NCT02008227)
Proctocolectomy | Total colectomy with ileorectal anastomosis (IRA) | Total proctocolectomy with ileo-pouch anal anastomosis
no
Feto-pelvic disproportion | Haemorrhagic placenta praevia | Dystocia | Long-awaited infant | Fetal suffering | Breech presentation | Cicatricial uterus | Maternal disease | Hypertension | Foetal distress | Cephalo-pelvic disproportion | Antepartum haemorrhage | Mal-presentaion or mal-position | PROM | Prolonged labour | Cord prolapse | Post-dated pregnancy | Severe pre-eclampsia | Secondary subfertility | Past caesarean section | Failed progress of labour | Shoulder dystocia | Non-reassuring cardiotocograph | Eclampsia | Elderly primi | Premature rupture of membrane | Twin | Compound presentation | Meconium stained liquor | Non-progress of labour | Oligohydramnios | Malpresentation | Cephalo pelvic disorders | Hypertensive disorder in pregnancy | Previous cesarean section
*   Neural crest-like cells
*   Pigmented melanocytic cells
*   Quiescent cell cycle states
*   Proliferative cell cycle states
BioASQ Synergy research process
Trifluridine/tipiracil has shown clinically relevant activity after fluoropyrimidine failure in colorectal cancer, suggesting it may be of increased efficacy compared with standard capecitabine chemoradiation. It is a novel oral anti-tumor agent combining an anti-neoplastic thymidine-based nucleoside analogue (trifluridine, FTD) with a thymidine phosphorylase inhibitor (tipiracil hydrochloride, TPI).
yes
3-8% of women of reproductive age | Approximately 5% of all women of fertile age | about 5% of women
yes
yes
Ventricular septal defect | Right ventricular outflow and/or pulmonary valve/artery stenosis or atresia | Dextraposed overriding aorta | Right ventricular hypertrophy
Several genes and chromosomal regions have been implicated in the genetic transmission of bipolar disorder. These include the serotonin transporter (HTT), genes on chromosomes 18, 21, 4, 5, 11 and X, IMPA2, CACNA1C, ANK3, and the ITIH3-ITIH4 region. These findings suggest a complex genetic architecture underlying bipolar disorder.
Hypoxia induces a shift in GBM cell states towards mesenchymal-like (MES) and astrocyte-like (AC) states. In IDH-mutant gliomas, hypoxia induces a strong shift to the AC state, while in IDH-wildtype gliomas, tumor cells mainly shift to the MES state. Hypoxia also induces MES-like signature gene expression within tumor cells.
20% increase
Baclofen is a gamma-aminobutyric acid (GABA) agonist. It acts centrally and peripherally to cause myorelaxation and depress the central nervous system. It also acts at the spinal cord level to impede the release of excitatory neurotransmitters and reduces the production of glutamate and dopamine.
Nausea | Abdominal discomfort | Diarrhoea | Vomiting | Gastrointestinal disorders | Lactic acidosis | Gastrointestinal disturbance | Gastrointestinal reactions | Rise in hydrogen sulfide in liver cells
Glioblastoma stem cells (GSCs) | Cancer stem cells (CSCs) | Glioma stem cell (GSC) | Tumoral cells
yes
Wide surgical excision | Mohs micrographic surgery | Incision and curettement
Aedes aegypti | Aedes aegypti mosquito
yes
Could you specify which ethnicity or geographic location you are interested in?
yes
Trypanosoma brucei | Trypanosoma brucei gambiense or T.b. rhodesiense | Trypanosoma brucei rhodesiense and T. b. gambiense
MCAT element | MCAT cis-acting regulatory element | TEA domain
Are you referring to a specific software, tool, or method called Variant Ranker, or are you asking about the general concept of ranking genetic variants?
no
yes
EGFRvIII | epidermal growth factor receptor variant type III
Myocardial infarction (MI) | Higher carotid intima-media thickness (cIMT) | Increased cardiovascular (CV) events | Cardiovascular (CV) mortality | Overall mortality
Unpredictable, life-threatening condition associated with adverse reactions to therapy | Severe drug reaction | Severe cutaneous drug adverse reaction
Muscle pain | Myopathy | Rhabdomyolysis | Liver damage | Type 2 diabetes | Muscular symptoms | Liver toxicity | Kidney diseases | Cataracts | Hemorrhagic strokes | Psychiatric complications | Hepatotoxicity | Peripheral neuropathy | Impaired myocardial contractility | Autoimmune diseases
Could you please specify what you would like to know about OncoEnrichR? For example, are you interested in its function, applications, or how it compares to other tools?
Surgical approaches | Surgical treatment | Postoperative hormone therapy | Danazol | Gonadotrophin-releasing hormone (GnRH) agonists | Progesterones (progestins) | Combined estrogens and progesterones | Oral contraceptives | Levonorgestrel-releasing IUS | Hormone-releasing subdermal implant (Implanon) | GnRH antagonists | Progesterone receptor modulators | Antioestrogens | Newer subdermal implants | Intracystic administration of pharmacologic agents
There is an established relationship between hypothyroidism and depression [2]. Abnormal thyroid function, especially hypothyroidism, is linked to depression severity [1]. Treating the underlying hypothyroidism in people diagnosed with depression may be beneficial [3].
SEGCOND
Wharton's jelly tissue of umbilical cords | extra embryonic umbilical cord matrix | Wharton's Jelly
Enteroviruses | Coxsackie virus B infections | Cardiotropic viruses | Viral infections | Trypanosoma cruzi | Bacterial infections | Diphtheria | Coxsackievirus serotype B (CV-B)
Germline-mediated immunoediting influences somatic evolution, potentially protecting against certain cancers. For example, a high germline-epitope burden in HER2 makes individuals less likely to develop HER2-positive breast cancer. Tumors that overcome this immune-mediated selection tend to be more aggressive and "immune cold".
Inflammatory diseases | Ischemic diseases | Crohn's disease | Multiple sclerosis | Graft-versus-host disease | Type 1 diabetes | Bone fractures | Cartilage damage | Cardiac diseases | Diseases that have ongoing inflammatory damage
Yes, there are potential biomarkers of depression. Specific miRNAs (miR-16, miR-135a, miR-1202) and frontal theta asymmetry have been identified as potential biomarkers, although one source indicates there are no readily testable, agreed-upon biomarkers currently. Some miRNAs are also being explored as tentative biomarkers for SSRI response.
Multisystem syndrome | Neurodevelopmental phenotypes | Cardiac dysrhythmias | Frequent infections | Developmental delay | Early-onset epilepsy | Hypotonia | Bicuspid aortic valve in Turner syndrome
Inhalational anesthetic agents | New volatile anesthetics
Yes, several inflammatory markers are implicated in dysmenorrhea. These include prostaglandins, leukotrienes, and pro-inflammatory cytokines such as IL-6 and TNF-α. BDNF, IL-1, and IL-6 have also been identified as inflammatory biomarkers in dysmenorrhea studies.
POLR2M
Heart
yes
yes
Activation of cellular processes | Vacuolar lysis | Escape of Listeria monocytogenes from a phagosome
0.89-2.6 per 1000 women | 1-2/1000 childbearing women | 1 to 2 per 1000 women
Maintaining cholesterol homeostasis | Regulates cholesterol homeostasis | Key role in maintaining cholesterol homeostasis
no
Genital herpes manifests as recurrent, self-limited genital ulcers. Primary infection involves papules, vesicles, painful ulcers, and crusts. Atypical presentations in immunocompromised individuals can include large, chronic, hyperkeratotic ulcers.
Early childhood onset distal myopathy with chronic neurogenic features | Early infantile epileptic encephalopathy-5 (EIEE5)
Berberine has a neuroprotective effect against ischemic stroke. It can decrease infarct volume and brain edema, improve motor function, and improve nerve function deficits by inhibiting inflammation. Berberine is a candidate clinical neuroprotective agent against ischemic stroke.
There is a strong association between ADHD and eating disorders or disordered eating. Eating disorders commonly co-occur with ADHD. ADHD symptoms are also associated with disordered eating.
According to the provided evidence, ORM1 is suggested as a potential regulator of plasma levels of cell-free DNA. It is also associated with thrombosis risk.
yes
Rare group of fatal neurodegenerative disorders | Manifest primarily as progressive dementia and ataxia | Transmissible | Associated with misfolded prion protein (PrP) aggregation and self-propagation | Protein conformation disorders | Characterized by the aggregation and deposition of the misfolded prion protein in the brain | Affect human and non-human mammals
SATB1
Neoantigens are created from somatic mutations or other tumor-specific alterations within tumor cells. These alterations include genomic mutations, dysregulated RNA splicing, disordered post-translational modification, and integrated viral open reading frames. The resulting neoantigens are abnormal proteins or newly formed peptides.
Viral infection | Vascular occlusion | Cochlear membrane rupture | Tear away of labyrinthine membranes | Vascular factors | Acoustic trauma | Allergy | Rupture of the membranous labyrinth | Immune-mediated sensorineural hearing loss | Psychogenic causes and/or stresses
Clinical data | Neuromuscular imaging | Neuromuscular histopathology | Biological data | Genetic data | Patient-reported outcomes
Ovary, Fallopian tube, or surrounding connective tissues | Tissues surrounding the ovary and fallopian tubes | Near the uterus or in or around ovaries, fallopian tubes, or surrounding connective tissue
24 to 45 years | 24 months | 14-15 months
SEQUOIA is a transformer model that predicts cancer transcriptomes from histology images. It is pre-trained on normal tissues and fine-tuned on tumor samples. Its performance is evaluated at the gene and pathway levels.
Inhibits phagocytosis | Regulates diverse cellular responses | Involved in stroma-supported erythropoiesis
no
yes
Chronic
yes
yes
neurokinin 3 receptor (NK3R) | neurokinin 3 receptor | hypothalamus
Miscarriage | Threatened abortions | Premature labor
Palivizumab | Nirsevimab | Monoclonal antibodies
The cancer-immunity cycle is a conceptual framework illustrating how immune cells recognize and eliminate tumor cells. It is also described as a series of anticancer immune responses initiated and allowed to proceed and expand iteratively. The cycle provides a framework to understand the series of events that generate anti-cancer immune responses.
Iptacopan is an oral inhibitor of complement factor B. It inhibits the alternative pathway by specifically binding to factor B.
NAFLD
The genetic basis of addiction involves multiple genes. CHRNA5, CHRNA3, CHRNB4, ADH1B, ADH1C, DRD2, ANKK1, and OPRM1 are all implicated in different types of addiction. Gene-environment interactions also play a role in addiction vulnerability.
no
CD3ε on T cells | CD19 | CD3+ T-cells | CD19+ target cells | anti-CD3 | anti-CD19
The evidence suggests that erdosteine may be effective in treating bronchiectasis. One study hypothesizes that regular erdosteine use will lead to fewer exacerbations in people with bronchiectasis compared to a placebo. Another study examines the effectiveness of erdosteine in elderly patients with bronchiectasis and hypersecretion.
no
yes
yes
Praziquantel | Metrifonate | Praziquantel and artesunate
Histogram | Shape-based features | Texture-based features | Wavelet features | Gray Level Co-Occurrence Matrix (GLCM) | Run-Length Matrix (RLM) | Intensity (first-order) | Shape | Texture | Gray-scale patterns | Inter-pixel relationships | Shape and spectral properties
Refractory Clostridium difficile infection | Inflammatory bowel disease | Irritable bowel syndrome | Recurrent Clostridioides difficile infections | Cancer | Obesity | Liver disease | Diabetes | Constipation | Diarrhea | Abdominal pain | D-lactic acidosis
yes
Dendritic cells (DCs) | Dendritic cells | DC
yes
Young girls with autism spectrum disorder may demonstrate behaviors that are not particularly salient or concerning for parents. | In girls, autistic traits were associated with more Emotional Overeating and Emotional Undereating. | Girls are less likely than boys to meet diagnostic criteria for ASD at equivalently high levels of autistic-like traits. | Deviating pubertal development in autism may be more pronounced in girls than in boys. | Young girls diagnosed with autism spectrum disorder tend to have greater social communication deficits than young boys, and these differences vary by age. | Toddler-aged girls receive higher clinician ratings of social communication deficits when compared to boys. | Preschool-aged girls receive higher parent ratings of social communication deficits.
IgA | IgM | IgG | IgD | IgE
suvorexant | lemborexant | daridorexant
no
Are you asking about radiomics in the context of a specific disease or type of imaging?
Dysfunction of the central nervous system (CNS) | Unknown etiology | Dysfunction of central nervous system sensitization
5 mg alendronate per day | Hormone replacement therapy | Selective estrogen receptor modulators (raloxifene) | Second generation bisphosphonates (alendronate) | Adequate levels of calcium | Regular exercise | Healthy lifestyle behaviors | Calcium intake (1500 mg/day in women without estrogen substitution and 1000 mg in women with estrogen substitution) | Vitamin D supply (daily substitution of 500 E. Vitamin D3 is recommended in patients living mainly inside or with malnutrition) | Sufficient physical activity
Astrocytes are the most abundant cells in the CNS and perform key functions vital to CNS physiology. These functions include maintaining CNS homeostasis, providing structural support, modulating synaptic activity, regulating neuroinflammatory responses, maintaining the blood-brain barrier, and supplying energy to neurons. They also participate in synaptic formation, maintain glutamate and ion homeostasis, eliminate oxidative stress, store energy in glycogen, and participate in tissue repair.
no
Pollutants | Lifestyle | Radiation exposure | Genetic predisposition | Therapeutic ionizing radiation | Environmental ionizing radiation | Residence in areas of iodine deficiency | Residence in areas of iodine excess | History of preexisting benign thyroid disease | Biological factors | Environmental factors | High consumption of various seafoods | Obesity | Overweight | Smoking (protective effect)
no
VL3 videolaryngoscope | GlideScope Ranger | V-MAC Storz Berci DCI | McGrath (McGrath series 5) | Rigid videolaryngoscope
yes
The M1/M2 macrophage polarization paradigm in the tumor microenvironment involves M1 macrophages, which are historically regarded as anti-tumor, and M2 macrophages (TAMs), which promote tumor progression. The tumor microenvironment influences macrophage polarization, often favoring M2 polarization and leading to pro-tumorigenic outcomes. This polarization is a fundamental event in establishing the tumor microenvironment.
antireflux operation | treatment for gastroesophageal reflux | procedure of choice for the management of gastroesophageal reflux disease.
Complete or partial absence of an X chromosome | 45,X or 45,X/46,XX | Partial or complete monosomy-X
Mitochondria
Newborn infants | Newborns | Neonatal
Symptoms of gastrointestinal tract disorders | Hematological symptoms | Dermatological symptoms | Endocrinological symptoms | Gynecological symptoms | Rheumatological symptoms | Nervous system symptoms | Dermatitis herpetiformis | Autoimmune diseases | Allergic diseases | Psoriasis | Chronic diarrhea | Abdominal pain | Weight loss | Failure to thrive in children | Anemia | Short stature | Osteoporosis | Arthritis | Neurologic problems | Unexplained elevation of transaminases | Female infertility | Delayed tooth eruption | Dental enamel hypoplasia | Recurrent oral aphthae | Nonceliac gluten sensitivity (NCGS) | Allergic nickel contact mucositis | Wheat allergy | Amylase-trypsin inhibitor intolerance | Fermentable oligosaccharides, disaccharides, monosaccharides, and polyols (FODMAP) intolerance
yes
Are you asking about diagnosis, treatment, or something else related to urolithiasis or kidney stones?
*Legionella pneumophila* is acquired by inhaling contaminated aerosols. These aerosols often originate from water sources. In dental offices, exposure can occur through water from dental instruments.
The choroid plexus plays a role in the immunosurveillance of the CNS. It serves as a gateway for immune cell trafficking into the CSF, providing continuous immune surveillance by various immune cells and acting as a point of leukocyte entry into the CNS. The choroid plexus can also modulate cognitive function through changes in brain immune surveillance.
yes
Snake antivenoms contain immunoglobulins or immunoglobulin fragments, specifically whole or protease-digested immunoglobulin G, purified from the plasma of hyperimmunized animals. These antivenoms contain antibodies against snake venom toxins and other antigens. Some antivenoms contain varying amounts of terrestrial snake monovalent antibodies.
Could you please clarify the context of your question? Are you asking in relation to a specific disease, treatment, or research area?
A gastric pacemaker electrically stimulates the stomach using a pacemaker-like device. It uses non-excitatory stimulation to influence the amplitude of gastric contraction and simultaneously stimulates afferent fibers of the vagal nerve to influence the cerebral satiation center.
yes
Monoclonal antibodies | Cytokines | Cellular immunotherapy | Vaccines | Immune checkpoint inhibitors | Chimeric antigen receptor-modified T cells | T cell checkpoint inhibitors | Engineered T cells | Cancer vaccines | Anti-B cell and T cell antibodies
yes
Could you please specify what you'd like to know about phobias affecting humans? For example, are you interested in types, causes, treatments, or something else?
CNNs can enhance traditional radiomics by detecting image patterns and extracting complex representations. They can be used with images directly as input, and their performance can be improved by incorporating shape and texture features. CNNs also enable high-throughput extraction of quantitative features, improving automatic diagnosis through medical imaging.
Graves' disease is an autoimmune disorder and the most common cause of hyperthyroidism and thyrotoxicosis. It is characterized by hyperthyroidism, goiter, and ophthalmopathy. Dermopathy is a rare characteristic.
yes
Protein phosphorylation | Glycosylation | N-terminal methionine excision (NME) | N-terminal acetylation (NTA) | Glycation | Sulfation | Redox modifications (sulfydration and nitrosylation) | Methylation | Acetylation | Ubiquitinylation
yes
Malaria | Intestinal parasitic infections | Ascaris lumbricoides | Intestinal helminths | Hookworm
Acetylcholine | ACh
Exposure to gadolinium-based contrast agents used in MRI | Gadolinium-containing contrast | Magnetic resonance imaging
yes
Tumor angiogenesis | Growth | Metastasis | Evasion of immune destruction
X chromosome inactivation | chromosomal silencing | spatial compartmentalization of DNA and protein
20-50 years | 30-50 years | 20-73
Oligodendrocytes
Are you asking about a specific medical condition, a research study, or something else related to "BIONDA"?
Treatment-resistant depression | Some specific subtypes of depression | Major depressive disorder | Manic episodes | Other serious mental disorders | Intractable seizures | Depressive patients
chromosome 7 gain | gains of chromosome 7 | chr 7 gain
HER2 | human epidermal growth factor receptor 2
HIV infection is diagnosed by detecting antibodies to the virus, typically through a screening test like an enzyme immunoassay (EIA) followed by a confirmatory test like Western blot. Other methods include detecting the viral p24 antigen, detecting viral nucleic acid, or culturing HIV. Nucleic-acid-based assays are particularly useful for early detection.
Are you asking about SNPs and mutations in the context of a specific gene or condition?
Yes, melatonin is detectable in human milk [1]. Human breast milk constitutes the main natural source of melatonin [4].
Are you interested in a specific type of alopecia?
Phenotype switching in melanoma involves dynamic shifts between different transcriptional states or phenotypes. These shifts include transitions between proliferation/differentiation and invasion/stemness, as well as changes in invasiveness, gene transcription, epigenetic alterations, signaling pathways, and immune cell composition in the TME. This switching is a reversible cell behavior that contributes to melanoma heterogeneity.
Neoantigens are proteins produced by mutant genes or arising as a consequence of somatic mutations in tumor cells. These proteins are tumor-specific and can be immunogenic. They are only expressed in tumor cells.
yes
Nuclear factor one (NFI) | SOX transcription factors
yes
Anaerobe | Anaerobic bacterium | Anaerobic
Weight loss | Blood pressure reduction | Cardiovascular risk reduction | Renoprotective effects | Significant metabolic benefits | Renal benefits | Atherosclerotic cardiovascular disease benefits | Reduce heart failure hospitalizations | Cardiovascular mortality reduction | Significant cardiovascular benefits to patients with diabetes mellitus and heart failure
Escherichia coli | Enterobacteriaceae
yes
Asymptomatic | Lower abdominal discomfort
