Hirschsprung disease is a multifactorial, non-mendelian disorder. However, Mendelian syndromic forms of Hirschsprung's disease also exist.
EGF | TGF-α | amphiregulin (AREG) | heparin-binding EGF-like growth factor (HB-EGF) | betacellulin | epiregulin | epigen
yes
yes
yes
no
miR-132 | miR-26a | let-7b | miR-145 | miR-182 | miR-200a | miR-200b | miR-200c | Let-7i | microRNA-21
Pyridostigmine bromide | Neostigmine
yes
*   DVL1
*   DVL2
*   DVL3
Bazex syndrome
Class I | Class II | Class III | Class IV
NOTCH1 | NOTCH2 | NOTCH3 | NOTCH4
Arrested cell-cycle progression | Development of aberrant gene expression with proinflammatory behavior | Characteristic chromatin condensation called senescence-associated heterochromatic foci (SAHFs) | Acquisition of senescence-associated secretory phenotype (SASP)
castration-resistant prostate cancer | prostate cancer
yes
Sox2 | Oct3/4 (Pou5f1) | Klf4 | c-Myc | Pou5f1 | Myc | Oct4 | OCT4 | SOX2 | MYC | KLF4 | Oct3
The Chromosome-centric Human Proteome Project (C-HPP) aims to systematically map and annotate all proteins encoded by the genes on each human chromosome, with a focus on identifying proteins lacking evidence by mass spectrometry. This project intends to enhance our understanding of human biology at the cellular level. The C-HPP achieves this through collaborative networks and integration of findings from related molecular -omics technology platforms.
Widely expressed in the CNS | Mammalian tissues | Inner and outer retinae
Alpers syndrome | Progressive external ophthalmoplegia | Ataxia-neuropathy syndromes | Myocerebrohepatopathy Spectrum disorders (MCHS) | Ataxia Neuropathy Spectrum (ANS) disorders | Myoclonus Epilepsy Myopathy Sensory Ataxia (MEMSA) | autosomal recessive Progressive External Ophthalmoplegia (arPEO) | autosomal dominant Progressive External Ophthalmoplegia (adPEO)
Ivabradine improves left ventricular function in heart failure and reduces remodeling following myocardial infarction. It also improves prognosis in patients with heart failure and left ventricular dysfunction and reduces hospitalizations for acute myocardial infarction and heart failure.
Autosomal recessive inheritance | Autosomal recessive trait | Autosomal recessive inherited disorder
yes
Autosomal dominant | Dominantly inherited
yes
Ryanodine receptor | Calsequestrin | Triadin | Junctin
Hydrophilic-interaction liquid chromatography | Hydrophilic Interaction Chromatography | hydrophilic interaction chromatographic
TRH improves myocardial contractility. This effect has been observed in hemorrhagic shock and ischemic cardiomyopathy models, as well as in studies measuring cardiac contractility directly. TRH exerts a positive inotropic effect on cardiac contractility.
yes
all-alpha-helical fold | beta-sheet | uncommon pi-helix
nonspecific colitis | lymphoid hyperplasia | focally enhanced gastritis | ileo-colonic lymphoid nodular hyperplasia (LNH) | mild acute and chronic inflammation of the colorectum, small bowel and stomach
Renal sympathetic denervation results in decreased blood pressure, renal and systemic sympathetic nerve activity, and heart rate. It also decreases renal norepinephrine spillover and renin activity, while increasing renal plasma flow. The reduction in blood pressure can be sustained for over 3 years.
c-Jun NH2-terminal kinase (Jnk) | JNK
Terminal Amine Isotopic Labeling of Substrates | N-terminomics data generated by terminal amine isotopic labeling of substrates | combined N-terminomics and protease substrate discovery degradomics platform
yes
Generalized tonic-clonic epilepsies | Partial-onset epilepsies | Refractory partial-onset seizures | Antinociceptive potential in experimental animal models that reflect distinct types and symptoms of neuropathic as well as chronic inflammatory pain
EWS/FLI fusion protein | EWS-FLI1 fusion protein | EWSR1-FLI1 fusion protein
Microangiopathic hemolytic anemia | Thrombocytopenia | Acute renal failure
yes
Inhibition of cell migration of human colon carcinoma cells (HCCCs) in wound-healing assays. | Decreased RhoA activation in Mv1Lu epithelial cells. | Inhibition of TGFβ-mediated activation of ERK and JNK. | Inhibition of phosphorylation of c-Jun. | Inhibition of transactivation of the c-Jun promoter.
Acute ischemic stroke | AIS
Nanog | Pou5f1 (also called Oct4) | SoxB1
yes
The EORTC QLQ-INFO25 questionnaire evaluates the information received by cancer patients, specifically the perceived level of and satisfaction with that information.
yes
Available data suggests an association between hormone replacement therapy (HRT) and increased meningioma risk. Several studies indicate that HRT use is associated with an increased risk of intracranial meningioma. The data are not always definitive, but the trend suggests a positive association.
yes
yes
proprotein convertase subtilisin/kexin type 9 (PCSK9) | PCSK9 | proprotein convertase subtilisin/kexin type 9
yes
S-adenosyl-L-methionine (AdoMet) | S-adenosylmethionine (AdoMet)
yes
Hedgehog signaling pathway | Hh pathway | smoothened-a key Hh pathway regulator
S-phase | G2/M | late S phase
GC-rich FMR1 5'UTR region | CGG repeats | C-rich DNA template strand
Aryl hydrocarbon receptor interacting protein (AIP) gene | AIP gene | Aip gene
L29Q | c.363dupG or p.Gln122AlafsX30 | TNNC1-A31S | A8V | E134D | D145E | C84Y
Acupuncture, including auricular acupuncture and acupressure, has been used for smoking cessation and some studies suggest it has a positive effect. However, the efficacy of acupuncture for smoking cessation remains controversial. The effect of auricular acupuncture may not depend on point location.
high methylation of H3 lysine 9
human telomerase reverse transcriptase | reverse-transcriptase-subunit of telomerase
SCF(β-TrCP) | beta-Trcp
yes
yes
no
NKX2.1 (TITF1) gene | NKX2-1 | TITF1
Are you asking about clathrin in relation to a specific disease, drug, or research area?
Based on the provided evidence, PRKAR1A knockdown inhibits cholangiocarcinoma (CCA) cell growth and enhances apoptosis. Silencing PRKAR1A expression also leads to a decrease in mitogen-activated protein kinases, PI3K/Akt, JAK/STAT and Wnt/β-catenin pathway signaling.
yes
yes
telomerase | human telomerase reverse transcriptase
Interleukin-4 (IL-4) | Interleukin-13 (IL-13)
FGFR2 | FGFR3 | FGFR1 | TWIST | MSX2
yes
Advanced, oestrogen receptor-positive, HER2-negative breast cancer patients | Women with hormone receptor-positive, human epidermal growth factor receptor 2- negative breast cancer | HR(+) breast cancer
yes
Insufficient evidence in retrieved documents.
yes
Proteomic reactor | Sample preparation | Digesting samples
Reduced dosage of ERF causes complex craniosynostosis and links ERK1/2 signaling to the regulation of osteogenesis.
yes
Physical activity (PA) | Time upright (standing or walking) | Time standing | Time walking | Step count | Nighttime activity | Activity levels | Overall physical activity (PAL) | Constant strain postures (CSP) | Standing time (ST) | Lying time (LT) | Activity levels in daily life
8th release | 9th release | 10th release
Follicular ichthyosis | Atrichia | Photophobia | Recurrent respiratory infections | Enamel dysplasia | Renal anomalies | Inguinal hernia | Chronic candidiasis | Keratitis | Seizures | Mental retardation | Follicular hyperkeratosis
CYP2C19 | P2Y12 | ABCB1
yes
Transcription Factor EB (TFEB)
Bacitracin | Ramoplanin | Muraymycins
no
yes
Congenital ichthyosis | Trichothiodystrophy
Rheumatoid arthritis synovial fibroblasts (RASFs) | Mesenchymal stem cells (MSCs) | B cells | Peripheral blood-derived mononuclear cells (PBMC)
Higher levels of neuroticism are associated with a decreased likelihood of remaining asymptomatic in the presence of Alzheimer's disease neuropathology. Furthermore, individuals with Alzheimer's disease tend to exhibit increased neuroticism compared to their premorbid personality. Neuroticism is also correlated with advanced stages of neurofibrillary tangles.
Everolimus is an inhibitor of the mammalian target of rapamycin (mTOR). Target of rapamycin inhibitors are immunosuppressive agents.
no
RT-PCR | nested RT-PCR | one-step RT-PCR
yes
Analyzing protein interaction properties | Studying protein-protein interactions | Visualization of protein interactions
Hypertrophic cardiomyopathy (HCM) is a heart disease characterized by left ventricular hypertrophy in the absence of other conditions that could cause the thickening. It is often caused by mutations in genes encoding for the cardiac sarcomere.
Mutations in the CREBBP gene | Mutations in the CBP and EP300 genes | Molecular lesions in the CREB-binding protein gene, CREBBP
KP4 is a virally encoded toxin that kills sensitive Ustilago strains and inhibits Fusarium and plant root growth. It may also inhibit cell growth and division by blocking calcium-regulated signal transduction pathways. The KP4 gene has been explored for its antifungal effect.
Self-renewal of embryonic stem cells | Promotes the expression of the pluripotent factor Lin28 | Regulates the expression of differentiation-associated genes
PAR-CLIP uses photoreactive nucleosides, specifically photoactivatable nucleosides, to crosslink RNA-binding proteins (RBPs) to their target RNAs in cells. This crosslinking occurs prior to immunoprecipitation, allowing for the identification of RNAs interacting with proteins.
potassium perchlorate | carbimazole | lithium carbonate | antithyroid drugs | corticosteroids | lithium
Spastic diplegia diagnosis can be challenging due to its resemblance to conditions like hereditary spastic paraplegia (HSP). Clinical gait analysis (CGA) may be used to differentiate it from HSP. Argininemia should also be considered in the differential diagnosis.
mutation in the NF1 gene | mutations in the neurofibromin (NF1) gene | G1336X mutation in the NF1 gene
Human selenoprotein P (HSelP) | selenoprotein P
r3Cseq | regioneR | Sushi.R
Insufficient evidence in retrieved documents.
yes
yes
Yes, there is a genetic component to happiness. Twin and biometric studies suggest that genes account for 35-50% of the variance in happiness. Both additive and non-additive genetic factors appear to play a role.
catechol-O-methyltransferase (COMT) | COMT
To isolate soluble lysosomal proteins, one would use affinity chromatography on immobilized mannose-6-phosphate receptor (MPR). This method exploits the presence of mannose-6-phosphate (M6P) on these proteins, allowing for their purification.
NR0B1 | BCL11B
Either one or multiple | Multiple | Single
cylindromatosis | Brook-Spiegler syndrome | familial cylindromatosis | familial trichoepithelioma | benign tumors of skin appendages
Loss of function of the survival motor neuron gene (SMN1) | Genetic mutations in the SMN1 gene | Mutations in the SMN1 gene
Weight gain | Growth retardation | Hirsutism | Obesity | Striae | Acne | Hypertension
TBC1D7
CaM kinase II | calmodulin-dependent protein kinase-II (CaMK-II) | rabbit myocardial CaM kinase
Chk2 splice variants impair wild-type Chk2 activity. This occurs through heterodimerization, resulting in a dominant-negative effect on wild-type Chk2 kinase activity, independent of the intrinsic kinase activity of the splice variant.
GDAP1 | PMP22
Coxsackie B viruses (types 1 to 5) | Enteroviruses | Cytomegaloviruses (CMV) | Parvovirus B19 | Human herpesvirus-6 | Severe acute respiratory syndrome coronavirus 2 (causing the Coronavirus Disease-19) | Coxsackievirus serotype B (CV-B)
CCM1/KRIT1 | CCM2/MGC4607 | CCM3/PDCD10 | Krev interaction trapped-1 (Krit1) gene (cerebral cavernous malformation gene-1, CCM1)
yes
Tarlov cysts, also known as sacral perineural cysts, are nerve root cysts commonly found in the sacral region [1, 2, 3, 4, 5]. They occur near the dorsal root ganglion, between the perineurium and endoneurium [1, 2]. Tarlov cyst syndrome, characterized by these cysts, is often asymptomatic [1, 2].
Medications mentioned in clinical trials | Medications searched for in databases | Medications
Mutated CLL (M-CLL) and unmutated CLL (U-CLL)
yes
yes
A zinc ion at their active site | Zinc | Zinc-containing
Are you asking about hyperosmia as a symptom, or something else?
Over 10,000
Clostridium botulinum | type A Clostridium botulinum
Protects against | Promotes early stages of aggregation
Ataxia | Hypomyelination | Hypodontia | Hypogonadotropic hypogonadism
The "core matrisome" is the complete set of extracellular matrix (ECM) proteins in mammals, consisting of about 300 proteins [1].
yes
MET | CMT | DRM | Dnmt3
Centromeric nucleosomes | Centromere | Active mammalian centromeres
Heterochromatin protein 1 | Polycomb protein | Chromo-helicase/ATPase DNA-binding protein 1 (CHD1) | CDY family proteins | CDY | CDYL | CDYL2
Are you asking about the Genomicus database or something else?
yes
an independent predictor of adverse cardiac outcomes | myocardial replacement fibrosis | Insufficient evidence in retrieved documents.
COUGER is a classification-based framework for identifying protein co-factors that provide specificity to paralogous transcription factors. It takes two sets of genomic regions bound by paralogous TFs as input and identifies co-factors that distinguish the two sets. COUGER is also available as an interactive web implementation.
Insufficient evidence in retrieved documents.
yes
yes
mitochondrial intermembrane space | HeLa cells
Insufficient evidence in retrieved documents.
yes
GBshape
Ceftriaxone has been evaluated in clinical trials for the treatment of amyotrophic lateral sclerosis (ALS). While phase 2 data was promising, a phase 3 trial did not demonstrate clinical efficacy.
The TAILORx trial uses the Oncotype DX recurrence score to assign estrogen receptor-positive, node-negative patients to different treatment options. The trial also uses recurrence scores to stratify patients into risk categories. Researchers have investigated whether Oncotype DX and TAILORx risk categories can be predicted by pathological features and protein markers.
yes
Based on the provided evidence, the main function of RNA sponges is to act as microRNA sponges. This function counteracts microRNA-mediated repression of mRNA and regulates transcription, splicing, and downstream gene transcription.
yes
Here's a list of phospholamban mutations found in patients with cardiomyopathy, based solely on the provided evidence:

*   R14del (deletion of arginine 14)
*   c.40_42delAGA (p.Arg14del)
*   -77A-->G
Vitamin E | L. rhamnosus IMC 501 | L. paracasei IMC 502 | Asx | Lutein/Zeaxanthin
yes
yes
Histone methyltransferases (HMTs) catalyze histone modification by adding methyl groups to lysine or arginine residues on histones H3 and H4. This methylation is site-specific and enables the recruitment of transcriptional regulators. These modifications play a role in transcriptional regulation.
yes
yes
E3 ubiquitin ligase activity | E3-ubiquitin ligase activity | Ubiquitin E3 ligase enzymatic activity
LC3 | light chain 3 (LC3)
yes
yes
Receptors for pathogens | Triggers immune response | Incorporates into native glycoconjugates
no
bicarbonate | acpA
6S RNA is a non-coding RNA that regulates transcription through interactions with RNA polymerase, potentially by interfering with it. It can also act as a template for RNA transcription without DNA and enhances long-term cell survival. The 6S RNA gene is part of a dual-function transcription unit.
yes
Cysteine
Weaver syndrome
*   ExTopoDB
*   TMPDB
Hirschsprung disease (HSCR)
Fanconi anemia (FA) | Fanconi's anemia
Orally administered | Orally bioavailable | Oral
Caveolae are flask-shaped or submicroscopic pits/invaginations of the plasma membrane, also described as specialized membrane microdomains. They are associated with caveolin proteins and are cholesterol-rich. Caveolae are involved in signaling pathways.
Insulation | Large-scale organization of chromatin | Establishing sites of gene expression | Mediate establishment of structurally and functionally distinct chromatin compartments
no
yes
Regulation of innate and adaptive immunity | Function in innate immunity | Component of immune defense
Functional associations between genes can be inferred from gene fusion events because the existence of a fusion of two genes as one continuous sequence in a genome suggests a functional association. Gene fusion events are more related to physical interaction between proteins than to other weaker functional relationships. Therefore, detecting gene fusion events can contribute to the prediction of functional associations of proteins.
Paraspeckle protein component 1 (PSPC1) | SFPQ (PSF)
Robinow syndrome
yes
yes
The Genomic Regions Enrichment of Annotations Tool (GREAT) is a tool developed to analyze the functional significance of cis-regulatory regions identified by localized measurements of DNA binding events across an entire genome. GREAT incorporates distal binding sites and controls for false positives using a binomial test over the input genomic regions.
PARP | poly(ADP-ribose) polymerase
yes
RhoA activation is involved in the invasion and migration of bladder cancer cells, and alterations in its expression play a significant role in the genesis and progression of bladder cancer. RhoA is also more abundant in bladder tumors and metastatic lymph nodes compared to non-tumor tissue. Inhibition of RhoA can suppress the invasion and migration of bladder cancer cells.
Orai1 | Orai3 | SHMT2 | AMPA-Rs | AMPARs
Sodium glucose co-transporter 2 (SGLT2) | SGLT2
Thyroid hormone levels are closely correlated with myocardial functional status in patients with heart failure [1]. Thyroid hormone may also play a cardioprotective role by reversing cardiac remodeling [2, 5]. These findings suggest a potential prognostic role for thyroid hormone in heart failure.
*   -77A-->G (increased phospholamban promoter activity)
*   Leu39Ter (truncation mutation in the PLN gene)
transcribed strand | coding strand
Chromosome 17q25 | Chromosome 17q11.2 | Chromosome 21 | Chromosome 17q25.3
UUCCUUAAC
Protein A from Staphylococcus aureus is used as an affinity ligand for the purification or isolation of immunoglobulin G (IgG) or antibodies. It is commonly used in affinity chromatography for antibody capture during manufacturing.
Clarithromycin and azithromycin are suggested antimicrobial therapies for Mycobacterium avium infection. TLC G-65 in combination with rifapentine is also suggested as a treatment regimen.
The treatment of acute purulent pericarditis combines appropriate antibiotic therapy with surgical drainage. For recurrent pericarditis, IL-1-targeted therapies such as anakinra and rilonacept, and Colchicine are effective.
Genetic alterations related to the tuberous sclerosis complex (TSC) | Loss of TSC1 (9q34) or TSC2 (16p13.3) genes | Autosomal dominant inheritance
ATP-dependent chromatin-remodelling enzyme | Regulation of transcription | Alter the levels of HP1a
Fluorouracil | Epirubicin | Cyclophosphamide
D22S1 | D22S15
no
MOPAT (motif pair tree) | CisMiner
NEDD8-activating enzyme | Nedd8-activating enzyme (NAE) | NAE (NEDD8 Activating Enzyme)
HAX-1
yes
MammaPrint is a prognostic tool used to guide adjuvant treatment decisions in breast cancer patients. It categorizes patients as having a high or low risk of distant metastasis, which can inform the use of more aggressive therapy for high-risk patients. MammaPrint is also FDA-cleared for breast cancer management.
yes
no
The IMGT system, including "IMGT unique numbering," has been developed for standardized sequence and structure analysis of antibodies. This system helps connect antibody sequences to their three-dimensional structures.
yes
Approximately 24,500 | 21,000 | 13
yes
Reduce the number of exacerbations | Patients prone to developing infections | Management of patients with severe, advanced COPD
yes
5-aminolevulinic acid (5-ALA) | ALA
yes
Are you asking about a specific gene, protein, or something else related to chromatin immunoprecipitation?
Insufficient evidence in retrieved documents.
Are you currently pregnant, or planning to become pregnant?
Mdm2 | RING finger E3 ubiquitin ligase Mdm2
yes
Neurodegenerative diseases | Sporadic progressive supranuclear palsy (PSP) | Schizophrenia
hEAAT2 | Glutamate/aspartate transporter (GLAST) | Glutamate transporter-1 (GLT-1) | EAAC1
Sorting nexin 27 (SNX27) is involved in vesicular and protein trafficking and regulates the intracellular trafficking of ion channels and receptors. SNX27 traffics to the early endosome via its PX domain.
yes
0.56% GC-AG, 0.05% AT-AC, 0.02% other types | 0.56% GC-AG, 0.73% small groups | Insufficient evidence in retrieved documents.
Sypro Ruby | Colloidal coomassie blue (CCB) | Coomassie Blue staining (CBS) | Silver staining
Aptamers have demonstrated broad potential as direct protein ligands and inhibitors, leading to their development as therapeutic and diagnostic agents. Clinically, they have been developed as inhibitors for targets such as vascular endothelial growth factor (VEGF) and thrombin, with one aptamer already FDA approved for the treatment of age-related macular degeneration. Other potential uses include alleviating blood clotting and treating AIDS.
Fusarium oxysporum f. sp. cubense | Fusarium oxysporum f.sp. cubense | Foc
Nalmefene modulates opioidergic transmission in the CNS and exerts immunomodulatory activity. Its effect on palatability appears to be an indirect consequence of its effect on eating behavior. It can also cause slight increases in self-rated alertness and decreases in ratings of tiredness and elation.
Sagittal suture | Bilateral lambdoid sutures | Posterior sagittal synostosis
yes
Hedgehog (Hh) | Notch | Wnt | Receptor tyrosine kinases (RTK) | c-Met | erbB2 | IGF-R | TrkC | Myc | Insulin-like growth factor (IGF) | Aurora Kinase A | RB
Invadopodia are important for local invasion in metastasis and are promoted by EMT. The transcription factor Twist1, a central regulator of EMT, promotes invadopodia formation. Invadopodia facilitate the penetration of cancer cells across the extracellular matrix.
Cancer driver genes are genes that, when altered, contribute to the development of cancer. Examples of known cancer driver genes include APC, KRAS, FBXW7, and TCF7L2. Identifying these genes is a key goal in cancer research.
A mitochondrial nucleoid is a DNA-protein assembly or complex in which mitochondrial DNA (mtDNA) is organized. It consists of one or more copies of mtDNA and associated proteins, including accessory proteins and proteins involved in mtDNA replication and gene expression. These nucleoids provide an efficient segregating unit of mtDNA.
Amiodarone-induced thyrotoxicosis can be treated with antithyroid drugs, with or without corticosteroids. Lithium is also a useful and safe medication for treatment, and can be added to other drugs for successful therapy. In some cases, amiodarone treatment can be continued during treatment for thyrotoxicosis.
Insufficient evidence in retrieved documents.
yes
Fever | Skin rash | Gastrointestinal disorders | Respiratory symptoms | Enanthema | Multisystemic involvement | Cough
Insufficient evidence in retrieved documents.
no
yes
EWS/FLI fusion protein | t(11;22)(q24;q12) translocation | CD99
beta-catenin | MUC18 | plexins | integrins | Mage-A4 | lipolysis-stimulated lipoprotein receptor (LSR) | RAB25 | S100A14 | mucin 1 (MUC1)
mTOR signaling pathway | PI3K signaling pathway | amino acid-TOR signalling pathway
yes
Insufficient evidence in retrieved documents.
elotuzumab
Bedaquiline inhibits mycobacterial adenosine triphosphate (ATP) synthase, disrupting ATP synthesis and/or electron transport. This mechanism of action is effective against all states of Mycobacterium tuberculosis. It represents a novel class of antituberculosis agents.
The evidence regarding Helicobacter pylori infection as a risk factor for ischemic stroke is conflicting. One study suggests that H. pylori infection contributes to a high risk of ischemic stroke, while other evidence indicates that it is insufficiently established whether H. pylori infection represents a risk factor for ischemic stroke. There are conflicting results on the relevance of chronic infection by Helicobacter pylori as a risk factor for ischemic stroke.
Flaccid dysarthria | Spastic dysarthria | Ataxic dysarthria | Hyperkinetic dysarthria | Hypokinetic dysarthria | Mixed dysarthria
yes
The LINX Reflux Management System is designed to provide a permanent solution to GERD by augmenting the sphincter barrier. It restores the natural barrier to reflux with a reproducible laparoscopic procedure. It is a surgical option for patients with chronic GERD.
beta-galactosidase | β-d-galactosidase | acid beta-galactosidase
Cerebral hemiatrophy | Seizures | Facial asymmetry
TAZ (tafazzin) gene | tafazzin (taz) gene | taffazin gene
Oral glucocorticoids are administered in moderate and severe cases of subacute thyroiditis.
BMAL1 deficiency disrupts circadian oscillation in gene expression and reactive oxygen species homeostasis in the brain. It also leads to stress-induced senescence, premature aging, and reduced lifespan in mice. Furthermore, BMAL1 epigenetic inactivation impairs the circadian clock expression pattern of genes.
ubiquitination of histone H2A | trimethylation of the lysine 27 residue of histone H3 (H3K27me3) | methyllysine residues of the histone H3 tail
CLIC1 is localized in the cytoplasm, plasma membrane, and nucleus.
K/R-X-K/R-X-X-S/T | pS-X-X-S | pSer-Xaa-Xaa-Ser | primed by a single phosphorylated side chain at position n-3 or n-4 relative to serine/threonine
Rivaroxaban | Warfarin
The SPIKE database is useful because it stores, organizes, and allows retrieval of information about human signaling pathways. It contains highly curated interactions for particular human pathways, along with literature-referenced information on the nature of each interaction. The database focuses on pathways such as DNA damage response, cell cycle, programmed cell death, and hearing-related pathways.
yes
Perilipin | Adipophilin/adipocyte differentiation-related protein (ADRP) | S3-12 | Tail-interacting protein of 47 kilodaltons (TIP47) | Myocardial lipid droplet protein (MLDP)/oxidative tissues-enriched PAT protein (OXPAT)/lipid storage droplet protein 5 (LSDP5) | CIDEC protein | Fat specific protein 27 (FSP27; also called CIDEC) | Perilipin1 (PLIN1) | Perilipins 2 | Perilipins 3 | Perilipins 4 | Perilipins 5
The Barr body is the inactive X chromosome in a female somatic cell. It can be identified as a plano-convex structure of 2-3 micron in diameter on the periphery of the nuclear membrane.
yes
yes
70 | 70-gene | 70-gene signature
yes
yes
Iron-restricted anemias | Anemia of inflammation | Cancer | Chronic kidney disease | HCV | HH | Alcoholic cirrhosis | PCT | Anemia management in hemodialysis | Improving anemia control
3
yes
yes
Eye reaction | Motor function | Brainstem reflexes | Respiratory pattern | Eye responses | Motor responses
multilayered skin | bone | vascular grafts | tracheal splints | heart tissue | cartilaginous structures | liver | lymphoid organs
yes
yes
Insufficient evidence in retrieved documents.
yes
The likelihood of depression in acoustic neuroma patients may increase with the number of acoustic neuroma symptoms. Depression in these patients was predicted by the number of symptoms.
Fibroblast Growth Factor Receptor 3 (FGFR3) | FGFR3 | Fibroblastic growth factor receptor 3 gene
Hsp90 inhibitors target the ATPase activity of Hsp90, which is crucial for the stability and function of oncogenic client proteins. This inhibition leads to decreased levels or inactivation of these client proteins, including anti-apoptotic proteins. Consequently, Hsp90 inhibitors can induce apoptosis through both intrinsic and extrinsic pathways.
yes
small-cell lung cancer | anaplastic small-cell lung cancer
Presence of lanthionine and/or methyllanthionine | Containing mesolanthionine, 3-methyllanthionine, dehydroalanine, and dehydrobutyrine | Lanthionine-containing
Congenital cataracts | Facial dysmorphism | Neuropathy
yes
yes
Could you please specify the genotype or gene you are interested in?
yes
yes
Ras | BRAF | c-Myc (MYC) | Raf
In what context did you encounter "HbVar"?
Yes, DMSO as an additive can improve proteomic analysis results. It enhances electrospray ionization of peptides, improves quantitative precisions, and induces retention selectivity. These improvements can lead to better protein identification and overall analysis.
Are you asking about the specific protein target of MK-3475 and CT-011 in a particular malignancy, or are you interested in their general protein targets?
aspartyl beta-hydroxylase | junctin | junctate | noncatalytic isoform of BAH (humbug)
Organ size control | Cancer development | Tissue homeostasis | Growth | Differentiation | Regeneration | Cell proliferation
Formin family | Formin family of actin nucleating proteins | Formin family proteins
yes
yes
delta-distance
Insufficient evidence in retrieved documents.
N-terminal proteomics is used for the systematic identification of protease cleavage events and enables protein N-terminal characterization. It also facilitates protease substrate discovery and helps understand N-terminal residues' role as degradation signals.
Genomics | Epigenomics | Proteomics | Metabolomics | Chromatin structure | Gene expression | Single-cell data | Glycomics
Insufficient evidence in retrieved documents.
alpha-tropomyosin mutation | troponin T (TNNT2) mutation | desmin | delta-sarcoglycan | cardiac actin | beta-myosin heavy chain | troponin T gene
Squamous cell carcinoma | Non-small cell lung carcinoma | Lung
yes
Drisapersen is a 2'-O-methyl-phosphorothioate oligonucleotide designed to skip exon 51 in dystrophin pre-mRNA. This exon skipping is intended to restore the reading frame of the mRNA.
yes
1:5000 of live-born | Insufficient evidence in retrieved documents.
yes
Inulin | GF2 | GF3
*   High doses of inotropic agents
*   Steroids
*   Mechanical support by intra-aortic balloon pump
PINK1 | parkin | DJ-1 | ATP13A2
Ranolazine reduces intracellular sodium-dependent calcium overload and accumulation in heart cells, particularly during ischemia. It also improves cardiac diastolic function through modulation of myofilament calcium sensitivity. Ranolazine greatly affects whole cell calcium current only when facilitated by beta-adrenoceptor or histamine receptor activation.
The primary distinction is that in the Reverse Warburg effect, stromal cells undergo aerobic glycolysis, whereas in the conventional Warburg effect, tumor cells do. In the Reverse Warburg effect, lactate produced by the stromal cells is then used as fuel by the adjacent cancer cells.
Period (Per) genes are key circadian rhythm regulators in mammals. Per1 and Per2 are components driving the mammalian circadian clock, and ablation of mPER1 and mPER2 results in a complete loss of circadian rhythm control.
yes
BCR-ABL tyrosine kinase | Bcr-Abl tyrosine kinase
2014 | May 2015
Sushi.R | triplex | dagLogo
Hydrocephaly | Chorioretinitis | Intracerebral calcifications
Fewer than 100 | At most several hundred | Insufficient evidence in retrieved documents.
yes
primordial germ cell migration | stemness | cell cycle-signaling pathway for maintenance of pluripotency | glioma stem cells | stem cellular physiology process | endoderm formation
Differentiated cells | Early vertebrate embryos | Undifferentiated embryonal carcinoma cell lines
Autophagy is a cellular process where intracellular components are degraded within the lysosome (or vacuole) and their constituents are recycled. This process eliminates cytoplasmic components, damaged organelles, and protein aggregates via lysosomal degradation. Autophagy supplies nutrients for organelle biogenesis and metabolic homeostasis and is an evolutionarily conserved homeostatic process.
Insufficient evidence in retrieved documents.
Directional mutation pressure introduces mutational biases between alpha-bases (A or T) and gamma-bases (G or C). This bias contributes to the variation of the DNA G + C content.
What is the specific context or application you're interested in regarding the yeast proteome?
Arg403-->Gln missense mutation | Arg 403 --> Gln mutation | alpha-myosin heavy chain Arg403Gln missense mutation
Aortic regurgitation | Progressive dilatation of the aortic root | Dissection of the ascending aorta | Rupture of the ascending aorta | Mitral valve prolapse | Mitral valve regurgitation | Aortic root dilation | Aortic valve regurgitation | Aortic root dissection | Annuloaortic ectasia
A novel alpha-tropomyosin mutation associates with dilated and non-compaction cardiomyopathy | Insufficient evidence in retrieved documents.
AMPK activation protects cardiac structure and function in the diabetic heart by increasing cardiac autophagy and preventing cardiac apoptosis. Conversely, inhibition of AMPK exacerbates cardiac dysfunction and increases mortality in diabetic mice. Modulation of the AMPK pathway may be a therapeutic target to ameliorate diabetic cardiomyopathy.
yes
Hypertrophic cardiomyopathy
no
10% to 15% since 2001 | 28% | Low
According to the provided snippets, the oldest human sample analyzed by proteomics is from 500-year-old Andean mummies.
Post-embryonic growth retardation phenotype | Changes in the mitochondrial proteome | Altered metabolite profiles | Modification of respiratory function | Small but broad alterations in the mitochondrial proteome gained by subtly changing steady-state protein assembly, stability, and damage of a range of components that debilitate an anaplerotic role for mitochondria in cellular carbon metabolism.
GAN gene | gigaxonin gene | Gan1
yes
yes
Membrane scission is facilitated by protein complexes that bind and manipulate lipid bilayers [1]. It is a process related to the pinching off of vesicles, requiring the narrowing of the membrane [5], and is needed to release a free virion [4]. Dynamin proteins promote membrane scission [2].
Five | TAp73 and DeltaNup73 | Insufficient evidence in retrieved documents.
yes
DNA replication termination in eukaryotes, including vertebrates, occurs when replisomes from adjacent replication origins converge. This process involves the completion of DNA synthesis, decatenation of daughter molecules, and replisome disassembly.
HRAS | KRAS | NRAS | H-Ras | N-Ras | K-Ras4A | K-Ras4B | H-Ras | N-Ras | K-Ras
Endoplasmic reticulum (ER)
no
Alemtuzumab | Campath-1H
yes
Ventral striatum | Head of the caudate nucleus | Nucleus accumbens | Subgenual cingulate gyrus | Anterior limb of the capsula interna
yes
The lunar cycle may affect the incidence of intracranial aneurysm rupture. One study found a statistically significant increased risk of aneurysmal subarachnoid hemorrhage during the new moon. However, another study found no such association.
yes
no
Ala92 allele of the type 2 iodothyronine deiodinase
Female subclinical hypothyroid patients with high baseline baPWV and pulse pressure | Female subclinical hypothyroid patients with autoimmune chronic thyroiditis | Most patients with subclinical hypothyroidism
yes
Homoplasy can negatively impact phylogenetic reconstruction by leading to inaccurate conclusions and making it difficult to distinguish true phylogenetic signals from noise. The presence of homoplasy can make certain regions unreliable for phylogenetic reconstruction, although its negative impact is not always inevitable. Detection of size homoplasy may alter phylogenetic reconstructions.
Maternal use of selective serotonin reuptake inhibitors (SSRIs) during pregnancy is associated with an increased risk of autism spectrum disorders (ASD) in offspring. This association appears to be strongest with SSRI use during the first trimester. Furthermore, maternal SSRI use during pregnancy is associated with a greater number of gastrointestinal complaints in children with ASD.
SNAIL | SLUG | TWIST | ZEB1/2 | Snai1/2 | Twist1/2
yes
yes
Prader-Willi/Angelman syndromes | Silver-Russell syndrome | Beckwith-Wiedemann syndrome | Transient neonatal diabetes | Focal form of nesidioblastosis | Pseudohypoparathyroidism | Temple syndrome | Kagami-Ogata syndrome | Cancer | Gestation trophoblastic disease
Insulators are necessary in gene therapy vectors to overcome position effects, which are unwanted transcriptional influences from surrounding chromatin [1, 5]. Incorporating insulators can lead to improved and more predictable expression of therapeutic transgenes [2].
Iron deficiency | Brain iron deficiency | Insufficient evidence in retrieved documents.
acetylated lysines | acetyllysine residues | histone acetylation
loss of memory | memory problems | dysmnesia
yes
Multiple endocrine neoplasia type 1 | Multiple endocrine neoplasia type 2 | Von Hippel-Lindau disease | Neurofibromatosis type 1 | Carney complex | Pheochromocytoma-paraganglioma syndrome | Familial nonmedullary thyroid carcinoma
Three
yes
Reduced or depressed SERCA2a is involved in diabetic cardiomyopathy. SERCA2a is a sarcoplasmic reticulum Ca(2+)-ATPase. It plays a role in intracellular calcium handling.
yes
ChIA-PET is a method that combines Chromatin Immunoprecipitation (ChIP), proximity ligation, and high-throughput sequencing to study genome-wide, long-range chromatin interactions bound by protein factors. It identifies and quantifies physical contacts between chromatin regions, converting functional chromatin structure into short tag sequences. This allows for a global and unbiased interrogation of higher-order chromatin structures.
no
Pentostatin | DCF (Deoxycoformycin) | 2-deoxycoformicin
yes
no
There is a positive association between h-index and academic rank in academic neurosurgery. The h-index increases with academic rank, with an average increase of 5 corresponding to the next highest rank. The h-index can distinguish academic productivity on the basis of academic rank.
yes
Mindfulness training may be valuable for prostate cancer patients. Pilot results suggest it can support the initiation and maintenance of dietary changes in men with recurrent prostate cancer. Further study is recommended to explore this potential role.
There is no current national prostate cancer screening program in the UK [1, 5]. This is due, in part, to systematic reviews concluding that screening should not be carried out [2]. However, there are UK trials evaluating prostate cancer screening and treatment [4], and PSA testing is used in some regions even though screening is not recommended [3].
Hypercalcemia, hypercalciuria, hypothyroidism | Deficient expression of calcitonin | Elevated TSH serum concentration
sFRP3 levels are found to decrease in some cancers, including primary renal cancer. However, sFRP3 protein level is high in metastatic renal cancer tissues.
Albumin depletion reduces sample complexity, allowing for better characterization of low-abundance proteins, which is crucial for biomarker and therapeutic target discoveries for neurological disorders. This can be performed without coefficient of variation (CV) impairment. The provided snippets do not mention any disadvantages.
LincRNAs are involved in the genetic regulation of gene expression, potentially regulating neighboring protein-coding genes or transcription in cis. The genetic regulation of lincRNA expression can be independent of the regulation of neighboring protein-coding genes. LincRNAs may play a crucial role in shaping the landscape of gene regulation.
Insufficient evidence in retrieved documents.
Serine 129 (Ser129) | Ser129
yes
Thalidomide, when given simultaneously with radiation therapy, was safe but did not improve survival in patients with newly diagnosed glioblastoma. However, thalidomide prolongs disease stabilization after conventional therapy in patients with recurrent glioblastoma.
no
kif6 | HSPG2
no
Treatment of premature ejaculation | Use in children and adolescents
Pyknons are non-random sequence patterns significantly repeated throughout non-coding genomic DNA that also appear at least once among coding genes. They are also described as a nonrandom pattern of repeated elements, found more frequently in the 3' untranslated regions of genes. Pyknons represent a biologically important link between coding and non-coding DNA.
yes
Deadenylases catalyze the degradation of the poly(A) tail of eukaryotic mRNA, playing a key role in mRNA turnover. They are also involved in P-body formation and regulation, and miRNA-mediated regulation of mRNA expression. Specifically, they function by shortening the poly(A) tail.
IL-17 receptor A | IL-17 receptor | IL17RA
6 kb | 7kb | Insufficient evidence in retrieved documents.
NF1 gene | neurofibromin (NF1) gene | NF1
alphavbeta3 integrin receptor | alphavbeta5 integrin receptor
yes
U1 small nuclear RNA can be used in gene therapy to correct splice defects [2, 3, 5]. It can also carry antisense sequences [1]. Additionally, U1 adaptors can bind to U1 snRNA to target specific genes [4].
Patent expiry of ramipril does not decrease pharmacy refill compliance after a generic switch (PMID 21738055).
yes
yes
yes
TP53 | ATM | MYD88 | NOTCH1 | SF3B1
Dendritic cell-based immunotherapy has been shown to be feasible and effective in some cancer patients. However, further research is needed to optimize their use in anticancer vaccines and to understand how they induce and modulate immunity.
autosomal dominant and autosomal recessive | dominant | Insufficient evidence in retrieved documents.
Christianson syndrome
Reimbursement of Viagra has been limited through generalized exclusion or restrictions on quantity or duration of use. Value judgments, rather than cost, seem to play a central role in coverage decisions. Exceptions to total bans on reimbursement may be considered, involving the medical profession in the decision-making process.
Lock mass is used in Orbitrap measurements to compensate for drifts in instrument calibration and reduce systematic error, leading to higher mass accuracy. It provides an internal mass standard, improving the reliability of the measurements.
CMV infection and disease | CMV disease | Insufficient evidence in retrieved documents.
yes
chromosome 9 | chromosome 15 | chromosome 6
t(11;22)(q24;q12) | Translocations involving ETS-transcription factors | EWSR1-FLI1 fusion protein
yes
Could you specify which tissue type(s) you are interested in?
Ovarian mass | Pleural effusion | Ascites | Benign solid ovarian tumor | Pelvic mass | Increased CA125 levels | Normal cytology
Stabilizes c-myc mRNA | Protect the CRD from endonuclease cleavage | Preventing its endonucleolytic cleavage
Intercalation inside the double helix | Forming a molecular complex with DNA | Forming monoadducts or interstrand cross-links in DNA
yes
yes
Serum cystatin C | Urine albumin-to-creatinine ratio (UACR) | Creatinine-cystatin C estimated GFR (eGFRCrCyC) | Serum creatinine (SCr) | Blood urea nitrogen (BUN)
alpha-synuclein | Amyloid precursor protein (APP) | ubiquitin
Cystic fibrosis (CF) | Intra-amniotic bleeding | Swallowing of amniotic fluid after intraamniotic bleeding
Trimetazidine activates AMPK in the hearts of db/db mice. This activation is associated with improved cardiac function.
Dephosphorylating phosphatidylinositol 3-phosphate and phosphatidylinositol 3,5-bisphosphate | Lipid phosphatases | Protein-tyrosine phosphatase-like enzymes
no
Insufficient evidence in retrieved documents.
yes
Multidrug-resistant tuberculosis | MDR-TB | Multidrug-resistant pulmonary tuberculosis
The Carotid Occlusion Surgery Study (COSS) aimed to determine if superficial temporal artery-middle cerebral artery (STA-MCA) bypass, when added to best medical therapy, would reduce the risk of ipsilateral ischemic stroke in patients with carotid artery occlusion and hemodynamic cerebral ischemia. The trial focused on patients with complete internal carotid artery (ICA) occlusion and an elevated oxygen extraction fraction (OEF) in the cerebral hemisphere distal to the occlusion. COSS was a randomized trial of extracranial-intracranial bypass surgery for stroke prevention.
Identification and quantitation of closely related histone variants and their modified forms with unprecedented precision. | Provides a global perspective of H2A regulation through the cell cycle. | Quickly profiles global changes and directly probes the connectivity of modifications on the same histone. | Offers a sensitive and reproducible tool for exploring PTMs and variants.
A reversal mirror-image of the normal thoracoabdominal organs position | Complete mirror image of the thoracic and abdominal organs | Total vertical transposition of the thoracic and abdominal organs which are arranged in a mirror image reversal of the normal positioning
yes
IGT in normal weight persons with decreased insulin secretion | glibenclamide therapy | Daonil (Glibenclamide)
KDEL | Lys-Asp-Glu-Leu | tetrapeptide KDEL
Clinical trials show that metformin improves ovulation frequency and cardiovascular risk factors in women with polycystic ovaries [1]. Metformin may also increase the likelihood of pregnancy in women with lower BMI compared to placebo [3]. Metformin has also been studied in the context of IVF/ICSI [5] and its effects on atherosclerotic vascular disease [4].
Trypsin | AspN
Mfd protein | Transcription-repair coupling factor (TRCF, the product of the mfd gene) | UvrA
The evidence is conflicting. Some snippets indicate that generalized anxiety disorder is not associated with excess mortality, and may even predict less mortality in depressive elderly people. However, another snippet suggests that anxiety disorders, including GAD, are associated with increased morbidity and mortality. Further research is needed to clarify this relationship.
human interleukin-5 (IL-5) | interleukin-5 | IL-5
myoclonic-astatic epilepsy | seizures | epilepsy
yes
Treatment with recombinant human granulocyte colony-stimulating factor (r-metHuG-CSF) or granulocyte colony-stimulating factor (G-CSF) leads to an increase in neutrophil counts in patients with severe congenital neutropenia. G-CSF treatment is usually effective in normalizing blood neutrophils.
KVLQT1 | HERG | SCN5A | KCNE1 | KCNE2
yes
Resveratrol inhibits mTOR signaling. It achieves this by promoting the interaction between mTOR and DEPTOR and by suppressing rapamycin-induced AKT signaling. Resveratrol also inhibits mTOR mitogenic signaling evoked by oxidized LDL.
yes
Keratoconus | Corneal ectasia | Cornea blindness from severe corneal scarring
AMP-activated protein kinase (AMPK) activation prevents cardiac remodeling after myocardial infarction. AMPK activation directly phosphorylates MAPK8, leading to restoration of cardiac autophagy, protection against cardiac apoptosis, and improvement in cardiac structure and function.
Solanezumab is a monoclonal antibody that binds to the central or midregion of β-amyloid (Aβ). By binding to Aβ, solanezumab neutralizes soluble Aβ species. It is being developed as a passive immunization treatment for Alzheimer's disease.
skin hyperextensibility | dystrophic scarring | joint hypermobility
Gabapentin | Ketamine | Coanalgesics | Morphine | Benzodiazepines
The "calcium paradox" in the isolated perfused heart refers to the dramatic alterations in the physiology and biochemistry of the tissue. This occurs when the heart is perfused with a Ca2+-free perfusate followed by a Ca2+-containing perfusate, leading to irreversible cell damage and loss of electrical and mechanical activity.
no
Hsp70 and Hsp110 bind to RNA motifs involved in mRNA stability. They preferentially bind AU-rich RNA.
The Prudent Diet is characterized by high intakes of vegetables, fruits, whole grains, legumes, fish, poultry, nuts, and vegetable oil. It is also characterized by low intakes of refined grain products and hydrogenated fat. Adherence to a Prudent Diet is associated with reduced risk of cardiovascular disease and mortality [2, 5].
Insufficient evidence in retrieved documents.
yes
Females | Women | Insufficient evidence in retrieved documents.
Are you asking about the FINDbase database of mutations and allelic variants, or something else?
yes
MeCP2 | methyl-CpG-binding protein | methyl CpG binding protein 2
yes
D2
CYP2C9 | VKORC1 | CYP4F2 | PROC | EPHX1 | GGCX | ORM1
14,000 | 14,120 | 14,595
Canagliflozin | Dapagliflozin
Glucocerebrosidase gene | GBA | acid beta-glucosidase (beta-Glc) gene
Insufficient evidence in retrieved documents.
DEB and MMC stressing are reliable techniques for the definitive cytogenetic diagnosis of Fanconi anemia homozygosity. A flow-based mitomycin C sensitivity test is also a reliable alternative method to evaluate Fanconi anemia phenotype in fibroblasts.
yes
Lysine-specific demethylase 1 (LSD1) is involved in transcriptional repression in hematopoietic stem cells and restricts hematopoietic progenitor proliferation, being essential for terminal differentiation. The interaction between TAL1 and LSD1, regulated by PKA-mediated phosphorylation, influences H3K4 methylation and the activation or suppression of target genes during hematopoiesis.
Schizophrenia | Symptoms such as delusions, hallucinations, agitation and aggressive behaviour | Psychosis | Negativism and conduct disorders
Periodic paralysis | Cardiac arrhythmia | Facial dysmorphisms | Skeletal dysmorphisms | Cardiac dysarrhythmias | Dysmorphic features
Induced pluripotent stem cells (iPSCs) offer significant potential in cardiovascular research and treatment. They can be used to study cardiovascular development, model diseases "in a dish," generate patient-specific cardiomyocytes for studying disease mechanisms, and facilitate drug discovery. iPSC-derived cardiovascular progenitor cells also hold promise for cell-based therapies for heart diseases.
Hirschsprung's disease | Intellectual disability | Mental retardation
LEKTI protein | serine protease inhibitor Kazal-type 5 protein (LEKTI)
SPINK5 gene | LEKTI protein
Parkinson's disease (PD) | Lewy body diseases | Dementia with Lewy bodies (DLB)
Type I and type III iodothyronine deiodinase | D1 and D3
Notch intracellular domain (NICD) | CSL (CBF-1, suppressor of hairless, LAG-1) | Mastermind family member | Groucho protein
Based on the provided snippets, sequence variability in antibodies is related to the hypervariable regions, which have a small repertoire of main-chain conformations determined by key conserved residues. The variable domains (VH and VL) also contribute to the variability through their interaction.
Repressor
yes
no
Orexin receptors OX1R and OX2R | OX(1)R and OX(2)R | Dual orexin receptor
Type 2 diabetes
*   Structure based pharmacophores (SBPs)
*   HypoGen pharmacophore model
*   PharmaGist employed algorithm
*   Pharmacophore mapping methods
yes
6th-10th weeks of gestation | First trimester | Early determination
yes
yes
Are you asking about a specific gene, protein, or research study related to TFBSshape?
yes
yes
BIX-01294 | Selective inhibitors of histone methyltransferase DOT1L | Small-molecule histone methyltransferase inhibitors
Amyotrophic Lateral Sclerosis (ALS) is a neurodegenerative disease characterized by motor neuron loss. This loss leads to muscle weakness, atrophy, paralysis, and ultimately death. The motor neuron loss occurs in the motor cortex, brain stem, and spinal cord.
alpha-cardiac myosin heavy chain gene | MLC-2 gene | beta-MHC gene
yes
Tofacitinib | Baricitinib | Upadacitinib
The synthesis of a functional N-truncated dystrophin isoform involves the usage of an internal ribosome entry site (IRES) within exon 5. A truncated reading frame upstream of the IRES is generated by exon skipping, leading to the synthesis of the functional N-truncated isoform. This isoform attenuates dystrophinopathy.
*   Zinc finger nucleases (ZFNs)
*   Transcription activator-like effector nucleases (TALENs)
yes
Plays a role in serotonin clearance | Serotonin clearance | Influences mood and behavior
Individuals with Fanconi anemia face an increased risk of malignancy and cancer. This includes a heightened risk of developing Acute Myeloid Leukemia (AML) and Myelodysplastic Syndrome (MDS). Bone marrow failure is also a characteristic of Fanconi anemia.
yes
yes
yes
Wnt signaling pathways | canonical Wnt pathway | noncanonical Wnt signaling pathways
alpha-galactosidase A (Gla) | α-galactosidase (α-Gal) | Human alpha-galactosidase A (EC 3.2.1.22; alpha-Gal A)
no
yes
yes
IGF-1 prevents cell death and limits ventricular dilation and cardiac hypertrophy after myocardial infarction. It stimulates resident cardiac progenitor cells, reduces pathological remodeling, induces myocardial regeneration, and improves ventricular function. Delivery of IGF-1 can also improve myocardial structure and function recovery after infarction.
There is no current national prostate cancer screening program in the UK [1]. This is partly due to systematic reviews suggesting screening should not be carried out [2]. National systematic prostate cancer screening programs have not been implemented because of a lack of evidence that they improve survival or quality of life [5].
yes
caspase-5 | caspases-4 | CASPASE-1 | caspase-1
fruit fly | weevils
Neutrophil elastase gene | ELANE gene | ELA2 gene
TGF-beta plays a crucial role in cardiac repair by suppressing inflammation, promoting myofibroblast phenotypic modulation and extracellular matrix deposition. It also conducts myogenic differentiation of CD117+ stem cells, assisting myocardial regeneration and inducing therapeutic angiogenesis. TGFβ signaling orchestrates the beneficial interplay between scar-based repair and cardiomyocyte-based regeneration.
Everolimus
no
yes
TFCONES
To map regulatory and transcriptional features to the human genome | To provide comprehensive expression profiles and functional annotation of mammalian cell-type-specific transcriptomes
yes
The mammalian gene Irg1 is the ortholog of a bacterial gene encoding methylcitrate dehydratase [3]. It plays roles in embryonic implantation and neurodegeneration [1], and may have a role in apoptosis [2]. However, its precise mechanisms and functional roles remain to be fully elucidated [2, 5].
yes
Paranoid schizophrenia | Bipolar action
Systemic nickel allergy syndrome (SNAS) is characterized by allergic contact dermatitis and systemic reactions following the ingestion of nickel-rich food. Symptoms include cutaneous manifestations like urticaria and contact dermatitis, as well as systemic symptoms such as gastrointestinal issues, headache, asthenia, and itching. SNAS can affect both occupationally and non-occupationally exposed individuals.
IgG4 | Immunoglobulin G4 | IgG4-RSD
Spontaneous cardiomyopathy | Heart failure | Impaired healing due to a severe reduction in the number of myofibroblasts | No effect on the viability or survival pathway activity pattern of MM cells | Dilated cardiomyopathy
no
MT1 receptor | MT2 receptor
yes
ELMO1 functions as a complex with Dock180 to mediate Rac activation in mammalian cell migration. ELMO1 also has a nonredundant role in controlling Dock2 levels and Dock2-dependent T cell migration in primary lymphocytes.
K48-linked ubiquitination targets proteins to the proteasome for degradation. This process is involved in the processing of NF-κB precursors and the degradation of IκB proteins.
no
RNA polymerase II | RNA polymerase I | An unidentified RNA polymerase activity resistant to alpha-amanitin
20S proteasomal subunit alpha4 | CASK
Riociguat
There is no consensus on vancomycin dosing in neonates, and significant variation exists in dosing regimens. Dosing recommendations may vary based on infant weight, with some evidence suggesting different regimens for infants weighing less than or greater than 1,000 gm. Monitoring serum vancomycin concentration is important for optimizing therapy.
Part of the CRISPR/Cas9 tool | Cas9/single guide RNA (sgRNA) system | Single Cas9 enzyme and two or more single guide RNAs (sgRNAs)
PI3K | PI3K-δ | PI3K inhibitor
Valproic acid | Carbamazepine
Yersinia pestis | Yersinia
1,4-benzothiazepine
Upregulated | Upregulated in some tumors | Misregulated
Are you asking about the use of oxantel pamoate specifically, or another form of oxantel?
Are you asking about apelin as a gene, a protein, or its function in a specific disease?
Regulation of gene expression | RNA-processing protein | May play a role in the pathogenesis of colorectal cancer
protein tyrosine kinase | nonreceptor tyrosine kinase | tyrosine kinase
autosomal dominant | autosomal dominant inheritance
H3K36me3 is associated with the inclusion or exclusion of alternative exons. H3K36me3 and H3K79me1 levels are correlated with differences in alternative splicing patterns. Splicing can also contribute to histone modification.
yes
yes
P-bodies (processing bodies) are cytoplasmic structures involved in mRNA processing. They are involved in mRNA degradation, storage, quality control, translational arrest, and silencing of mRNAs. P-bodies contain non-translating mRNAs and proteins.
Decitabine reactivates hypermethylated genes by promoter demethylation, releasing histone deacetylases (HDACs) and accumulating acetylated histones. It may also induce regional chromatin remodeling of unmethylated genes. However, the clinical response to decitabine does not correlate with demethylation of the p15 gene promoter or the repetitive DNA element LINE, suggesting that further research is needed to fully understand its mechanism of action.
rfx6
yes
Information collection | Prevention | Diagnosis | Treatment | Monitoring | Decision support | Behaviour change support | Intensified care to improve blood pressure control for patients with diabetes | Reduced exposure to hyperglycemia for patients with diabetes | Pediatric obesity prevention and treatment | Healthy eating promotion | Physical activity promotion
yes
DC1 | DKC1 | TERC | TERT | NOP10
yes
TPMCalculator | circRNA_finder | find_circ | CIRCexplorer | CIRI | MapSplice | RSEM | Tophat-HTSeq | Tophat-Cufflinks | STAR-HTSeq | Kallisto | Salmon
Brugada syndrome is characterized by a high risk of ventricular arrhythmias and sudden cardiac death in patients without structural heart disease. Key features include a characteristic electrocardiographic (ECG) pattern with ST segment elevation in precordial leads and, in some cases, a QRS complex resembling a right bundle branch block. Syncopal episodes may also occur.
alpha-synuclein | alpha-synuclein (AS)
Thyroid hormone regulates mitochondrial biogenesis in the myocardium by influencing protein import and the expression of mtHsp70. It also increases mitochondrial mass and cytochrome content, expanding oxidative metabolism capacity. Furthermore, thyroid hormone regulates the synthesis of specific respiratory-chain components, which play key roles in inner-membrane biogenesis and assembly.
Tune the promoter for RNA polymerase II recruitment | Co-localize with RNA polymerase II binding sites | Regulatory hubs
D84E | R151C | R160W | V60L | R163Q | T314T
Xrn1 | 5'-3' exonuclease Xrn1 | 5' → 3' processive exoribonuclease
Silver syndrome/spastic paraplegia 17 | Distal hereditary motor neuropathy type V | Charcot-Marie-Tooth disease type 2 (CMT2) with predominant hand involvement | Distal hereditary motor neuropathy
programmed cell death protein 1 (PD-1) | PD-1 | programmed death 1 (PD-1)
SCH-527123 | SCH-479833
The FAA (FANCA) gene contains 43 exons spanning approximately 80 kb. Exon sizes range from 34 to 188 bp.
Are you asking about the SNORD116 gene, or something else related to that name?
Mediates mitochondrial and peroxisomal division | Regulating mitochondrial fission | Protein required for mitochondrial network division
The breast cancer susceptibility gene BRCA2 is associated with Fanconi anemia complementation group D1 (FA-D1). Biallelic mutations in Fanconi anemia complementation group genes disrupt DNA repair and result in the Fanconi anemia phenotype.
Catecholaminergic polymorphic ventricular tachycardia (CPVT) | Catecholamine-induced polymorphic ventricular tachycardia (CPVT)
Based on the provided evidence, the most frequent non-canonical sequence motif at splice sites is GC-AG. AT-AC also appears as a less frequent non-canonical motif. Other non-canonical splice sites exist, but they are even less frequent.
L-type channel blocker | Blockade | No significant effect on the amplitude or kinetics of the Ca(2+) signal
Cranberry juice helps combat urinary tract infections by preventing bacteria from adhering to the bladder epithelium. Specifically, the proanthocyanidins in cranberries inhibit the binding of Escherichia coli to the uroepithelial tissue. This antiadhesion property is the proposed mechanism of action.
Respiratory Illness | Haemophilia | Allergy | Headache | Diabetes
Multiple myeloma | Relapsed/refractory multiple myeloma
LC3 | GABARAP | GATE-16 | GABARAPL1
Flaviviridae | Flavivirus
yes
The Triplex R/Bioconductor package identifies and visualizes potential intramolecular triplex patterns in DNA sequences. It searches for nucleotide patterns capable of forming intramolecular triplexes (H-DNA) in Bioconductor genomes and other DNA sequence data. The package also generates 2D and 3D diagrams of identified triplexes.
Activating point mutations | Mutations at codon 12 | K-ras mutations and inactivation of the tumor suppressor genes p16/MTS1/ink4a, p53 and DPC4/Smad4
no
The Indian Polycap Study (TIPS) | PolyIran trial | TIPS
Are you asking about transvection in the context of genetics, or something else?
Probiotics play a role in preventing and treating gastrointestinal disease by improving intestinal microbial balance, affecting the immune process, protecting against invasive bacteria, and producing short-chain fatty acids. Gastrointestinal disease specialists recognize and use probiotics therapeutically. Bacillus clausii is one probiotic used for gastrointestinal disorders, diarrhea, dysbiosis, and inflammatory bowel diseases.
Aortic root dilatation | Aortic valve regurgitation | Aortic root dissection
Tetrodotoxin is associated with several species, including pufferfish (*Takifugu niphobles*, *Fugu niphobles*, *Tetraodon nigroviridis*, and *Tetraodon biocellatus*). It has also been associated with unknown fish. Additionally, the bacteria *Raoultella terrigena* is a tetrodotoxin-producing species.
Autosomal dominant inheritance | Dominantly inherited | Autosomal dominant type
HBS1L-MYB intergenic variants affect regulatory elements that interact with MYB, a regulator of erythroid development and HbF levels. These variants reduce transcription factor binding, affecting long-range interactions with MYB and its expression, ultimately modulating fetal hemoglobin levels. These variants affect regulatory elements that are occupied by key erythroid transcription factors within this region.
*   YAP1
yes
∼ 25 nm | 24 nm | 25 nm
yes
Propionic acidemia is caused by mutations in either the PCCA or PCCB genes. These genes encode the alpha and beta subunits of the propionyl CoA-carboxylase enzyme, respectively. A deficiency in this enzyme leads to propionic acidemia.
protein phosphatase-1
G-CSF treatment for severe congenital neutropenia carries a risk of myelodysplastic syndrome (MDS) or acute myelogenous leukemia (AML). The cumulative risk is 13% after 8 years of G-CSF treatment. The risk of leukemia increases with the degree of G-CSF exposure.
internal globus pallidus | ventral intermediate thalamic nucleus (VIM)
Myosin-Ibeta | Myosin-VI | Myosin-VIIa
The treatment strategy for spinocerebellar ataxia type 3 (SCA3) for CAG removal is the removal of the CAG containing exon. SCA3 is caused by the expansion of a CAG repeat tract in ATXN3.
The angiogenin binding element (ABE) is located in the nontranscribed region of the ribosomal RNA gene. The ABE is a DNA sequence with CT repeats.
I-kappa B protein | IκBs | IkappaB alpha
Autosomal recessive (AR) and autosomal dominant (AD) | Autosomal recessive | Autosomal dominant
Glioblastoma | Pancreatic cancer | Advanced stage solid tumors | Glioblastoma multiforme (GBM) | Multiple cancers including glioblastoma (GBM)
Growth factor stimulation results in the acetylation of S6K1 at lysine 516. Following mitogen stimulation, S6Ks interact with p300 and PCAF acetyltransferases and can be acetylated by them.
Could you please specify the context in which you are interested in angiocrine factors? For example, are you interested in a specific disease, organ, or research area?
Protein carbamylation is a post-translational modification that occurs when cyanate ions or isocyanic acid react with amino groups in proteins. This nonenzymatic process is linked to conditions like uremia, inflammation, protein aging, and various diseases.
Mutations in the gene encoding a glial glutamate transporter, the excitatory amino acid transporter-1 | Altered function of excitatory amino acid transporter anion channels | Reduced glutamate uptake by mutant excitatory amino acid transporter-1
Coupling MCM2-7 to DNA polymerase alpha | Central player in DNA replication | Required for DNA replication
yes
Inn1 is needed for cytokinesis and associates with the contractile actomyosin ring at the end of mitosis. Its C2 domain is required for ingression of the plasma membrane, and the rest of the protein recruits Inn1 to the actomyosin ring. Inn1 also promotes cleavage furrow and septum formation and its C2 domain acts with Cyk3 to regulate the catalytic domain of Chs2 during cytokinesis.
Growth hormone deficiency | Cortisol deficiency
Cdc45 | Mrc1 | Tof1-Csm3 complex | FACT (facilitates chromatin transcription) | Ctf4 | Mcm10 | Topoisomerase I | MCM2-7 helicase | GINS complex subunits | PCNA | RPA
An absent word in a sequence is a segment that does not appear in the sequence. A minimal absent word is an absent word where all its proper factors occur in the sequence. This means that if the leftmost or rightmost character of a minimal absent word is removed, the resulting word is no longer an absent word.
Both congenital central hypoventilation (CCHS) and Mowat-Wilson syndrome (MWS) are syndromic Hirschsprung disease (HSCR) entities. CCHS is caused by PHOX2B gene mutations, while MWS is caused by ZFHX1B gene mutations.
delta F508 del mutation | cftr ΔF508 mutation | p.F508del
Aip1 | Ede1 | Inn1 | Cyk3 | Chs2
yes
Etioplasts | Chloroplasts
*   Anti-IL-5 monoclonal antibodies
*   Approved for biological therapy of uncontrolled eosinophilic asthma
*   Target IL-5
Irg1 expression | Mouse and human immune cells | Insufficient evidence in retrieved documents.
no
NEFL | GDAP1
ATF-2/c-Jun | IRF-3/IRF-7 | NF-kappaB | HMGI(Y) | IRFs
yes
SeqArray
meningiomas
Centrosome | Centriolar | Spermatid basal body
yes
secretory phospholipase A2 (sPLA2) | enzymes of the human secretory phospholipase groups IIa, V and X
Sodium glucose cotransporter 2 (SGLT2)
Muenke syndrome is characterized by coronal suture craniosynostosis, hearing loss, and limb anomalies such as carpal and tarsal fusions. Developmental delay or intellectual disability may also be present. Midface hypoplasia can also be a characteristic.
Cognitive behavioural treatment | Cognitive behaviour therapy (CBT) | Mindfulness-based therapy (MBT) | Coping Cat program
Istradefylline
Characterize myocardial diffuse fibrosis | Detecting cardiac AL amyloidosis | Quantitative assessment of diffuse myocardial fibrosis
chaperone-mediated autophagy
Insufficient evidence in retrieved documents.
Dabigatran therapy prolongs aPTT in a dose-dependent manner in patients with atrial fibrillation. A normal aPTT may exclude therapeutic dabigatran anticoagulation, but aPTT does not provide a linear response to dabigatran therapy. There is a wide distribution of aPTT in patients taking dabigatran.
skin-type anti-freeze protein-3 | pe III anti-freeze protein (AFP) | type III anti-freeze proteins | anti-freeze glycoprotein of Antarctic and Arctic notothenoids
Serine 5 | Ser5 | Ser2
yes
small nuclear RNAs | small nucleolar RNAs (snoRNAs) | cryptic unstable transcripts (CUTs) | upstream regulatory RNAs (uRNAs) | Micro RNAs (miRNAs) | Circular RNAs (circRNAs)
Insufficient evidence in retrieved documents.
Pharmacological interventions for cluster headache prophylaxis include lithium carbonate, verapamil, ketoprofen, botulinum toxin type-A (BTX-A), and galcanezumab. Galcanezumab is a humanized monoclonal antibody to calcitonin gene-related peptide.
Phospholamban (PLB or PLN) inhibits the activity of SERCA. This inhibition occurs by decreasing the apparent affinity of the enzyme for Ca(2+). The regulation of SERCA by phospholamban is largely due to interactions between their respective transmembrane domains.
mTOR | Rictor | mSin1 | mLST8/GβL | PRR5 | Sin1
Digit ratio (2D:4D) is associated with gastric and oral cancers. It also shows differences in prostate cancer between African-Americans and Caucasians, but does not correlate with disease severity. Furthermore, digit ratio measures might be associated with breast cancer risk and age at onset.
yes
yes
Glucose intolerance | Obesity | Raised blood pressure | Dyslipidaemia (elevated triglycerides, low levels of high-density lipoprotein cholesterol) | Glucose dysregulation | Central obesity | Hypertension | Elevated plasma glucose level | Prothrombotic and proinflammatory states | Insulin resistance
Dovitinib | Anlotinib | Jakinibs | High-dose tamoxifen | Hypericin
yes
yes
Short palindromic sequences (4, 5 and 6 bp palindromes) | Palindromic words | Semi-palindromic motifs
KRAS | BRAF | HER2 | EGFR | NRAS | PIK3CA | MET | ERBB2
yes
norvaline
yes
Studies suggest that therapeutic hypothermia is a recognized treatment for term infants with HIE, but little is known about its applications in preterm newborns [3]. A pilot study investigated the feasibility and safety of mild hypothermia in preterm neonates with NEC and MODS [2].
Stain-free protein gels offer several advantages in Western blotting, including faster and more reliable results, transparent visualization of gel separation and protein transfer, and use as a normalization tool and loading control. The stain-free technology also provides checkpoints throughout the Western blotting process.
Receptor activator of nuclear factor-κB ligand (RANKL) | RANK-ligand
spleen tyrosine kinase (Syk) | Syk
yes
yes
According to Chargaff's second parity rule (PR2), complementary nucleotides occur with almost equal frequencies in single-stranded DNA. This rule also states that within each strand, the frequency of adenine (A) is approximately equal to that of thymine (T), and the frequency of guanine (G) is approximately equal to that of cytosine (C).
yes
yes
Proteostasis, also known as protein homeostasis, is a critical process for maintaining cellular health [4, 5]. It involves a balance between protein synthesis, folding, trafficking, aggregation, disaggregation, and degradation [1, 2]. The proteostasis network is responsible for generating, protecting, and degrading the proteome [3].
MTM1 gene | myotubularin (MTM1) gene | myotubularin
yes
Adiponectin has been suggested to have a role in migraine, potentially through its connection to migraine pathophysiology. However, the link between serum adiponectin and migraine remains elusive.
Oncogene addiction is a phenomenon where the survival of cancer cells depends on an activated oncogene or the inactivation of a tumor suppressor gene. This dependence is seen as a vulnerability, the 'Achilles heel', for molecularly targeted cancer therapies.
yes
Cells at advanced stages of differentiation in the upper epidermis | Differentiating inner root sheath and hair shaft | Most mature sebocytes of the sebaceous gland and preputial, meibomium, ceruminous gland, and anal glands
Amino-terminal domain | N-terminus | N-terminal
yes
anti-GQ1b antibodies | anti GQ 1 b, GT 1 a, GM 1 ganglioside antibodies | anti-GQ1b IgG antibodies
miR-146a | miR-155 | miR-132 | miR-16 | microRNA let-7a
yes
yes
yes
The OMIA database is a comprehensive, annotated catalogue of inherited disorders and other familial traits in animals other than humans and mice. It is a comparative biology resource of phenotypic information on heritable animal traits and genes, relating traits to genes where possible.
Methotrexate is used in juvenile idiopathic arthritis, but controlled studies on its use in uveitis are lacking. Methotrexate use has been associated with uveitis in children without systemic arthritis.
RNGTT (RNA guanylyltransferase and 5' phosphatase) | RNMT (RNA guanine-7 methyltransferase) | guanine-7-methyltransferase
Are you asking about a gene, a database, or something else related to HOCOMOCO?
Psoriasis | Inflamed psoriatic skin
yes
yes
rapid decline in T3 | "low T3 state" | TSH induced response of the thyroid gland is not normalized
Fascin | IRSp53
Spt-Ada-Gcn5-acetyltransferase | Spt-Ada-Gcn5 Acetyltransferase | Insufficient evidence in retrieved documents.
Insufficient evidence in retrieved documents.
The Universal Proteomics Standard 2 (UPS2) has a dynamic range of 5 orders of magnitude and was introduced by The Association of Biomolecular Resource Facilities Proteomics Standards Research Group in 2006.
Ataxin-2 | Atx2
Viroids | Satellite RNAs
acute invasive schistosomiasis | early Schistosoma spp. infection
Insufficient evidence in retrieved documents.
mpMoRFsDB
LepChorionDB
yes
yes
Aurora A kinase
yes
no
Dementia | Gait disturbances | Urinary incontinence | Cognitive disorder | Urinary urgency | Cognitive dysfunction | Cognitive and urinary impairment
epidermal growth factor receptor (EGFR) | EGFR
hydrogen bonds | hydrophobic interactions | disulfide bonds
yes
yes
Increased risk | High risk | Increased risk of development
One | A unique mutation | FGFR3 (P250R)
Analysis of cell-free DNA in the maternal circulation | Using free fetal DNA in maternal blood | Maternal plasma DNA analysis
S100A1 | SERCA2a
ecallantide | DX-88 (ecallantide, Dyax Corp.)
Bidirectional ventricular tachycardia (BVT) is an uncommon type of polymorphic ventricular tachycardia (PVT). It is a rare arrhythmia.
LRRK2 | Genes associated with iron status | Genes associated with restless leg syndrome (RLS)
yes
yes
PiggyBac | PiggyBac exhibits higher transposition efficiencies
During heat stress, TORC1 is recruited to and sequestered within stress granules (SGs). This sequestration delays the reactivation of TORC1 signaling during recovery from heat stress.
yes
Fatigue | Lightheadedness | Nausea | Vomiting | Passage of semifluid fecal material | Intermittent penile relaxation | Mild sedation | Slight increases in self-rated alertness | Decreases in ratings of tiredness | Decreases in ratings of elation
yes
Gene annotation | Sequence motifs or signatures evaluation | Network-based methods | Random walk with restart algorithm | Gene prioritization from microarray data based on shortest paths
Ciliopathies | Polycystic kidney disease (PKD) | Cancer, obesity, diabetes
Ultraconserved elements are useful phylogenomic markers that can resolve phylogeny in various species. They also anchor thousands of genetic markers spanning multiple evolutionary timescales.
prostacyclin
Meier-Gorlin syndrome is a rare autosomal recessive disorder characterized by small stature or growth retardation, small external ears or microtia, and small or absent patellae or aplasia/hypoplasia of the patellae. It is also referred to as ear, patella, short stature syndrome.
glucocerebrosidase | acid beta-glucosidase | beta glucocerebrosidase
Hsp90 inhibition demonstrates potential in cancer therapy by preventing tumor progression and metastasis, exerting antiproliferative effects, and inhibiting signal transduction in various cancer cell types. Low-dose Hsp90 inhibitors can also sensitize cancer cells to chemoradiotherapy by inactivating anti-apoptotic proteins and enhancing apoptosis. These findings suggest Hsp90 inhibitors could be useful in preventing tumor progression and metastasis.
Medulloblastoma | MDB | MB
CHIP (C terminus of Hsc70-interacting protein)
Phycocyanin
yes
Fungi | Microspora
X-linked | Autosomal dominant | Autosomal | Sporadic inheritance pattern
Dabigatran is an anticoagulant that inhibits thrombin. Idarucizumab, a monoclonal antibody fragment, binds to dabigatran.
Neurodegenerative disorder (Batten disease) | Defective function of lysosomal membrane glycoprotein CLN3 | Batten disease
TAK1
yes
MEMSAT3 | Hidden Markov Model based method | MetaTM | HMM_RA | PHD | Dsc | Sopma
no
yes
Flybow | Drosophila Brainbow
Transforming growth factor-beta1 (TGF-beta1) | Hepatocyte growth factor (HGF) | TGF-β2
Aft1 is a transcriptional activator in yeast that responds to iron availability and regulates the expression of genes in the iron regulon. It also regulates iron homeostasis and is involved in genome integrity, having additional iron-independent functions. Rad9 is recruited to fragile genomic regions in an Aft1-dependent manner.
yes
Expanded CAG repeat in the huntingtin (HTT) gene | Expansion of a CAG trinucleotide repeat in the IT15 gene | Expanded stretch of consecutive trinucleotides (cytosine-adenosine-guanine, CAG) within the first exon of the huntingtin (HTT) gene
yes
Histone H3K27ac
Clusters of transcriptional enhancers | Drive cell-type-specific gene expression | Crucial to cell identity | Large clusters of enhancers covering the long region of regulatory DNA | Densely occupied by transcription factors, active histone marks, and co-activators | Essential roles in driving the expression of genes that control cell identity during development and tumorigenesis
Autosomal dominant | Autosomal dominant hereditary | Autosomal dominant inherited
Prolactinoma | Pituitary adenoma
Mismatched uracil glycosylase (Mug) from *Escherichia coli* is an initiating enzyme in the base-excision repair pathway. It initiates base-excision repair of G:U/T mismatches and also plays a role in the repair of 3,N4-ethenocytosine in vivo.
Decrease cardiac output | Decrease heart rate | Negative inotropic effect
Gastric cancer | Cervical cancer | Pancreatic cancer | Ovarian cancer | Non-small cell lung cancer (NSCLC) | Esophageal squamous cell carcinoma | Colorectal carcinoma | Colon cancer | Rectal cancer | Oesophagogastric cancer
hK3 | human kallikrein-related peptidase 3 | PSA
Storage and mobilization of lipids | Lipids storage | Storing excess fatty acids
Regulate gene expression | miRNA sponges | Regulators of transcription
no
yes
askHERMES | EAGLi | HONQA | INDOC
type I iodothyronine deiodinase | type III iodothyronine deiodinase
Monoubiquitination of the FANCD2 protein | Monoubiquitination of FANCD2 | DNA-damage response pathway
Allopurinol is being tested to prevent brain damage from birth asphyxia. While early postnatal allopurinol may not improve short-term outcomes after severe birth asphyxia or overall long-term outcomes, it may have a neuroprotective effect and lead to better neurologic and neurodevelopmental outcomes in moderately asphyxiated infants.
no
Neurofilament light chain protein (NfL) is a biomarker of neurodegeneration, progression in multiple sclerosis, and neuroaxonal injury. It is also a potential biomarker for progression of neurodegeneration in ataxia-telangiectasia and to detect/monitor neurodegeneration in the central nervous system related to Langerhans cell histiocytosis. NfL levels can be measured in blood or cerebrospinal fluid.
yes
Thyroid hormone (T3) increases the transcription of the sarcoplasmic reticulum Ca2+ adenosine triphosphatase (ATPase) gene (SERCA 2) through thyroid hormone response elements [4]. This effect of thyroid hormone on the cardiac SERCA 2 gene occurs at the pretranslational and possibly transcriptional level [5].
anthocyanin MYB-like protein
Deafness (sensorineural) | Onychodystrophy | Osteodystrophy | Mental retardation | Dystrophic thumbs | Increased urinary levels of 2-oxoglutarate | Seizures | Hypoplastic or absent nails on the hands and feet | Small or absent distal phalanges of the hands and feet | Intellectual disability
Analysis of cell-free DNA in the maternal circulation is a highly accurate screening test for aneuploidies and a rapidly evolving method for non-invasive prenatal diagnosis. It is used for the prenatal diagnosis of Trisomy 21 (Down syndrome). Candidate epigenetic biomarkers are also being explored.
Transcriptional elongation | Efficient transcriptional elongation | Insufficient evidence in retrieved documents.
RNA | mRNA | polyadenylated 3' end of mRNA
9-10 nm | 10 nm | 100 Angstroms
Genomic Regulatory Blocks (GRBs) are chromosomal regions containing highly conserved non-coding elements (HCNEs) that act as regulatory inputs for a target gene within the region. These target genes are frequently transcription factors involved in embryonic development and differentiation. GRBs may also include gene deserts and bystander genes unrelated to the target gene.
Based on the provided evidence, experimental pharmacological interventions for frailty have focused on hormones, antioxidants, anti-inflammatory agents, and nutritional supplements. Testosterone has shown some benefits in treating frailty.
Progeria is a rare genetic condition. Specifically, it is an autosomal dominant genetic disorder.
Strong repressor at morning-time elements | Clock component | Transduces nutrient signals to circadian clocks
Are you asking about the "July Effect" in the context of medical training, or something else?
Nestin
DNMT1 | DNA methyltransferase 1 | DNA cytosine-5 methyltransferase
yes
low density lipoprotein receptor (LDLr) | P450R promoter/chloramphenicol acetyl transferase (CAT)
yes
58% improved | 82% beneficial influence | Clinically safe and effective
yes
neuroendocrine cells | pancreatic neuroendocrine tumor cells | gastroenteropancreatic neuroendocrine neoplasm cells
no
X-linked Charcot-Marie-Tooth disease-5 (CMTX5) | Arts syndrome | X-linked nonsyndromic sensorineural deafness (DFN2) | prelingual non-syndromic deafness
yes
In mouse embryonic fibroblasts (MEFs), HuR represses ARF mRNA translation, maintaining the replicative life span of the cells.
Janus kinase family of enzymes (JAKs) | JAK1 | JAK2
no
Myocardial mTOR activity changes during hypertrophy and heart failure. Ablation of Mtor impairs the hypertrophic response and accelerates heart failure progression. mTORC1 is often hyperactivated in human disease.
yes
no
yes
streptavidin | TiO2 | enzymes | Digoxin
no
yes
DNA topoisomerase II inhibitors work by inducing DNA double-strand breaks, often by trapping the enzyme within DNA cleavage complexes. This trapping results in protein-associated DNA strand breaks and can occur by preventing the enzyme from binding to DNA.
yes
yes
EGFR
Insufficient evidence in retrieved documents.
yes
Parathyroid gland | Pancreas | Pituitary gland
Ataxin-3 | AT3
Are you asking about Tn-seq in the context of bacterial genetics or cancer research?
yes
no
yes
6.9 cases/100,000 inhabitants | 25 affected individuals/100,000 inhabitants | 1 in 3,200 in the Caucasian population
yes
Sonic Hedgehog (Shh) | Indian Hedgehog (Ihh) | Desert Hedgehog (Dhh)
molecular target of rapamycin | serine-threonine kinase | serine/threonine kinase
Among patients with Joubert Syndrome (JBTS) and a cerebello-oculo-renal phenotype, mutations in CEP290 (NPHP6) are the most common genetic lesion.
Patient Health Questionnaire (PHQ-2) | Patient Health Questionnaire (PHQ-9)
no
M31, a murine homolog of Drosophila HP1, is related to position-effect variegation (PEV). Overexpression of M31 can either enhance or suppress PEV depending on the chromosomal context of the transgene; it enhances PEV in centromeric or pericentromeric regions but suppresses it in non-centromeric regions. HP1 class chromobox genes, including M31, are thought to encode proteins involved in packaging chromosomal DNA into repressive heterochromatin domains, which are associated with PEV.
yes
yes
yes
T-type calcium channels | Ca(v)3.2 channel
55 S | about 55 S
Aliskiren is a direct renin inhibitor that blocks the renin-angiotensin-aldosterone system (RAAS) at its rate-limiting step. It has a unique mechanism of action.
HU proteins | Histone-like proteins
calcitonin gene-related peptide (CGRP) receptor | CGRP receptor | calcitonin gene-related peptide receptor
Photodynamic therapy (PDT) has been studied in vitro for the treatment of human meningiomas. One study suggests AlPc as a potent photosensitizer for PDT of meningiomas, and another focuses on enhancing the effect of PDT in meningioma cells.
yes
yes
Arnold-Chiari syndrome involves herniation of the cerebellar tonsils or hindbrain through the foramen magnum [1, 3]. Arnold-Chiari Syndrome I is a malformation of the cervicomedullary junction [2]. It is a rare hindbrain abnormality [3].
SUMOylation is a critical post-translational modification that regulates SERCA2a function, a calcium pump essential for cardiac contraction. Impaired SERCA2a activity or reduced expression is associated with heart failure and diabetic cardiomyopathy, suggesting a role for SERCA2a SUMOylation in cardiac pathophysiology. This regulatory role of SUMOylation on SERCA2a may provide a platform for novel therapeutic strategies for heart failure.
X-linked spinal and bulbar muscular atrophy (SBMA) | fragile X syndromes of mental retardation (FRAXA and FRAXE) | myotonic dystrophy | Huntington's disease | spinocerebellar ataxia type 1 (SCA1) | dentatorubral-pallidoluysian atrophy (DRPLA)
yes
BCR-ABL | platelet-derived growth factor receptor | c-kit kinases | Kit (CD117) protein
Cutaneous involvement | Brain involvement
MER41 repeat sequences contain inducible STAT1 binding sites and resemble long terminal repeats of retroviruses.
Functional connectivity in the default mode network is reduced in patients with disorders of consciousness. This decreased connectivity has been observed in several brain regions, and the posterior cingulate cortex/precuneus can be functionally disconnected from other brain regions within the DMN. Assessment of functional connectivity in the resting-state DMN could be a useful marker of consciousness disturbance.
yes
rituximab | cisplatin | cytarabine | dexamethasone
yes
Proximal limb muscle weakness | Fatigability | Decreased deep-tendon reflexes | Autonomic symptoms | Proximal muscle weakness initially affecting gait | Dry mouth | Constipation | Erectile failure | Augmentation of strength during initial voluntary activation
Pyroptosis is an inflammasome-mediated and caspase-1-dependent programmed cell death pathway [1, 2, 3, 5]. This inflammatory form of cell death leads to the cleavage of gasdermin D (GSDMD) and activation of inactive cytokines like IL-18 and IL-1β [4]. It can be activated by either the canonical or noncanonical inflammasome pathway [2].
Anaerobic Actinomyces | Spirochetes
Poly(A)-specific ribonuclease (PARN) | CCR4 family proteins | Nocturnin | Angel | DEDDh family of RNases
translocation (11;22)(q24;q12) | t(11;22)(q24;q12)
The AtxA pleiotropic regulator, encoded by the pXO1 virulence plasmid, is required for a certain response. CodY activates toxin gene expression by post-translationally regulating the accumulation of AtxA.
yes
HilbertVis
yes
LOLA | MULTOVL | regioneR | IRanges | GenomicRanges | GenomicFeatures
yes
The Hydrocephalus Outcome Questionnaire (HOQ) is a quantitative health status measure designed specifically for children with hydrocephalus. It is a measure of health status in children with hydrocephalus.
Prior studies suggest a possible association between maternal smoking during pregnancy and the risk of childhood brain tumors. However, a meta-analysis of twelve epidemiological studies found no statistically significant association between maternal smoking during pregnancy and the risk of childhood brain tumor development.
lectin pathway of complement | lectin complement pathway | lectin pathway
yes
*   Strong cation exchange (SCX)
*   Titanium dioxide (TiO(2))
*   Immunoprecipitation with an antiphosphotyrosine antibody
*   Peptide-level immunoaffinity enrichment
H3K36me3 | H2Bub1
yes
Psychiatric disorders | Schizophrenia | Major depressive disorder (MDD)
Programmed death-1 (PD-1) receptor | Programmed death receptor-1 (PD-1) | PD-1 receptor
yes
Some insect species are known to lack selenoproteins. Specifically, five insect species have completely lost the ability to encode selenoproteins.
autosomal dominant | dominantly inherited
yes
Rheumatoid arthritis | Multiple sclerosis | Alzheimer's disease | Cancer
Blunt thoracic impact causing fatality without structural damage of the heart and internal organs | Low impact chest trauma causes sudden cardiac arrest | Cardiac concussion
Phthirus pubis | Louse Pthirus pubis
yes
Insufficient evidence in retrieved documents.
yes
Plakoglobin (Jup) gene | plakoglobin
Edaravone has neuroprotective effects in traumatic brain injury (TBI) by functioning as a synthetic antioxidant, inhibiting free radical production, and protecting cells around the damaged area. It also attenuates the ERK1/2 pathway and neuronal apoptosis, suppressing axonal injury and oxidative stress. Edaravone gives a good therapeutic effect on severe TBI.
yes
Focal cortical dysplasia (FCD) | Mild malformations of cortical development (mMCDs)
Erythropoietin may play a role in stimulating cell regeneration after myocardial injury. However, while preclinical studies showed improved cardiac function and perfusion, clinical trials have not supported beneficial effects of erythropoietin alone in patients with myocardial infarction.
yes
no
yes
CLOCK | BMAL1 | Per | Cry | PER1 | PER2 | CRY1 | CRY2 | Per1 | Per2 | Bmal1
hereditary motor and sensory neuropathy-Lom (CMT4D) | hereditary motor and sensory neuropathy-Lom | CMT4D
yes
yes
LAMP-2A | Lamp2a
The hallmarks of congestive heart failure include increased sympathetic tone to the heart and peripheral circulation, accumulation of oxidized matrix between the endothelium and cardiac muscle, endocardial endothelial dysfunction, exaggerated neurohumoral compensatory mechanisms, derangements of the peripheral circulation, and activation of neurohormonal pathways and the formation of oxygen free radicals leading to cardiac and vascular remodeling.
Autosomal dominant | There seems to be an autosomal dominant mode of inheritance
International Subarachnoid Aneurysm Trial (ISAT) | Barrow Ruptured Aneurysm Trial (BRAT)
Narcolepsy cases developed after H1N1 influenza vaccination may be due to an autoimmune reaction triggered or enhanced by the vaccination in genetically susceptible individuals. This reaction potentially leads to the loss of hypocretin/orexin-producing neurons, which causes narcolepsy.
Fluorodeoxyglucose F 18 ((18)F-FDG) | Florbetapir F 18 ((18)F-AV-45; Amyvid™) | [(11)C]Pittsburgh compound B (PiB) PET | [(18)F]fluro-deoxyglucose PET | [(11)C]PiB | [(18)F]3'-F-PiB (Flutemetamol) | (18)F-AV-45 (Florbetapir) | (18)F-AV-1 (Florbetaben)
Expanding the transcriptome and subsequent analyses | Comprehensive characterization of the mouse transcriptome | Functional Annotation Of Mouse 3
GC-rich isochores | GC-rich (H) isochores
yes
codons 12 and 13 | codon 12 | codon 13 | codons 15, 16, 18, and 31
DYNC2H1
Ocrelizumab is a humanized anti-CD20 monoclonal antibody. Its mechanism of action for treating multiple sclerosis involves targeting CD20.
Reduces contamination by endogenous biotinylated carboxylases | Eliminates contamination of nuclear extracts by carboxylases | 0.  5% Nonidet-40 (NP-40) during cell lysis and nuclei isolation
Xist gene | X-inactive specific transcript | Xist (X inactive specific transcript) gene
Viral vectors are used to deliver optogenetic constructs to specific cells, such as astrocytes, and can be used in ocular gene therapy for vision restoration. A viral vector approach with a strong promoter is required for successful optogenetic stimulation.
prion-like domains | 'prion domain' | bioinformatics-predicted prion domain
yes
Insufficient evidence in retrieved documents.
Ceritinib is a potent alternative to crizotinib for ALK-rearranged non-small-cell lung cancer. | Ceritinib has activity in crizotinib-resistant and crizotinib-naïve patients. | Ceritinib is approved for the treatment of ALK-positive metastatic NSCLC in patients who are intolerant to or have progressed despite therapy with crizotinib.
Antioxidant enzyme
yes
GPUs are more suitable for certain biological tasks than CPUs because they can accelerate computationally intensive processes, render large 3D datasets in real-time, and offer faster parallel implementations of algorithms compared to CPUs.
3, 3?, 5-triiodo-thyroacetic acid (TRIAC) | GC-1 | GC-24 | T4(3,3',5,5'-tetraiodo-L-thyronine) | rT3(3,3',5'-triiodo-L-thyronine) | D-T3(3,3',5-triiodo-D-thyronine) | 3,5-T2(3,5-diiodo-L-thyronine) | DIT (3,5-diiodo-L-tyrosine) | MIT (3-monoiodo-L-tyrosine) | tetrac (3,3',5,5'-tetraiodo-thyroacetic acid) | triac (3, 3',5-triiodo-thyroacetic acid) | DITPA | T(4) | T(4)-agarose | 3,5-diiodothyropropionic acid | CGS 23425
yes
Surgical resection is a treatment of choice for gastrointestinal stromal tumors (GIST). For inoperable/metastatic or advanced GIST, tyrosine kinase inhibitors like imatinib are the treatment of choice.
Bronchiectasis | Sinusitis | Situs inversus | Dextrocardia | Chronic rhinosinusitis | Paranasal sinusitis
Facioscapulohumeral muscular dystrophy (FSHD)
Rac1
Cellular cytidine deaminases | Restrict the replication of retroviruses by hypermutating viral cDNA and/or inhibiting reverse transcription | Inhibit LINE-1 retrotransposition | Antiviral proteins that block HIV-1 replication | Neutralize specific lentiviruses
Histone H3 trimethylation at lysine 36 | High methylation of H3 lysine 9 | H3K9me2 | H3K27me1 | H3K27me2
Characterize and quantify query sample sets of 'any protein of interest' | Selection of candidate proteotypic peptides for targeted proteomic experiments | Complete recording of the fragment ion spectra of all the analytes in a biological sample
yes
Drug validation | Genetic control of life-history traits | Effects of experimental manipulations on longevity and age-related pathologies
TALENs are programmable, engineered nucleases. They are used for genome editing. This technology can be used to generate mutant alleles and stem cell-based disease models.
yes
Certolizumab pegol has shown improvement in clinical results (ACR50, DAS-28 remission, and HAQ scores) in randomised controlled trials. However, adverse events, including serious adverse events, infections, and hypertension, were more frequent with certolizumab pegol.
Lys-ɛ-Gly-Gly (K-ɛ-GG) remnant | diglycine (GlyGly) tag | K(63)-linked polyubiquitin chains
NOTCH3 gene | Notch3
Insufficient evidence in retrieved documents.
yes
Tolcapone | Entacapone | Opicapone
dimers and 10 nm filaments | keratin filaments | keratin filamentous network
Increased risk of developing depression | Poor prognoses | Insufficient evidence in retrieved documents.
CREST and certain other ALS-linked proteins share the ability to aggregate, be recruited to stress granules, and alter paraspeckle integrity. CREST also contains a prion-like domain and is a component of paraspeckles, similar to other proteins implicated in ALS.
RYR2 | CASQ2
Nucleosomes are preferentially positioned in exons, and exons generally demonstrate a high degree of nucleosome occupancy. However, there is evidence that nucleosome marking of exons can vary.
Catalyst/HypoGen program | Genetic Algorithm Similarity Program (GASP) | LigandScout program | CATALYST HypoRefine program | Discovery Studio 2.5 program
yes
Dystonia | Basal ganglial degeneration | Leigh syndrome
Blood-based assays | Detection of cell-free circulating tumor DNA (ctDNA) | Detection of circulating tumor cells
FGFR3 gene | Fibroblast Growth Factor Receptor3 (FGFR3) gene
Are you asking about the safety of Abatacept for the mother or the developing fetus?
Are you asking about a gene, a research tool, or something else related to DeepCAGE?
yes
Malaria
Topologically Associating Domains (TADs) are substructures within chromatin compartments. They are evolutionary conserved compact chromatin domains that influence gene expression. TADs have been suggested to facilitate and constrain enhancer-promoter interactions.
The vibrational theory of olfaction suggests that olfactory perception is based on the vibrational frequencies of odorants. Electron transfer across odorants at odorant receptors measures these frequencies. Olfactory receptors respond to molecular vibrations via inelastic electron tunneling.
yes
The ASSET algorithm is used for the automated segmentation and standardization of early C. elegans embryos. It detects the eggshell and cell cortex from time-lapse recordings and tracks subcellular structures, standardizing the data for quantitative comparisons between embryos. It facilitates efficient quantification and standardization of images from early C. elegans embryos.
yes
Pyknons are non-random sequence patterns significantly repeated throughout non-coding genomic DNA that also appear at least once among coding genes. They are also described as repeated elements found more frequently in the 3' untranslated regions of genes. Their discovery suggests sequence-based connectivity between non-coding and protein-coding components of human genomes.
type III iodothyronine deiodinase (D3) | 5'-deiodinase (type-I in euthyroidism and type-II in hypothyroidism)
BTMX (Beta barrel TransMembrane eXposure) | ANN- and SVM-based methods | HMM-based method | PROB
Theatre is a web-based software tool used for the comparative analysis of genomic sequences, particularly for motifs involved in gene expression regulation. It helps determine or predict the positions of coding regions, repetitive sequences, and transcription factor binding sites in DNA sequences by interfacing with sequence analysis tools and databases. The software displays information in an easily understandable format and can generate publication-quality figures.
Cis-regulatory modules (CRMs) are regions in DNA where multiple transcription factors interact with cis-regulatory elements. They possess gene-regulation functions, relating transcription factor concentrations to promoter activities and contain transcription factor binding sites.
Phospholamban (PLN) | Sarcolipin (SLN)
ZEB2 | zfhz1b
Endopeptidase activity of the toxin | Cleaving of SNAP-25 | UV-Visible spectroscopy | Microplate reader | Peptide cleavage assay
MDM two binding protein (MTBP)
Are you asking about oprozomib in relation to a specific disease or condition?
yes
naloxone | naloxone i.v. | naloxone s.q.
Zone of chromatin surrounding centromeric heterochromatin | Interchromatin compartments | Peripheral heterochromatin | Perinucleolar heterochromatin | Pericentromeric heterochromatin
yes
*   UvrA
*   UvrB
*   UvrC
*   UvrD helicase
*   DNA polymerase I
*   ligase
yes
MicroRNAs play a role in carcinogenesis by binding to targeted mRNA, leading to degradation or repressed translation. They can function as oncogenes or tumor suppressor genes, regulating cellular processes relevant to carcinogenesis. MicroRNA deregulation is linked to human carcinogenesis through the negative regulation of gene expression.
Heterodimeric Rag GTPases | Rag GTPases
Upstream regions of genes | Intronic regions of genes | GC-rich isochores
X-linked dystonia-parkinsonism (XDP) | X-linked dystonia-parkinsonism
Human prostate cancer | Human gastric tumor cells | Human melanoma | Human breast cancer
Percutaneous transluminal angioplasty is a proposed treatment for chronic cerebrospinal venous insufficiency (CCSVI) in multiple sclerosis (MS) patients. CCSVI has been hypothesized as a factor in the pathogenesis of MS, and angioplasty, also known as the 'liberation procedure', aims to improve blood flow in the brain, thereby alleviating some of the symptoms of MS. It has also been proposed that balloon angioplasty should alleviate the symptoms of MS.
Which specific signaling pathway are you asking about?
yes
yes
yes
yes
Proportional to the product of lengths of the sequences being aligned | O(21C NM) when C = O(log(N + M)) | Same asymptotic computational complexity of the Smith-Waterman sequence-sequence alignment algorithm
Biallelic mutations in the NBEAL2 gene | GATA1 Arg216Gln mutation
yes
yes
Anoikis is a type of apoptotic cell death that occurs when cells lose contact with the extracellular matrix or neighboring cells. It is a programmed cell death resulting from insufficient cell-matrix interactions.
Na(+)/Ca(2+) exchanger | Na(+)-Ca(2+) exchanger | NCX
Are you asking about the genetic condition affecting skin and hair pigmentation?
SLC49
yes
Lateral hypothalamus | Hypothalamic paraventricular nucleus | Ventral hypothalamus
APOBEC3G inhibits HIV-1 replication by incorporating into virions and causing G-to-A hypermutation in viral DNA. It also inhibits HIV-1 replication by blocking reverse transcription and/or integration, and through a deamination-independent mechanism. These antiviral activities are attributed to cytidine deamination in single-stranded DNA and nucleic acid-binding capability.
Incontinentia pigmenti | EDA-ID | XR-MSMD
Are you asking about a specific medication, a research study, or something else?
Could you specify the cell type or organism from which the pseudopodia would be purified?
In ALS spinal motor neurons, TDP43 is predominantly localized to the cytosol instead of the nucleus, where it forms inclusions [1, 2, 3]. TDP-43 also accumulates in RNA stress granules [4]. These observations suggest that loss of a nuclear function of TDP-43 may underlie the pathogenesis of ALS [3].
FOG-1 | EKLF | SP1 | CBP/p300 | PU.1 | Gfi-1b | MeCP1 complex | ACF/WCRF complex | TAL-1 | Ldb-1 | Eto-2 | Lmo4 | CdK9 | C/EBPepsilon isoforms
yes
H2AX | H2A.Z
Collecting users' vital signs | Step counting | Acquiring, recording, displaying electrocardiograms (ECGs), temperature (T), and oxygen saturation (SaO2) | Community-based healthcare | At the scene of medical emergencies | By ambulance services | In hospitals | Fetal home monitoring
In what context are you asking about ultraconserved elements forming clusters (e.g., genomics, drug development, or a specific disease)?
Functional class scoring (FCS) examines the statistical distribution of individual gene scores among all genes in the gene ontology class. A key aspect of FCS is that it does not involve an initial gene selection step.
Timothy syndrome is a multisystem autosomal dominant genetic disorder caused by mutations in the Ca(V)1.2 gene, leading to excessive cellular Ca(2+) entry. It is characterized by features such as prolonged QT interval, hand and foot abnormalities, mental retardation or autism, and ventricular cardiac arrhythmias. The mutation causes a gain of function of the L-type calcium current.
Severe disruption of early craniofacial development | Extreme microphthalmia and severe facial clefting | Autosomal-recessive ALX-related frontonasal dysplasia
25 | 10-12 | Insufficient evidence in retrieved documents.
Invadopodium maturation
chromosome XII
The underlying mechanism for exon skipping in Duchenne muscular dystrophy involves using antisense oligonucleotides (AONs) to modulate pre-mRNA splicing of dystrophin transcripts. This process restores the disrupted DMD reading frame, leading to the expression of a truncated but functional dystrophin protein.
Long nano columns in proteomics offer advantages such as high resolution and high proteome coverage. They also allow for rapid, deep, sensitive, and reproducible proteome analysis.
late G1 phase | prophase and prometaphase | G2/M
Rett syndrome (RTT) | Rett syndrome | neurodevelopmental disorder
Treatment options for Riedel's thyroiditis include surgical intervention, such as wedge resection or radical operation, depending on the stage of the disease. Corticosteroid treatment and other drugs with antifibrosing actions have also been used with encouraging results. Corticosteroid therapy can decrease fibrosis.
Dax1-interacting protein | Interaction mediated through LXXLL motifs | Esrrb enhances Dax1 gene promoter activity
Are you asking about dovitinib in relation to a specific condition or treatment?
yes
Active pulmonary tuberculosis | Acute liver disease | Tuberculosis
yes
Muller's ratchet describes the accumulation of deleterious mutations in a population. This accumulation is driven by random fluctuations that lead to the loss of individuals with the fewest mutations, including mutation-free individuals. This process contributes to determining the lifespan of the population.
Insufficient evidence in retrieved documents.
NSD1 gene | NSD1
Anorexia Athletica
yes
Acute myocardial infarction | Stroke | Pulmonary thromboembolism | Arterial thrombotic occlusion | Peripheral vascular disease | Cervical artery dissection | Thrombus-related venous catheter occlusion in pediatric patients
KSR (kinase suppressor of Ras) | beta-arrestin | MEK partner-1 | Sef | IQGAP1 | MP1 | KSR1 | hDlg
maintenance methyltransferase (Dnmt1) | de novo methyltransferases (Dnmt3a, Dnmt3b, and Dnmt3L)
Alu family | L1 family | SVA families | HeT-A | TART | TAHRE | LINE-1 (L1) | non-LTR retrotransposons | retroviruses | retroviral-like retrotransposons
Elevated NT-proBNP levels are associated with stroke severity and unfavorable outcomes. NT-proBNP is an independent predictor of unfavorable outcomes and cognitive decline after stroke. Increased NT-proBNP levels are correlated with the NIH Stroke Scale score.
EZH2 plays a key role in transcriptional repression through chromatin remodeling. Ezh2 also maintains repressive chromatin.
yes
yes
Generic versions of Viagra contain sildenafil citrate. Sildenafil is also identified as the active ingredient in Viagra.
Gfi-1b | MeCP1 complex | ACF/WCRF complex | FOG-1 | TAL-1 | Ldb-1 | Eto-2 | Lmo4 | CdK9
Menkes disease | Friedreich ataxia | Spinocerebellar ataxia type 10 | Aplasia of the anterior pituitary
Insufficient evidence in retrieved documents.
IPSCs can differentiate into insulin-secreting β cells, offering a potential cure for diabetes. iPSC lines generated from diabetic patients can also differentiate into insulin-secreting β cells. iPSC technology may enable personalized cell therapies for diabetes.
Sec insertion sequence (SECIS) element | selenocysteine insertion sequence (SECIS) element | SECIS element
yes
RelA | c-Rel | RelB | NF-kappaB1 (p50 and its precursor p105) | NF-kappaB2 (p52 and its precursor p100) | p50 | p52 | p65
Chronic fluctuating, nonhemolytic and predominantly conjugated hyperbilirubinemia | Normal hepatic histology | Coproporphyrinuria | Near-absent hepatic uptake of anionic diagnostics
yes
Red/ET recombination | Unique restriction site elimination | Agrobacterium-mediated transformation | Direct delivery methods | Genetic transformation systems based on engineered plant chromosomes (minichromosomes or plant artificial chromosomes) | Cancer vaccines | Adoptive cell therapies (CAR-T or NK cell therapy) | Monoclonal antibodies | Cytokine therapies | Oncolytic viruses | Inhibitors targeting immune checkpoints | TALEN-mediated gene integration | TALEN-mediated gene inactivation
yes
BRG1 | brm-related gene 1 product
yes
AzgA | Fcy21p
GDNF (Glial-Derived Neurotrophic Factor) | Neurturin | Artemin | Persephin
Insufficient evidence in retrieved documents.
V95I | A1649V | delF1617 | c.664C>T; p.Arg222X | c.4810+3_4810+6dupGGGT | p.W1095X, c.3284G>A
Sotos syndrome is a congenital syndrome characterized by overgrowth, macrocephaly, and learning difficulties or intellectual disability. It is also a multiple anomaly disorder associated with haploinsufficiency of the NSD1 gene at 5q35.3. Some characteristics also include distinctive facial features and advanced bone age.
The CRAPome is the contaminant repository for affinity purification.
PMID 22992327 | PMID 19357145 | PMID 24323793 | PMID 23728690 | PMID 23046909
yes
factor Xa | FXa
Fanconi anemia (FA) | dyskeratosis congenita (DC) | Diamond-Blackfan anemia (DBA) | Shwachman-Diamond syndrome (SDS) | amegakaryocytic thrombocytopenia
Yellow fever virus is an arbovirus transmitted by mosquitoes. Aedes mosquitoes are key vectors, and Haemagogus and Sabethes mosquitoes also play a role in transmission. The virus is transmitted between arthropod vectors and vertebrate hosts.
yes
Controls mouse erythropoiesis | TAF10 is enriched on the GATA1 locus in human fetal erythroid cells
Insufficient evidence in retrieved documents.
Enterococcus faecium | Staphylococcus aureus | Klebsiella pneumoniae | Acinetobacter baumannii | Pseudomonas aeruginosa | Enterobacter spp. | Enterobacter species
Dovitinib induces cell cycle arrest, specifically G2/M arrest in some cell lines. It can also cause mitotic slippage. At higher concentrations, dovitinib induces a G2 arrest similar to the G2 DNA damage checkpoint.
PDGFR expression correlates with metastatic medulloblastoma [1]. PDGFRB tyrosine kinase activity is critical for the migration and invasion of medulloblastoma cells, possibly by transactivating EGFR [2, 3, 4, 5].
Calcium-induced calcium release (CICR) is a process where calcium release from the sarcoplasmic reticulum (SR) is triggered by calcium, mediated by ryanodine receptors (RyRs). This mechanism is crucial for cardiac excitation-contraction coupling and cardiomyocyte contractility, with most contractile calcium being released from the SR via CICR. However, CICR can be defective in conditions like hypertrophy/heart failure.
Molindone may be an effective antipsychotic that reverses d-amphetamine and apomorphine induced depression of DA neurons, blocks apomorphine induced depression, and increases dopamine synthesis. It also exhibits selectivity for cortical serotonin-stimulated cyclase versus dopamine-stimulated cyclase and blocks haloperidol induced increases in DA neuron activity.
Dual-specificity phosphatases (DUSPs) are enzymes that remove phosphate groups from both phosphotyrosine and phosphoserine/threonine residues. They are cysteine-based protein tyrosine phosphatases that play a pivotal role in cell physiology by dephosphorylating phosphoserine, phosphothreonine, and phosphotyrosine residues from proteins, as well as other non-proteinaceous substrates. A subgroup of DUSPs specifically targets Mitogen-Activated Protein Kinases (MAPKs).
Ultrasound (US) | Ultrasonography | Transvaginal ultrasound
semagacestat
yes
HPRT1 gene | HPRT gene
S-adenosylmethionine (SAMe) | S-adenosyl-L-methionine (AdoMet) | Insufficient evidence in retrieved documents.
Human accelerated regions (HAR) are defined as regions in the human genome that show significant evolutionary acceleration [2, 3]. Human Accelerated Region 1 (HAR1) is a rapidly-evolving cis-antisense locus [1].
OXA-48 | KPC | VIM-1
Genomic regulatory blocks (GRBs) are chromosomal regions spanned by highly conserved non-coding elements (HCNEs). Most of these HCNEs serve as regulatory inputs for one target gene located in the region.
RET proto-oncogene | RET | Insufficient evidence in retrieved documents.
Excessively thickened endocardial layer with deep intertrabecular recesses | Arrest of myocardial compaction during embryogenesis | Non-compacted endocardial layer with marked hypertrabeculation and deep recesses | Prominent hypertrabecularisation in the apical and mid left ventricular segments (ratio of non-compacted to compacted myocardium >2) | Prematurely arrested compaction of the endocardial and myocardial fibers | Progressive deterioration of left ventricular contractility
Are you asking about STARR-seq in the context of a specific disease, gene, or research area?
Inactive X chromosome (Xi) | Xi of differentiated cells | Promoters of inactive yeast genes
no
7SL RNA gene | 7SL RNA-derived retroposing monomeric element | 7SL RNA
Lumbosacral transitional vertebrae | Lumbar transverse mega-apophysis | Caudal lumbar vertebra
intensity-based absolute quantification
Sodium channels | Na(+) channels | RyR2 channels
yes
ROS can have varying effects on cyclin B1 levels. Sulforaphane-derived ROS may induce cyclin B1, while in other contexts, increased ROS is associated with downregulation of cyclin B1. Butyrate-induced ROS production is associated with inhibited expression of cyclin B1 mRNAs and reduced levels of cyclin B1 proteins.
yes
RND-type efflux transporters contribute to multi-drug resistance in many gram-negative bacteria by providing intrinsic resistance to various antimicrobial agents.
The minimal genome build refers to the genetic elements needed for the survival of an engineered bacterium, estimated to include 300-350 protein-coding genes. However, a universal minimal genome remains elusive, and a prototypical minimal genome has not yet been discovered. The construction of a functional minimal genome is a key step in building a minimal artificial cell.
yes
yes
Atrial fibrillation
yes
Fludarabine | Ara-C | Amsacrine
IKK-α | IKK-β | IKK-γ | NEMO
yes
Lachrymal and salivary glands | Moisture-producing glands | Exocrine glands
Are you interested in the diagnosis, treatment, or complications of a Malgaigne fracture?
FGENES | GeneMark.hmm | Genie | Genescan | HMMgene
*   Hypoxia-inducible factor (HIF)-1
*   Hypoxia-inducible factor (HIF)-1alpha
*   Hypoxia-inducible factor-1α (HIF-1α)
EGFR gene | epidermal growth factor receptor (EGFR) gene
Mitofilin/MINOS protein complex | Complex with SAM50, metaxins 1 and 2, coiled-coil-helix coiled-coil-helix domain-containing protein 3 and 6 and DnaJC11 | Mitochondrial intermembrane space bridging (MIB) complex | Mitochondrial inner membrane organizing system (MINOS)
Are you asking about the application of marine metaproteomics in the context of human health, environmental monitoring, or another specific field?
NF1 gene | Chromosome 17
KCNQ1 | KCNE1 | MED13
Metabolite mass spectral data | Metabolites | Accurate mass matching data
AATAAA
DEEP | PEDLA
Amyloid-β42 peptide (Aβ42) | Phosphorylated tau (p-tau) | Total tau (t-tau) | Beta amyloid fragments
yes
Are you asking about GRO-seq in the context of a specific disease, gene, or research area?
Represses hematopoietic genes in erythroid cells | Suppresses target genes | Insufficient evidence in retrieved documents.
yes
KCNH2 | KCNQ1 | KCNJ2
Duodenal ulcer | Neurogenic dysfunction of the bladder in children with nocturnal enuresis | Localized suppurative peritonitis in the postoperative period | Post-herpetic neuralgia
Otitis media | Deep facial pain | Ipsilateral abducens nerve paralysis | Abducens nerve palsy | Facial pain | Paresthesia in V1 and V2 distribution of trigeminal nerve | Pain in the distribution of the first and the second division of trigeminal nerve | Otorrhea | Pain in the ophthalmic division of the trigeminal nerve
yes
yes
yes
Insufficient evidence in retrieved documents.
Age in years | NIH Stroke Scale score
yes
*   phosphoenolpyruvate-carboxykinase
*   pyruvate kinase mRNA
blue
Caenorhabditis elegans Heterochromatin protein 1 (HPL-2) acts in germline and vulval development and serves as a marker for heterochromatin domains in developing embryos. Additionally, HPL-2 links developmental plasticity, longevity, and lipid metabolism.
no
yes
Rheumatoid arthritis typically improves during pregnancy and does not have a major impact on pregnancy outcomes, often resulting in the delivery of a healthy baby. However, pregnancy can be risky in women with active disease or on teratogenic medications, and there is a high rate of preterm birth. Successful pregnancy outcomes can be achieved with a collaborative approach between the rheumatologist and obstetrician.
Are you asking about DNA shape as a general concept, or a specific tool or database related to DNA shape analysis?
Thyroid hormone can favorably remodel the diabetic myocardium after acute myocardial infarction [3]. It is critical in cardiac cell differentiation and could potentially reverse postischemic cardiac remodeling [4]. Thyroid hormone also increases mitochondrial mass and respiratory rate, expanding the capacity of oxidative metabolism [5].
Bootstrapping | Branch support analyses of multiple independent data sets
H3K36me3 | H2Bub1
yes
IL-6 | interleukin-6
Acute stroke | Stroke | Stroke mimics
Histone deacetylation is related to transcriptional gene silencing and can cause transcriptional repression by promoter histone deacetylation. It can also be the initial step in silencing gene transcription and direct DNA methylation in gene silencing.
Nucleus | Nucleolus | Pars granulosa of the nucleus
Finasteride (Propecia) | Topical monoxidil | Oral finasteride
Collagen | Peptide markers | Insufficient evidence in retrieved documents.
yes
SAHA treatment dramatically improved motor impairment in R6/2 mice, suggesting its potential as a therapeutic for Huntington's Disease.
mHealth approaches are used in the prevention of child obesity. mHealth tools can also support HIV programmatic priorities. mHealth apps can remind people to take preventative measures, such as drinking more water to prevent kidney stones.
Orexin receptors OX1R | Orexin receptors OX2R | Orexin-1 receptors | Orexin-2 receptors
no
Could you specify the type of proteomics experiment or sample you're working with?
LPIN2
To detect cell viability | To test the viability of cancer cell lines | Assessing viability by vital staining
pulmonary arterial hypertension
Ranolazine can reverse changes related to enhanced Ca(2+)/calmodulin kinase II (CaMKII) activity and increased phosphorylation of its targets in hypertrophic cardiomyopathy (HCM).
Developmental delay | Epilepsy | Neonatal diabetes | Neurological features
A comprehensive collection of annotations and structures for protein modifications and cross-links including pre-, co-, and post-translational modifications | A comprehensive collection of annotations and structures for protein post-translational modifications including N-terminal, C-terminal and peptide chain cross-link modifications | Supplemental information on post-translational modifications for the standardized annotations appearing in the PIR-International Protein Sequence Database.
Huntington's disease
yes
yes
yes
proteasome | 26S proteasome | ubiquitin-proteasome pathway
yes
RPS19 | RPS24 | RPS17 | RPL5 | RPL11 | RPL35A | RPS10 | RPS26
yes
Xp21-p11
yes
The Hamilton Depression Rating Scale (HDRS), Center of Epidemiological Studies-Depression Scale (CESD), and Patient Health Questionnaire (PHQ)-9 appear to be optimal screening measures. The Beck Depression Inventory (BDI), Hospital Anxiety and Depression Scale-depression subscale (HADS-D), Hamilton Rating Scale for Depression (HAMD), and Montgomery-Asberg Depression Rating Scale (MADRS) also have good discriminating abilities for poststroke depression. The Clinical Global Impression and Beck Depression Inventory also have acceptable sensitivity and specificity.
Trichostatin A (TSA) acts as an antitumoral agent by functioning as a histone deacetylase inhibitor (HDACi). It specifically inhibits the biochemical functions of HDAC.
yes
yes
dabigatran | dabigatran etexilate
Developmental abnormalities of the cochlea | Sensorineural hearing loss | Diffuse thyroid enlargement (goiter) | Goiter | Impaired iodide organification | Congenital sensorineural deafness | Thyroid goitre
A collection of curated protein families | Contains over 2,200 families | Over 10,000 protein families
RNA-Seq | gene transcription | differential gene expression
yes
Aurora A kinase (AAK) | Aurora A | Aurora B
B. burgdorferi sensu stricto (ss) | B. afzelii | B. garinii
Insufficient evidence in retrieved documents.
p65 | p50
yes
JNK | p38 MAPKs
ETA receptor | ETB receptor
Subacute thyroiditis is an inflammatory disorder of the thyroid, likely caused by a variety of viruses. Examples of viruses include Coxsackie, cytomegalovirus, Epstein-Barr virus, and adenovirus. It may also be caused by influenza immunization or infection.
Proton-pump inhibitors | Mepolizumab | Reslizumab | Benralizumab | Corticosteroids | Monoclonal antibody (mAb) against sialic acid-binding immunoglobulin-like lectin 8 (Siglec-8)
1 in 3,200 | 1:2000 to 1:3500 | 1:2500
Store-depletion | Activates TRPC1-mediated Ca(2+) entry | Endoplasmic stress induction
Commonly HER2+ (63-83 %) | HER2+ | Insufficient evidence in retrieved documents.
Physics | Chemistry | Biology | Membrane protein structural biology | High-resolution structural analysis of single particles
cAMP-dependent protein kinase | cGMP-dependent protein kinase | calcium/calmodulin-dependent protein kinase II (CM-kinase-II) | Ca2+/phospholipid-dependent protein kinase | protein kinase A
Humans cannot synthesize Neu5Gc because of a dysfunctional CMP-Neu5Ac hydroxylase (CMAH) gene, which is responsible for converting CMP-Neu5Ac to CMP-Neu5Gc. This dysfunction is due to an inactivating mutation in the enzyme that synthesizes Neu5Gc. Therefore, humans are genetically incapable of producing Neu5Gc.
CYP17A1 | 17,20-lyase
microcephalic osteodysplastic primordial dwarfism type I (MOPD I) | MOPD I/TALS | microcephalic osteodysplastic primordial dwarfism type 1 (MOPD 1) or Taybi-Linder syndrome (TALS)
CACCC motif | GC-rich element | Sp1 motif
Type 1 diabetes | Stiff-person syndrome | Cerebellar ataxia | Limbic encephalitis | Stiff-man syndrome | Epilepsy
TREAT-NMD is a clinical research network involved in a worldwide effort to create care guidelines for DMD, in collaboration with the Centre for Disease Control in the USA. They have also developed a global database for dystrophinopathy patients and collaborated on a national registry for DMD/BMD patients in Japan. The care guidelines cover a range of areas, including diagnostics, neurological follow-up, and various aspects of medical care.
yes
Papillary thyroid cancer (PTC) | Follicular (FTC) | Medullary (MTC) | Anaplastic cancer | Radio-resistant papillary-type | Undifferentiated anaplastic | Medullary-type thyroid cancers
Christianson syndrome is an X-linked mental retardation syndrome. Its characteristics include microcephaly, impaired ocular movement, severe global developmental delay, hypotonia progressing to spasticity, and early onset seizures of variable types.
yes
Controlling the Wnt-signaling pathway | Repression of mTOR | Alters regulation of leptin
Heterotachy indicates that the relative evolutionary rates among sites differ across lineages. This phenomenon is likely to occur in sequence alignments because the intensity of purifying selection and adaptive forces at a given amino acid or DNA sequence position varies among different species.
Caregivers of brain tumor patients experience a reduced quality of life and a significant burden, which can include depressive symptoms. Depressive symptoms are common in family caregivers of cancer patients.
Homozygous mutations of EDNRB result in Waardenburg-Hirschsprung disease (WS4) and Hirschsprung disease type 2 (HSCR2).
Insufficient evidence in retrieved documents.
Cyanotic congenital heart disease | Biventricular origin of the aorta above a large ventricular septal defect | Obstruction of the pulmonary outflow | Right ventricular hypertrophy (tetralogy of Fallot) | Atrial septal defect | Tetralogy of Fallot (TOF) with an atrial septal defect (ASD)
Sororin is a master regulator of sister chromatid cohesion and separation. It positively regulates sister chromatid cohesion by interacting with the cohesin complex and antagonizing Wapl, thereby stabilizing cohesin rings. Sororin pre-mRNA splicing is required for proper sister chromatid cohesion.
BCR-ABL | bcr-abl | BCR/ABL
no
yes
Rotor syndrome
Non-small-cell lung cancer (NSCLC) | EGFR-mutant NSCLC | Lung cancer models harboring wild-type EGFR or the EGFR L858R/T790M double mutant
yes
Gaucher disease type 1 (GD1) | Gaucher disease
PEWCC | HKC | RRW | NWE | PROCOMOSS | ClusterONE | CMC | CFinder | MCL | MCode | Core | ProRank
PiggyBac transposons are systems for somatic gene integration that can efficiently integrate exogenous genes and be delivered to various organs. They can be used as mutagenic vectors and can achieve long-term inducible gene expression in vivo. They can also be used in mammalian cell expression systems for inducible protein production.
yes
Predominantly nuclear
no
yes
CAGEr
yes
GATA-4 upregulation assists myocardial regeneration through myogenic differentiation of stem cells. Overexpression of GATA-4 in MSCs increases MSC survival and angiogenic potential in ischemic myocardium. Gata4, along with other transcription factors, can also reprogram cardiac fibroblasts to cardiomyocyte-like cells after coronary artery ligation.
Longer than the general population | Approximately 2.8 years longer | 17% increase in average longevity
yes
In human heart failure, the reduction of beta-adrenergic receptors is associated with reduced expression of both TRalpha1 and TRalpha2 isoforms of thyroid hormone receptors. This suggests that adrenergic signaling may influence the expression of thyroid hormone receptors.
BETAWARE | ANN-based methods | SVM-based methods | TMBpro | Neural network-based predictor
5'-AMP-activated protein kinase alpha regulates stress granule biogenesis. RSK2 also appears to be linked to stress granules, as it colocalizes within them and interacts with TIA-1.
There is evidence that cell phone use is not associated with an increased risk of glioma, although some studies suggest a tendency for increased risk among the heaviest users. Additionally, decreased survival of glioma cases with long-term and high cumulative use of wireless phones has been found.
yes
yes
yes
peroxisome proliferator-activated receptor α/γ | PPAR-α/γ
Catecholaminergic polymorphic ventricular tachycardia (CPVT) is an inherited cardiac disorder characterized by adrenergically mediated polymorphic ventricular tachycardia in individuals with normal structural hearts. This condition often leads to syncope and sudden cardiac death, particularly in young individuals during exercise or emotional stress. It is related to altered intracellular calcium handling.
yes
yes
Insufficient evidence in retrieved documents.
H3K79 methylation regulates cell proliferation and is associated with chromatin at expressed genes. It is a conserved histone modification that may be a prerequisite for proper chromatin reorganization. It also precedes the histone-to-protamine transition and correlates with histone H4 hyperacetylation.
Human lacrimal gland | Major and minor salivary glands | Thyroid | Tears | Lacrimal acinar cells | Tear fluid
Dermcidin can be found in human sweat and blood plasma of hypertensive persons. It is a sweat-derived antimicrobial peptide.
alpha-fetoprotein | human chorionic gonadotropin (hCG) | unconjugated estriol | hCG free beta-subunit
Sildenafil citrate | Sildenafil
SLC38A9 | LRS | p62
serogroup B meningococcus | Neisseria meningitidis serogroup B
arachnoid cyst | cysts | disorder
Are you asking about the potential impact of listening to Mozart's music on cognitive function, or something else?
The Tokuhashi scoring system is a prognostic tool used to evaluate and predict the life expectancy of patients with spinal metastases. It helps determine the predictive value in spinal metastases of various primary tumors.
T4 (3,3',5,5'-tetraiodo-L-thyronine) | rT3 (3,3',5'-triiodo-L-thyronine) | D-T3 (3,3',5-triiodo-D-thyronine) | 3,5-T2 (3,5-diiodo-L-thyronine) | DIT (3,5-diiodo-L-tyrosine) | MIT (3-monoiodo-L-tyrosine) | tetrac (3,3',5,5'-tetraiodo-thyroacetic acid) | triac (3, 3',5-triiodo-thyroacetic acid) | 3,5-diiodothyropropionic acid | CGS 23425 | 3,5-Dimethyl-3'-isopropyl-L-thyronine (DIMIT) | 3,5-diiodo-3'-isopropylthyroacetic acid (IpTA2) | DITPA | T4-agarose | Thyronamines
yes
BRCA1 | BRCA2 | CHEK2
Receptor activator of nuclear factor-κB ligand (RANKL) | Receptor activator of nuclear factor xB ligand (RANKL)
green fluorescent protein (GFP) | DsRed2 | red cytoplasmic fluorescent reporter protein | red fluorescent reporter protein
MutT proteins act against DNA lesions in bacteria by degrading 8-oxo-7,8-dihydrodeoxyguanosine triphosphate (8-oxo-dGTP), a mutagenic substrate for DNA synthesis. This degradation prevents the misincorporation of 8-oxoguanine into DNA, thereby preventing mutations. MutT is part of the DNA oxidative repair system.
yes
Oct4 | Sox2 | Klf4 | c-Myc
In coronary disease patients, anhedonia is a predictor of major clinical events following coronary-artery stent implantation. Categorical anhedonia is an independent predictor of severe cardiac events, and it is the only predictor of severe cardiac and clinical events even after adjusting for other variables.
Naltrexone, an opioid antagonist, does not modify motor symptoms in Parkinson's disease. However, it could be an effective treatment option for pathological gambling in Parkinson's disease patients.
Oxaliplatin monotherapy is effective for treating colorectal cancer. Phase II studies show its safety and efficacy in patients with previously untreated metastatic colorectal carcinoma, and it is also considered an effective monotherapy for advanced colorectal cancer.
yes
Numerous genes | Master regulator genes | Adhesion molecule genes
no
H19 large intergenic non-coding RNA (lincRNA) | Human α-defensin 5 (HD5)
CCDC40 is essential for motile cilia function and left-right axis formation. Mutations in CCDC40 can cause primary ciliary dyskinesia (PCD) with inner dynein arm (IDA) defects and axonemal disorganisation.
yes
Chromomethylases mediate transposon and euchromatin silencing [1], direct DNA methylation [2], and are involved in locus-specific increases of methylation during fruit growth [4]. They also play a role in the relationship between DNA methylation and H3-lysine9-dimethylation (H3K9me2) [5].
yes
Cerebral cavernous malformation (CCM) is a common vascular disease of the central nervous system or brain. It is characterized by hemorrhage-prone multiple lumen vascular malformations and can lead to stroke, seizure, cerebral hemorrhage, headaches, and severe neurological consequences. The disease arises due to loss-of-function mutations in genes encoding CCM1, CCM2, and CCM3.
yes
mTORC1 and mTORC2
Vincristine | Doxorubicin | Etoposide | Cisplatin | Fludarabine | ATRA (when given with Etoposide or Cisplatin) | LB100 (when combined with radiation) | Clonazepam | Carbamazepine | Levodopa plus benserazide | Thalidomide | Lenalidomide | Pomalidomide | Bortezomib | Carfilzomib
TAR DNA binding protein 43 (TDP-43) | Fused in Sarcoma/Translocated in Liposarcoma (FUS/TLS or FUS)
yes
Sleep apnea | Sleep apnea syndrome (SAS) | Narcolepsy | Chronic sleep deprivation (insufficiency) | Restless legs/periodic limb movements in sleep syndrome (RLS/PLMS) | Idiopathic hypersomnia | Recurrent hypersomnia | Insufficient sleep syndrome | Medication- and toxin-dependent sleepiness | Hypersomnia associated with psychiatric disorders | Hypersomnia associated with neurological disorders | Posttraumatic hypersomnia | Infection | Hypersomnia associated with metabolic or endocrine diseases | Breathing-related sleep disorders | Periodic limb movements in sleep
Mediators of apoptosis | Regulating cell death | Propagate programmed cell death, proliferation, and inflammation
yes
Rif1 regulates DNA replication by directing Protein Phosphatase 1 to reverse Cdc7-mediated phosphorylation of the MCM complex, thereby controlling DNA replication origin firing. Rif1 also regulates the structures of replication timing domains through its ability to organize chromatin loop structures.
yes
Celiac disease is a genetically-induced food intolerance affecting about 1% of the population. It is triggered by gluten ingestion in genetically predisposed individuals, leading to an immune response. Gluten intolerance, exemplified by celiac disease, serves as a model for autoimmune diseases with identifiable environmental and genetic factors.
yes
Electronic food diaries can be more effective than traditional food diaries in some aspects, such as fat percentage reduction and increasing healthy-eating awareness [1]. They can also be used for nutrition monitoring and visualizing energy balance [2, 3]. However, developing user-friendly electronic food diaries can be challenging [2].
yes
Endoplasmic Reticulum-Associated Protein Degradation (ERAD) is a biological process that eliminates misfolded proteins in the endoplasmic reticulum (ER). This process involves ubiquitination, retrotranslocation to the cytosol, and degradation by the proteasome. Terminally misfolded or unassembled proteins are degraded by the cytoplasmic ubiquitin-proteasome pathway in ERAD.
Vemurafenib (PLX4032) | Encorafenib | Dabrafenib
Insufficient evidence in retrieved documents.
The economic cost of urinary incontinence is substantial, with estimates varying by year, population, and type of incontinence. In 1995, the cost for individuals aged 65 and older was $26.3 billion, while in 1998, the cost for community-dwelling women over 18 was $710.44 million. The cost of treating overactive bladder and stress urinary incontinence in South Korea was estimated in the billions of Korean Won in 2006 and 2007, and the estimated total economic cost of OAB was $12.02 billion in 2000.
TEADs | TAZ | transcriptional enhancer associate domain (TEAD) transcription factors
Over 30 | 5 | Insufficient evidence in retrieved documents.
yes
nongrowing cells | stationary-phase | actively dividing populations
E-cadherin | Transforming growth factor (TGF) -β | Wnt | Notch | IGF-II | beta-catenin
yes
no
p53
Mutations in the CHCHD10 gene are associated with a complex phenotype that can include frontotemporal dementia (FTD), amyotrophic lateral sclerosis (ALS), cerebellar ataxia, myopathy, and hearing impairment. Specifically, the c.197G>T p.G66V mutation in CHCHD10 causes lower motor neuron syndrome LOSMoN/SMAJ. The CHCHD10 gene is important for motor and cognitive neuronal systems.
Flumazenil
yes
Next-generation sequencing is used in mutation screening for X-linked recessive disorders, somatic gene mutations in myelodysplastic syndromes (MDS), and somatic mutations in cancer. It has also been used to identify mutations causing autosomal dominant essential tremor (ET). Multiplex PCR followed by NGS is also used as a mutation discovery strategy.
Recurrent hypothermia | Hyperhidrosis | Congenital agenesis of the corpus callosum | Low birth weight | Short stature | Mental retardation | Delayed neuromuscular development | CNS anomalies | Dysplasia of nails | Hypoplasia of subcutaneous fatty tissue | Prematurely aged facial appearance | Hypogonadism | Cataracts | Osteosclerosis | Dysphonia | Increased susceptibility to infections | Epilepsy | Variable congenital malformations | Hirschsprung disease | Genital anomalies | Congenital heart disease | Eye defects
ProSAP1/Shank2 mouse model | poly(IC) mouse model | BTBR T+ tf/J mouse model | BTBR T+tf/J (BTBR) inbred mice
Are you asking about BioASQ in the context of a specific disease, treatment, or research area?
Play a role in the formation of SGs in various human cells | Play a role in recovery from cellular stresses | Essential for assembling stress granules | Required for translation of interferon stimulated mRNAs
Epidural blood patch | EBP | Insufficient evidence in retrieved documents.
The histidine-rich calcium binding protein (HRC) is implicated in cardiomyopathy. Specifically, the Ser96Ala polymorphism of HRC correlates with ventricular arrhythmias and sudden death in patients with dilated cardiomyopathy. This mutation may lead to cardiac arrhythmias due to an increase in spontaneous Ca2+ release events.
1-3 per 100,000 person years | 1-2 per 100,000 athletes per annum | 1-2/100000 per year
In the mdx mouse model of Duchenne muscular dystrophy, amitriptyline ameliorates muscle inflammation and depressive symptoms. It also has anxiolytic and antidepressant effects, associated with increased serotonin levels in the amygdala and hippocampus.
Insufficient evidence in retrieved documents.
TREX1 | RNASEH2A | RNASEH2B | RNASEH2C | SAMHD1 | ADAR
Gram-negative, rod-shaped, motile bacterium, strain Rf4T | Microorganisms in the family Geobacteraceae | Pseudomonas aeruginosa | Geobacter species
<320 ms | <300 ms | QTc below 330 ms
Insufficient evidence in retrieved documents.
Abiraterone acetate is an oral androgen biosynthesis inhibitor. Abiraterone is a potent inhibitor of human cytochrome P45017alpha.
Are you asking about methods to increase neprilysin activity, or about directly delivering the neprilysin protein itself?
alpha-proteobacteria | Rickettsiaceae | purple non-sulphur bacteria
X-linked intellectual disability
Sarcoplasmic reticulum Ca(2+)-ATPase (SERCA) | Sarcoplasmic reticulum calcium ATPase (SERCA2a) | SERCA
X-linked | recessive X-linked | X chromosome-linked
Yes, ephrins play a role in brain cancer. Ephrin-A1 acts as a negative regulator in glioma tumorigenesis [1]. Ephrins are frequently overexpressed in brain tumors such as GBM [3], and they participate in crosstalk with other signaling pathways during brain cancer cell migration [5].
Increased fork stalling and breakage | Replication fork pausing and genome instability | Replication forks paused and often broke
no
Proteomic analysis of endogenously ubiquitinated protein complexes | The ubiquitin proteome | Insufficient evidence in retrieved documents.
Necroptosis | Apoptosis | Pro-survival/inflammation NF-κB activation
Insufficient evidence in retrieved documents.
no
Epithelial-mesenchymal transition (EMT) is a biological process where epithelial cells undergo biochemical changes to acquire a mesenchymal cell phenotype [1, 2]. EMT plays a role in cancer progression, metastasis, the formation of tissues and organs during development, morphogenesis, fibrosis, and carcinoma progression [3, 4, 5].
yes
T-cell leukemia | Other cancers | Multiple Sclerosis | CADASIL | Alagille Syndrome | Spondylocostal Dysostosis | T-cell acute lymphoblastic leukemias (T-ALL)
yes
no
yes
Autosomal dominant | Sporadic | Autosomal dominant inheritance
Experimental autoimmune encephalomyelitis (EAE) | Theiler's murine encephalomyelitis virus (TMEV) infection of mice | experimental allergic encephalomyelitis (EAE)
HER2+ (63-83 %) | Commonly HER2+ | Insufficient evidence in retrieved documents.
Propranolol (160 mg/day) | Radioactive iodine | Surgery
yes
NDC1 | POM121
SCF(betaTrcp) E3 ubiquitin ligase | SCFbeta-Trcp E3 ubiquitin ligase
yes
TPEF | RARβ(2) | APC | p16 | hepaCAM
yes
prion-related domain (PRD) | prion-like aggregation | Q/N-rich prion domain
yes
SET domain | evolutionarily conserved SET domain
Are you asking about smFISH in the context of a specific disease, research area, or gene target?
SplicePredictor | GeneBuilder | SSCprofiler
Medicarpin | (-)-medicarpin | (6aR, 11aR)-medicarpin
SPARC expression is generally correlated with growth inhibition in human cancer, although the effect can vary. SPARC can inhibit proliferation in breast cancer cells [1], and its depletion can induce tumor growth inhibition [2]. SPARC can also delay tumor growth [3], and silencing SPARC can result in growth inhibition [4].
Chédiak-Higashi syndrome (CHS) | Aleutian color and the associated Chédiak-Higashi syndrome | Chediak-Higashi syndrome (CHS)
yes
Dronedarone antagonizes thyroid hormone binding to the thyroid hormone receptor alpha1 (TRalpha1). Dronedarone treatment results in cardioprotection by selectively mimicking hypothyroidism.
Sec insertion sequence (SECIS) element | SPS1 (selenophosphate synthetase 1) | SPS2
The ESCRT machinery functions in the degradation of transmembrane proteins, sorting ubiquitinated transmembrane proteins into vesicles, multivesicular body formation, midbody abscission during cytokinesis, and retroviral budding. It also sorts targeted proteins to the yeast vacuole.
p16INK4/MTS1/CDKN2 | p16INK4A (P16) | INK4 family of cyclin-dependent kinase (CDK) inhibitors | p16Ink4a | p18INK4C
TRH appears to play a role in the pathophysiology and development of hypertension. This may be mediated through increased TRH receptor density in the brain and spinal cord, effects on sympathetic activity, and interactions with the renin-angiotensin system. Central TRH is also implicated in hypertension induced by body weight gain.
yes
Hereditary Hemochromatosis (HH) | Juvenile hemochromatosis (JH)
Inhibitor 1 (I-1) | Protein inhibitor-1 (I-1)
Neutrophil extracellular traps (NETs) are implicated in the pathogenesis of systemic lupus erythematosus (SLE). NETosis is increased in lupus patients, and NETs release immunogenic autoantigens, stimulate IFNα release, and can directly damage tissues. A decreased ability to degrade NETs is also observed in some SLE patients.
Hsp90
yes
Von Hippel–Lindau (VHL) disease or syndrome is an inherited condition caused by mutations in the VHL gene. This syndrome leads to the development of tumors, both benign and malignant, in multiple organs. These tumors can be cystic and highly vascularized.
Could you please clarify the context of your question? Are you asking about HER2 in relation to a specific cancer type, treatment, or research area?
HLA-B*5701 testing
yes
yes
CG | CTA.TAG | GCA.TGC | CpG
yes
Organ-specific autoimmune diseases | Insulin-dependent diabetes mellitus | Dementia | Graves' disease | Occult breast cancer
Adaptive mutagenesis in Bacillus subtilis involves Mfd, the transcription coupling repair factor. This process can be independent of recombination-dependent repair and Y DNA polymerases. Defects in the error prevention oxidized guanine system also potentiate stationary-phase mutagenesis.
extraversion | agreeableness | conscientiousness | emotional stability | openness to experience
MEC-17 | SIRT2 (Sirtuin 2) | HDAC6 (histone deacetylase 6)
yes
chronic myelogenous leukemia | metastatic gastrointestinal stromal tumors (GIST) | blast crisis of chronic myelogenous leukemia | accelerated phase of chronic myelogenous leukemia | chronic phase of chronic myelogenous leukemia after interferon failure or intolerance
APOBEC3 family proteins | APOBEC3G | APOBEC3F | A3 proteins
no
Advantage against cancer development | Reduces risk of coronary diseases | Beneficial effect in terms of longevity
*Macrostomum lignano* is a useful model organism for studying the role of ion channels in stem cell activity, particularly in processes like regeneration. Experimental tools are available for this animal model, and manipulation of membrane potential has been shown to influence regeneration in *M. lignano*.
yes
L-Dopa | Levodopa
Inherited | Familial
The INSURE procedure, which stands for Intubation-Surfactant-Extubation, is a method used in preterm infants with respiratory distress syndrome. It involves intubation, surfactant administration, and subsequent extubation, often in conjunction with nasal continuous positive airway pressure (nCPAP). The INSURE method can reduce the need for mechanical ventilation, the duration of respiratory support, and the need for surfactant replacement.
Rtpca | Text-mining procedures developed for the BioCreative competition | System developed as a part of the OntoGene project
Thyrocyte destruction in autoimmune thyroiditis is induced by the Fas or TRAIL death pathway molecules. This involves interactions between CD95 (Fas) and its ligand (CD95L), and may be related to the down-regulation of Bcl-2. These processes can be induced by cytokines released by infiltrating lymphocytes and autoreactive T-cells.
Heterochromatin | Euchromatin | Both
LHCII | light-harvesting complex of Photosystem II (LHC II) | light-harvesting pigment-protein complex of Photosystem II (LHCII)
yes
yes
genome instability | cancer | neurodegenerative diseases | aging | neurological diseases
yes
yes
yes
Trifluridine (TFD) | Tipiracil hydrochloride (TPI)
BRCA1 dysfunction | Limited treatment options | Heterogeneous disease
Are you asking about a medical condition, or something else?
Many strains of Candida glabrata are resistant to Histatin 5 (Hst5). Histatin-5 possesses fungicidal activity against Candida species other than C. glabrata. However, resistance to Histatin 5 in C. glabrata can be reversed by inserting Candida albicans polyamine transporter-encoding genes DUR3 and DUR31.
galactocerebrosidase | galactosylceramidase | lysosomal enzyme
no
RIFIN proteins are expressed on the surface of infected erythrocytes. They are transmembrane proteins that exhibit distinct subcellular localization. Some RIFIN variants are detected only in intracellular stages.
School-based group cognitive-behavioral treatment (CBT) | Paroxetine | Paroxetine CR | Vortioxetine | Etizolam
yes
MC1R SNPs | 12 genes | TYR gene
Insufficient evidence in retrieved documents.
yes
yes
icatibant | ecallantide
yes
Skin carcinogenesis | Colitis-associated tumorigenesis
Hypertension | Long-term blood pressure reduction in patients with severe renal disease who were not on dialysis
no
Syndactyly | Short thumb with radial clinodactyly | Complex syndactyly with a bony fusion involving the index, long and ring fingers | Symphalangism | Simple syndactyly of the fourth web space | Symbrachyphalangism | Growth disturbances
yes
Multiple myeloma | Mantle cell lymphoma
RASSF1A | HIC1 | CASP8 | PTEN | CREBBP | MYT1L | Nfia | Nfib | Tead1 | Tgif2 | OTX2 | MYC
0.01% | 0.10% | 0.08%
baseball | organized sporting events
no
Hot water epilepsy (HWE) is a type of reflex epilepsy where seizures are triggered by the stimulus of bathing or contact with hot water. The pathogenesis is unknown, but the temporal lobe is thought to be involved, and HWE can be symptomatic of focal cortical malformation.
Oxidative stress products (alkanes and alkane derivatives) | Volatile metabolites of M. tuberculosis (cyclohexane and benzene derivatives) | Volatile biomarkers
Substitution mutations | Deletion mutations | G.C-->A.T transition | CC-->TT tandem mutation | A:T-->G:C transition | A:T-->C:G transversion | G:C-->T:A transversion
Vitiligo | Erythropoietic protoporphyria | Polymorphic light eruption | Prevention of actinic keratoses in organ transplant recipients | Skin lesions in HHD | Mild-to-moderate acne vulgaris | Protoporphyria
Insufficient evidence in retrieved documents.
yes
Early-onset parkinsonism | Depression | Severe weight loss | Hypoventilation | Parkinsonism | Central hypoventilation | Mental depression
Calsequestrin | Histidine-rich calcium binding protein (HRC)
yes
Friedreich's ataxia (FRDA) | Huntington's disease (HD)
yes
Lecanemab | Aducanumab | LY2062430 | Solanezumab | Crenezumab
Are you asking about specific subtypes of calcium channels (e.g., N-type, P/Q-type) or a more general class?
The fractal globule is a model for chromatin conformation where DNA is organized as a self-similar, compact polymer with spatial segregation at all length scales. This knot-free conformation allows for dense packing while still enabling easy folding and unfolding of genomic regions. It has been proposed to result from a sudden polymer collapse.
etoposide (VP-16) | teniposide (VM-26) | dovitinib | doxorubicin
Are you asking about SHAPE-Seq in the context of RNA structure probing or something else?
EPAC inhibitors | TPL2 inhibitors | 1,7-naphtyridine-3-carbonitrile | thieno[3,2-d]pyrimidines
Autosomal recessive | Recessively inherited | X-linked (FA-B)
Conserved noncoding sequences, including conserved noncoding elements (CNEs) and putative enhancers, are involved in the regulation of Hox genes. This regulation appears to be conserved across chordates, as evidenced by comparisons between different species. These conserved noncoding sequences are putative cis-regulatory elements.
Oligopaint probes are fluorescently labeled, single-stranded DNA oligonucleotides used to visualize genomic regions ranging from tens of kilobases to many megabases using FISH and 3D-FISH. These probes can be synthesized using basic molecular biological techniques and allow for single and multicolor imaging of chromosomes in cell culture, fixed tissues, and metaphase spreads. The method provides precise control over targeted sequences.
Targeted Chromatin Capture (T2C) is a novel technique used to interrogate large, selected regions of the genome. It provides an unbiased view of spatial organization at high resolution and is an efficient, easy, and affordable tool for addressing genome compartmentalization and chromatin-interaction networks.
Reported adverse effects of topical minoxidil include irritative dermatitis (pruritus, erythema, scaling, and dryness), allergic contact dermatitis, exacerbation of seborrheic dermatitis, hypertrichosis, and additional hair growth on areas other than the scalp. Local irritation is also reported, and noncutaneous side effects may be underreported. Deaths have occurred during clinical trials, but were attributed to other causes.
yes
Loss of memory | memory problems | dysmnesia
Are you interested in the gastrointestinal or cardiovascular aspects of Heyde syndrome?
yes
MutY | MutM | MutT
Cancer prognosis | Classification of skin diseases | Diagnostic methods for major depressive disorder (MDD) | Predicting the need for life-saving interventions in trauma patients | Genetics and genomics
no
The CRISPR/Cas9 system's main biological function is genome engineering. It can be used for multiplex genome engineering and to regulate gene expression at both transcriptional and post-transcriptional levels. The system can modify genomes and these modifications can be transmitted through the germline.
yes
Athletes generally have lower 2D:4D ratios compared to non-athletes, suggesting a more masculinized ratio. Male varsity athletes have a ratio of around 0.97, while female varsity athletes have a ratio of approximately 0.98, both lower than their non-athlete counterparts. Elite female athletes also exhibit significantly lower left-hand 2D:4D ratios compared to controls.
The association between the moon cycle and intracranial aneurysm rupture risk is debated. Some evidence suggests an increased risk of aneurysmal subarachnoid hemorrhage during the new moon phase. However, other evidence indicates no such association exists.
In traumatic brain injury patients, brain natriuretic peptide (BNP) levels are elevated. This elevation may play an adaptive role in recovery by augmenting cerebral blood flow. BNP levels are also shown to increase in trauma patients with intracranial hemorrhage.
CD38 | CS1
Met1Val (M1V) in the DCX gene | Autosomal dominant mutations in the Twist1 gene | Abnormal iron metabolism or deficiency
mismatch repair system | MMR
OikoBase
NT-proBNP levels are associated with cognitive function. Elevated NT-proBNP levels are strongly and independently associated with poorer cognitive function in older adults, specifically in MMSE and Trails B tests. A weak but statistically significant association between raised plasma NT-proBNP and poorer cognitive function was also observed.
Cell elongation | GTPase | Cell division | Bacterial cytoskeleton | Force generator that constricts the cell envelope | Maintaining cell shape
Castration-resistant prostate cancer (CRPC) | Metastatic malignant melanoma | Angiosarcoma
Insufficient evidence in retrieved documents.
Insulin receptor
no
yes
yes
What is the purpose of determining the proteome of the FFPE tissue?
Type D personality is present in a notable percentage of cancer patients and survivors, and is associated with impaired quality of life, mental health problems, worse general health, social functioning, more emotional role limitations, less vitality, and less satisfaction with received information. Cancer survivors with type D personality are at increased risk of impaired quality of life and mental health problems.
Genomicus web server | Genomicus database | Genomicus online tool
Aspergillus terreus | Aspergillus niger
Malignant melanoma | Lung cancer | Gastric cancer | Osteosarcoma
rash of DH | rash in dermatitis herpetiformis | blistering skin disease
MutS | MutL | MutH
yes
Ticks | Arthropods
yes
yes
MEF-2 proteins are essential for the differentiation of all muscle lineages [4]. Specifically, MEF2C is activated during differentiation into cardiac muscle [5], and MEF-2A expression is induced by BMP-2 in cardiac precursor cells [3].
mTOR | raptor | mLST8/GbetaL | PRAS40
The Menzerath-Altmann law is a statistical law that defines the dependency between the mean size of the whole and the number of parts in quantitative linguistics.
Mannose 6-phosphate receptor (M6PR) | Two related mannose 6-phosphate receptors (MPRs) | Mannose-6-phosphate receptors (MPRs) | Sortilin
Ulcerative colitis | Crohn's disease
yes
4.0 mm | Insufficient evidence in retrieved documents. | Insufficient evidence in retrieved documents.
no
yes
Splicing of mRNA | Splicing of heteronuclear RNAs | Excision of introns from nascent eukaryotic transcripts
yes
*   polC
*   dnaE
yes
The C-terminal peptide of prothymosin alpha has immunostimulatory properties, including stimulating human neutrophil functions in vitro, stimulating lymphocyte reactions, and inducing dendritic cell maturation. The C-terminal is also required for nuclear migration.
yes
The Ada protein acts as a positive regulator and a DNA repair enzyme. It repairs premutagenic O6-alkylguanine in DNA by transferring the alkyl group to one of its cysteine residues.
Monoamine neurotransmitters | Serotonin | Norepinephrine | Dopamine | 5-hydroxytryptamine (5-HT, serotonin) | Biogenic amine neurotransmitters
Further studies are required to determine if EMD can improve pulp tissue repair and regeneration | EMD could enhance the mineralization of hDPSCs upregulated the expression of markers for odontoblast/osteoblast-like cells | Insufficient evidence in retrieved documents.
yes
The super-SILAC mix is a mixture of five stable-isotope labeling by amino acids in cell culture (SILAC)-labeled cell lines. This mix accurately represents the tissue and is combined with human carcinoma tissue to quantify human tumor proteomes.
>10 base reads | 33-fold | 50x
About 70% | Reduced by 84-98% | HPV vaccines are efficacious against cervical cancer
yes
yes
Insufficient evidence in retrieved documents.
Depression | Insomnia | Narcolepsy
Are you asking about using transcranial ultrasound for diagnostic imaging, therapeutic intervention, or something else related to the subthalamic nucleus?
Both hypomethylation and hypermethylation | Hypomethylation | Hypermethylation
yes
High dose intravenous ascorbate treatments may reduce inflammation in cancer patients. Modulation of inflammation by intravenous ascorbate correlated with decreases in tumor marker levels. The high dose intravenous ascorbic acid therapy also affects C-reactive protein levels and pro-inflammation cytokines.
Antiparallel
yes
SMIM1 protein | Vel blood group antigen
Type 1 "classic" Pfeiffer syndrome | Type 2 Pfeiffer syndrome | Type 3 Pfeiffer syndrome
yes
Approaching one megadalton
CDK4/6 pathway | CDK 4/6 kinases
LQVVR | (47)LQVVR(51)
Chromatin Isolation by RNA Purification sequencing (ChIRP-seq) is a method where tiling oligonucleotides retrieve specific lncRNAs with bound protein and DNA sequences, which are enumerated by deep sequencing. This method illuminates the intersection of RNA and chromatin.
MammaPrint and Oncotype DX are multigene diagnostic tests used in early-stage breast cancer to predict recurrence risk and guide adjuvant chemotherapy decisions. They utilize gene expression profiling to stratify the risk of recurrence and provide clinicians with information on treatment outcomes, thereby individualizing treatment recommendations.
yes
yes
DUF families can be deciphered by grouping genes based on sequence similarity. Additionally, determining the three-dimensional structures of DUF families aids in their characterization.
*   Cardiac-specific genes
yes
Artificial urinary sphincter | BAUS implantation | Male suburethral sling
1100delC | CHEK2 1100delC
yes
Hypercalcemia | Hypercalciuria | Hypothyroidism | Early puberty | Deficient expression of calcitonin | Elevated thyrotropin (TSH) levels
The treatment of choice for gastric lymphoma is controversial. Curative resection is a treatment option, but radiation therapy may offer some benefit when complete resection is not feasible. Complete surgical resection may increase the chance of complete remission, but mortality and relapse rates might be higher than those observed with combination chemotherapy alone.
DAPI staining assay | Flow cytometry | DNA fragmentation assays | Single-cell gel electrophoresis assay | Comet assay | Nile blue staining | Cytochemical labeling of DNA fragmentation
no
Altered thyroid hormone levels | High serum T3 levels | Elevated T(3) levels
yes
Nucleus | Complex samples | Cytoplasmic body
Dermaroller is used in the treatment of scars, acne scars, stretch marks, wrinkles, and for facial rejuvenation. It can also be used for transdermal drug delivery and to promote hair growth, especially when used with Minoxidil.
yes
yes
Eprotirome is a thyromimetic with selective TRβ1 activity. It affects hepatic gene regulation and lacks thyroid hormone-related side effects.
Music therapy, particularly active improvised music therapy, can be an adjuvant treatment in the early rehabilitation of coma patients [1, 3]. It may help establish contact with non-responsive patients and re-stimulate communication competencies [4]. Music therapy is used in neurological early rehabilitation of patients with coma and other disorders of consciousness [2].
Plasmodium falciparum | Plasmodium falciparum malaria parasite
Cardiotoxicity | Cardiomyopathy and heart failure | Bone marrow suppression
Are you asking about GDF10 as a gene, a protein, or something else?
yes
yes
yes
adenosine-to-inosine (A-to-I) conversion | A to I | N(6)-methyladenosine (m6A)
yes
APOBEC3G (A3G) | APOBEC3F (A3F)
yes
Long non-coding RNAs (lncRNAs) are regulatory molecules involved in gene expression. They are transcribed from a larger portion of the human genome compared to protein-coding genes. LncRNAs also include enhancer RNAs (eRNAs) transcribed from gene enhancer regions.
no
yes
15q11-q13 deletions of paternal origin | maternal chromosome 15 uniparental disomy (UPD) | imprinted genes on the proximal long arm of chromosome 15 defects | genetic defects in certain regions of chromosome 15q11-13
15 to 25 years | 20 and 50 years | 32.3 ± 12.2 years
Insufficient evidence in retrieved documents.
*   Sequence comparison (PMID 10573422)
yes
Pexidartinib (PLX3397) is a small molecule tyrosine kinase and colony-stimulating factor-1 receptor (CSF-1R) inhibitor. It decreases microglial numbers by promoting microglial apoptosis.
Celiac disease | Celiac sprue
yes
IL-17A | interleukin-17A | anti-interleukin-17A
Calcineurin | PP2B
yes
yes
no
trimethylation of lysine 36 in histone subunit 3 (H3K36me3)
To understand the transcriptional network that regulates macrophage differentiation and to uncover novel components of the transcriptome | To better understand the transcriptional network that regulates macrophage differentiation | To uncover novel components of the transcriptome
yes
Iron deficiency is associated with restless leg syndrome (RLS). Brain iron deficiency may play a role in the pathophysiology of RLS and is considered a cause of secondary periodic limb movement disorder (PLMD), which is related to RLS. A case report describes RLS and PLMD manifesting from iron deficiency.
Insufficient evidence in retrieved documents.
yes
CYP2C19 | CYP2C19*2 allele | P2Y12
Enables dystrophin production | Attenuation of ambulatory decline | Induce exon 51 skipping
Atypical Guadeloupean parkinsonism presents as two forms of parkinsonism and dementia, differing clinically by the presence of oculomotor signs but sharing similar cognitive profiles. Neuroimaging reveals cerebral atrophy, enlargement of the third ventricle, and T2-hypointensity in the basal ganglia, especially the substantia nigra. Patients may also exhibit REM sleep behavior disorder.
yes
Estrogen receptor-positive node-negative breast cancer | Early-stage, node-negative, estrogen receptor-positive breast cancer | ER-positive breast cancer
5-azacytosine | 5-azadeoxycytidine | 5-fluorodeoxycytidine | 5-azacytidine | 2-(1H)-pyrimidinone riboside (zebularine)
Armoured brain is a rare condition involving dense calcification over the brain [1, 2]. It can be associated with chronic subdural hematoma [3] or collections masking underlying hydrocephalus [4]. The term "armoured brain" is also used to describe this condition [3, 5].
High mono-methylation of lysine 4 of histone H3 | Low tri-methylation levels of lysine 4 of histone H3 | H3K4me1 | H3K27ac | H3K4me1/K36me2 | H3K4me1/K36me3 | H3K4me1/K79me2
Insufficient evidence in retrieved documents.
yes
yes
Pregabalin | Gabapentin | Insufficient evidence in retrieved documents.
Based on gene expression profiles, there are no significantly different signatures between chronic and aggressive periodontitis. However, aggressive periodontitis may be characterized by different serum IgG levels against *Porphyromonas gingivalis, Tannerella forsythensis,* and *Campylobacter rectus*.
SAGA transcriptional co-activator complex | TREX2/THSC | TREX-2 complex
yes
ATAC-seq (Assay for Transposase-Accessible Chromatin with high-throughput sequencing) is a technique used to identify open, accessible regions of chromatin across the genome. It can also be used to identify nucleosome-free regions and map nucleosome positioning.
Upf1p | Upf2p (Nmd2p) | Upf3p
H4K20me3
yes
Hypertension | Antihypertensive | Stroke (cytoprotective)
Chemoradiation therapy | Adjuvant TMZ | Temozolomide
COL5A1
Age | Blood pressure | Clinical features | Duration of symptoms | Diabetes
yes
yes
no
Progeria is a rare genetic disease. It is also described as an autosomal dominant genetic disorder. The condition is characterized by accelerated aging.
base excision repair pathway | base excision repair (BER) pathway | the base excision repair pathway
yes
Abnormalities of the musculoskeletal system | Otto pelvis
The "proteomic ruler" uses the MS signal of histones, which is proportional to the amount of DNA in a sample, to estimate the copy numbers of individual proteins per cell. This approach adds an absolute scale to the MS readout.
HIV-1-encoded Vif protein allows virus replication by targeting APOBEC3 proteins for proteasomal degradation, thus preventing APOBEC3 from inhibiting HIV-1 replication.
p38alpha | p38beta | p38gamma | p38delta
yes
Hertwig's epithelial root sheath (HERS) cells induce dental follicle (DF) cell differentiation into cementoblasts, promoting cementum formation. Pulp cells direct DF cell differentiation into osteoblasts. Bioengineered dentin can also induce cementogenesis.
Behavioral changes (intensification of baseline behaviors and new behavioral problems) | Tantrums | Aggression | Hyperactivity | Defiance | Somnolence | Dizziness | Rash
Ranolazine improves diastolic function by inhibiting the late sodium current and modulating myofilament calcium sensitivity. It may also reverse diastolic dysfunction, possibly through a direct effect on myofilaments. Ranolazine also attenuates abnormalities of contractility associated with heart failure.
Gemcitabine combined with platinum chemotherapy is an effective and well-tolerated treatment for recurrent epithelial ovarian cancer, including platinum-resistant or -refractory cases. Specifically, gemcitabine and carboplatin show similar efficacy in treating platinum-resistant recurrent epithelial ovarian cancer patients.
Foxa transcription factors exhibit their pioneering function by binding to chromatinized DNA and opening the chromatin structure, which enables access for other transcription factors, such as estrogen receptors, to bind to their target regions. This involves various chromatin-binding parameters seen in linker histones.
Gata4 | Mef2c | Tbx5
Ibrutinib | Idelalisib
yes
yes
In vivo biotinylation tagging involves fusing a short peptide tag to the N-terminus of GATA-1, which is then biotinylated by the co-expressed bacterial BirA biotin ligase. The biotinylated GATA-1 in nuclear extracts directly binds to streptavidin beads, enabling single-step capture of the tagged factor and its associated proteins. Mass spectrometry is then used to identify the eluted proteins, characterizing the GATA-1 complexes.
yes
The FAA cDNA is 5.5 kb and has an open reading frame of 4,368 nucleotides. The predicted FAA protein contains two overlapping bipartite nuclear localization signals and a partial leucine zipper consensus.
Skeletal muscle satellite cells are adult muscle-derived stem cells, also described as quiescent mononucleated myogenic cells. They are Pax7(+) myogenic stem cells located between the sarcolemma/plasmalemma and basement membrane/basal lamina of muscle fibres/myofibers. In mature muscles, they are typically quiescent, but can be activated in response to muscle injury.
Neurogranin in cerebrospinal fluid is a marker of synaptic degeneration in Alzheimer's disease.
yes
Four | 4
GERD symptoms are common in untreated celiac disease patients. A gluten-free diet is associated with a rapid and persistent improvement in reflux symptoms in these patients. Gluten-related disorders can manifest as gastrointestinal symptoms.
Thr-68 | S19 | S33/35
yes
Z-curve based method | Compositional skews such as the GC skew | Features that have been previously experimentally verified in the alpha-Proteobacterium Caulobacter crescentus | DNA base composition asymmetry
Emulsion PCR is used in Next Generation Sequencing for target enrichment, normalization of libraries, bias-free amplification, and clonal sequencing. It is particularly useful for sequencing poorly preserved DNA.
yes
Thyroid hormone (TH) and its receptor (TR) are involved in stem cell differentiation, influencing various developmental programs. TH induces differentiation in hemopoietic pluripotent stem cells towards erythropoiesis and is critical for cardiac cell differentiation. Additionally, thyroid hormone signaling acts as a neurogenic switch in adult neural stem cells and functions as a developmental switch in erythroid progenitors.
5-HT2A receptors | rat brain 5HT2 receptors
Type 1 diabetes (T1D) | Rheumatoid arthritis (RA) | Systemic lupus erythematosus (SLE) | Autoimmune thyroiditis (AIT) | Juvenile idiopathic arthritis | Vitiligo
Orbital connective tissues
*   H3K27ac distinguishes active enhancers from inactive/poised enhancer elements containing H3K4me1 alone.
*   High mono-methylation and low tri-methylation levels of lysine 4 of histone H3 is a signature of enhancers.
Outer membrane of the mammalian mitochondrion | Cytosolic face of the mitochondrial outer membrane
Alu | L1 | SVA
Severe hypoplastic anemia | Defect of erythroid progenitors | Anemia | Malformations | Inherited red blood cell aplasia | Normochromic and macrocytic anemia | Reticulocytopenia | Nearly absent erythroid progenitors in the bone marrow | Growth retardation | Craniofacial malformations | Upper limb malformations | Heart malformations | Urinary system congenital malformations | Chronic, normochromic macrocytosis due to red cell lineage bone marrow failure
Environmental regulation | Temperature-dependent change in mRNA stability
DSIF | NELF
Reduced fertility | Stem cell loss | Progressive bone marrow failure | Sterility | Diverse developmental abnormalities | Predisposition to neoplasia | Bone marrow failure | Developmental anomalies | High incidence of myelodysplasia | Acute nonlymphocytic leukemia | Cellular hypersensitivity to cross linking agents | Pancytopenia | Skin pigmentation | Renal hypoplasia | Cardiac defects | Microcephaly | Congenital malformations of the skeleton | Hypogonadism | Increased risk | Variable clinical manifestations
cyclophilin | CsA receptor, cyclophilin | peptidylprolyl isomerase
Proton-pump inhibitors | Antacids | Bile acid sequestrants | Ferrous sulphate | Sucralfate | Calcium carbonate | Aluminium-containing antacids | Phosphate binders | Raloxifene
yes
HEXA gene | HEX A gene | hexosaminidase A gene
*   Nucleotide excision repair
Outer membrane proteins | Mitochondria | Insufficient evidence in retrieved documents.
yes
'liberation procedure' | percutaneous transluminal angioplasty | endovascular treatment (ET)
Impaired thyroid hormone synthesis | Hypothyroidism | Partial defect in iodide organification
autosomal recessive | autosomal-recessive inheritance | autosomal recessive trait
ZDOCK | GalaxyDock | glide | SOL | DISCORE | DockTrina
NBEAL2
Inhibits | Inhibition
yes
yes
no
MTH1 hydrolyzes oxidized purine nucleoside triphosphates. Cancer cells rely on the MTH1 protein to prevent the incorporation of oxidized nucleotides into DNA. Inhibiting MTH1 can kill cancer cells, but only if oxidized nucleotides are also introduced into the DNA.
yes
yes
~31,000 | ∼50,000 | thousands
yes
*   Mutations in RYR2
*   Mutations in CASQ2
Han Chinese | Thai | Malaysian and Indian populations
Studies suggest accelerated telomere shortening in Fanconi anemia (FA). Researchers have investigated markers of telomere integrity and function in FA patients. Observations include breaks at telomeres and TRF2-independent end fusions in FA.
yes
The Tsix gene encodes an antisense transcript that negatively regulates Xist, protecting one X-chromosome from inactivation. In the mouse placenta, Tsix represses the maternal Xist allele.
yes
histone H3 at threonine-3 | histone H3 | Thr3 in histone H3
Acute pancreatitis | Nodular regenerative hyperplasia | Fatigue | Diarrhea | Neutropenia | Thrombocytopenia
Insufficient evidence in retrieved documents.
Neutral loss detection in phosphoproteomics allows for the detection and sequencing of phosphopeptides with exceptional accuracy and specificity. It also enhances the fragment ion mass spectra of phosphorylated peptides and helps identify novel phosphorylation sites. Neutral loss-dependent MS/MS/MS is used for phosphopeptide identification.
yes
Drug-induced gingival overgrowth is characterized by an increase in the thickness of the epithelial layer and the accumulation of excessive amounts of connective tissue. The enhanced proliferation of gingival fibroblasts may be caused by the effects of drugs on the cell cycle and cyclin expression, possibly mediated by over-expression of cyclin B1. However, the precise mechanism is not yet fully known.
yes
p16(Ink4a) | p16(INK4a) | p19(Arf)
miR-494
yes
Antamanide | Cyclosporine A | Bradykinin | KB-R7943
Are you asking about ceritinib as a medication, or something else?
frataxin | mitochondrial protein frataxin | FRDA gene
Developmental regulation | Regulation of Hox genes
Human papillomavirus proteins E6 and E7 contribute to cell transformation by interacting with and inactivating tumor suppressor proteins p53 and Rb. E6 promotes p53 degradation or prevents it from functioning in the nucleus, while E7 promotes pRb degradation. This inactivation of p53 and Rb abrogates cell cycle checkpoints and induces genomic instability, leading to malignant conversion.
Clostridium perfringens | C. ghonii | C. sordellii | Eubacterium tenue | Bacteroides sp. | Vibrio sp. | Treponema denticola | Bacteroides fragilis | Clostridium septicum
RNA processing, splicing, nucleation, translation and stability | mRNA processing or transport | mRNA fate
Defective control of histone lysine methylation, particularly at H3K9 and H3K27, contributes to the pathogenesis of medulloblastoma. Mutations in H3K27 demethylases are frequent in certain medulloblastoma groups, and restoring genes controlling H3K9 methylation diminishes proliferation of medulloblastoma cells.
Orco is an odorant receptor co-receptor in insects. It is a nonconventional coreceptor that combines with odorant-binding ORs to form odorant-gated ion channels.
*   Memantine
5hmC plays important roles in differentiation, with altered levels observed during embryonic stem cell differentiation. It is dynamically associated with transcription factor binding at regulatory sites during neural and adipocyte differentiation. However, its precise role in embryonic stem cell differentiation, particularly neuronal differentiation, remains elusive.
H3K4 | Lys4 of histone H3
Are you asking about CRISPRi in the context of a specific disease, gene, or research area?
Motor neurons | Motoneurones
yes
yes
yes
PI3K-mTORC1 attenuates stress response by inhibiting cap-independent Hsp70 translation. Thus, mTORC1 is involved in regulating the stress response.
Med220 subunit | Med70 subunit | CRSP33 | CRSP150 | CRSP p200 | CRSPs 34 | CRSP77 | CRSP130 | CRSP70
ALS
yes
Rolling circle mechanism | RNA-based rolling-circle mechanism | Copied by the host enzyme
II | III
XK gene | XK
yes
mTOR | molecular target of rapamycin
yes
Alzheimer's disease | Alzheimer's dementia
Insufficient evidence in retrieved documents.
Long-range epigenetic silencing (LRES) involves the coordinated suppression of large chromosomal regions, spanning megabases of DNA. This process includes broad heterochromatin formation and hypermethylation of clusters of contiguous CpG islands within the affected region, leading to gene inactivation. LRES affects multiple contiguous CpG islands.
Insufficient evidence in retrieved documents.
yes
Here's a list of treatment options for Helicobacter pylori based on the provided evidence:

*   Eradication therapy
*   Antibiotic-based therapies
*   Vaccine (not currently licensed)
LRP5 | receptor tyrosine-protein kinase erbB-3 | alkaline phosphatase | carbonic anhydrase | gremlin-1 | fetuin A | midkine | annexin A1 | annexin A2 | collagen α1 | casein kinase II | secreted frizzled related protein 4 | Phex | asporin | follistatin
Under energy starvation conditions, AMPK phosphorylates TSC2 and enhances its activity. TSC2 is regulated by cellular energy levels and plays an essential role in the cellular energy response pathway.
3D-CISS | qualitative determination of beta-2-transferrin
Here are the software tools for detecting rare codon clusters in coding sequences, based on the provided evidence:

*   LaTcOm
*   Sherlocc
*   PAUSE
15 genes
yes
Dlk1-Dio3 and Kcnq1/Kcnq1ot1 loci | Liver-specific targets | Ig loci
Confusion | Ataxia | Ophthalmoplegia | Mental confusion | Opthalmopathy | Altered mentality
yes
yes
Three | RyR1 | RyR2 | RyR3
GKT136901 | GKT137831
IL-1β | IL-1RI:IL-1RAcP signaling complex
*   Protein phosphatase 1 (PP1)
*   Protein phosphatase 2B
*   Protein phosphatase 2A (PP2A)
*   Protein phosphatase 2C (PP2C)
AATAAA | AAUAAA
yes
Colonoscopy findings in autistic children have included nonspecific colitis, lymphoid hyperplasia, and focally enhanced gastritis. Ileo-colonoscopy has been performed in autistic children with bowel symptoms.
A disordered protein, also known as an intrinsically disordered protein (IDP), lacks stable tertiary and/or secondary structures under physiological conditions. These proteins do not adopt a well-defined fold and may undergo conformational changes to folded structures when binding to other molecules. They frequently function in protein interaction networks.
Transcriptional corepressor | Drosophila corepressor | Transcriptional co-repressor protein
telomerase
The catalytic mechanism of DNA (cytosine-5)-methyltransferases involves the attack of the C6 of substrate cytosines by an enzyme nucleophile, forming a transient covalent adduct, although this may not be essential for all enzymes [1, 2]. For the bacterial M.HhaI enzyme, this involves a nucleophilic addition of Cys-81-S- to cytosine C6, followed by C5 nucleophilic replacement of the methyl of S-adenosyl-L-methionine [5]. The reaction proceeds with DNA binding first, followed by S-adenosylmethionine (AdoMet) [3].
yes
Geldanamycin targets heat shock protein 90 (Hsp90), disrupting its function as a molecular chaperone. This leads to the downregulation of Hsp90 client proteins and downstream effectors, impairing proliferative signaling and reducing cell motility. Ultimately, geldanamycin treatment can arrest cells in the G1 phase and induce programmed cell death.
infliximab | adalimumab | etanercept
Insufficient evidence in retrieved documents.
yes
Here's a list of the main benefits of pharmacophore models, based solely on the provided evidence:

*   Useful in the treatment of human tumours.
*   Illustrates a molecular recognition of a biological target shared by a group of compounds.
*   Represent the spatial arrangement of essential interactions in a receptor-binding pocket.
*   Virtual screening of compound libraries.
*   Ligand pose prediction and pose rankings.
Viruses of the Flaviviridae family primarily infect vertebrates through arthropod vectors such as mosquitoes and ticks. However, direct transmission between vertebrates is also possible. These viruses replicate within vertebrate hosts.
The HAMLET trial aimed to assess the effect of decompressive surgery in patients with space-occupying hemispheric infarction. Specifically, it compared the efficacy of decompressive surgery to conservative treatment for improving functional outcomes in patients with space-occupying supratentorial infarction. The trial also assessed clinical outcomes, costs, and cost-effectiveness.
Yes, prodrug amifostine can be used to protect healthy cells during chemotherapy. It selectively protects normal tissues from the cytotoxic and mutagenic effects of anti-neoplastic drugs by converting to an active metabolite that detoxifies anticancer drugs and eliminates free radicals.
B1 has a 9 bp deletion and a 29 bp duplication | B1 is a murine homolog of Alu | Alu is more frequent in heavy components
yes
Approximately 1 in 1,000 gametes | 2800 and 840 mutants per 10(6) clonable cells per mM | 54 x 10(-5), 35 x 10(-5), and 25 x 10(-5) mutants/plaques
Spinal Muscular Atrophy (SMA) is caused by mutations in the SMN1 gene, leading to reduced expression of the survival motor neuron (SMN) protein. This deficiency causes degeneration of spinal cord motor neurons, resulting in muscle weakness and atrophy.
Insufficient evidence in retrieved documents.
Conserved noncoding elements (CNEs) exhibit fractality in their chromosomal distribution. This fractality is particularly characteristic of CNEs that are extremely conserved between species or of ancient origin, conserved across distant organisms through evolution.
alpha-synuclein
yes
The Kub5-Hera/RPRD1B interactome maintains genetic integrity. It minimizes persistent R-loops, promotes the repair of DNA double-strand breaks (DSBs), and regulates DNA mismatch repair.
Restless legs syndrome (RLS) | Willis-Ekbom disease (WED)
*   Neonatal intrahepatic cholestasis
*   Severe chronic lymphoedema
Hepatotoxicity | Increase in transaminase levels | Nausea | Vomiting | Diarrhea | Anorexia | Dizziness | Frequent hepatic enzyme elevation
yes
yes
tyrosine hydroxylase (TH) | aromatic L-amino acid decarboxylase (AAAD) | dopamine-β-hydroxylase (DBH) | phenylethanolamine N-methyltransferase (PNMT)
Six
yes
Are you asking about the drug's effects, its chemical structure, or something else related to desomorphine?
ledipasvir | sofosbuvir
Mff overexpression in mitochondria leads to increased mitochondrial fission [1, 2]. It also stimulates mitochondrial recruitment of Drp1 [2] and increases the interaction between DLP1 and Pex11pβ [3].
yes
Fatal familial insomnia (FFI) is a rare, autosomal dominant prion disease characterized by progressive insomnia and dysautonomia. Additional characteristics include inattention, motor signs, dementia, and myoclonus. It is also described as familial selective thalamic degeneration with a mutation at codon 178 of the prion protein (PrP) gene.
SLITRK1 | L-histidine-decarboxylase
poly(adenosine diphosphate-ribose) polymerase (PARP) | PARP-1 and PARP-2
JAMM
ENCODE | ROADMAP | BLUEPRINT | DEEP
Parkinson's Disease | Essential Tremor
no
yes
CARMEN is a super enhancer-associated long noncoding RNA that controls cardiac specification, differentiation, and homeostasis. CARMEN knockdown inhibits cardiac specification and differentiation in cardiac precursor cells. CARMEN is also upstream of the cardiac mesoderm-specifying gene regulatory network.
yes
Teriflunomide
Peginesatide stimulates the erythropoietin receptor dimer that governs erythropoiesis. It is a synthetic, PEGylated, peptide-based erythropoiesis-stimulating agent.
Eteplirsen is an antisense oligonucleotide and a phosphorodiamidate morpholino oligomer (PMO) designed to induce exon 51 skipping. This skipping restores the reading frame and induces the production of internally shortened dystrophin in patients with Duchenne muscular dystrophy (DMD) who have mutations amenable to exon 51 skipping. The FDA has granted accelerated approval for Eteplirsen to promote dystrophin production.
growth hormone/insulin-like growth factor genes | respiratory complex I genes | genes encoding immunobiological factors and proteases | protein-coding genes related to reproduction | microRNA genes related to reproduction
Janus Kinase inhibitors are being explored for the treatment of skin disorders. Specifically, upadacitinib, a Janus kinase 1 inhibitor, has been studied in patients with moderate to severe atopic dermatitis, and baricitinib, a Janus kinase 1/JAK2 inhibitor, has been studied in patients with moderate-to-severe psoriasis. This suggests that Janus Kinases play a role in the pathophysiology of these skin conditions.
5.476% | 8% | Insufficient evidence in retrieved documents.
yes
CD38 | CS1
17 bp deletion in the coding region of the SMIM1 gene
no
RAD1901
ZNF335 is a causative gene for microcephaly. It is essential for neural progenitor self-renewal, neurogenesis, and neuronal differentiation, and its loss leads to reduced cortical size.
Programmed death-ligand 1
Exonic splice enhancers are principle non-splice site motifs. In humans, much of the information specifying splice sites is not at the splice site, and exonic splice enhancers are one such motif.
Zika virus infection during pregnancy is associated with several birth defects. These include microcephaly, neural tube defects, early brain malformations, structural eye abnormalities, congenital deafness, and limb contractures. Zika virus infection during pregnancy can also cause spontaneous abortion.
Neisseria adhesin A (NadA) is an adhesin of Neisseria meningitidis involved in adhesion to and invasion of human cells. It is one of the antigens of Bexsero, a vaccine against serogroup B Neisseria meningitidis. Several variants of NadA have been identified.
CAFE
dbSUPER | Super-Enhancer Archive (SEA)
Decreased affinity for microtubules | Reduced inducer-initiated rates of nucleation and polymerization | Increased cytotoxicity | Destabilizes microtubules | May enhance the formation of paired helical filaments that constitute neurofibrillary tangles | Accumulates in the somatodendritic compartment | Aggregates into insoluble filaments
Oxytocin | OT | Neuropeptide hormone oxytocin
Are you asking about the cause of scurvy in general, or something more specific?
Ambras syndrome is a unique form of universal congenital hypertrichosis where the whole body is covered with fine long hair, except for areas where normally no hair grows. It is characterized by dysmorphic facial features and teeth abnormalities, including retarded dentition and absence of teeth.
Erythema multiforme | Stevens-Johnson syndrome (SJS) | Toxic Epidermal Necrolysis (TEN) | Drug reaction with eosinophilia and systemic symptoms (DRESS) | Drug hypersensitivity syndrome
INCA
Are you referring to a specific research study, a gene, or something else?
Benserazide functions as a peripheral DOPA decarboxylase inhibitor when co-administered with L-DOPA in patients with Parkinson's Disease. This co-administration is considered the most effective symptomatic treatment for the disease.
In what context are you asking about regioneR (e.g., genomics, bioinformatics, or something else)?
Lepromatous nodular erythema | Severe aphtosis | Jessner-Kanoff's cutaneous lymphocyte infiltration | Discoid lupus erythematosis | Chronic graft-versus-host reactions | Relapsed and or refractory multiple myeloma (after the failure of standard therapies) | Cachexia associated with HIV and cancer | Mycobacterial disease | Autoimmune diseases | Erythema nodosum leprosum | Complications of leprosy | Cancers
Reactive metabolites are drug metabolites that can bind covalently to cell proteins or DNA, potentially leading to toxicity and idiosyncratic drug reactions. They can be formed by the action of enzymes like cytochrome P-450 and can bind to hepatocyte macromolecules, causing liver lesions.
The "wearing-off" phenomenon in levodopa-treated patients with Parkinson's Disease is a complication of prolonged levodopa usage where the clinical control of motor symptoms starts to shorten (end-of-dose wearing off). During this phenomenon, motor symptoms such as rigidity and freezing may re-emerge, and patients may experience sensory, autonomic, psychiatric, and motor fluctuations. Anxiety can also occur during the wearing-off period.
Are you asking about prions in relation to a specific disease or condition?
yes
Are you asking about sQTLseekeR in the context of a specific disease or gene?
Creutzfeldt-Jakob disease (CJD) is a rare, rapidly progressive, and fatal neurodegenerative disease. It affects the central nervous system and appears to be caused by an abnormal form of a protein called a prion. CJD is classified under transmissible spongiform encephalopathies (TSE) or prion diseases.
Athelia is a rare condition defined by the absence of the nipple-areola complex. It is often associated with other congenital anomalies or syndromes like limb-mammary syndrome, scalp-ear-nipple syndrome, ectodermal dysplasias, or Kabuki syndrome. However, athelia can also occur without other associated anomalies.
yes
Are you asking about the BioCreative challenge, or something else?
Treatment of obesity | Adjunct pharmacotherapy for obesity | Used with lifestyle modification
5p15.32 | 5p15.3
transposable element | insertion of a large, tandemly repeated, transposable element
huntingtin (HTT) gene | IT15 gene
PHYLUCE
SLC9A6 gene | SLC9A6
Eteplirsen (Exondys 51) is an antisense oligonucleotide designed to induce exon 51 skipping of the dystrophin gene. It promotes dystrophin production by restoring the translational reading frame of DMD. The US FDA granted accelerated approval for eteplirsen for the treatment of Duchenne muscular dystrophy (DMD) in patients with a confirmed mutation of the DMD gene amenable to exon 51 skipping.
SINEUPs are long non-coding RNAs that increase the synthesis of target proteins by up-regulating translation. They promote translation of partially overlapping sense coding mRNAs through the activity of an inverted SINEB2 element. They can be natural or synthetic.
Are you asking about the diagnostic criteria, potential causes, or treatment options for trichotillomania?
Raxibacumab is a monoclonal antibody that binds to the protective antigen (PA) of Bacillus anthracis, blocking toxin effects. This mechanism of action differs from that of antibiotics or active immunization. Raxibacumab's mechanism leads to improved survival in animal models of inhalational anthrax.
Insufficient evidence in retrieved documents.
yes
The Shelterin complex binds to TTAGGG DNA repeats and caps chromosome ends in humans. It shields telomeres from the DNA damage response and comprises six telomere-associated proteins that bind to telomeric DNA. TRF2 is a member of the Shelterin complex involved in protecting and stabilizing chromosome ends.
Alzheimer's disease | AD
Miller-Dieker syndrome (MDS) | myelodysplastic syndrome (MDS) | 18q- syndrome
Ataxia | Epilepsy | Sensorineural deafness | Renal tubulopathy | Renal tubular defects | Renal salt-wasting
Early 1950s | Since the early 1960s
yes
Statins | Resins | Fibrates | Niacin | Ezetimibe
PD-1 inhibitors are checkpoint antibody inhibitors that can act as tumor suppressing factors by modulating immune cell-tumor cell interaction [1]. Nivolumab (Opdivo) is one example of a PD-1 inhibitor [4]. These inhibitors are used in cancer therapy to improve outcomes [2, 3].
yes
Rofecoxib | Valdecoxib | Sertindole | Sibutramine
yes
crypt base | bottom of the crypts of Lieberkühn | intestinal stem cell niche
Viral meningitis due to echovirus types 6 and 9 | Aseptic meningitis caused by herpesviruses | HSV-1-meningitis | HSV-2-meningitis | EBV-meningitis | CMV-meningitis | VZV-meningitis | Viral meningitis caused by echovirus type 4 | Mollaret's meningitis
Insulin secretagogues | Biguanides | a-glucosidase inhibitors | Thiazolidinediones | Sulfonylureas | Meglitinides | DPP-4 inhibitors
Q-nexus | PeakXus | MACE | MACS2
Statins are lipid-lowering and cholesterol-lowering drugs used to prevent cardiovascular disease and events. They inhibit HMG Co-A reductase, reducing serum cholesterol and cardiac risk.
Epithelial cells in the genitourinary tract | Paneth cells in the intestine | Insufficient evidence in retrieved documents.
yes
Mitotic arrest | Disrupts the microtubular network | Metaphase I arrest
Could you please specify what field you are asking about (e.g., drug discovery, genetics, proteomics) in relation to Path2PPI?
Lung cancer | Cervical cancer | Prostate cancer | Breast cancer
Zika virus infection often results in mild illness or is asymptomatic. However, it can also cause fever, rash, arthralgia, and conjunctivitis. More severe effects include fetal neurological complications such as brain damage and microcephaly in pregnant women, and Guillain-Barré syndrome in adults.
Oseltamivir inhibits neuraminidase, a flu protein responsible for the release and spread of newly synthesized virions. It is used to fight the flu virus in infected individuals and is effective for treating both seasonal flu and H5N1 influenza A virus infection.
The gamma-secretase complex is composed of four proteins: presenilin (PS), nicastrin, Aph-1, and Pen-2. Presenilin has two homologues: PS1 and PS2. Aph-1 also has isoforms: Aph-1a and Aph-1b.
Aurora A | Plk1 | Cdk1
yes
Sole E2-conjugating enzyme required for sumoylation | Interacts with almost all partners required for sumoylation | Regulates protein function
yes
yes
fimA genotypes II | fimA genotypes Ib | fimA genotypes IV
yes
Cohesins form chromosomal cis-interactions at the developmentally regulated IFNG locus. They provide the topological and mechanistic basis for cell-type-specific long-range chromosomal interactions in cis at this locus.
Are you interested in the ECG changes, the clinical presentation, or the management of Wellens' Syndrome?
Amyotrophic lateral sclerosis (ALS) | Frontotemporal dementia (FTD) | ALS/FTD
ApoE2 | ApoE4 | ApoE2 or E4
yes
yes
webSDA | SDA
yes
Transthyretin facilitates the transport of thyroid hormones in cerebrospinal fluid, moving them from the blood into the cerebrospinal fluid. The choroid plexus secretes transthyretin into the cerebrospinal fluid, which may have an important function in the transport of thyroxine from the blood to the brain.
Illnesses due to diagnostic or therapeutic procedures | Disease that results from a diagnostic procedure or from any form of therapy | Adverse drug reactions and complications induced by non-drug medical interventions
Multipotent neural crest cells | Neural crest | Schwann cell precursors lining developing spinal nerves
Gordon syndrome | Marden-Walker syndrome | Distal arthrogryposis type 5
no
Slitrk1 is localized to excitatory synapses and is enriched in postsynaptic fractions.
Harlequin syndrome is characterized by unilateral decreased sweating and flushing of the face, and sometimes the neck and chest. These symptoms are often triggered by heat, exercise, or emotional factors. It is also described as asymmetric facial flushing and sweating.
The constitutive photomorphogenesis 9 signalosome (CSN) plays key roles in many biological processes, including repression of photomorphogenesis in plants, protein subcellular localization, DNA-damage response, NF-κB activation in mammals, embryonic development, and cell cycle regulation. It may also regulate the degradation of polyubiquitinated proteins.
yes
Legg-Calvé-Perthes Disease is a childhood hip disorder characterized by avascular necrosis of the head of the femur. It is an insidious disease that can range from mild to severe, potentially resulting in a deformed and poorly functioning hip. The etiology of the disease remains largely unknown.
ERAP1-ERAP2 dimerization promotes peptide-trimming efficiency. The dimerization brings the two enzymes into proximity, producing allosteric effects on ERAP1, and improving its substrate-binding affinity. This creates complexes with superior peptide-trimming efficacy.
A common foot disorder | A common cause of heel pain | A chronic degenerative process that causes medial plantar heel pain
Hydrolyzing Met1-linked polyubiquitin | Regulates Met1-polyUb signaling
Insufficient evidence in retrieved documents.
yes
Adhesive capsulitis is a condition characterized by pain and restriction of active and passive shoulder motion. It involves the joint capsule and is of unknown or poorly understood etiology. In most cases, it is self-limiting.
Semantic MediaWiki is used in the Semantic catalog of Samples, Transcription initiation And Regulators (SSTAR) to model, store, and display data sets produced during the FANTOM5 project. This demonstrates the utility of the framework for dissemination of large-scale analysis results from the FANTOM5 project, which provides comprehensive expression profiles and functional annotation of mammalian cell-type-specific transcriptomes.
yes
chromDraw | chromDraw graphical tool | R package
yes
Gastrointestinal tracts of humans and animals
yes
NOX1
yes
Osimertinib is a third-generation, selective, and irreversible epidermal growth factor receptor tyrosine kinase inhibitor (EGFR-TKI). It inhibits EGFR-TKI-sensitizing and EGFR T790M resistance mutations, targeting the EGFR T790M mutation while sparing wild-type EGFR.
Bartter syndrome is a rare, inherited salt-losing renal tubular disorder. It is characterized by hypokalemic hypochloremic metabolic alkalosis and deficiencies in sodium and chloride absorption, often presenting with secondary hyperaldosteronism and low to normal blood pressure. It is also characterized by severe polyuria and sodium renal loss.
yes
MODOMICS | RMBase
Hemolysis | Elevated liver enzymes | Low platelet count
MITF gene | MITF
Firmicutes | Bacteroidetes | Proteobacteria
beta-globin gene
Indian hedgehog (Ihh) plays a vital role in regulating chondrocyte proliferation and hypertrophy. It is also involved in chondrocyte differentiation, endochondral ossification, and hypertrophic conversion. Ihh is expressed in early hypertrophic chondrocytes.
Facilitate expansion of resident stem cells | R-spondin 1 and noggin facilitate expansion | Expansion of resident stem cells
Peripheral facial nerve paralysis | Congenital "lingua plicata" | Noninflammatory facial oedema | Recurrent oedema of lips | Recurrent facial nerve paralysis | Lingua plicata | Orofacial edema | Facial nerve palsy | Stable lingua plicata
Type 1 Gaucher disease | Gaucher disease
Symmetry breaking | Left-right asymmetry
Major differences between eucaryotes and procaryotes include differences in translation machinery, such as the expression of polycistronic messengers and the formylation of initiator tRNA. Eucaryotes possess a nucleolus for ribosome biogenesis, a structure absent in procaryotes. Furthermore, the major DNA-binding proteins in nucleoids differ between the two.
The HSP70-HSP110 disaggregase machinery clears protein aggregates via the 26S proteasome [1]. Human Hsp70 disaggregase can reverse Parkinson's-linked α-Synuclein Amyloid Fibrils [2].
yes
GBshape
yes
yes
yes
yes
Insufficient evidence in retrieved documents.
mitochondrial inner membrane | inner mitochondrial membrane | Insufficient evidence in retrieved documents.
MiRduplexSVM is useful for identifying high confidence potential miRNAs. It demonstrates superior performance with up to 60% increased prediction accuracy for mammalian hairpins and generalizes well on plant hairpins.
NOG | ACVR1
Unipept is used for metaproteomics analysis, specifically biodiversity analysis of metaproteome samples. It also supports taxonomic and functional characterization.
Cleaves a precursor to create the amyloid beta peptide | Role in the amyloidogenic processing of β-amyloid precursor protein | Critical in the pathogenesis
Horner syndrome | German White Fleckvieh syndrome
NGF | Nerve growth factor
yes
Are you asking about a MRSA infection in general, or something more specific?
Electron Transfer Dissociation (ETD) | CID | HCD
yes
Epitranscriptome analysis involves investigating RNA modifications using methods like high-throughput sequencing technologies and mass spectrometry. These approaches are used to study the epitranscriptome, revealing a dynamic landscape of mRNA modifications.
Human immunodeficiency virus (HIV) infection | HIV infections
Are you asking about Bexsero the vaccine?
yes
Biguanides, such as metformin, increase insulin sensitivity and decrease plasma fasting insulin levels. They also increase plasma lactate levels by inhibiting mitochondrial respiration, predominantly in the liver. Therefore, biguanides work by both increasing insulin sensitivity and affecting plasma lactate levels.
Proteasomes are located in the cytosol and the nucleus of eukaryotic cells. They can also be found within the cytoplasm. In certain conditions, such as DMRV, proteasomes may be located within or on the rim of rimmed vacuoles, and in the cytoplasm of atrophic fibers.
Gardner-Diamond syndrome clinically presents with a wide spectrum of psycho-emotive symptoms associated with painful ecchymoses/purpuric lesions or recurrent spontaneous painful bruising. The condition is characterized by repeated crops of tender, ill-defined ecchymotic lesions on the extremities and external bleeding from other sites, often seen in psychologically disturbed adult women. The syndrome can also present with a "hysterical" personality pattern together with nonspecific multisystem complaints.
Orbital surface of the medial rectus and inferior rectus | Sclera | Trochlea
To avoid statin induced adverse drug reactions | Statin-associated muscle symptoms | Toxicity response of high dose methotrexate chemotherapy
UROBORUS | PcircRNA_finder | find_circ | CIRCexplorer
spinal muscular atrophy
Alzheimer's disease | Alzheimers disease | AD
In what context are you asking about lncRNA?
10(13-14) | 10(14) cells | 100 trillion
Inhibitors of the oxytocinase subfamily of M1 aminopeptidases with immune-regulating properties | Targeted downregulation of immune responses | Selective inhibitors for ERAP1, ERAP2, and IRAP
yes
Northeast Siberia | Sakha (Yakutian) Republic | Viliui River of eastern Siberia
Are you asking about septins in relation to a specific disease, cell type, or research area?
Insufficient evidence in retrieved documents.
Epilepsy syndrome of infantile onset | Epileptic syndrome of infancy and early childhood | Severe infantile-onset epileptic encephalopathy
Telomerase is a good drug target because it is essential for cancer cell survival and plays a role in cell proliferation and carcinogenesis. Normal cells have low telomerase levels or a considerable telomere reserve, making telomerase a selective anti-cancer drug target. Furthermore, telomerase is expressed in a high percentage of cancer cells, such as adenocarcinoma.
Are you asking about a specific gene, protein, disease, or something else related to "DENdb"?
Tokuhashi score | Tomita score | Baur score | Linden score | Rades score | Katagiri score | Modified Tokuhashi score | Modified Bauer score | Oswestry scores
no
Muscle symptoms | Muscle pain | Weakness | Myopathy | Rhabdomyolysis | Hepatotoxicity | Peripheral neuropathy | Impaired myocardial contractility | Autoimmune diseases | Liver damage | Type 2 diabetes | Nausea | Abdominal discomfort | Headaches
sacubitril | valsartan
doRiNA is a database of RNA interactions involved in post-transcriptional regulation. It curates, stores, and integrates binding site data for RBPs and miRNAs, allowing users to search for mRNA targets or regulators. The database includes RBP data for human, mouse, and worm genomes and is linked to the UCSC genome browser.
yes
yes
Transports substances across membranes via ATP hydrolysis | Causes resistance against nucleoside analogs | ATP-driven efflux pump protein
Hepcidin is processed by furin into its mature, active form. Additionally, furin may control hepcidin expression.
CIDEC protein is expressed in human adipocytes. It is predominantly expressed in subcutaneous adipocytes and highly expressed in mature white adipocytes.
Weak inverse association | No clear biological mechanisms for cardiovascular health benefits | Awaiting results from further studies
The Orpington Prognostic Scale (OPS) can be used to predict outcome and response to subacute rehabilitation in older patients with stroke. It is also a clinically derived stroke severity scale that can be used to stratify patients into different severity groups.
yes
methylKit
yes
At least 1.6 per 100,000 | Insufficient evidence in retrieved documents. | Insufficient evidence in retrieved documents.
yes
yes
Midline brain abnormalities | Optic nerve hypoplasia | Pituitary endocrine dysfunction
yes
DAL cluster
The MCAST algorithm identifies candidate CRMs within a DNA sequence by using a hidden Markov model and a collection of known transcription factor binding motifs [2, 4]. It can incorporate epigenomic data and uses a P-value-based scoring scheme [2]. The algorithm takes a DNA database as input [1, 3].
apoE4 isoform | ApoE4 | ApoE epsilon4
no
anthrax bacilli | Insufficient evidence in retrieved documents. | Insufficient evidence in retrieved documents.
RADAR
no
Mis18 complex | Mis16/Mis18 complex
yes
yes
Clr4 plays a critical role in silencing at mating-type loci and centromeres through the organization of repressive chromatin structure. It also regulates switching at the mating-type loci and affects chromatin structure at centromeres. The chromo and SET domains of Clr4 are essential for silencing in fission yeast.
LIMT lncRNA inhibits metastasis and is downregulated in aggressive breast cancer. It inhibits extracellular matrix invasion of mammary cells in vitro and tumor metastasis in vivo. Low expression of LIMT predicts poor patient prognosis.
yes
Kupffer cells are tissue macrophages and resident macrophages of the liver. They play a role in defense mechanisms, innate immunity, drug-induced liver injury (DILI), and are a main source of MMP. They are multifunctional cells that release mediators during inflammatory conditions.
Saponins are found in crops, such as quinoa, where they may be removed before human consumption due to their bitter taste. However, saponins are approved by the US FDA for inclusion in beverages for human consumption. Saponins are also considered antinutritional factors.
yes
The histone variant H2A.W defines heterochromatin and promotes chromatin condensation in Arabidopsis. It also acts in synergy with heterochromatic marks H3K9me2 and DNA methylation to maintain transposon silencing.
Hyperbilirubinemia can cause brain dysfunctions such as auditory system dysfunction, deficits in auditory, cognitive, and motor processing, neuronal cell death, astrocytic reactivity, microglia activation, and alteration of neuroprotective and trophic barrier functions. It is also associated with long-term neurologic dysfunctions.
yes
X chromosome | sex chromosomes
Detecting telomerase activity | Detection of telomerase activity in cells | To detect cell type-specific gene expression patterns
The Pediatric Index of Mortality 2 (PIM2) scoring system is used to predict mortality likelihood and patient outcomes in intensive care units. It can also be used as a tool for evaluating risk-adjusted mortality.
no
Mutations in the SLC40A1 gene are associated with hemochromatosis type 4 (HFE4), also known as ferroportin disease, and autosomal dominant hemochromatosis. The SLC40A1 gene encodes for ferroportin.
yes
no
yes
Nrd1 | Nab3 | Sen1
traseR
yes
Exploding head syndrome (EHS) is characterized by the perception of abrupt, loud noises or a sense of explosion in the head. These experiences occur during the transition from wake to sleep or from sleep to wake/sleep.
yes
Crowned dens syndrome (CDS) is a rare condition characterized by calcium phosphate crystal depositions, often causing neck pain, stiffness, increased erythrocyte sedimentation rate, and fever [1]. It involves microcrystalline deposition in the peri-odontoid structures, leading to acute or chronic cervical pain [5]. CDS can also manifest as acute occipital headache with calcium deposits in the alar ligament [2, 3, 4] and may mimic other conditions [5].
yes
In yeast, looped genes can be identified by observing the physical interaction of activators with the general transcription factor TFIIB when the genes are activated. TFIIB cross-links to both the promoter and terminator regions during the transcriptionally activated state of a gene in a looped configuration.
Varicella | UVB | Lower expression of keratinocyte-derived factors | Keratinocyte apoptosis | Physical stress
yes
The DGAT1 gene product, also known as diacylglycerol acyltransferase, catalyzes the final step of triglyceride synthesis. It is a microsomal enzyme and considered the rate-limiting enzyme in this process.
histone H3-K27M mutation | H3F3A | HIST1H3B
no
HaploReg v4 is for systematic mining of putative causal variants, cell types, regulators, and target genes for human complex traits and diseases. It can be used to study attention deficit hyperactivity disorder (ADHD)-associated SNPs with putative brain regulatory mechanisms. It is presented as an update to a previous version.
Unilateral fluctuating hearing loss of sensorineural type | Tinnitus | Vertiginous attacks lasting minutes to hours | Vertigo | Sensation of aural fullness | Fluctuating or permanent low-tone hearing loss
Connective tissue | Soft connective tissues
Mondor's disease is a rare condition characterized by superficial thrombophlebitis. It can occur in the thoracoabdominal and genital areas, and historically involves the thoracic venous system. Penile Mondor's disease involves thrombosis in the dorsal vein of the penis.
Could you specify which metalloenzyme you're interested in?
Immediate-early (IE) genes are the first class of viral genes expressed after primary infection or reactivation [1]. They are also rapidly induced in response to growth factor stimulations [2] and can be induced in neurons [3].
Insufficient evidence in retrieved documents.
libFLASM
yes
Are you asking about cardiotoxicity in general, or in relation to a specific condition or treatment regimen?
Hennekam syndrome (HS)
no
yes
yes
RNA polymerase II | DNA-dependent RNA polymerase II (Pol II)
tyrosinase | tyrosinase enzyme
en masse repair | separate double-layer double-row repair | arthroscopic debridement | partial repair | complete repair | arthroscopic subacromial decompression and rotator-cuff debridement | open repair and acromioplasty | grafts in the augmentation of large-to-massive rotator cuff repairs | pharmacologic interventions such as modafinil and armodafinil
Laser Interstitial Thermal Therapy (LITT) has been used as an ablative treatment for glioma. It also plays a role in enhancing progression-free survival of difficult-to-access high-grade gliomas, although its development was previously limited due to technical issues.
SWR1 | Swr1
Mcidas | GemC1/Lynkeas
yes
Perceived and chronic stress are associated with shorter telomere length. Highly stressed, inactive postmenopausal women have shorter telomeres. These findings suggest stress induces physiological changes that may result in shortened telomeres.
Ackee fruit | unripe arils of the Ackee fruit
PLA2G6 | PLA2G6 gene
Are you asking about a medication, a lab test, or something else?
yes
Are you asking about degrons in the context of protein degradation, or something else?
syndromic A
yes
Diabetes mellitus | Diabetes
Lysine 2-hydroxyisobutyrylation (Khib) is a histone mark associated with active gene transcription, particularly in male germ cells. It is conserved, widely distributed, and induces structural changes, suggesting a critical role in regulating chromatin functions. It is distinct from lysine acetylation and crotonylation.
Attention Deficit Hyperactivity Disorder (ADHD) | Neuropsychiatric diseases
Corynebacterium diphtheriae | Corynebacterium ulcerans
Maintaining calcium homeostasis | Regulating parathyroid hormone secretion and urinary calcium excretion | Hormone secretion, activation of ion channels, cell apoptosis, proliferation, and differentiation
Amitriptyline | Topiramate | Placebo
Natural inhibitor of IL-18 | Anti-inflammatory, antioxidant, and protective effects | Naturally occurring antagonist
Insufficient evidence in retrieved documents.
Apixaban | Warfarin
Are you asking about REVIGO, the web server for visualizing gene ontology terms?
Onartuzumab is a monovalent antibody to MET that functions as a MET antagonist. It blocks HGF-induced MET activation.
yes
poxvirus | Molluscum contagiosum virus (MCV)
Tay-Sachs disease, juvenile GM2 gangliosidoses, chronic GM2 gangliosidoses, and adult GM2 gangliosidoses are caused by HEX A deficiency.
Behçet's disease is a chronic, relapsing, systemic inflammatory disorder of unknown etiology characterized by recurrent attacks of acute inflammation. It is a multisystem disease that can involve various organs and systems. Common manifestations include oral aphtha, cutaneous manifestations, uveitis, and genital ulcers.
yes
Major depressive disorder | Smoking cessation | Weight loss (when in formulation with naltrexone ER)
Pro-apoptotic member of the Bcl-2 family | Key role in mitochondria-mediated apoptosis | Allows the release of mitochondrial cytochrome c
Ctf4 recruits the Chl1 helicase to the replisome, linking DNA replication with sister chromatid cohesion establishment. Ctf4 interaction, but not Chl1 helicase activity, is required for Chl1's role in sister chromatid cohesion. Ctf4 and Chl1 delineate an acetylation-independent pathway involved in sister chromatid cohesion establishment.
Primary intestinal lymphangiectasia (PIL) is a rare disorder of unknown etiology [1]. However, it is characterized by a congenital malformation of the lymphatic vessels of the small intestine causing insufficient drainage and leakage of lymph fluid [3], resulting in lymphatic obstruction [4, 5].
Congenital disorders of glycosylation (CDG) are a growing group of inherited metabolic disorders caused by enzymatic defects in the formation or processing of glycolipids and/or glycoproteins, or affecting glycoconjugates. Glycosylation affects proteins throughout the organism, and a mutation in a single gene can lead to a multisystemic disorder. Glycosylation disorders have been described in CDG.
Insufficient evidence in retrieved documents.
Tafazzin is a phospholipid transacylase that catalyzes the remodeling of cardiolipin. It transfers acyl chains with unsaturated fatty acids from phospholipids to monolysocardiolipin to generate cardiolipin with unsaturated fatty acids, remodeling saturated fatty acyl chains within cardiolipin to unsaturated fatty acyl chains.
Assassin bugs belong to the family Reduviidae, which is a diverse family of true bugs. There are more than 6,000 species of assassin bugs.
no
yes
Telomeric repeats | Regions where transcription starts and stops | Insufficient evidence in retrieved documents.
CisMapper
Unipolar brush cells are localized in the granular layer. They are found in the granule cell layer of the vestibulocerebellum and in granule cell regions of the cochlear nucleus. They reside nearly exclusively in the granular layer.
H3F3A K27M mutation | HIST1H3B mutations | ACVR1 mutations
yes
yes
Could you please provide more context? Are you referring to a gene, a protein, a condition, or something else?
ANGPTL3 | apoB | PCSK9 | MTP
Proteolytic processing | Mitochondrial rhomboid protease | Presenilins-associated rhomboid-like protein
yes
A mimotope vaccine incorporates peptide mimics of antigens and can be used in immunotherapy for conditions like cancer and type I allergy. These vaccines can induce a polyclonal antibody response. They can be generated by coupling a mimotope to an immunogenic carrier.
Mal de debarquement syndrome (MdDS) is a balance disorder characterized by a chronic, phantom perception of self-motion, often described as low-frequency rocking. This perception can persist for months or years after exposure to passive motion.
yes
Verubecestat is an inhibitor of β-site amyloid precursor protein cleaving enzyme 1 (BACE1), also known as β-secretase. As a BACE1 inhibitor, verubecestat reduces concentrations of Aβ40, Aβ42, and sAPPβ.
Triple negative gliomas are an aggressive molecular subtype of low-grade glioma. They are characterized by being IDH non mutated, 1p 19q non codeleted, and p53 expression negative.
Ectopia lentis is a genetically heterogeneous condition characterized by the subluxation of the lens resulting from the disruption of the zonular fibers. Isolated ectopia lentis is usually autosomal dominant and commonly due to mutations of the FBN1 gene. Early onset ectopia lentis can also be due to a FBN1 mutation.
yes
Gasdermin D (GSDMD) protein triggers pyroptosis, a lytic form of cell death important for immune defenses and diseases. The gasdermin-N domain of GSDMD can bind membrane lipids and disrupt cell membranes.
Are you asking about a gene, a clinical trial, or something else?
haemolytic anaemia | abnormally low levels of G6PD
yes
yes
no
The Genome 10K Project aims to sequence the genomes of 10,000 vertebrates, representing approximately one genome for each vertebrate genus. It was established in 2009 by a consortium of biologists and genome scientists to facilitate the sequencing and analysis of the complete genomes of 10,000 vertebrate species.
PU.1 | GATA-1 | C/EBPepsilon
Are you asking about a specific application or field where MIRA-seq is used?
Ssu72 mediates gene looping through interactions with components of the transcription pre-initiation complex (Snippet 2). This interaction, along with Ssu72-mediated CTD dephosphorylation, facilitates transcription reinitiation (Snippet 3). Ssu72 also interacts with Pta1 and TFIIB, linking transcription and 3' end processing (Snippet 4).
no
Peptide aptamers are specific protein function inhibitors that can interfere with the biological roles of their target proteins. They are also used as "genetic" agents that aid in the analysis of cellular processes.
Arrhythmia | Sudden cardiac death | Symptoms of heart failure | Ventricular arrhythmias | Signs of left ventricular systolic dysfunction | Embolic events | Progressive myocardial dysfunction
The Glasgow Coma Scale is a classification system for the level of coma [5]. It is a score that can be used to assess comatose patients [1]. Higher scores indicate a better state [1].
Oral direct factor Xa inhibitors and enoxaparin | Factor Xa inhibitors
trisomy 13 | trisomy for some or all regions of chromosome 13
XX sex reversal | Testicular DSD | Failure of testicular development
yes
Connective tissue | Cardiovascular system | Arteries
Primary sclerosing cholangitis
no
Ebola virus disease | Ebola hemorrhagic fever
yes
Phosphorylation | Relocation to euchromatin
yes
Modulates expression of G2A | Modulates expression of the G protein-coupled receptor G2A | Insufficient evidence in retrieved documents.
Cornelia de Lange syndrome | Developmental abnormalities | Insufficient evidence in retrieved documents.
X-linked | X-linked genetic disorder | hereditary (autosomal recessive)
no
Pictilisib is an oral inhibitor of multiple PI3K isoforms, also described as a class I phosphatidylinositol-3-phosphate kinase inhibitor. It is a potent pan-class I phosphatidylinositol-3-kinase (PI3K) inhibitor.
Are you asking about sirtuins in relation to a specific disease, treatment, or area of research?
microRNA-138 | miR-7 | Insufficient evidence in retrieved documents.
DeepCAGE transcriptomics
yes
Treatment of atrial fibrillation and flutter | Antiarrhythmic | Pharmacological cardioversion of atrial fibrillation
Organism-independent | Genome-wide TSSs | Diverse architectures
FBN1 gene
no
no
FBN1 gene | fibrillin-1 (FBN1) gene | Fibrillin-1 gene (FBN1)
familial cold autoinflammatory syndrome and Muckle-Wells syndrome
Are you asking about the ChIPpeakAnno R package for analyzing ChIP-seq data?
Interleukin-4 (IL-4) signaling | Interleukin-13 (IL-13) signaling
yes
actin filaments | microtubules | intermediate filaments
Apis
Xq28
Parasympathetic neurons
Insufficient evidence in retrieved documents.
no
Percutaneous coronary intervention with drug-eluting stents | Coronary artery bypass graft (CABG)
Are you asking about a specific aspect of ATR-16 syndrome, such as its genetic cause, symptoms, or diagnosis?
Recessive hypolipidemia | Combined hypolipidemia (cHLP) | Marked hypolipidemia
Insufficient evidence in retrieved documents.
Type 2 diabetes | Obesity | Overweight
Sudden unexpected death in epilepsy | SUDEP
Pap1 | Pcf11 | Pta1 | Ssu72
Vestibular schwannoma
X-linked inheritance | X-linked recessive
PEDLA | EP-DNN
no
yes
no
yes
Romosozumab is a monoclonal antibody that binds to and inhibits sclerostin, an inhibitor of the Wnt signaling pathway. By preventing sclerostin from exerting its inhibitory effect, Romosozumab activates the Wnt signaling pathway, leading to increased bone formation and bone mineral density.
post-traumatic stress disorder (PTSD) | PTSD
The Mis18 protein or Mis18 complex is required for the incorporation or deposition of CENP-A at the centromere. The Mis18 complex functions as a recruiting factor for CENP-A to centromeres, which is important for specifying centromere identity. Mis18 proteins are also indispensable for embryonic development.
no
no
Required for the development of cardiac muscle in zebrafish. | Required for the development of skeletal muscle in zebrafish. | Plays an important role in the development of heart and skeletal muscle. | Highly expressed within the developing zebrafish heart. | Knockdown of smyd3 in embryos resulted in pericardial edema and defects in the trunk structure. | Knock-down of smyd3 led to severe defects in cardiac morphogenesis without altering the expressions pattern of heart markers, including cmlc2, vmhc, and amhc. | Transcripts of smyd3 were expressed in zebrafish embryos at all developmental stages examined. | Knockdown of smyd3 in embryos resulted in abnormal expression of three heart-chamber markers including cmlc2, amhc and vmhc, and abnormal expression of myogenic regulatory factors including myod and myog.
CDK4/6
Lys27Met (K27M) in histone H3.3 (H3F3A) | Lys27Met (K27M) in histone H3.1 (HIST3H1B) | Gly34Arg/Val (G34R/V) in histone H3.3 (H3F3A) | Gly34Arg/Val (G34R/V) in histone H3.1 (HIST3H1B) | H3K27M | H3F3A p.K27M | H3F3A p.G34
What is the context of your question? Are you referring to a specific sequencing technology, sample type, or research application?
no
Are you asking about the genetic condition, or something else related to Achondroplasia?
Overactive bladder with symptoms of urge urinary incontinence, urgency, and urinary frequency | Urgency, urinary frequency and urge urinary incontinence associated with OAB | Increased urinary urgency and frequency, and urgency incontinence
Medications that block dopamine receptors | Chronic therapy with classical antipsychotic medications | Aripiprazole
yes
Are you asking about a gene, a protein, or something else related to PANTHER-PSEP?
Are you asking about MPE-seq in the context of gene expression, protein analysis, or something else?
Bezlotoxumab neutralizes Clostridium difficile toxin B (TcdB) by binding via its two Fab regions to two epitopes within the N-terminal half of the TcdB CROP domain. This binding partially blocks the carbohydrate binding pockets of the toxin, preventing the toxin from binding to host cells.
yes
yes
Bites of infected mosquitoes and ticks | Biting insects | Blood feedings by mosquitoes, ticks, biting flies, mites, and nits.
Nasuia-ALF (112 kb) | Sulcia-ALF (190 kb) | Insufficient evidence in retrieved documents.
Episodic headache | Increased sweating | Palpitations | Diaphoresis | Tachycardia
Type I: related to acute heart failure | Type II: related to chronic heart failure | Type III: originate from acute kidney failure | Type IV: originate from chronic kidney failure | Type V: originates from a range of systemic diseases
small (~23 nt) noncoding RNAs | endogenous small non-coding RNAs | miRs
no
Insufficient evidence in retrieved documents.
Uhl's anomaly is a rare cardiac defect characterized by congenital partial or complete absence or hypoplasia of the right ventricular myocardium [1, 3, 4, 5]. It is an evolutive disease that can lead to terminal right ventricular failure [2]. Uhl's anomaly was first reported by Uhl in 1952 [4, 5].
no
Yes, aspirin can be used in cancer prevention, especially for colorectal cancer. Regular aspirin use is associated with a reduced risk of cancer, and may prevent a substantial proportion of colorectal cancers. However, the optimal dose and duration of aspirin required to obtain this effect remain to be defined.
Cdt1 | Origin Recognition Complex (ORC) | Cdc6 | MCM replicative helicase | Orc1-6 | ORC1
Autosomal recessive inheritance | Autosomal recessive hypophosphatemic rickets (ARHR) is an extremely rare disorder of autosomal recessive inheritance | Hereditary hypophosphatemic rickets with hypercalciuria (HHRH) is a rare disorder of autosomal recessive inheritance
Amanita phalloides
Interferon signature | CD4 T cell gene signature | Interleukin 6-mediated STAT3 signalling
Burrows-Wheeler Alignment tool (BWA) | Burrows-Wheeler Aligner's Smith-Waterman Alignment (BWA-SW) | Burrows-Wheeler Aligner (BWA)
yes
Pse-in-One
TNF-alpha inhibition, through the use of TNF-alpha blockers, is associated with the occurrence or reactivation of tuberculosis (TB). This has been highlighted by cases occurring in patients using anti-TNF-alpha drugs.
Ribosomal protein genes | RP genes | RPS17
13 | 14 | 15 | 21 | 22
yes
Coilin | p80-coilin
LYST | Lyst gene | LYST/CHS1 gene
Cereal crops | Cereal species
Herpes simplex viral vector (HSV) | Adeno-associated viral vector (AAV) | Retroviral vectors
no
Disruption of a TAD boundary causes ectopic chromosomal contacts and long-range transcriptional misregulation. This disruption also results in aberrant gene expression by exposing genes to inappropriate regulatory elements.
Anemia | Thrombocytopenia | Fever | Hemiparesis | Hematuria | Neurologic changes | Renal impairment | Microangiopathic hemolytic anemia | Renal disease
no
LOLA | ChIPpeakAnno | traseR
ADAR | dADAR
The CEGA catalog is a resource of Conserved Elements from Genomic Alignments, accessible from http://cega.ezlab.org. It provides a comprehensive set of CNCs (Conserved Non-Coding Sequences) identified at different radiations along the vertebrate lineage.
total hCG | PAPP-A | free β-HCG
no
Are you asking about magnetoreception in the context of human health, animal behavior, or something else?
yes
yes
Prader-Willi syndrome (PWS)
Congenital insensitivity to pain (CIP) | Hereditary sensory and autonomic neuropathy (HSAN) | Insufficient evidence in retrieved documents.
yes
Replication origin timing | Transcription | Transcriptional elongation and termination
The Ctf4-interacting-peptide (CIP-box) is a motif found in Ctf4 partners, such as Pol α and helicase. It mediates the recruitment of these proteins to Ctf4, coupling other processes to DNA synthesis, including rDNA copy-number regulation. The CIP-box is also present in the replicative helicase subunit Sld5.
double-stranded RNA
Deficits in neuropsychological functioning that may occur as a result of cancer treatment | Severe cognitive dysfunction | Decrease in concentration, forgetfulness and slower thinking
cranial dural arteriovenous shunts | intracranial dural arteriovenous fistulae (ICDAVF) | DAVF
Enhancer sharing
yes
mTOR is a serine-threonine kinase that regulates cell growth, proliferation, and survival. It forms two complexes, mTORC1 and mTORC2, coordinating nutrient, energy, oxygen, and growth factor availability with cellular processes. mTOR also influences cell growth and metabolism and controls translation, transcription, protein degradation, cell signaling, metabolism, and cytoskeleton dynamics.
Tardive dyskinesia
Reduced growth | Microcephaly | Ocular anomalies (microcornea, strabismus, myopia, and pale optic disk) | Distinctive facial features (narrow palpebral fissures, telecanthus, sparse and laterally broad eyebrows, preauricular tags, and micrognathia) | Mental retardation | Generalised hypotonia | Long narrow face | Long thin hands and feet
Required to suppress T cell activation | Novel model for an intestinal bowel disease phenotype | DNA repair cofactors
Measles | Mumps | Rubella
Achalasia | Alacrima | Adrenal insufficiency due to adrenocorticotropic hormone (ACTH) resistance | Adrenocorticotropic hormone (ACTH) insensitivity | Adrenal insufficiency
Basset is an open-source package that uses deep learning, specifically Convolutional Neural Networks (CNNs), to learn the functional activity of DNA sequences from genomics data. It can predict changes in chromatin accessibility and annotate mutations based on their influence on accessibility.
no
Francisella tularensis | bacterium Francisella tularensis | gram-negative bacterium Francisella tularensis
yes
Retinal vasculitis | Multiple retinal macroaneurysms | Neuroretinitis
Alirocumab | Evolocumab
no
elvitegravir | cobicistat | emtricitabine | tenofovir
Intrauterine growth retardation (IUGR) | Metaphyseal dysplasia | Congenital adrenal hypoplasia | Genital anomalies
Variation at FCGR2A | Genetic Variations in Pattern Recognition Receptor Loci
SSCprofiler
no
no
ectodermal dysplasia | ectrodactyly | macular dystrophy
~80.8 times | 80.8 | Approximately 80.8 times
circRNA_finder | find_circ | CIRCexplorer | CIRI | MapSplice
Adipocytes | Adipose tissues | Gastric cells
LARVA | combined annotation-dependent depletion (CADD) method | Insufficient evidence in retrieved documents.
Fingers
no
Respiratory distress syndrome | Acute hypoxemic respiratory failure
Nrd1 | Nab3 | Nuclear exosome | Nrd1-exosome-TRAMP complexes
yes
no
Proteasome
no
Liver | Acute liver failure | Drug-induced liver injury (DILI)
yes
yes
The MCM2-7 complex plays a critical role in DNA replication initiation, cell proliferation, S-phase genome stability, and origin licensing. It may also act as a replicative helicase during DNA synthesis. The MCM2-7 complex is essential for origin licensing.
Classification of DNA sequences | Implicitly store spaced seeds | Tolerant to sequencing errors | Hashing all reads | Encoding reads | Decoding reads | Compression | Improving Bloom Filter Performance on Sequence Data
topiramate | phentermine
yes
MethPed
CAMUR extracts multiple classification models from TCGA RNA-seq data sets, enabling the deduction of frequent genes, their relationships, and their relation to particular cancers. Its efficacy has been demonstrated using TCGA data for breast, head and neck, and stomach cancer. CamurWeb, a related software, provides a classification software and a large knowledge base for gene expression data of cancer.
alpha-fetoprotein | beta-chorionic gonadotrophin | unconjugated oestriol | human chorionic gonadotropin
Facilitate and constrain enhancer-promoter interactions | Restricting enhancer-promoter interactions | Essential for retaining p53 in the cytoplasmic body
LncRNAs regulate gene expression and are involved in various biological functions, including growth, development, senescence, death, X-chromosome inactivation, reprogramming stem cell pluripotency, regulation of the immune response, and carcinogenesis. They can also act as adaptors and their dysfunction may contribute to the pathophysiology of diseases such as schizophrenia.
The exosome functions in antigen presentation, immunoregulation, and signal transduction. It also functions as a 3'-5' exoribonucleolytic protein complex involved in the processing and degradation of various nuclear and cytoplasmic RNAs, thus controlling gene expression. It is a molecular machine for controlled RNA degradation.
CUL-2 | UBXN-3 | TIMELESS-TIPIN
yes
yes
yes
yes
Sodium-glucose cotransporter 1 | Sodium-glucose cotransporter 2
Intravenous
Are you asking about a software tool, a gene, or something else?
Chromatin accessibility and endogenous DNA methylation | DNA methylation and nucleosome positioning | Nucleosome positioning
DosR/DevR functions as a two-component dormancy survival response regulator in Mycobacterium tuberculosis. It regulates the Dos regulon, which is essential for hypoxic survival. DosR also stimulates Na(+)/K (+) and Ca (2+) ATPase activities in plasma membrane vesicles of mycobacteria.
ALDH2 deficiency can enhance EtOH-induced disruption of intestinal epithelial tight junctions, barrier dysfunction, and liver damage. It is also a risk factor for upper aerodigestive tract cancers in alcohol drinkers and predisposes diabetic patients to worse diastolic dysfunction. Furthermore, there is evidence for a causal relationship between acetaldehyde-exposure due to alcohol consumption and cancer of the upper digestive tract in ALDH2-deficient humans.
The positive effector of transcription (pet) is required for proper transcription of the duck hepatitis B virus (DHBV). It is also required for transcription elongation and to suppress transcription termination during the first passage of pregenome transcription complexes through a viral termination region.
Kmt5a controls hepatic metabolic pathways by facilitating RNA Pol II release from promoter-proximal regions. In liver-specific Kmt5a-deficient mice, reduced levels of H4K20Me1 correlated with reduced RNA Pol II release from promoter-proximal regions.
yes
Ganglion mother cells (GMCs) divide once to produce differentiated progeny, while intermediate neural precursor cells (INPs) are self-renewing. Thus, GMCs produce a limited number of progeny, while INPs generate lineages containing many more progeny.
FIRE (Functional Inference of Regulators of Expression) is a tool developed to score both noncoding and coding SNVs based on their potential to regulate the expression levels of nearby genes. It consists of 23 random forests trained to recognize SNVs in cis-expression quantitative trait loci (cis-eQTLs) using a set of 92 genomic annotations as predictive features.
no
Napabucasin is an orally administered small molecule that blocks stem cell activity in cancer cells. It inhibits signaling by targeting the signal transducer and activator of transcription 3 (Stat3) pathway and suppresses stemness-high cancer cells.
yes
Early | First to fire | Early firing origin
no
no
yes
yes
yes
Mammalian GA-sequences are DNA sequences longer than 50 bases, consisting exclusively of G's and A's. Most are unique, contain repeated short GA-containing motifs, and share a common hexa-nucleotide spectrum. A small percentage are transcribed into mRNAs, while the majority are non-coding.
Insufficient evidence in retrieved documents.
yes
yes
XUT transcripts in yeast are a class of Xrn1-sensitive antisense regulatory non-coding RNA. The provided information does not specify the exact origin or mechanism of their transcription.
48 | 20 | Insufficient evidence in retrieved documents.
yes
yes
Are you asking about oclacitinib in relation to human or animal health?
no
Autoimmune hemolytic anemia | Immune thrombocytopenia
no
no
Yeast nucleosomes marked by H2A.Z are globally localized to the promoters of inactive yeast genes. These nucleosomes primarily contain H4 K12ac and H3 K4me3, but not H3 K36me3. H2A.Z replacement is activated by H2A histone-fold and DNA elements in nucleosomes.
no
emMAW
yes
Stress urinary incontinence | Simple stress urinary incontinence | Urodynamic SUI
yes
Aicardi-Goutières syndrome | haploinsuffiency in A20 | otulipenia | ubiquitin specific peptidase 18 (USP18)-deficiency
Ufd1-Npl4
Topologically associating domains (TADs) are largely associated with replication timing. They are established during early G1 coincident with the establishment of the replication-timing program and are stable units of replication-timing regulation. In Saccharomyces cerevisiae, the genome is organized in TADs, which are associated with replication timing.
Cryptic unstable transcripts (CUTs) are a principal class of RNA polymerase II transcripts in *Saccharomyces cerevisiae* (budding yeast). They are non-coding RNAs, typically short (300-600 nucleotides), and are rapidly degraded by the nuclear RNA exosome.
At least four
Galunisertib is a selective ATP-mimetic inhibitor of TGF-β receptor I (TGF-βRI) kinase. It functions by downregulating the phosphorylation of SMAD2, thereby blocking activation of the canonical pathway.
Circularized oligonucleotides | circularized oligodeoxynucleotides | coligos
Fyn kinase interacts with tau, and its activation leads to tau hyperphosphorylation. This hyperphosphorylation of tau by Fyn kinase contributes to synaptic dysfunction and cognitive deficits in Alzheimer's disease.
Joint laxity | Skeletal deformities | Bilateral patella dislocations
Insufficient evidence in retrieved documents.
Insufficient evidence in retrieved documents.
Insufficient evidence in retrieved documents.
Secreted | UCP1+ adipocytes | UCP1(+) adipocytes
Stroop test | Standardized test battery | Insufficient evidence in retrieved documents.
Reduces body weight | Weight loss | Decreases food intake
*   PcircRNA_finder
*   find_circ
*   CIRCexplorer
Hepatocyte growth factor (HGF) | Binding of HGF to its receptor MET
Rpb9 | S-II | TFIIS
RNA polymerase III transcribes a limited set of short genes, producing abundant small RNAs, mostly tRNA. It transcribes small untranslated RNAs, such as tRNAs and a small set of highly expressed, housekeeping non-protein-coding RNA genes. The originally defined yeast Pol III transcriptome appears to be expanding owing to the application of new methods.
Six | Several | PMLI to VII
no
yes
GFRAL | GDNF family receptor α-like | GDNF-family receptor α-like
yes
Insufficient evidence in retrieved documents.
abductor pollicis longus tendon | extensor pollicis brevis tendon
no
Stabilizes microtubules | Protecting axonal transport and brain function | Treatment of progressive supranuclear palsy
yes
no
Ecm22 | Upc2 | Sut1 | Sut2
*   JBP1/2 enzymes
Insufficient evidence in retrieved documents.
topoisomerase II | DNA topoisomerase II
Mutations in MED12 | Mutations in MED12 cause X-linked Ohdo syndrome | Mutations in MED12 are the underlying cause of this X-linked form of Ohdo syndrome
pembrolizumab | ipilimumab
The FRAX scale, developed by the WHO, is used to estimate the risk of fracture. It assesses the 10-year fracture risk and the need for lifestyle advice/reassurance, DEXA scanning, or preventive treatment.
yes
Yes, Cas9 gene editing has the potential to correct inherited hearing loss. CRISPR/Cas9 has been shown to correct genes associated with hearing loss in mice and can be performed in the mammalian inner ear. Additionally, genetic correction of iPSCs from patients with hereditary sensorineural hearing loss is a promising treatment method.
CTCF can mediate splicing through its function in RNA polymerase II regulation, influencing co-transcriptional splicing events. CTCF-promoted RNA polymerase II pausing links DNA methylation to splicing and promotes the inclusion of weak upstream exons. CTCF is also involved in splicing regulation associated with chromatin and the elongation of RNAPII.
no
ribotype 027
TFIIS (Dst1) in yeast stimulates transcript cleavage in arrested RNA polymerase II and plays a role in the initiation-elongation transition. Dst1 also interferes with NER-dependent repair of AP lesions while suppressing the homologous recombination pathway.
yes
psygenet2r
Janus kinase 3
The AA-NAT gene and the human period3 gene (hPer3) are implicated in the genetic basis of Delayed Sleep-Phase Syndrome (DSPS). Specifically, a single nucleotide polymorphism in the AA-NAT gene and structural polymorphisms in the hPer3 gene are associated with DSPS. Latitude may also play a role in the influence of hPer3 gene polymorphism on DSPS.
Are you asking about JAK inhibitors as a type of medication?
Recognizes cytoplasmic viral double-stranded RNA | Innate antiviral response | Sensing of viral RNA
Asp(D)-Glu-(E)-Ala(A)-Asp(D)
Obese individuals | Individuals in agrarian societies | Healthy human subjects
GARLIC (GWAS-based Prediction Toolkit for Connecting Diseases and Cell Types) is a user-friendly, multi-purpose software designed to connect human diseases with relevant cell types using global maps of cis-regulatory elements. It can also retrieve potential disease-causative genetic variants overlapping regulatory sequences of interest. It has an associated database and online viewer.
Deletion of DST1, the yeast homolog of TFIIS, has only a small effect on transcriptional fidelity [1]. While TFIIS has a pronounced effect on transcription elongation in vitro, the deletion of DST1 has no major effect on cell viability [3]. Dst1 deletions can also be used to identify double deletion mutants that produce synthetic growth defects [2].
Dabigatran | Dabigatran etexilate
Cellular adhesion | Connecting the extracellular medium with the intracellular actin cytoskeleton | Mutations associated with non-syndromic hearing loss, panic disorder and cancer
yes
Polyneuropathy | Organomegaly | Endocrinopathy | M protein | Skin abnormalities | Monoclonal gammopathy | Sclerotic bone lesions | Castleman’s disease | Papilledema | Pleural effusion | Edema | Ascites | Erythrocytosis | Thrombocytosis
RPE65 | AAV2-hRPE65v2
Yeast TERRA RNAs are implicated in the control of heterochromatin and telomerase. Their regulation is dependent on telomere-binding proteins and subtelomeric repetitive DNA elements in a chromosome-end-specific manner.
Redness | Heat | Swelling | Pain
yes
SMAD4 | BMPR1A
yes
CRTAP | LEPRE1 | PPIB | SERPINH1 | FKBP10 | SERPINF1 | SP7 | BMP1 | TMEM38B | WNT1
Masitinib is a tyrosine kinase inhibitor with activity against c-Kit and platelet-derived growth factor receptors (PDGFR). It also inhibits the mast cell-glia axis and is a Fyn kinase blocker.
Patisiran | Vutrisiran
The H19 imprinting control region (ICR) directs the silencing of the maternally inherited Igf2 allele through a CTCF-dependent chromatin insulator. Differential methylation of the H19 ICR is established during spermatogenesis and maintained throughout development. Furthermore, a maternally inherited H19 ICR inhibits Igf2 gene activation and suppresses H19 gene transcription when paternally inherited.
Teriparatide is an anabolic agent that increases activity in both osteoblasts and osteoclasts. It increases bone formation and resorption markers, reverses structural damage seen in osteoporosis, and restores the structure of trabecular bone. It reduces fracture risk by increasing bone mass and improving bone microarchitecture.
Strelka is a method for somatic SNV and small indel detection from sequencing data of matched tumor-normal samples. It uses a Bayesian approach, representing allele frequencies for both tumor and normal samples. The normal sample is modeled as germline variation with noise, and the tumor sample as a mixture of the normal sample with somatic variation.
Manta is an algorithm designed to detect structural variants and indels from next-generation sequencing data. It is optimized for rapid germline and somatic analysis and uses paired and split-read evidence to discover and score variants. Manta's scoring models are optimized for germline analysis of diploid individuals and somatic analysis of tumor-normal sample pairs.
yes
Venous and lymphatic insufficiencies, infectious complications, and direct toxicity of injected drugs and their adulterants | Intravenous drug addiction | Direct toxicity of injected drugs and their adulterants
Ozanimod is an oral agonist/modulator of the sphingosine-1-phosphate receptor subtypes 1 and 5. This action induces peripheral lymphocyte sequestration, potentially decreasing the number of activated lymphocytes circulating to the gastrointestinal tract. It has autoimmune disease-modifying activity.
Swirl sign in intracerebral hemorrhage is characterized by areas of low attenuation, radiolucency, or irregular density on CT scans. It suggests active hemorrhage and is considered an ominous sign.
Morgellons disease is a skin disorder characterized by skin lesions and the sensation of fibers or filaments protruding from the skin. It is associated with various dermatologic and neuropsychiatric symptoms. Some consider it a delusion, while others suggest it is a somatic illness possibly linked to tickborne infection.
Are you referring to a specific gene, database, or something else?
Palatal musculature is responsible for the active opening of the eustachian tube. Laser-assisted uvulopalatoplasty (LAUP) may involve partial division of these muscles.
yes
General Regulatory Factors (GRFs) are transcriptional regulators, including Abf1, Reb1, Tbf1, and Rap1, that bind widely and act at many promoters and other specialized genomic regions. They contribute to transcriptional activation of a large number of genes, as well as to replication, silencing, and telomere structure in yeast. They are also referred to as genome partitioners.
Epstein-Barr virus (EBV) | acute Cytomegalovirus (CMV) infection | acute CMV infection
Fyn kinase is considered a promising therapeutic target for Alzheimer's Disease because it is activated by Aβ and interacts with tau, linking the two key pathologies in AD. Clinical trials targeting Fyn kinase are underway to explore its therapeutic potential.
Clusters of conserved noncoding elements (CNEs) define genomic regulatory blocks (GRBs), and these clusters coincide with topologically associating domains (TADs), predicting their boundaries.
Target Explorer is an automated tool for identifying new target genes for a specified set of transcription factors. It automates the creation of a binding site library and predicts/annotates target genes. While designed for the Drosophila melanogaster genome, it can be used for other genomes.
yes
Human IVIG treatment for Alzheimer's disease contains intravenous immunoglobulin (IVIG). IVIG has anti-amyloid and immune modulatory properties.
yes
The auxin-inducible degron (AID) system uses auxin to induce degradation of target proteins. This is achieved through auxin-dependent poly-ubiquitination of Aux/IAA proteins by SCFTIR1, a specific form of the SCF E3 ubiquitin ligase. This system can be transplanted into nonplant cells to control protein stability.
Corynebacterium minutissimum | Corynebacterium species | Corynebacteria
SMARCAL1 | swi snf2 related matrix associated actin dependent regulator of chromatin subfamily a like 1 smarcal1 | SWI/SNF-related, matrix-associated, actin-dependent regulator of chromatin, subfamily a-like 1 gene
glioblastoma multiforme | malignant glioma | Pilocytic astrocytoma
chromosome 11 | chromosome 22
yes
no
recount workflow | recount2 resource | PRAM
VBP15 protects and promotes efficient repair of skeletal muscle cells upon laser injury. It also improves muscle strength and pathology in DMD model mice.
Are you asking about filgotinib as a medication, or something else?
Are you referring to a specific medical device, a research project, or something else?
Tisagenlecleucel reprograms a patient's T cells with a transgene encoding a chimeric antigen receptor. This allows the modified T cells to identify and eliminate CD19-expressing cells. It targets and eliminates CD19-expressing B cells.
Leber hereditary optic neuropathy (LHON) is a mitochondrial disorder characterized by bilateral optic atrophy leading to the loss of central vision. It is a maternally inherited disease primarily due to mitochondrial DNA mutations.
ReliableGenome (RG) is a method for partitioning genomes into high and low concordance regions with respect to a set of surveyed variant calling pipelines. It is also an annotation of genomic regions with high/low variant calling concordance.
NEMO | A20 | ABIN-1 | ABIN-2 | optineurin | p62 | TAB2 | TAB3
Decline in growth rate | Excessive weight gain | Prominent adverse effects
Ubiquitin Specific Protease 25 (USP25) catalyzes the hydrolysis of K48-linked and K63-linked polyubiquitin chains. USP25 cleaves lysine 48- and lysine 63-linked polyubiquitin chains in vitro and in vivo.
yes
yes
Heat stress | High salt treatment | Wounding | Exposure to elevated NaCl levels
Convergent | Facing one another | >90% in a convergent orientation
yes
Eight
Yes, circRNAs can be translated into proteins. Some circRNAs can generate functional proteins, and examples exist of specific circRNAs being translated. While many circRNAs were initially considered noncoding, recent research has shown that some can be translated in vivo.
Gene kissing is a phenomenon where genes with similar expression patterns cluster together. This clustering can be interchromosomal and may require cis-acting DNA sequences and trans-acting proteins. The positioning of genes within the nucleus contributes to this phenomenon.
fibrinogen Aalpha chain | fibrinogen Aα-chain | fibrinogen A alpha-chain gene
Insufficient evidence in retrieved documents.
Epithelioid sarcomas (ES), renal medullary carcinomas (RMC), undifferentiated chordomas (UC) | Childhood chordomas | Poorly differentiated chordoma
According to the Rabl orientation, centromeres are grouped in a limited area near the nuclear periphery. This arrangement is a non-random organization of chromosomes within the nucleus.
STAR elements in yeast telomeres dampen silencing, acting as insulators to counteract silencer-driven repression and uncouple the silencing of neighboring genes. They inhibit chromatin silencing through antisilencing activity.
OCTAVE Induction 1 | OCTAVE Induction 2
Inhibits osteoclastogenesis | Interferes with the formation, activation, and survival of osteoclasts | Fully human monoclonal antibody for RANKL
Insufficient evidence in retrieved documents.
MINDY (motif interacting with Ub-containing novel DUB family) is a newly discovered family of deubiquitinating enzymes (DUBs) found in all eukaryotes. MINDY-family DUBs are highly selective for cleaving K48-linked polyUb, a signal that targets proteins for degradation. MINDY-1 prefers cleaving long polyUb chains and works by trimming chains from the distal end.
yes
yes
yes
yes
Are you asking about cebocephaly in humans or in an animal model?
Chromatin assortativity can be used to integrate the epigenomic landscape of a cell type with its chromatin interaction network to investigate which proteins or chromatin marks mediate genomic contacts. This approach facilitates the study of multiple genome-wide epigenomic profiles considering network topology and allowing the comparison of chromatin interaction networks.
Phase III study of baricitinib in patients with rheumatoid arthritis and an inadequate response to biological agents (RA-BEACON) | Phase 3 study of baricitinib versus placebo or adalimumab in rheumatoid arthritis: secondary analyses from the RA-BEAM study | Five phase 3 trials of Baricitinib in patients with active RA and naïve to sDMARDs or an inadequate response to sDMARDs, MTX or bDMARDs
Obstructive sleep apnea (OSA) | Epilepsy
Prevention of severe RSV-associated bronchiolitis in high-risk infants | Infants with qualifying high risk conditions
VEGF-C | VEGF-D
siG12D-LODER™ | siG12D-LODER
CTCF is post-translationally modified by poly(ADP-ribosyl)ation.
HPG Pore is a toolkit and framework designed for exploring and analyzing nanopore sequencing data. It aims to provide a scalable solution for data analysis in this field.
no
no
CancerSubtypes
yes
no
yes
MEFV gene | MEFV
methylKit | Locus Overlap Analysis (LOLA) | regioneR
yes
yes
yes
Are you asking about miravirsen in relation to a specific condition, such as hepatitis C?
Group A β haemolytic Streptococcus (GABHS) | Sore throat | Group A streptococcal infection
no
yes
*   CLOCK
*   BMAL1
yes
Phase III clinical trials | Oral-treatment Psoriasis Trial Pivotal 1 | Oral-treatment Psoriasis Trial Pivotal 2
Interleukin 12 | Interleukin 23
Insufficient evidence in retrieved documents.
metastatic NSCLC positive for ALK fusions | ALK-positive lung cancer
CTLA-4 | PD-1 | PD-L1 | LAG-3
aux iaa | taiaa1 | iaa8 | iaa9 | iaa5 | iaa6 | iaa19 | iaa17 | axr3
Are you referring to a specific gene, a research project, or something else?
Thoracoomphalopagus | Thoracopagus | Omphalopagus | Parasitic twins | Craniopagus | Cephalopagus | Dicephalus | Pygopagus
MARS
Sld5 CIP | i,i+6 stapled peptide | stapled Sld5 peptide
SLC2A10 | SLC210A | TGFBR1 and TGFBR2
tomato
yes
Could you please provide more context? Are you referring to a specific medical device, software, or something else?
yes
The FaceBase Consortium aims to accelerate understanding of craniofacial developmental biology and translate science into improved health care. It generates craniofacial research data and technology for the research community and serves as a central resource for craniofacial researchers.
Are you asking about a tool, a file format, or something else related to TCGA data?
no
no
Nursemaid's elbow, also known as a pulled elbow or subluxated radial head, is a common injury in young children. It is a radial head subluxation caused by axial traction on the extended arm while the forearm is pronated, allowing for slippage of the radial head. It most frequently occurs with transient longitudinal traction of the pronated forearm and extended elbow.
Are you asking about trismus in relation to a specific condition or medication?
Benralizumab is a monoclonal antibody that targets interleukin-5 receptor α. This action leads to the direct, rapid, and nearly complete depletion of eosinophils in the blood.
yes
Match BAM to VCF (MBV) is a method used to solve sample mislabeling. It can also detect cross-sample contamination and PCR amplification bias.
no
yes
yes
yes
Fremanezumab is a monoclonal antibody that selectively targets calcitonin gene-related peptide (CGRP), reducing its availability. This mechanism is effective in reducing the frequency of chronic and episodic migraine.
Yes, the provided evidence indicates that trastuzumab-associated cardiotoxicity is generally reversible. It is often transitory, improves with trastuzumab withdrawal, and is reversible in most cases, although it may lead to discontinuation of the drug. Adequate cardiac monitoring is needed due to its reversible nature.
Nimotuzumab, with or without radiotherapy or chemotherapy, might improve the response rate or survival time in diffuse intrinsic pontine glioma (DIPG). It has been used in combination with craniospinal irradiation and temozolomide in at least one case of primary metastatic DIPG.
Could you please specify what you would like to know about annotatr?
Blount's disease is a multi-planar deformity affecting the pediatric population, leading to varus alignment of the lower extremities. It is also described as a progressive form of genu varum due to asymmetrical inhibition of the postero medial portion of the proximal tibial epiphysis, and as an uncommon disorder of the postero-medial proximal tibial physis.
Nusinersen is an antisense oligonucleotide that modifies the splicing of SMN2 pre-mRNA. By binding to a specific sequence in the intron downstream of exon 7, it modulates splicing to include exon 7, increasing the production of full-length SMN protein. This mechanism addresses the deficiency of functional survival motor neuron (SMN) protein seen in patients with spinal muscular atrophy.
Are you asking about the historical or the proposed modern definition of King-Kopetzky Syndrome?
The 959 Nematode Genomes initiative is a project and semantic wiki designed to inspire, promote, and coordinate genomic sequencing across the diversity of the phylum Nematoda. The goal is to sequence at least 959 nematode species. It is intended to advance understanding in areas like the origins of parasitism and genomic change.
Chromosomal regions | Highly conserved non-coding elements (HCNEs) | Target gene | Gene deserts | Bystander genes
chronic hepatitis C virus infection
Dual orexin receptor | Orexin-1 receptor and orexin-2 receptor
yes
Are you asking about a specific research project, a type of cellular mapping technology, or something else?
yes
SomaticSignatures | signeR | pmsignature | SignatureEstimation
Hypertriglyceridaemia | Hyper-tension | Hypercholesterolaemia | Obesity | Dyslipidemia | Essential hypertension | Central obesity | Hyperglycemia | Glucose intolerance
Alzheimer's Disease (AD) | Parkinsonism
Tumor suppressing factor | Inhibitory mechanisms | Immune check-point inhibitors
yes
Cseq-Simulator | r3Cseq
Upper GI tract perforation | Proximal GI perforation | Gastroduodenal perforation
no
yes
Could you please specify the context in which you are asking about SNP2TFBS? For example, are you interested in a specific gene, disease, or study?
Are you asking about a specific application of SMiLE-seq, such as in cancer research or drug discovery?
Could you please provide more context or details about where you encountered the term "libgapmis"?
yes
yes
Could you please specify what you are referring to when you say JACUSA?
Tezepelumab is a human monoclonal antibody that targets thymic stromal lymphopoietin (TSLP). By targeting TSLP, Tezepelumab blocks or neutralizes its activity.
Kidney donation is associated with an increased risk of gestational hypertension and pre-eclampsia. One study showed an 11% incidence of these complications in pregnancies of kidney donors, compared to 5% in a control group.
yes
Insufficient evidence in retrieved documents.
The RNA Centric Annotation System (RCAS) is an R package designed to facilitate gene-centric annotation and analysis of genomic regions of interest from RNA-based omics technologies. Its modular design allows for flexible usage and integration with other bioinformatics workflows. RCAS is available as an R/Bioconductor package and offers graphical user interfaces.
Chronic Wasting Disease (CWD) is a fatal and contagious transmissible spongiform encephalopathy (TSE) or prion disease affecting deer populations. Specifically, it affects white-tailed deer, mule deer, elk, and moose. It has the potential to severely harm deer populations and disrupt ecosystems where deer occur in abundance.
A1C measures long-term blood plasma glucose average and glycated hemoglobin. It is also glycosylated hemoglobin and a surrogate measure of glycemic control. A1C is a reliable index to reflect one's diabetic condition.
yes
Are you asking about craniosynostosis in general, or a specific type or aspect of it?
McEnhancer | EMBER
Could you please specify the context in which you are asking about Click-PEGylation? For example, are you interested in a specific drug, disease, or research application?
SLEDAI stands for Systemic Lupus Erythematosus Disease Activity Index. It is a scoring system [2] and a measure of disease activity for Systemic Lupus Erythematosus [1, 3]. SLEDAI scores correlate with a clinician's impression of the level of disease activity [3].
Anaplastic large cell lymphoma | Non-small cell lung cancer (NSCLC) | Neuroblastoma (NB)
Community-acquired pneumonia | CAP and non-CAP-LRTI | non-CAP-LRTI
subpallial enhancer transgenic lines
yes
Synaptophysin | PSD95
Selective estrogen receptor modulator | SERM
yes
Limb-Enhancer Genie (LEG) | Limb-Enhancer Genie
Glucocorticoids | Oral corticosteroids | Systemic corticosteroids
Borderline personality disorder | BPD
DNA replication | Cell proliferation | Lagging strand DNA synthesis
no
Gardnerella vaginalis | Coccobacilli | Insufficient evidence in retrieved documents.
Antibodies for HIV | p24 antigen
de Quervain's disease
Esophageal squamous cell carcinomas (ESCC) | Gynecological tumors | Esophageal cancers
no
Insufficient evidence in retrieved documents.
Autonomy | Non-maleficence | Beneficence | Justice
diffloop | triplex | annotatr
Osteomyelitis (OM) | Foot osteomyelitis
yes
Spatial coding and contextual representation | Normal signal processing in learning and memory | Generation of network hyperexcitability
Posterior cruciate ligament (PCL)
38.3°C | 37.7°C | Insufficient evidence in retrieved documents.
Parotitis | Uveitis | Facial nerve paralysis | Parotid gland enlargement | Low grade fever | Fever
*   Femur
*   Tibia
*   Patella
yes
Infliximab | Vedolizumab
FullSSR
MGA repository | Cistrome database | Cistrome Data Browser
Cryptogenic stroke | Recurrent clinical ischemic stroke | New silent brain infarct
Comparisons of ChIP-Seq datasets from the Human Epigenome Atlas and FANTOM CAGE | Spatial correlation of CAGE clusters with donor splice sites | Spatial correlation of CAGE clusters with poly(A) sites
The 4D Nucleome Network aims to develop and apply approaches to map the structure and dynamics of the human and mouse genomes in space and time. The project's goal is to gain deeper mechanistic insights into how the nucleus is organized and functions.
Jaundice | Hyperlipaemia | Haemolytic anaemia | Enlarged fatty liver | Transient haemolytic anaemia | Hyperlipidemia | Alcohol-induced liver disease | Fatty liver | Icterus | Hemolytic anemia | Chronic alcoholism
Depression is associated with increased risk of psoriatic arthritis | High prevalence of depression symptoms among psoriatic arthritis patients | Association between psoriatic arthritis and depression
no
Gastrointestinal stromal tumors | Pulmonary chondromas | Paragangliomas
Prevention of Dementia by Intensive Vascular Care | Open-label, cluster-randomized controlled trial
Insufficient evidence in retrieved documents.
Treatment of patients with type 2 diabetes | Glucose-lowering agent in type 2 diabetes | Type 2 diabetes mellitus(T2DM) treatment
Hypoglycemia | Solitary fibrous tumor | Paraneoplastic syndrome
Rabies | Rabies encephalitis
no
16S rRNA gene sequencing is used to identify microorganisms and viruses within complex mixtures. It is also used to evaluate the discriminating power of soil bacterial communities and to study bacterial communities in wastewater treatment plants.
Insufficient evidence in retrieved documents.
no
Circular RNAs are associated with breast cancer. Specifically, circ-ABCB10 promotes breast cancer proliferation and progression. Also, circular RNAs are associated with breast cancer subtypes.
Gait ataxia | Ophthalmoplegia | Confusion | Nystagmus | Ataxia | Mental confusion | Changes in mental status | Ocular abnormalities | Ocular motor cranial neuropathies | Changes in consciousness
Are you asking about a medication, a research study, or something else related to RIblast?
Alzheimer's disease resilience is defined as better than expected outcomes given a certain level of pathology. Memory resilience, a specific type of resilience, occurs when genetically at-risk adults perform at high and sustained levels.
RAPIDR
yes
yes
Are you asking about the vascular condition also known as paroxysmal finger hematoma?
yes
no
Host-induced gene silencing (HIGS) is a transgenic technology where a host plant silences fungal genes during infection, reducing disease. The plant produces small interfering RNA molecules complementary to targeted fungal genes. These molecules are transferred to the invading fungi, causing gene silencing.
Maternal spindle transfer (MST) is an IVF-based embryonic technique. The aim of MST is to prevent the maternal transmission of serious mitochondrial diseases.
no
Tankyrases promote homologous recombination and checkpoint activation in response to Double Strand Breaks (DSBs).
vascular endothelial growth factor receptor-1 | vascular endothelial growth factor receptor-2 | vascular endothelial growth factor receptor-3 | platelet-derived growth factor receptor-β | Fms-like tyrosine kinase 3 | c-Kit | fibroblast growth factor receptor-1 | fibroblast growth factor receptor-2 | fibroblast growth factor receptor-3 | VEGFR | FGFR | PDGFR | KIT | topoisomerase I | topoisomerase II
CircRNAs have diverse regulatory functions that are important in carcinogenesis and contribute to the pathogenesis of cancer [2, 3]. They can regulate gene expression and miRNA function in cancer initiation and progression [5]. Due to their role in tumorigenesis, circRNAs may represent a potential target in cancer therapy [1].
Genomiser
no
yes
Phase III | Multiple clinical trials
BPP
Group A Streptococcus (GAS) | Streptococcus pyogenes | Streptococcus haemolyticus
Automated cryopreservation and storage system | Automated BioArchive system | Bioarchive system
SeqArray | R/Bioconductor package 'SeqArray' | array-oriented manner
yes
Actoxumab | Bezlotoxumab
Nucleostemin (NS) | Ribosomal proteins
53BP1 | p53
ExpansionHunter | ExpansionHunter Denovo | Insufficient evidence in retrieved documents.
Glioma | High-grade glioma | Paediatric GBM, DIPG and adult GBM
iLIR database | https://ilir.warwick.ac.uk
Liquid-liquid phase separation | Complex coacervation | Physiological liquid-liquid phase transitions
yes
nanostructures | gas-filled protein nanostructures | Insufficient evidence in retrieved documents.
yes
yes
Are you asking about bromodomain and extraterminal (BET) proteins?
no
Protein products with various primary structure alterations | Protein species | Workhorses of the cell
yes
Induces secretion | Activity-dependent cleavage and secretion | Promotes glioma proliferation
The blood-brain barrier (BBB) separates the blood from the central nervous system (CNS) and maintains homeostasis. It also protects the brain from pathogens and toxins. The BBB serves as a defense mechanism for the CNS.
Bone formation | Release of bone mineral | Osteoblast activity and bone turnover
Emerging data shows that even BRCA-mutant cells may be resistant to PARP inhibitors (PARPi). The mechanistic basis for this resistance is poorly understood.
Insufficient evidence in retrieved documents.
no
yes
Are you asking about pQTLs in relation to a specific disease, gene, or protein?
Dysphoric Milk Ejection Reflex (D-MER) is an abrupt emotional drop or dysphoria that occurs in some women just before milk release and continues for no more than a few minutes. The negative feelings range in severity and appear to have a physiological cause. After milk ejection, the dysphoria vanishes.
yes
The protein inference problem is a challenge in proteomics research involving the assignment of identified peptides to their originating proteins. It aims to select the proper subset of candidate proteins that best explains the observed peptides. This problem can impede the quantification of sequence variants.
Lithium use during pregnancy has been linked to Ebstein's anomaly in offspring. Some studies suggest lithium may act as a teratogen. In the 1970s, a strong association was suggested between maternal lithium treatment and Ebstein's anomaly of the heart in the offspring.
no
The Ribosome-bound Quality Control complex (RQC) recognizes nascent peptides translated from aberrant mRNAs, polyubiquitylates these aberrant peptides, extracts them from the stalled 60S subunit, and escorts them to the proteasome for degradation. This process is important for preventing aberrant protein aggregation.
Are you asking about emicizumab as a medication, or something else?
Human monocytic ehrlichiosis | Tularemia | Southern tick-associated rash illness (STARI) | Lyme-like illness | Ehrlichia chaffeensis infection | Ehrlichia ewingii infection | Rickettsia infection | Borrelia infection
Ubiquitin receptors | Facilitate proteasomal degradation of ubiquitinated substrates | Involved in all protein degradation pathways
DeepLoc
Asia | East Asia | China | Japan | Korea
Rash | Fever | Enlarged lymph nodes | Absence of cough | Tonsillar exudate | Diffuse exanthem
Salmonella
MCV | RBC
Human African trypanosomiasis (HAT) | African trypanosomiasis | Visceral leishmaniasis
yes
yes
no
no
yes
sofosbuvir | velpatasvir | voxilaprevir
suprachiasmatic nucleus | SCN | suprachiasmatic nucleus of the hypothalamus
*   GeneComp
*   NGC
*   SAMZIP
*   CSAM
Metagenomics of the Human Intestinal Tract
Methadone | Buprenorphine | Naltrexone | Naloxone hydrochloride
yes
Romosozumab is a humanized monoclonal antibody that binds to sclerostin, a protein secreted by osteocytes that inhibits Wnt signaling. By binding to sclerostin, Romosozumab allows Wnt ligands to engage with their co-receptors, enhancing Wnt signaling, increasing bone formation, and decreasing bone resorption.
Nrf2 regulates several proteins, including glutathione reductase, glutathione S-transferase, NAD(P)H quinone oxidoreductase-1 (NQO1), GCLC, GCLM, GS, GR, GST, GPx, CAT, SOD, and HO-1. Bach1 is a negative regulator of Nrf2.
Sofosbuvir-based therapy
yes
Hypertension | Apolipoprotein E4 (E4) | Type 2 diabetes | Advancing age | Obesity
Pretest probability in patients with suspected pulmonary embolism | Risk stratify pretest probability | High sensitivity but low specificity in PE diagnostics
Tabix is a tool that indexes position sorted files in TAB-delimited formats such as GFF, BED, PSL, SAM and SQL export. Its purpose is to quickly retrieve features overlapping specified regions.
Could you please provide more context or details about what you are looking for regarding "MULTOVL"?
The A-allele of HSD17B1 is associated with an increased risk of endometriosis, particularly in a Japanese population. Individuals with at least one A-allele have a significantly higher risk, and there's a trend associating specific genotypes (A/G + A/A) with the severity of endometriosis. Inhibiting 17beta-HSD1 has been proposed as a potential therapeutic strategy.
Relapsing forms of multiple sclerosis | Multiple sclerosis | Relapsing-remitting multiple sclerosis
yes
Are you asking about INCB3619 as a drug, or something else?
Are you asking about crenezumab in relation to Alzheimer's disease?
Vanishing lung syndrome (VLS) is a rare syndrome, also known as idiopathic giant bullous emphysema, characterized by giant emphysematous bullae. Radiologically, the lungs appear to be disappearing on X-ray. Clinically, VLS leads to severe progressive dyspnea and is associated with significant morbidity and mortality.
CD4 binding site | membrane-proximal external region (MPER) | V1V2 glycan site
Are you asking about calciphylaxis in the context of a specific disease or condition?
Alternative lengthening of telomeres (ALT) is a telomerase-independent telomere maintenance mechanism found in approximately 15% of cancers.
FGF21 is expressed in multiple tissues including the liver, adipose tissue, and thymus. It is primarily produced by the liver.
Neddylation is a post-translational modification involving the conjugation of the ubiquitin-like protein NEDD8 to target proteins. It mediates ubiquitination of proteins and regulates diverse cellular processes, including protein degradation, transcription, cell signaling, and dendritic cell function. Neddylation alters a substrate's conformation, stability, subcellular localization or binding affinity to DNA or proteins.
Break-induced replication (BIR) is a pathway specializing in the repair of one-ended double-strand DNA breaks (DSBs). It initiates with a broken DNA end invading a homologous template, followed by DNA synthesis. This synthesis proceeds via a migrating bubble and is associated with conservative inheritance of newly synthesized DNA.
Fibrocytes are circulating mesenchymal precursors or progenitor cells with fibroblast-like characteristics. They are hematopoietic-derived stem cells (CD45+, col 1+) that contribute to fibrogenesis and wound healing.
Cell proliferation | Cell apoptosis | Autophagy | Cardiac fibroblast proliferation | Fibrosis
High-risk neuroblastoma
Identifying genomic location of DNA-binding proteins | Identifying protein-DNA interactions | Identifying binding locations of DNA-binding proteins
Sequences with G-quadruplex forming potential | Mitochondrial G-rich sequences near deletion breakpoints | Deletion breakpoints of the parkin mutations
Insufficient evidence in retrieved documents.
Metalloendopeptidase | N-arginine dibasic convertase
Latent tuberculosis infection
Biomarkers/proteins | Plasma concentrations of MMP12 | Serum concentrations of inflammation-associated proteins
no
yes
no
yes
yes
no
no
yes
no
yes
yes
yes
yes
yes
no
yes
The aim of the PhenCode database is to help understand phenotypes of human mutations in the context of sequence and functional data from genome projects. It connects ENCODE data with mutations and phenotypes.
SP3 (single-pot solid-phase-enhanced sample preparation) is a proteomic sample preparation protocol that utilizes paramagnetic or magnetic beads. It is a single-tube method designed to improve the efficiency, scalability, speed, throughput, and flexibility of proteomic analysis.
Enhancer hijacking occurs when structural variations (SVs) relocate distal enhancers to activate proto-oncogenes. This process can induce aberrant oncogene expression and cause tumorigenesis, and in cancer cells, it can be mediated by chromosomal alterations and/or increased deposition of acetylated histone H3 lysine 27 (H3K27ac).
Tinea infections are caused by dermatophytes and are classified by the site of infection. Tinea capitis is a fungal infection of the skin and hair, while tinea pedis is a chronic fungal infection of the feet.
Deletion breakpoints are defined using a combination of long polymerase chain reaction (PCR) amplifications, conventional PCR, and DNA sequencing to identify the breakpoints at the DNA nucleotide sequence level.
The nuclear localization of lncRNA BORG is mediated through a novel RNA motif consisting of the pentamer sequence AGCCC with sequence restrictions at positions -8 (T or A) and -3 (G or C) relative to the first nucleotide of the pentamer. A novel RNA motif mediates the strict nuclear localization of long noncoding RNAs.
Are you asking about ATAC-seq in the context of a specific disease or research area?
TALE-iD is a methylation-based orthogonal validation method. It is used to show that native interactions resemble cross-linked ones, but display improved signal-to-noise ratios and are more focal on regulatory elements and CTCF sites, while strictly abiding to topologically associating domain restrictions.
Paget's disease can refer to two distinct conditions. One is an intra-epidermal adenocarcinoma seen over the nipple/areola or in extramammary body zones. The other, Paget's disease of bone, is a chronic skeletal disorder characterized by increased bone resorption and subsequent bone remodeling abnormalities.
Beta-lactamases hydrolyze beta-lactam antibiotics, including penicillins. They can be used to degrade residual antibiotics in the gastrointestinal tract, protecting the microflora from antibiotic-mediated dysbiosis.
Carnivora
Ectopic expression of CTCF inhibits cell clonogenicity and cell division, resulting in growth retardation. In K562 cells, ectopic CTCF expression also promotes differentiation into the erythroid lineage. These effects suggest that CTCF may be a potential tumor-suppressor factor.
Dardarin is a protein also known as LRRK2. The LRRK2/Dardarin gene encodes a kinase with multiple domains. Mutations in the LRRK2/dardarin protein are implicated in Parkinson's disease.
Diamond-Blackfan anemia (DBA)
Ancestral DNA exaptation | Non-coding sequences of genes | DNA sequences
median nerve
Remodeling of the extracellular matrix (ECM) by cross-linking collagens and elastin | Collagen crosslinking | Promoting crosslinking of collagen and elastin
herpes zoster | herpes simplex | herpesviral diseases
OR7D4 | variants of other genes | Insufficient evidence in retrieved documents.
Foot | Accessory and body of the navicular bone | Adolescent
H19
MC1R gene | melanocortin-1 receptor (MC1R) gene | MC1R
Escherichia coli | E. coli | E. coli RY 13
HIV infection | Immunosuppressed patients | AIDS
EPAS1 | EGLN1 | PPARA
Uncoupling protein 1 (UCP1) | UCP1 | uncoupling protein (UCP)-1
Insufficient evidence in retrieved documents.
Aggressive behavior | Antisocial behavior | Sensation seeking | Impulsiveness | Anxious-depressive traits | Personality traits related to aggressive and antisocial behavior
Epigenetic regulation of chromatin structure | Transcriptional regulation and carcinogenesis | Deacetylation of lysine residues
To reveal the precise position of histone H4 in every nucleosome in the genome | To identify nucleosomes with alternative structures genome-wide | To map fission yeast centromeres
POLQ gene | POLQ | pol θ
Nearly 100%
miR-7 | microRNA-7
Bacteroidetes and Firmicutes
Fever | Jaundice
Ishihara test | Isihara colour blindness tests | Ishihara Test
Breast carcinoma cells | ER+ breast cancer cell line | Adenocarcinoma cell lines
yes
Insufficient evidence in retrieved documents.
Human chromosome 2
Carcinomas | Tumor-initiating cells | Selected tissue progenitors
Factor Xa | FXa
T807 | THK-5117 | PBB3 | 18F-THK-5351 | 18F-T807 (18F-AV-1451) | 18F-RO6958948 | [(18)F]THK523 | [(18)F]THK5117 | [(18)F]THK5105 | [(18)F]THK5351 | [(18)F]AV1451(T807) | [(11)C]PBB3
Assessing pain | Antinociceptive activity assay | Model of pain produced by tissue injury
Antiplatelet drugs | Anticoagulant therapy | Anticoagulant therapy in combination with spinal and epidural anesthetic procedures
Huntington's Disease (HD) | Dentatorubral-pallidoluysian atrophy (DRPLA) | MJD/SCA3
High A/T content | Enriched for Lys9 trimethylation on histone H3 (H3K9me3) | Depleted of synteny breakpoints
Three-legged | Three clathrin heavy chains and associated clathrin light chains | Three-legged pinwheel-shaped heteropolymer
Are you asking about myelin in relation to a specific condition or disease?
no
2-4% | 3.6% | low level
Dupuytren's contracture is a condition affecting the palmar fascia of the hand, characterized by contractures. It is a fibroproliferative disorder involving abnormal cell proliferation and extracellular matrix deposition, leading to the formation of fibrous cords under the skin. This results in the fingers curling into the palm and a progressive digital flexion deformity.
The V60L variant in the MC1R gene is common in the population and may act as a partially penetrant recessive allele. The specific phenotype associated with this allele is not explicitly stated in the provided snippets, but it is implied to be related to red hair.
HEAT repeat-containing protein 1 (HEATR1) | Pds5B | PR65/A | Rif1 proteins
The aim of performing a cycloheximide chase assay is to analyze protein stability and determine the half-life of a given protein. It is used to assess how different conditions or mutations affect protein stability within cells.
Cell-derived extracellular nanovesicle | Nano-sized vesicles of endocytic origin | Cell-derived vesicle
Enhancers
Idarucizumab | Andexanet alfa | Monoclonal antibodies against the direct thrombin inhibitor dabigatran
KRT5 | KRT14 | keratin 5 | keratin 14
Allergic reactions | Inflammatory diseases | Host defense
UV-C | UV-B | UV-A
Hypertension | Heart failure | Diabetes | Sleep apnoea | Obesity | Increasing age | Cardiac disease | Thyroid disease | Pyrexial illness | Electrolyte imbalance | Cancer | Infection | Male sex | Cardiovascular disease | Alcohol | Lung disease
yes
yes
Are you asking about leishmaniasis in humans or animals?
Azole antibiotics | Macrolides | Quinolones | Nonsteroidal anti-inflammatory drugs | Selective serotonin reuptake inhibitors | Omeprazole | Lipid-lowering agents
Pleura | Peritoneal | Mesothelial surface of the pleura
In what context did you encounter the term BORSA?
FOXP2 | CNTNAP2
In what context did you encounter "PNPPP"?
Mendelian randomization is an approach that uses genetic variants as instrumental variables to obtain causal inferences on the effect of an exposure on an outcome from observational data. It is a type of instrumental variable analysis.
PD-L1 status of patients
Re-express dHAND/Hand2 | Reactivate Hand2 | Integrate to re-express dHAND/Hand2
Inflammatory states | Inflammation | Oxidative stress | Hypoxia | Telomere erosion | Oncogene activation | Tissue injury
Intragenic regions | Open chromatin | GC-rich trinucleotide and tetranucleotide repeat sequences
FunImageJ
ABCC11 | adenosine triphosphate (ATP) binding cassette, sub-family C, member 11 gene | Insufficient evidence in retrieved documents.
Maternal gastrointestinal tract (entero-mammary pathway) | Bacterial exposure of the breast during nursing | Insufficient evidence in retrieved documents.
Haemophysalis longicornis ticks | Lizards and snakes | Ticks
Warts | Hypogammaglobulinemia | Infections | Myelokathexis
clust | CrossICC | Insufficient evidence in retrieved documents.
Oscillospira | Ruminococcus
PPIM | Negatome
yes
Insufficient evidence in retrieved documents.
Pcp1 | PARL
Membrane-bound
457 pairs | 92% returned to single-copy | Insufficient evidence in retrieved documents.
Lead poisoning | Lead intoxication | Brodifacoum intoxication
Mosdepth | IRanges, GenomicRanges, and GenomicFeatures | UCSC Genome Browser
Kaposi's sarcoma
Esrrb-Sox2 complex | Oct3/4, Dax1, and Esrrb complex
magnetic resonance imaging
Cutaneous squamous cell carcinoma | CSCC | Cervical cancer
Glioma | Pancreatic cancer
Brain | Kidney | Heart | Hematologic system | Mucocutaneous system | Musculoskeletal system | Neuropsychiatric system | Skin
Post-translational modification | Lipid anchors | Soluble proteins attached to the external leaflet of the plasma membrane
Aberrant regulation of genes transcription | Elevated global DNA hydroxymethylation level | Potential mechanism leading to DNA hypomethylation
Adds a polyA tail onto the 3'-end of RNAs | Catalyzes the synthesis of 3'-polyadenylate tails onto mRNA | Polyadenylating enzyme
Insufficient evidence in retrieved documents.
High efficacy against wild-type and mutant ALK proteins | Mechanisms of brigatinib binding to wild type and four mutant ALKs | Molecular inhibitory mechanism
3DSNP | TFCONES
phase II clinical trials | Insufficient evidence in retrieved documents.
Are you asking about gingipains in the context of a specific disease, bacteria, or treatment?
Drug-resistant tuberculosis
Inhibits bacterial DNA replication | Inhibits bacterial DNA replication by a distinct mechanism of action | Well balanced inhibition of two type II topoisomerase enzymes
Converts L-fucose to fucose-1-phosphate | Takes part in the salvage pathway for reutilization of fucose | FUK encodes fucokinase
yes
yes
yes
yes
yes
yes
no
yes
yes
no
yes
no
no
no
Are you asking about the condition where tears are tinged with blood?
yes
yes
no
yes
yes
yes
yes
yes
no
The 3D Genome Browser, available at http://3dgenome.org, is a web-based tool for visualizing 3D genome organization and long-range chromatin interactions. It allows users to explore chromatin interaction data and integrate omics data. The browser uses a new binary data format for Hi-C data, enabling rapid visualization.
Yes, the onset of inflammatory bowel disease is associated with enteric proteobacterial infection [1]. Gut microbiota, in general, influences both local and systemic inflammation [5], and alterations in the gut microbiota are implicated in many metabolic and inflammatory diseases [3].
anterior two-thirds as well as a complete corpus callosotomy | controlled thermal ablation of deep hemispheric rGBM | Laser interstitial thermal therapy in treatment of brain tumors
Could you please specify what you are referring to by "genomiser"?
T-UCstem1 | uc.170+
Are you referring to a specific tool, or are you asking about a general concept related to a calculation?
Escobar syndrome is characterized by multiple pterygia (webs of the skin), congenital contractures (arthrogryposis), and facial dysmorphism. Other congenital anomalies may also be present. It is a nonlethal variant of multiple pterygium syndromes.
Small activating RNAs (saRNAs) are small double-stranded RNAs (dsRNAs) that target promoters and trigger gene activation, a mechanism known as RNA activation (RNAa). As an example, small activating RNA can restore the activity of the tumor suppressor HIC-1 on breast cancer.
Ivosidenib is an orally available inhibitor of mutated cytosolic isocitrate dehydrogenase 1 (IDH1). It functions as a targeted, small-molecule inhibitor of mutant IDH1.
ATAC-seq is based on the preferential integration of a transposon into open chromatin. This involves direct in vitro transposition of sequencing adaptors into native chromatin.
In what context are you asking about vcfanno?
Disease-Associated STRs (daSTRs) are located at or co-localize with the boundaries of 3D chromatin domains or TAD boundaries. daSTRs specifically localize to ultra-high-density CpG island boundaries and can affect the insulation of these boundaries. This suggests they might be hotspots for epigenetic misregulation or topological disruption linked to STR expansion.
Ultraconserved elements occupy specific arenas of three-dimensional mammalian genome organization.
Ohnologs are paralogous genes or duplicated genes that originated from whole genome duplication events. They are also referred to as paralogous gene pairs generated by whole genome duplication. They are typically associated with development, signaling, and gene regulation.
Could you please specify what context you are asking about TissueEnrich in? For example, are you referring to a gene, a research project, or something else?
Are you referring to a specific research study, a gene, or something else related to OligoSTORM?
Xenobiotic metabolic pathway involved in estrogen metabolism | One-carbon metabolic pathways | Xenobiotic metabolic pathways
Staphylococcus | Streptococcus | Pseudomonas
Statistical mixture model | geck
VWF and platelets
Adult female somatic tissues | Testis (male)
alpha-synuclein
IL1B | CXCL8 | CCL2 | TNF | CCL27 | CLEC11A | Cytokines | Other factors
20% of all annotated C. elegans genes | At least 4% of the annotated C. elegans genes | Insufficient evidence in retrieved documents.
Membrane channels involved in the bidirectional transfer of water and small solutes across cell membranes | Water channel protein AQP4 | Aquaporins
Recognised cellular antigens | CD | Cluster of Differentiation
Dolutegravir | Rilpivirine
ezTag
TH17 cells | T helper type 17 cells
yes
yes
yes
Ibalizumab is a humanized monoclonal antibody that functions as a post-attachment inhibitor. It binds to the CD4 receptor on T lymphocytes, preventing HIV-1 from entering the cell by blocking its connection to CCR5 or CXCR4 [1, 2].
Immunophenotyping captures the complexity of the immune system and the molecularly heterogeneous consequences of primary immunodeficiency defects. It also enables comprehensive single-cell functional assessments.
Emicizumab is a bispecific antibody that mimics the cofactor function of activated coagulation factor VIII. It works by bridging activated factor IX and factor X to restore the function of activated factor VIII, which is deficient in persons with hemophilia A, thereby facilitating effective hemostasis.
mutations in the cohesin acetyltransferase ESCO2 | Mutations in Esco2 | mutations in ESCO2 gene
Are you asking about a specific gene, a database, or something else related to disease enhancement?
yes
GFRAL is a receptor for GDF15. It is required for the anti-obesity effects of GDF15 and mediates the ability of GDF15 to decrease food intake and body weight. GFRAL signals through the coreceptor Ret.
ZCCHC17 supports the expression of a network of synaptic genes, and its dysfunction leads to lower expression of these genes. ZCCHC17 loss is an important early driver of lower synaptic gene expression in Alzheimer's Disease. This function is conserved between humans and rats.
yes
no
Latex bead phagocytosis is an assay used to assess or quantify macrophage phagocytosis. The assay involves incubating macrophages with latex beads and then measuring the amount of beads that are bound and internalized by the macrophages. The amount of phagocytosis can be quantified using methods such as fluorescence intensity measurements.
yes
In what context are you asking about CGmapTools (e.g., a specific disease, research study, or type of data analysis)?
no
Regulatory Trait Concordance (RTC) accounts for local LD structure and integrates eQTLs and GWAS results to reveal the subset of association signals that are due to cis eQTLs. The RTC score measures the probability of eQTLs being active in multiple tissues and calculates the probability that a GWAS-associated variant and an eQTL tag the same functional effect. It is also used to test for a shared causal variant.
Filipin staining is used to measure intracellular and total cholesterol, observe accumulated cholesterol in fibroblasts, and visualize the sequestration of cholesterol. It can also be used to measure membrane cholesterol content.
no
CarbonylDB
Nup153 is a component of the nuclear basket of the nuclear pore complex (NPC) involved in nuclear export of RNAs and proteins. It is required for nuclear pore basket formation, nuclear pore complex anchoring, and import of some nuclear proteins. Nup153 also directs proteins involved in membrane remodeling to the nuclear envelope during mitosis and regulates cardiac gene expression.
yes
PEGylation can improve recombinant drugs by enhancing their pharmacokinetics, preventing adverse drug reactions, and delaying protein aggregation. It achieves this by increasing molecular mass, shielding from proteolytic enzymes, delaying renal excretion (leading to a longer half-life), and inhibiting interactions with proteases and the immune system, thus reducing inactivation and immunogenicity.
yes
Are you referring to a specific gene, software, or something else with that name?
yes
c.1516C>T (p.Arg506Ter) | c.1558C>T (p.Gln520Ter) | c.1482delinsGCCAGG (p.Ile494MetfsTer23)
no
Nup153
no
Arimoclomol potentiates the heat shock response, increasing Hsp70 expression. It prolongs the binding of activated HSF1 to heat shock elements (HSEs) in the promoter regions of inducible Hsp genes and acts as a co-inducer of heat shock protein expression under cellular stress.
Reduces apical perinuclear actin cables | Increases nuclear height | Impairs nuclear re-orientation | Decreases nuclear stiffness | Reduces expression of TAZ-regulated genes | Drastically reduced dbcAMP-induced neurite outgrowth | Reduces perinuclear pMLC | Decreases myosin-generated tension at the nuclear envelope
Fever | Rash | Cough | Coryza | Conjunctivitis | Eruption
no
GeneMatcher | PhenomeCentral | DECIPHER | MyGene2 | matchbox | Australian Genomics Health Alliance Patient Archive | Monarch Initiative
no
The Ottawa Ankle Rule (OAR) is a clinical decision tool used to minimize unnecessary radiographs in ankle and foot injuries. It helps reduce the number of radiographs taken in the Emergency Department. The OAR is designed to decrease unnecessary diagnostic imaging.
CIBERSORT is a method used to characterize the cell composition of complex tissues from their gene expression profiles. It can resolve immune cell types, estimate their fractions, and determine fractions of immune cell sub-populations within gene expression datasets. It has been used to study relations with pathological complete response, disease-free survival, and overall survival.
yes
human platelet-derived growth factor receptor α (PDGFRα) | platelet-derived growth factor receptor α
PANDAS (Pediatric Autoimmune Neuropsychiatric Disorders Associated with Streptococcal Infection) is an immune-mediated disease characterized by obsessive-compulsive symptoms and/or tics triggered by group A beta-hemolytic streptococcal infections. It is also referred to as Paediatric Autoimmune Neuropsychiatric Disorders Associated with Streptococcus. It is considered a newly defined disease.
yes
Exceeding 95% | 95% | Insufficient evidence in retrieved documents.
no
yes
Tyro-3 | Axl | Mer
Severe axonal arborization defect | Loss of self-avoidance
Are you asking about the drug CPX-351, also known as Vyxeos?
yes
miR-423-5p | miR-1
Are you asking about ivosidenib in the context of a specific condition, such as acute myeloid leukemia?
Larp7 | CPSF 160 | CPSF 73 | PIPKIalpha
Visual snow syndrome is characterized by the continuous perception of tiny flickering dots in the entire field of vision. Additional symptoms associated with the syndrome include palinopsia, photophobia, photopsias, entoptic phenomena, nyctalopia, and tinnitus.
Leucosporidium ice-binding protein (LeIBP) lowers the freezing point once it binds to ice. More generally, ice-binding proteins inhibit ice growth through direct interaction with ice crystals.
yes
SVM approach | Multi-stage SVM approach | Insufficient evidence in retrieved documents.
no
MIR137
The METABRIC project is a large breast cancer study. Its aims include using eQTL-based detection of mismatches for quality assurance, exploring the effects of cis- and trans-acting factors of gene expression regulation, and validating prognostic interactions.
Chronic Lymphatic Leukemia (CLL) | Multiple Myeloma (MM) | Non-Hodgkin's Lymphoma (NHL)
Insufficient evidence in retrieved documents.
Are you asking about ferroptosis in relation to a specific disease or condition?
Achalasia
Elevated bilirubin level | Diarrhea | Differentiation syndrome | Decreased potassium and calcium levels
no
Suicide risk | Suicidal behavior
Insufficient evidence in retrieved documents.
Multiple sclerosis (MS)
Mutations in the CTNS gene | Defective lysosomal transport of cystine | Defect in the transport of cystine across the lysosomal membrane
yes
no
CD38 | CS1 | SLAMF-7
To assess the expression of folate receptors in tumors | Imaging agent for folate receptor | Companion diagnostic
Physiological inhibitor of tissue-type plasminogen activator (tPA) | Key component of the senescence-related secretome | Crucial regulator of fibrinolysis
Durvalumab is a monoclonal antibody that blocks programmed cell death ligand-1 (PD-L1) binding to its receptors PD-1 and CD80, resulting in enhanced T-cell responses against cancer cells. Durvalumab binds to PD-1 and CD80, blocking PD-L1, but not PD-L2.
Arioc
Acute myeloid leukemia (AML)
GeneWeaver is a web-based system and online database used for integrative functional genomics and the aggregation and analysis of gene set-centric data. It helps in constructing data-driven descriptions of biological processes, diseases, and traits, as well as finding common genes and prioritizing candidate genes. It has been used in the study of complex behavior and addiction.
yes
Amyotrophic lateral sclerosis (ALS)
Endolymphatic hydrops is associated with Meniere's disease and affects the inner ear, specifically the cochlea and vestibule. Symptoms associated with endolymphatic hydrops in Meniere's disease include vertigo, hearing loss, and tinnitus.
CD33 | anti-CD33 antibody | CD22
Ohio
yes
ankylosing spondylitis | birdshot chorioretinopathy | Behçet's disease | psoriasis
Cellular adhesion
Type IIA topoisomerase inhibitor
Alpelisib is a selective oral inhibitor of the class I PI3K catalytic subunit p110α. It functions as a PI3Kα isoform-specific inhibitor.
Protecting the cell from DNA damage | Regulating cell-cycle progression and DNA repair | Inducing cell-cycle arrest or apoptosis
Are you asking about eravacycline in relation to a specific infection or condition?
Are you asking about PEGylation in general, or in relation to a specific drug or treatment?
3D spectral domain optical coherence tomography (SD-OCT) | Optical coherence tomography | 3D Optical Coherence Tomography
Enasidenib
Inner ear | Cochlea | Vestibule
glecaprevir | pibrentasvir
The 4D-CHAINS algorithm analyzes two 4D spectra from a fully protonated protein sample. It uses an iterative approach, supplementing through-bond connectivities with common NOEs between different spin systems. This process establishes assignments of sidechain and backbone resonances with high completeness and minimal error.
Organoids are 3D physiological in vitro structures that recapitulate morphological and functional features of in vivo tissues [1]. They are also described as a three-dimensional in vitro culture platform constructed from self-organizing stem cells [2].
no
yes
sacubitril | valsartan
yes
yes
Major depressive disorder is associated with disorders of the gut microbiota. Depression may also be related to increased translocation or dysregulation of gut bacteria. This dysregulation may be involved in the pathophysiology of stress-related psychiatric disorders, particularly depression.
yes
Acute myeloid leukemia with activating FLT3 mutations in combination with intensive induction and consolidation therapy | Aggressive systemic mastocytosis (ASM) | Systemic mastocytosis with associated hematological neoplasm (SM-AHN) | Mast cell leukemia (MCL)
no
lumacaftor | ivacaftor
NanoStringNorm | NanoStringNormCNV
HIV-1
Anlotinib is a multi-target tyrosine kinase inhibitor that inhibits tumor angiogenesis and proliferative signaling. It functions by suppressing the activation of VEGFR2, PDGFRβ, and FGFR1, and also inhibits VEGFR2/3, FGFR1-4, PDGFD α/β, c-Kit, and Ret. This results in a broad spectrum of inhibitory effects on tumor angiogenesis and growth.
Could you please specify what you mean by "Canvas SPW"? Are you referring to a specific medical study, software, or something else?
Are you interested in markers for a specific type of phagosome or in general?
Streptococcus pneumoniae | Haemophilus influenzae | Moraxella catarrhalis
Mutation of the β-subunit gene β-hexosaminidase B (HexB) | Defective activity of β-hexosaminidase | Mutations in the HEXB gene
yes
mogamulizumab
Cemiplimab is a human programmed death receptor-1 (PD-1) monoclonal antibody. It binds to PD-1 and blocks its interaction with programmed death ligands 1 (PD-L1) and 2 (PD-L2). This PD-1 blockade results in antitumor activity.
CNEFinder
transglutaminase-1 deficiency | TGase-1 gene mutations | recessive, temperature-sensitive mutations in the transglutaminase-1 gene (TGM1)
Phenotypic data | Genetic data | Biological measurements | Lifestyle indicators | Biomarkers in blood and urine | Imaging of the body and brain | Health and medical records | Genome-wide genotype data
yes
Open radical cystectomy (ORC) | Robot-assisted radical cystectomy (RARC)
no
Translation of non-genic sequences is expected to produce insignificant polypeptides. | Mutations in some genes occur mainly in tumors with large background mutation rates. | The existing list of imprinted genes is probably far from being comprehensive.
CNV-RF | MethPed classifier | Insufficient evidence in retrieved documents.
pre-exposure prophylaxis of human immunodeficiency virus (HIV) infection | pre-exposure prophylaxis (PrEP) | prevent HIV infections
yes
Are you interested in STING agonists for research, clinical trials, or a specific disease?
nivolumab | ipilimumab | sunitinib
PIK3CA
Are you asking about a gene, a disease, or something else related to Camurati-Engelmann disease?
Are you asking about the SLIC classification system for cervical spine injuries or something else?
no
X-linked hypophosphataemia (XLH) | tumor-induced osteomalacia(TIO)
Loss-of-function nuclear factor κB subunit 1 (NFKB1) variants | Monoallelic loss-of-function mutations in NFKB1 | Heterozygous loss-of-function variants in NFKB1
prophylaxis against human cytomegalovirus in immunocompromised transplant recipients | prophylaxis in stem cell transplant recipients | human cytomegalovirus infection treatment | prophylaxis of CMV infection and disease
Are you asking about the esophageal motility disorder?
yes
Burning mouth syndrome (BMS) is a chronic condition characterized by a burning sensation in the oral mucosa [1, 2, 3, 4, 5]. It may also be associated with dry mouth, taste alterations, and the absence of visible lesions [1, 3, 5]. BMS primarily affects peri- and postmenopausal women [2].
Diagnostic biomarker | Screening marker for HCC | Serum tumor marker
yes
Severe rotavirus disease | Rotavirus infection
yes
The Mcm2-Ctf4-Polα axis facilitates the transfer of parental (H3-H4)2 tetramers to lagging-strand DNA at replication forks. Parental (H3-H4)2 complexes displaced by DNA unwinding are transferred by the CMG-Ctf4-Polα complex to lagging-strand DNA for nucleosome assembly. Ctf4 also plays a role in coupling the MCM2-7 helicase to DNA polymerase alpha.
Are you asking about the genetic or developmental aspects of anophthalmia?
DNA nuclease that resolves chromatin bridges during late mitosis | Acts cooperatively with the BRC-1/BRCA1 homologous recombination factor to promote genome integrity | Involved in the combinatorial regulation of meiotic recombination repair and chromosome segregation in Caenorhabditis elegans | Processes DNA bridges right before cells divide | Locally processes chromatin bridges that arise from incomplete DNA replication, unresolved recombination intermediates, or the perturbance of chromosome structure
Ultraconserved elements (UCEs) are used to resolve phylogenetic relationships within the radiation of Australasian smurf-weevils (Eupholini). The study using UCEs found the current taxonomy problematic and that most loci required multiple partitions for nucleotide rate substitution.
Botulism toxin acts on the muscle by affecting the presynaptic synaptic membrane and inhibiting the release of acetylcholine at the motor end plate. Acetylcholine is a neurotransmitter responsible for muscle contraction, and blocking its release results in muscle weakness and paralysis. The toxin's effect is irreversible.
Pilocytic astrocytoma (PA) | Glioma | High-grade gliomas (HGG)
Adaptor protein in the activation of type I interferons | Cytosolic sensor for cyclic dinucleotides | Adaptor molecule for intracellular DNA receptors
UPDtool | AsCNAR | SNPtrio | microsatellite analysis
Apalutamide is an androgen receptor (AR) antagonist that targets the AR ligand-binding domain. It inhibits the binding of androgen to AR, prevents AR nuclear translocation, DNA binding, and transcription of AR gene targets.
TRK kinases | TRK tyrosine kinase
Bayesian methods, including Bayesian Inference (BI), are used with haplotype sequences for phylogenetic reconstructions and divergence dating among lineages. A Bayesian framework is also used for improved genotyping.
Telangiectasias | Erythrocytosis and elevated Erythropoietin | Monoclonal gammopathy | Perinephric fluids collections | Intrapulmonary shunting
Are you interested in the symptoms, causes, diagnosis, or treatment of Herpetic Whitlow?
Cystic fibrosis (CF) | Screening test for cystic fibrosis
Daily oscillation in leaf orientation | Periodic leaf-movement of legumes | Circadian leaf opening and closing of Fabaceae
yes
tmVar | tmVar 2.0
DeepVariant
Inflammation | Metabolism
Pitolisant is an antagonist/inverse agonist of the histamine H3 receptor. This action increases histaminergic tone in the wake-promoting system of the brain, ultimately improving wakefulness. It is a first-in-class agent that utilizes histamine.
*   tmVar: a text-mining approach based on conditional random field (CRF)
*   nala: combining conditional random fields with word embedding features learned unsupervised from the entire PubMed
focal adhesion kinase (FAK) | proline-rich tyrosine kinase-2 (Pyk2)
Are you asking about chrysophanol as a chemical compound, a medication, or something else?
2.7% | 1 in 38
Insufficient evidence in retrieved documents.
Are you referring to a specific diagnostic tool, research project, or something else?
Esophageal cancers | Gynecological cancers | Human cancers | ESCC progression
no
ADAM17 inhibition prevents CD16 shedding after NK-cell activation, which should promote enhanced killing of cancer. This suggests ADAM17 is involved in CD16 shedding in NK cells.
Persistent or recurrent orofacial edema | Relapsing facial paralysis | Fissured tongue | Peripheral facial nerve paralysis | Congenital "lingua plicata" | Noninflammatory facial oedema | Orofacial swelling | Facial palsy | Facial nerve palsy | Orofacial edema
yes
yes
yes
mmquant | htseq-count | featureCounts | EMASE (Expectation-Maximization for Allele Specific Expression)
no
Clostridium difficile | Clostridium difficile infection (CDI) | R-CDI
yes
June 2017
Calcitonin gene-related peptide receptor | Calcitonin gene-related peptide
CADD scores are predictive scores for single-nucleotide variants (SNVs) and short insertion/deletions in all areas of the genome. These scores predict pathogenicity. CADD is built from more than 60 genomic features.
Are you asking about prolactinomas in humans or in animals?
ITGA4 | ITGB8 | ITGAL | ICAM1
DSMNC
trifluridine | tipiracil | tipiracil hydrochloride
Epigallocatechin, specifically epigallocatechin gallate (EGCG) and epigallocatechin-3-O-gallate, is associated with protective effects on the cardiovascular system. These protective effects include amelioration of cardiac hypertrophy and fibrosis, attenuation of hypertension and sympathoexcitation, and general vascular protection.
Tucatinib is a potent and selective oral HER2 tyrosine kinase inhibitor (TKI). It is designed to target and inhibit the HER2 protein.
Anaplastic lymphoma kinase (ALK) | ROS1 | Orphan receptor tyrosine kinase c-ros oncogene 1
Porphyromonas gingivalis | Treponema denticola
yes
Binding to GM1 | Binding to the intestinal cell surface | Binds up to five GM1 glycosphingolipids
Lurbinectedin inhibits active transcription, specifically by targeting RNA polymerase II, which leads to DNA breaks. This inhibition triggers caspase-dependent apoptosis of cancerous cells and modulates the tumor microenvironment. Lurbinectedin also inhibits the DNA repair machinery in tumor cells.
yes
Phosphatidylinositol 3-kinase (PI3K)-δ | PI3K-γ
MaxQuant | Proteome Discoverer | Mascot | X!Tandem | MS-GF | MS Amanda | MyriMatch | Comet | Tide | Andromeda | OMSSA
yes
yes
novel genes in systemic lupus erythematosus
no
Motolimod is a selective Toll-like receptor 8 (TLR8) agonist. It stimulates natural killer (NK) cells, dendritic cells, and monocytes. Motolimod can also sensitize T cells and augment natural killer (NK) cell function.
yes
dolutegravir | abacavir | lamivudine
no
Capillaria hepatica | C. hepatica
neuronal ceroid lipofuscinosis type 2 (CLN2) disease | CLN2 | motor function loss in paediatric patients ≥3 years of age with CLN2
yes
PARP1 functions in nuclear DNA repair, gene transcription, and differentiation through modulation of chromatin structure. It also acts as a molecular stress sensor, a DNA damage sensor, and a transcriptional coactivator of nuclear factor kappaB (NF-kappaB) and hypoxia inducible factor 1 (HIF1).
no
mutant IDH1 | mutated cytosolic isocitrate dehydrogenase 1 | IDH1
Are you asking about a gene, a protein, a drug, or something else?
four-channel single-reaction multiplexing with orthogonal CRISPR enzymes | quantitative measurement of input as low as 2 attomolar | 3.5-fold increase in signal sensitivity by combining Cas13 with Csm6, an auxiliary CRISPR-associated enzyme | lateral-flow readout
yes
no
yes
Telomerecat
Activated | Changes in chromatin composition can lead to activation | Insufficient evidence in retrieved documents.
Taraxasterol has a protective effect against rheumatoid arthritis by modulating inflammatory responses in mice.
yes
lysosomal acid lipase (LIPA) enzyme | lysosomal acid lipase (cholesteryl ester hydrolase, LAL) | hLAL
yes
Are you asking about a gene, a protein, or something else related to MOV10?
yes
Yolk sac tumor (YST) | Hepatocellular carcinoma (HCC) | Ovarian Sertoli-Leydig cell tumors (SLCTs)
no
Amegakaryocytic thrombocytopenia
no
CD28 functions as a receptor for bacterial superantigen toxins, broadening pathogen recognition mechanisms. It is expressed on T cells and acts as a costimulatory ligand in the immune response. Bacterial superantigens induce an inflammatory cytokine storm.
Extracellular proteome of bacterial pathogens | Proteins found outside of the cells | Insufficient evidence in retrieved documents.
Achalasia | Adrenal insufficiency | Alacrima
CRT0066101 is a specific inhibitor of all protein kinase D (PKD) isoforms. It has antitumor activity and suppresses bladder cancer growth by blocking the cell cycle at G2/M.
tBID | BID
Are you asking about PhenomeCentral in relation to a specific disease or research project?
Listeria spp. | Listeria monocytogenes | bacteria of the genus Listeria
no
CGRP receptor | CGRP receptor | CGRP receptor
no
Super-enhancers can be used as potential biomarkers for disease diagnosis because disease-associated sequence variations are enriched in super-enhancer regions of disease-relevant cell types.
Could you clarify what context you need this list for (e.g., specific disease, research area, or drug interaction)?
yes
yes
Fidaxomicin | Antibiotics | Insufficient evidence in retrieved documents.
p16INK4a (p16) is a biomarker of HPV oncogenic activity. E6 and E7 viral proteins also mediate HPV-induced carcinogenesis.
Car | Relax | Alone | Forget | Friends | Trouble
Bartender is an accurate clustering algorithm designed to detect barcodes and their abundances from raw next-generation sequencing data. It uses a modified two-sample proportion test that considers cluster size. Bartender consists of simple-to-use command line tools.
Alipogene tiparvovec (Glybera®)
yes
B cells | T cells | CD4 T cells | CD8 T cells | NK cells | Th17 cells | regulatory Treg-cells | CD3+ T-cells | Dendritic cells
netupitant | palonosetron
Are you referring to a specific software, simulation, or medical concept?
Insufficient evidence in retrieved documents.
Tetrocarcin-A induces apoptosis in tumor cells. It antagonizes Bcl-2 functions, sensitizing tumor cells to cell death signals and may inactivate the PI3-kinase pathway.
Serotonin | Gamma-aminobutyric acid
Parkinson's disease | Parkinson disease
Eliquis(®) | Eliquis™ | Eliquis
MATLAB environment
yes
SHERLOCK
CRISPR-Cas12a proteins are RNA-guided enzymes that bind and cut DNA as components of bacterial adaptive immune systems. They can be used for genome editing and exhibit indiscriminate single-stranded DNase activity upon target binding.
Oral direct factor Xa inhibitor | Direct oral anticoagulant (DOAC) | Selective factor Xa inhibitor
yes
11p11.2p12 | short arm of chromosome 11 | 11p13-p12
Toxin A | Toxin B | Toxin C
Visceral adipose tissue | White adipose tissue | Adipose tissue
Are you interested in adipokines in the context of a specific disease or condition?
Deafness | Onychodystrophy | Osteodystrophy | Intellectual disability | Seizures | Dystrophic thumbs | Increased urinary levels of 2-oxoglutarate | Hypoplastic or absent nails on the hands and feet | Small or absent distal phalanges of the hands and feet | Mental retardation | Sensorineural hearing loss
pedigreejs | Madeline 2.0 PDE
Solriamfetol functions as a dual reuptake inhibitor of dopamine (DA) and norepinephrine (NE). This activity increases the extracellular concentrations of DA and NE and is likely responsible for its wake-promoting effects.
Cas13a and C2c2 are the same thing; C2c2 is the previous name for Cas13a, which enables sequence-specific cleavage of single-stranded RNA molecules.
Brown algae | Seaweeds
Mammalian tissues | Intracellular and extracellular compartments | CNS including the inner and outer retinae
Cariprazine's mechanism of action involves a unique pharmacological profile dependent on dopamine D3 receptors. It is a partial agonist at the D2 and D3 receptors, as well as the serotonin 5-HT1A receptor, and acts as an antagonist at 5-HT2B and 5-HT2A receptors.
IRscope | online program | visualization tool
ArachnoServer
CRISPR-Cas12a (Cpf1) | CRISPR-Cpf1 (CRISPR-Cas12a) | Insufficient evidence in retrieved documents.
Bezlotoxumab | Actoxumab
Modulates the host immune-inflammatory response | Modulates bone metabolism | Might be involved in dental implant osseointegration | Tumor suppressor | Plays important role in innate immunity | Represses AKT through multiple mechanisms
no
pyNBS
Cofilin 2 | Zyxin | Alpha-actinin
yes
yes
Are you asking about a medication, a clinical trial, or something else related to CVT-301?
yes
PF-04523655 | TKM-080301 | Atu027 | SYL040012 | SYL1001 | siG12D-LODER | QPI-1002 | QPI-1007 | patisiran
intestinal epithelial cells | intestine | enterocyte
DCAF17 gene mutation | DCAF17 mutations | c.436delC DCAF17 Gene Mutation
TAPAS | VAAPA | PlantAPA
Are you asking about patisiran as a medication, or something else?
Partial epilepsy | Partial and secondary generalized seizures
MGA repository | Cistrome database | Cistrome DB (Cistrome Data Browser)
Approximately 50 | 50 | Insufficient evidence in retrieved documents.
Inclisiran inhibits PCSK9 synthesis specifically in the liver by harnessing RNA interference. It promotes the degradation of PCSK9 mRNA transcripts, thus inhibiting the translation of PCSK9 mRNA and reducing LDL-C.
Protein Contacts Atlas
Are you asking about the medication Opdivo?
yes
no
Ocular hypertension | Open-angle glaucoma
yes
Metastatic melanoma | Metastatic non-small-cell lung cancer | Recurrent or metastatic head and neck cancer | Refractory Hodgkin lymphoma | Urothelial carcinoma
Treatment for cancer patients with positive microsatellite instability-high (MSI-H) markers or mismatch repair deficient (dMMR) markers | dostarlimab for mismatch repair deficiency(dMMR) | dabrafenib and trametinib for BRAF V600E
Prevnar 13 consists of 13 serotype-specific polysaccharides of Streptococcus pneumoniae (pneumococcus), each covalently conjugated to a non-toxic immunogenic carrier protein.
Oral
Primary ovarian insufficiency | POI | Infertility in young women
split-decomposition | NeighborNet | QNet | FlatNJ | SPECTRE
apoE-derived small peptide mimetics | dual-domain apoE mimetic peptide, Ac-hE18A-NH(2)
Sex influences SAMHD1 activity in primary human macrophages. SAMHD1 exists in a hyperphosphorylated, less active state in male-derived macrophages, while CDK1, the kinase responsible for SAMHD1 phosphorylation, exhibits lower levels of expression in female-derived macrophages.
Latent enhancers are regions of the genome that, in terminally differentiated cells, are unbound by transcription factors and lack the histone marks characteristic of enhancers. They acquire these features in response to stimulation.
COG112 is a modified version of COG133 created by fusing COG133 to a protein transduction domain. This modification enhances anti-inflammatory bioactivities in vitro and improves therapeutic effects on EAE in vivo.
no
yes
yes
no
Neutrophils | Macrophages | Distinct subtypes of dendritic cells | Lacrimal acinar cells
Olive oil | Olive Leaf Extract (OLE) | Insufficient evidence in retrieved documents.
poorly controlled eosinophilic asthma | persistent allergic or nonallergic eosinophilic asthma | uncontrolled eosinophilic asthma
Regulator of basal intracellular free magnesium levels | Magnesium transporter | Magnesium transporter 1
yes
Histone acetyltransferase (HAT) | Transcriptional co-activator | Regulates gene expression by acetylating chromatin
ironwort | mountain tea
Gas vesicles (GVs) are used as contrast agents in ultrasound and MRI. They can produce contrast in MRI and act as nanoscale reporters for ultrasound. Their physical properties allow them to serve as highly sensitive imaging agents.
toad venom
In what context are you asking about super-enhancers?
no
Relict mitochondrion with greatly reduced metabolic capability | Simplest and least well-studied type of anaerobic mitochondria
US$475,000 | Price not including hospital admission | Price not including treatment of side effects
pyrimidine de novo biosynthesis pathway | pyrimidine biosynthetic pathway | de novo pyrimidine biosynthesis
OPRM1 | PTGS2
yes
Refractory or relapse (R/R) B cell precursor acute lymphoblastic leukemia | Pediatric patients and young adults with refractory or relapse (R/R) B cell precursor acute lymphoblastic leukemia | Relapsed/refractory B-cell acute lymphoblastic leukemia (B-ALL)
Promotes astrocyte differentiation | Driver of astrocyte differentiation | Specifies glial cell identity
Tocilizumab is a monoclonal antibody that acts as an interleukin-6 (IL-6) receptor antagonist. It inhibits IL-6 binding to both soluble and membrane-expressed IL-6 receptors, effectively blocking IL-6 actions.
Human sperm | Male germ cells | Nuclear proteins
yes
no
In what context are you interested in analyzing exosomes with FACS?
Bristol-Myers Squibb | Bristol Meyer Squibb
Are you asking about DMARDs in relation to a specific condition, like rheumatoid arthritis?
To transfer mitochondria from cell type A to cell type B | To transfer mitochondria from donor cells to target cells | Insufficient evidence in retrieved documents.
yes
no
Hematological disorders | Kidney disorders | Systemic connective tissue disorders | Autoimmune disease | Multiple Sclerosis (MS) | Systemic lupus erythematosus (SLE) | Lupus nephritis (LN)
yes
Quorum sensing is a communication mechanism between bacteria where they use signal molecules to share information about cell density and regulate gene expression. This process modulates various cellular functions and behavior patterns, including sporulation, biofilm formation, bacteriocin production, and virulence responses.
Deficiency of galactocerebrosidase (GALC) | Mutations in the GALC gene | Deficiency of β-galactocerebrosidase
c.19G>A, p.Val7Met
Stem cellular physiology process | Self-renewal | Maintaining pluripotency
Treatment of gastrointestinal complaints | Treatment of inflammation | Treatment of rheumatic disorders | Loosening agent in bronchitis and bronchial asthma | Against the common cold and lung emphysema | Treatment of coughs | Prevention of anemia
Noonan syndrome is characterized by dysmorphic features, webbed neck, cardiac anomalies, short stature, cryptorchidism, facial dysmorphism, congenital heart disease, developmental complications, and an elevated tumor incidence rate. The syndrome also presents with high phenotypic variability.
no
yes
Are you asking about the primary arthropod vector in a specific geographic region or in general?
yes
no
no
yes
Toxocara canis | Toxocara cati
dbSUPER is an integrated and interactive database of super-enhancers. It aims to provide a resource for studies related to transcriptional control of cell identity and disease, offering a user-friendly web interface.
Retina | Olfactory bulb | Central nervous system | Pancreatic islets
no
Are you asking about YESCARTA as a medication or something else?
Insufficient evidence in retrieved documents.
Cumulative measure of environmental influences and associated biological responses throughout the lifespan | An individual's lifetime spectrum of chemical exposures beginning at conception | Comprehensive study of life-course environmental exposures and the associated biological responses
autologous CD34+ cells transduced to express adenosine deaminase (ADA)
yes
Human surfaceome
Luxturna
Mir140 is essential for normal endochondral bone development. Reduced BMP signaling caused by Dnpep upregulation may play a causal role in the skeletal defects of Mir140-null mice.
Luxturna | Voretigene neparvovec | Adeno-associated virus vector gene therapy
Psychosocial stress | Psychological stress | Human stress response
Recognition of DNA encoded viruses | Intrinsic antitumor immunity | Surveillance of HBV infection
no
Why we build models of human performance | What the expectations of a good human performance model are | What the procedures and requirements in building and verifying a human performance model are | How we integrate a human performance model with system design | What the possible future directions of human performance modeling research are
Tc toxins perforate the host cell membrane using a syringe-like mechanism to inject a toxic enzyme into the host cytosol. TcA forms the translocation channel, while the TcB-TcC heterodimer shields the toxic enzyme.
Runt related factor-2
Forefoot
yes
yes
Acoustic reporter genes are genetic constructs that allow bacterial gene expression to be visualized in vivo using ultrasound.
Lipin 1 protein functions as a phosphatidic acid phosphohydrolase (PAP) enzyme in the triglyceride-synthesis pathway, regulating glycerolipid homeostasis. It also acts as a co-transcriptional regulator in lipid metabolism and is involved in other cell processes.
Alnylam Pharmaceuticals
Moe | moesin
yes
no
Stomach | Hypothalamus | Placenta
ezrin | radixin | moesin
Are you asking about the role of epitranscriptomics in a specific disease or condition?
Are you asking about resistin in the context of research, a specific disease, or something else?
no
ADP-actin filaments | ATP/ADP-Pi-actin filaments
Major gas vesicle protein | Forms a single-layer wall | Component of the gas vesicle wall
A sensorimotor rhythm (SMR) based Brain-Computer Interface (BCI) uses modulation of sensorimotor rhythms (SMR) as a control signal. SMR-BCIs typically require user training.
no
Aicardi-Goutieres syndrome (AGS)
SINA protein | TRIM proteins | MARCH7 | RING1 | Ring1b
Mutations in the FAAH gene are associated with increased body weight and obesity. They are also associated with problem drug use and dependence upon substances like cocaine, alcohol, marijuana, heroin, and nicotine.
Breakdown of central tolerance | Primary immunodeficiency | Decreased expression of self antigens in the thymus
yes
yes
Are you asking about aphasia as it relates to a specific condition or area of the brain?
yes
Acyl-homoserine lactones (AHLs) are used by bacteria as quorum sensing (QS) signals to coordinate behavior at the population level. This quorum sensing is a cell density-dependent gene regulation. AHLs also play a role in biofilm formation and bacterial colonization.
Follicular non-Hodgkin's lymphoma | Diffuse large B-cell non-Hodgkin's lymphoma | Rheumatoid arthritis | Chronic lymphocytic leukemia | Granulomatosis with polyangiitis (formerly Wegener's granulomatosis) | Microscopic polyangiitis | MuSK myasthenia gravis | Refractory lupus nephritis
yes
yes
yes
yes
no
Hereditary nephritis | Sensorineural deafness | Ocular abnormalities
no
Are you asking about a medication?
no
The Barricaid annular closure device is designed to provide durable occlusion of the annular defect. It has been shown to significantly lower the risk of symptomatic reherniation.
Rett syndrome | Neurodevelopmental disorder | RTT
yes
activin type II receptors | ActRII
Transcription initiation region of RNA polymerase III | Transcription initiation sites of genomic tRNA genes | Genomic tRNA genes
Sacral bony deformity/abnormality/defect | Anorectal malformation | Presacral mass
June 2014
Are you asking about invasomes in relation to drug delivery, cancer research, or something else?
uc.339 | uc.454
no
yes
Unilateral horizontal gaze palsy | Internuclear ophthalmoplegia | Horizontal conjugate gaze palsy | Lateral gaze palsy in one direction and internuclear ophthalmoplegia in the other
In advance of the 2015-2016 season
Sarcomas | Breast cancers | Brain tumors | Lung and laryngeal cancers | Leukemia | Adrenocortical carcinomas | Lymphoma | Lung carcinoma | Carcinoma of the breast
yes
Anorexia | Migratory Pain | Local Peritonism | Elevated C-reactive protein | Neutrophilia | Male gender (Dude)
SSX proteins are a family of cancer-testis antigens that act as co-repressors and are involved in transcriptional control and the (de)regulation of target genes.
yes
Invaplex 50 is a macromolecular complex containing IpaB, IpaC, and LPS, formulated from an aqueous extract of virulent Shigella. It is delivered via nasal administration and is being developed as a vaccine for Shigellosis. Preclinical testing has demonstrated safety, immunogenicity, and efficacy.
*   Skewed X chromosome inactivation
*   Structural abnormalities of the X chromosome
Hotair | Mir155hg | SR-lncRNA-1 | SR-lncRNA-2
Nearly 5,000 | 5,000 | Insufficient evidence in retrieved documents.
GPR151 is an orphan G-protein coupled receptor (GPCR) for which the endogenous ligand remains unknown. Its mRNA is highly and specifically enriched in habenular neurons. It is also expressed in the dorsal horn of the spinal cord and dorsal root ganglion, implying a role in nociception.
no
B-cell activating factor | soluble BLyS | BLyS (B-lymphocyte stimulator)
Non-convulsive status epilepticus (NCSE)
KMT2C (also known as MLL3) | ASH2 | WDR5 | SET1 (also known as SETD1A) | KMT2D | KDM6A
yes
Multiple Sclerosis | MS
monomethylation of Lys4 on histone H3 (H3K4) | lysine methyltransferase | histone methyltransferase
Insufficient evidence in retrieved documents.
bipolar | schizophrenia | attention-deficit/hyperactivity disorder
melanocytes
BANK1 | ATG5 | ATG7
yes
Single-dose | Single-dose oral | One
acylcarnitines and carnitine | acyl moieties in the form of acylcarnitines | carnitine/acylcarnitine
H1N1 vaccine strain | H3N2 vaccine strain | B vaccine strain
no
Insufficient evidence in retrieved documents.
HER2 | Epidermal growth factor receptor (EGFR)
Streptobacillus moniliformis | Gram-negative bacterium
Gata3 is a transcription factor expressed in Th2 cells that is induced by IL-4 and stabilized by a GATA3-dependent autoregulatory loop. Gata3 forms a complex with Chd4 to activate Th2 cytokine transcription and repress IFN-γ. Posttranslational modifications of Gata3 control the regulation of IFNγ expression in memory Th2 cells.
Disambiguate is a program designed to computationally separate sequencing reads from two species in grafted samples. It operates on DNA or RNA-seq alignments, separating the components with high sensitivity and specificity. This enables maximum data recovery from target tumors, improving variant calling and gene expression quantification.
yes
yes
Toll receptor | Toll-1
CRISPR/Cas9 | TALENs | Zinc finger nucleases (ZFNs)
yes
PRDM9 is a zinc finger histone methyltransferase that plays a crucial role in meiotic recombination in mammals. It specifies the location of recombination hotspots by directing double-strand breaks and trimethylating H3K4. It also trimethylates H3K36, which may be important in the recombination process.
Neo4j | graph database | NoSQL database engines
Oral | Single-dose oral
Insufficient evidence in retrieved documents.
EphA2 is implicated in acquired resistance to EGFR kinase inhibitors. It has been identified as a resistance mediator, and its blockade can overcome this resistance in lung cancer. Chemical proteomics can be used to discover kinase inhibitor resistance related to EphA2.
Slc22a3 is maternally expressed and its paternal allele is silenced by the Air RNA. Air interacts with the Slc22a3 promoter chromatin and the H3K9 histone methyltransferase G9a, leading to H3K9 methylation and transcriptional repression of the paternal allele.
14-3-3 dimers regulate the steady-state phosphorylation of both wild-type and mutant Tau. Recruitment of these dimers on accumulating wild-type Tau increases its steady-state levels, dependent on phosphorylation.
yes
The BioPlex network is a comprehensive map of human protein interactions and a systematic exploration of the human interactome. It is a large-scale interactome data set based on AP-MS of baits from the human ORFeome and represents the first phase of a long-term effort to profile the entire human ORFEOME collection.
ExpansionHunter | ExpansionHunter Denovo
modified factor Xa | factor Xa
5-hydroxymethylcytosine (5hmC) connects DNA demethylation to nucleosome remodeling complexes, suggesting a relationship between 5hmC and nucleosome positioning. However, the exact nature of the correlation between nucleosome positions and 5mC/5hmC is not fully elucidated in the provided snippets.
trifluridine | tipiracil
Are you asking about 23andMe in relation to genetic testing for disease risk, ancestry, or something else?
no
Pituitary
CVD 103-HgR | Orochol | Mutachol
PRDM9 is a DNA-binding protein that recognizes specific DNA motifs to define the locations of recombination hotspots. The DNA binding specificity of PRDM9 determines where these hotspots occur.
*   miR-137
*   miR-128
*   miR-16
Insufficient evidence in retrieved documents.
Pleuromutilin class of antibacterials | Newly developed class of antibiotics
Ozanimod is an agonist of the sphingosine-1-phosphate receptor subtypes 1 and 5 (S1P1 and S1P5). This induces peripheral lymphocyte sequestration, potentially decreasing the number of activated lymphocytes circulating to the gastrointestinal tract. It is a selective, oral sphingosine-1-phosphate receptor modulator.
Are you asking about Syndecans in relation to a specific disease or condition?
Are you asking about chemokinesis in a specific cell type or disease context?
Cell proliferation | Cell differentiation | Cell migration
The evidence regarding the link between dental x-rays and brain tumor risk is contradictory. Some studies suggest a statistically significant association between dental x-ray exposure and meningioma, while others suggest no correlation between dental x-rays and benign brain tumors, including meningioma.
yes
Uc.63+ | Uc.158+A | Uc.416+A
yes
double PHD finger (DPF) | MYST domain
Sanofi
no
no
PTEN pseudogene | Endogenous RNA
Ulcerative colitis | Crohn's disease | Arthritis
Are you asking for a list of ACE inhibitor medications?
Androgen deprivation therapy affects pain perception in men with prostate cancer.
Open Access and Collaborative Consumer Health Vocabulary | Contains health-related terms used by lay consumers | Facilitates consumers' health information retrieval
Autosomal dominant Alzheimer's disease is a rare form of Alzheimer's disease caused by mutations in the amyloid precursor protein, presenilin 1, or presenilin 2 genes. Biomarkers of the disease include amyloid deposition, altered glucose metabolism, and structural atrophy. It is also referred to as familial Alzheimer's disease (FAD).
Retinopathy | Aplastic anemia | Nail dystrophy | Cerebellar hypoplasia | Exudative retinopathy | Bone marrow failure | Neuroradiographic abnormalities | Integumentary findings
no
yes
no
Modified Vaccinia virus Ankara expressing Antigen 85A
no
yes
Decreased levels of glycolytic intermediates such as glucose-6-phosphate, fructose-6-phosphate, fructose-1,6-diphosphate, pyruvate, and lactate | Did not affect the levels of the pentose phosphate pathway intermediates such as 6-Phospho-D-gluconate, ribulose-5-phosphate, ribose-5-phosphate and phosphoribosyl pyrophosphate | Reduced Il17 transcription through decreased activation of the cAMP response element modulator α (CREM-α) | Reduced activation of the AKT/mTOR pathway | HO-1 expression is mediated by CAMK4 and that Akt is a downstream mediator of CAMK4 in crocin signaling | CaMK4 inhibition has potential as a therapeutic strategy for Th17-driven autoimmune diseases.
Are you asking for a list of specific diseases caused by mutations in cohesin complex genes?
ferrochelatase | FECH
no
3' flanking region | 196R allele | TNFR2 gene
Are you asking about a tool, a gene, or something else related to VISMapper?
Are you asking about a specific condition, a gene, or something else related to tau proteins?
no
yes
A cytokine storm is an immune reaction to an acute or chronic injury [1]. It is an aggressive immune response characterized by the recruitment of inflammatory leukocytes and exaggerated levels of cytokines and chemokines [2]. This can lead to unregulated activation of the proinflammatory cascade, often contributing to multisystem organ failure and even death [3, 4].
SNP2TFBS
phosphonormalizer
yes
Coronaviridae | Alphacoronavirus | feline coronavirus family
A cytokine storm is an aggressive immune response or reaction to injury, characterized by an unregulated activation of the proinflammatory cascade and an over-production of inflammatory markers. This can lead to an aberrant systemic inflammatory response, potentially contributing to multisystem organ failure and death.
no
yes
Are you asking about a medication, a medical device, or something else?
yes
yes
Nascent chromatin has a shortened repeat length (165 bp) compared to mature chromatin (288 bp) | Nascent chromatin is more sensitive to DNase I | Nascent chromatin is more soluble in magnesium
yes
yes
yes
The mouse Fxy gene spans the pseudoautosomal boundary. The first three exons of the gene are located on the X chromosome, while the remaining exons are located on both the X and Y chromosomes.
no
PET measures the physiological distributions of radiolabeled tracers in vivo. It can be used to measure regional cerebral flow (rCBF) and regional brain glucose metabolism. PET is also used in the detection of recurrence or metastasis.
yes
Could you please provide more context about where you encountered the term "GeneCodeq"?
no
yes
Apoptotic bodies are generated during apoptotic cell shrinkage and death [1]. They are considered hallmarks of apoptosis in treated cells [3] and function as extracellular vesicles involved in cell-to-cell communication [2].
no
ISW1 and CHD1 are ATP-dependent chromatin remodelers involved in transcription-related chromatin remodelling and maintaining chromatin configuration in yeast. They compete to set nucleosome spacing, with CHD1 directing short spacing and chromatin unfolding, while ISW1 directs longer spacing and chromatin condensation. Isw1b and Chd1 also regulate chromatin structure by preventing trans-histone exchange and maintaining chromatin integrity during transcription elongation.
yes
Esophageal squamous cell carcinoma | Breast cancer | Osteosarcoma | Thyroid cancer
yes
Idiopathic toe walking is a condition characterized by walking on the toes, typically after the age of three, and is diagnosed after excluding other underlying developmental, neurological, neuromuscular, or orthopedic reasons. It is a relatively common developmental condition.
no
no
Alzheimer's disease | Parkinson's disease | Amyotrophic lateral sclerosis | Frontotemporal dementia
Pentacel is a combination vaccine (DTaP(5)-IPV-Hib), whereas Daptacel is a diphtheria, tetanus, and acellular pertussis vaccine (DTaP(5)) that is one of the components of Pentacel. Pentacel combines Daptacel with inactivated poliovirus vaccine (IPV) and Haemophilus influenzae type b (Hib) vaccine.
no
yes
Are you asking about radioprotective agents for a specific condition, or are you looking for a general list?
Impair phosphorylation of signaling molecules in response to T cell receptor crosslinking | Deregulation of immune system | Significantly inhibited cell viability and migration, and promoted Schwann cells apoptosis
no
PAR1 | PAR2
Herd immunity is a type of community immunity achieved through vaccination, which drives population control of disease beyond those who are vaccinated. A herd immunity exceeding 95% is required to prevent sporadic viral outbreaks in a population.
no
Relapsing-remitting multiple sclerosis | Primary progressive multiple sclerosis | Secondary progressive multiple sclerosis
A study aimed to assess the safety and efficacy of opicinumab in patients with relapsing multiple sclerosis [1, 2, 3, 4, 5]. The study was a randomised, placebo-controlled, phase 2 trial [1].
CD19-expressing B cells | CD19
Eculizumab may be effective for Guillain-Barré syndrome. A recent study suggests eculizumab might improve the outcomes of GBS patients at six months from onset.
Are you interested in Mcl-1 inhibitors currently in clinical trials, approved for use, or something else?
Are you asking about how viruses interact with autophagy in general, or a specific virus?
MPE-seq is a method for characterizing chromatin structure genome-wide. It involves digesting nuclei with MPE-Fe(II), which preferentially cleaves linker DNA between nucleosomes, followed by massively parallel sequencing. This method allows for the analysis of chromatin structure with minimal DNA sequence bias.
RotaTeq | Rotarix
no
Insufficient evidence in retrieved documents.
Could you please specify what "f-scLVM" refers to in this context?
yes
Longer than 200 nucleotides | >200 nucleotides | More than 200 nucleotides in length
Are you asking about a gene, a protein, a drug, or something else?
Cutaneous lupus erythematosus | Systemic lupus erythematosus | Rheumatoid arthritis | Treatment of malaria | Prophylaxis of SARS-CoV-2 infection (not recommended) | Treatment of patients with mild COVID-19 (not recommended)
no
Are you asking about a specific type of telangiectasia or telangiectasia in relation to a particular condition?
yes
endothelial cells | pneumocytes | surface enterocytes of the small intestine | various tissues
chromosome 15 | LiPS-A3S genomic locus
A J pouch is a surgically created pouch that can be either ileal or colonic. It is connected to the anus or rectal stump via anastomosis and is used in the treatment of conditions like ulcerative colitis, familial adenomatous polyposis, and rectal carcinoma. Different J pouch designs exist.
Na-K-2Cl cotransporter function | 2 chloride co-transporter
no
yes
Trilaciclib is an intravenous CDK4/6 inhibitor. It is in development to proactively preserve HSPC and immune system function during chemotherapy (myelopreservation).
transdermal drug-coated microneedle patch system | microneedle patch system | ZP-PTH
Osteoporosis
CLCNKB | ClC-Kb
Metabolite annotation in metabolomics | Searching by mass values measured using mass spectrometry | Hunt for tryptic peptides that are unique to a particular species
senktide
Angiotensin II receptor | Olmesartan medoxomil metabolite | OLM
B cells | pDCs | Immune cells
DeepCpG
June 10, 2016 | First FDA-Approved | the first vaccine approved by the Food and Drug Administration
leuprorelin acetate
Astellas Pharma GmbH
edit-distance
20 | At least 20 | 20 copies
MannKind Corporation | Sanofi | Eli Lilly and Company Ltd
DeepSynergy
no
yes
easyGWAS
yes
Are you asking about a vaccine?
microinjection system | Soluvia™
Exubera | Afrezza
The mouse Fxy gene, which spans the pseudoautosomal boundary, was recently translocated into the pseudoautosomal region, leading to a rapid increase in GC content [1, 3]. This accelerated evolution may be due to GC-biased gene conversion [2]. The gene might be transitioning between pseudoautosomal and X-unique locations [3].
320-kb
yes
Niemann-Pick Type A and Type B disease | Niemann-Pick Disease Types A and B (NPD A and B) | Niemann-Pick disease (NPD) types A (NPD A) and B (NPD B)
autosomal-recessive omodysplasia
Hearing loss | Pigmentary changes of the hair or skin | Heterochromia iridis | Dystopia canthorum | Broad nasal root | Confluent eyebrows | White forelock | Sensorineural deafness | Pigmentation abnormalities
no
yes
huntingtin gene | IT15 gene | HTT gene
Pancreatic cancer (PCa) | Glioblastoma | Multiple types of cancer
no
yes
70 | a large number | Insufficient evidence in retrieved documents.
BCR-ABL1 | BCR-ABL tyrosine kinase
Severe acute respiratory syndrome (SARS) | Middle East respiratory syndrome (MERS) | Coronavirus Disease-19 (COVID-19)
Fitz-Hugh-Curtis syndrome is characterized by perihepatic and pelvic inflammation. It often presents with violin string adhesions between the liver surface and the parietal peritoneum. It is also associated with pelvic inflammatory disease.
Viagra®
Up to 30 structural and non-structural protein products | 14 functional open reading frames | Four predicted structural proteins
yes
yes
Dementia | Gait disturbances | Urinary incontinence | Cognitive disorder | Urinary urgency
no
yes
Cholelithiasis | Hiatus hernia | Colonic diverticulosis | Gallstones | Diverticulosis coli | Any primary hernia
Erdafitinib is an orally active small molecule that functions as a potent tyrosine kinase inhibitor against all four fibroblast growth factor receptor (FGFR) family members. It is a selective pan-FGFR kinase inhibitor.
Female | Women | Insufficient evidence in retrieved documents.
Metaphyseal bony outgrowths | Heterotopic bone formation in soft tissues | Progressive ossification of connective tissue
no
no
The LINCS project aims to create a network-based understanding of biology by cataloging changes in gene expression and signal transduction that occur when cells are exposed to chemical, genetic, and disease perturbations. It provides transcriptome data and profiling of human cell lines before and after these perturbations.
yes
Fuchs' Uveitis (FU), also known as Fuchs uveitis syndrome (FUS), is a chronic, low-grade inflammatory disorder. It involves the anterior uvea and vitreous, and is associated with a gradual decrease in visual acuity. It typically presents as a unilateral inflammation of the anterior segment, often manifesting in young adulthood.
no
yes
Risk of death associated with antipsychotic use in elderly patients with dementia
Aip1 | Ede1 | Inn1
Lateral displacement of the inner canthi of the eyes | Lateral displacement of the inner canthi
yes
Heterochromia iridis is an asymmetry of iris pigmentation. It has been described in association with congenital Horner syndrome.
Nucleosome arrays inhibit the elongation of transcripts. However, partial or complete dissociation of the histone octamer is not essential for transcription elongation through nucleosome arrays in vitro. Nucleosome remodelers and the transcriptional elongation machinery are involved in generating nucleosome positioning.
~ 55 | Approximately 55 | 55
yes
yes
NIH Common Fund program | National consortium funded by the NIH | NIH Library program
yes
yes
yes
non-lysosomal glucosylceramidase (NLGase) | b-glucosidase 2
yes
The evidence regarding the danger of cellphone radiation is conflicting. Some studies, like the industry-funded Interphone studies, found no increased risk of brain tumors, while other independent studies reported increased risk. Therefore, the potential danger of cellphone radiation remains uncertain based on the provided snippets.
yes
yes
Exposure to ultraviolet radiation (UVR) results in the formation of reactive oxygen species (ROS) in the skin. This ROS production can cause oxidative stress, DNA damage, alteration of fibroblasts and collagen, and photoaging, and is a pivotal factor in the etiology of skin cancer. UVR-induced ROS production also alters cellular function.
Insufficient evidence in retrieved documents.
In what context did you encounter the term PWMScan?
yes
DamID (DNA adenine methyltransferase identification) is a methylation-based tagging technique. It is used to detect DNA regions targeted by chromatin-associated proteins or to profile protein-DNA interactions.
Spt6 is a highly conserved factor involved in transcription in yeast. It functions in transcription initiation and elongation by RNA polymerase II, and it interacts with histones, transcription factors, and RNA polymerase. Spt6 is also required for normal chromatin structure and can act as a transcriptional repressor.
Treatment of hallucinations and delusions associated with Parkinson's disease psychosis (PDP) | Treatment for Parkinson's disease psychosis (PDP) | Treatment of PDP
Cyrano (long ncRNA) | miR-7 (microRNA) | Cdr1as (circular RNA) | miR-671 (microRNA)
no
Amifostine | Palifermin
yes
yes
Are you asking about a medication, a research project, or something else?
no
Are you asking about a clinical trial, a medication, or something else related to Q-SYMBIO?
NIPBL is a cohesin-loading factor required for loading cohesin onto chromatin and maintaining 3D genome organization. It also recruits histone deacetylases to mediate local chromatin modifications.
yes
Insufficient evidence in retrieved documents.
Are you asking about a medication, a research study, or something else related to Xanamem?
Nrf2 activation appears to play a role in anticancer drug resistance. Blocking Nrf2 activation may enhance chemoradiation sensitivity, suggesting that Nrf2 activation could lead to resistance to radiotherapy.
yes
BRAF | BRAFV600E
Capture Hi-C (CHi-C) is a modification of the Hi-C protocol that incorporates a sequence capture step. This allows for the high-resolution analysis of targeted regions of the genome, such as gene promoters. This enrichment aids in the identification of biologically significant chromatin interactions.
Scc2/Nipbl is essential for loading cohesin onto chromosomes/chromatin. It is a cohesin-loading factor involved in the maintenance of 3D genome organization. Scc2/Nipbl may also have a post-loading function.
Chromosome 19 | chromosome 19 | chromosome 19
yes
Leukemia | Lung cancer | Breast cancer | Stomach cancer | Thyroid cancer | Meningiomas | Gliomas | Sarcomas | Colon cancer | Rectum cancer | Osteosarcomas
MBF | SBF | Skn7
Are you asking about the genetic condition, or something else related to hemochromatosis?
Phospholipids | Canalicular phospholipids | Insufficient evidence in retrieved documents.
The Hof1-Cyk3 interaction is essential for normal primary-septum formation and a normal rate of cleavage-furrow ingression during cytokinesis in yeast. This interaction becomes critical for growth when Inn1 or Myo1 is absent. The interaction appears to be particularly important for Cyk3 function, and may also be important for Hof1 function.
Severe dermatitis | Multiple allergies | Metabolic wasting
The Smith-Waterman algorithm is a technique used for local sequence alignment and high precision sequence matching. It is considered one of the most important techniques in computational molecular biology and finds the local alignment with the maximal score.
yes
The Java Adverse Drug Event (JADE) tool is designed to help physicians explore health claims data related to adverse drug reactions and analyze prescribed drugs in connection with diagnoses from hospital stays. It supports clinical trial planning by showing the occurrences of adverse drug events with population-based information.
nivolumab | ipilimumab | chemotherapy
PAI-1 may have a causal effect on human longevity, potentially through alterations in metabolism [2]. One study found a higher frequency of a PAI-1 allele associated with high PAI-1 levels in centenarians [3]. However, the role of PAI-1 in human longevity remains unclear [1].
yes
Radiation necrosis | Microangiopathy | Progressive leukencephalopathy | Acute skin reactions | Radiation-induced second malignancies (RISM) | Radiation-induced fibrosis (RIF) | Pneumonitis | Disturbance of the blood-brain barrier | Radionecrosis of brain tissue | Radiogenic liver damage | Mucositis | Colitis | Osteitis | Osteoradionecrosis | Myositis
no
Helicobacter pylori | H. pylori
no
Detection of inheritance pattern in males with chronic granulomatous disease | Carry out in female participants | Intracellular reactive oxygen species evaluation
Selective inhibitor of Janus kinase 1 (JAK1) | Orally administered, Janus kinase 1 (JAK1)-selective inhibitor
Dominantly inherited | Autosomal dominant
RiboTag profiling is a ribosomal capture strategy designed to measure translating RNAs from specific cell types within complex tissues. It uses tagged ribosomal subunits expressed in transgenic mice, enabling the isolation and analysis of RNA from targeted cells. This technique allows researchers to measure the translational state of targeted cells in heterogeneous cell cultures.
yes
Are you asking about a medication, a research study, or something else related to foliglurax?
Mutations in NIPBL, SMC1A, and SMC3 | Mutations in cohesion pathways | Insufficient evidence in retrieved documents.
yes
yes
Induces constitutive hyperphosphorylation | Modulates the expression | Altered chronology and persistence of JNK activation
proton beams | hadron beams | Insufficient evidence in retrieved documents.
yes
yes
yes
protein phosphatase 2A (PP2A) | Protein Phosphatase 2A | PP2A
Hallucination | Dizziness | Orthostatic hypotension | Pedal edema
Abdominal or back pain | Shock | Pulsatile abdominal mass | Hypotension
Achalasia | Alacrima | Adrenocorticotropic hormone (ACTH) insensitivity | Adrenal insufficiency | Neurological impairment | Multi-systems disorder: endocrine, gastrointestinal tract, eyes and nervous system
Water radiolysis involves the chemical decomposition of the water molecule into free radicals after exposure to ionizing radiation. These free radicals have deleterious effects on normal cell physiology.
Amantadine extended release (ER), when given at bedtime, reaches plasma concentrations approximately twice the level achieved by amantadine immediate release (IR). The recommended daily dosage of amantadine ER also results in 1.4- to 2.0-fold higher amantadine plasma concentrations during the day compared to amantadine IR.
no
Length of stay | Acuity of admission | Comorbidity | Emergency department utilization in the 6 months before admission | Emergency visits in the previous 6 months | Charlson Comorbidity Index score | Emergency department [ED] visits in the past 6 months
liquid antacid | viscous lidocaine | anticholinergic | Benzocaine | Lidocaine | Mylanta II
yes
no
no
Elagolix is a non-peptide, orally active, competitive gonadotropin-releasing hormone (GnRH) receptor antagonist. It works by competitively binding to and antagonizing the GnRH receptor.
Volanesorsen is an antisense oligonucleotide that inhibits the production of ApoC-III. ApoC-III regulates triglycerides (TGs) metabolism by inhibiting lipoprotein lipase (LPL) and hepatic lipase activity, as well as hepatic uptake of TGs-rich particles. By inhibiting ApoC-III, volanesorsen lowers plasma levels of Apo-CIII and triglycerides.
Treating head and neck paragangliomas | Therapeutic option for malignant melanomas affecting the choroid and ciliary body | Stereotactic radiotherapy
yes
OncoPPi Portal
yes
pre-mRNA splicing | Splicing | mRNA-coding
HMGB2 loss, specifically nuclear depletion, coincides with and induces the spatial clustering of CTCF. Knocking down HMGB2 is sufficient for senescence-induced CTCF clustering.
yes
MAGeCK (Model-based Analysis of Genome-wide CRISPR/Cas9 Knockout) | BAGEL (Bayesian Analysis of Gene EssentiaLity) | HiTSelect
Hemopoietic stem cells are possible target cells for radiation-induced leukemias.
Parkinson's disease | PD
no
Paraoxonase (PON) family (PON1, PON2, and PON3) | Peroxiredoxin 2 (Prx2) | Major royal jelly proteins (MRJP1, MRJP2, MRJP4, and MRJP5) | GCLC | GCLM | GS | GR | GST | GPx | CAT | SOD | NQO1 | HO-1 | Whey protein | Soy protein
no
Scalp cirsoid aneurysms are rare arteriovenous malformations or fistulas affecting the scalp. They are also known as scalp arteriovenous malformations (AVM) and often present as an enlarging pulsatile scalp mass. These lesions can be congenital, traumatic, or postinfectious in nature.
lamin B1 (LMNB1) gene | LMNB1
Correlates with the severity of radiation toxicity | Evaluate radiation toxicity | Predictive assay for adverse late reactions after radiotherapy
puQTLs (promoter-usage Quantitative Trait Loci) are regulatory variants associated with promoter usage. They can affect single or multiple promoters, and can have opposite effects on different mRNA isoforms, suggesting compensatory mechanisms.
Absence of H3K27ac and enrichment of H3K27me3 (poised) | H3K4me1 and low levels of H3K27ac (poised) | Insufficient evidence in retrieved documents.
Are you asking about a specific clinical trial, a drug in development, or something else related to PRL3-zumab?
VEGF-1, -2 and -3 receptors | Vascular endothelial growth factor receptor (VEGFR) tyrosine kinases
yes
Are you asking about the experimental technique Perturb-seq, or something else?
The REPAIRtoire database contains information on DNA damage linked to environmental agents, DNA repair pathways, proteins participating in DNA repair, and diseases correlated with mutations in genes encoding DNA repair proteins. It also provides links to publications and external databases.
yes
no
As low as 1 in 10(9) hematologic cells | a rare cell species | rare
Gamma sterilization is used to minimize the risk of infection transmission through bone allografts and provide safety against disease transmission in bone allografts. It is also a preferred sterilization method for some devices.
yes
UV-damaged DNA | Lesions | Damage
The current regulation for eye lens radiation exposure is a limit of 20 mSv per year, according to the European directive 2013/59/Euratom, which EU members were to implement by February 2018. Employers must have monitoring arrangements to ensure workers do not exceed this limit. X-ray safety glasses are mandatory for complex radiological vascular interventions due to the risk of exceeding the limit.
no
Combinatorial genome segmentation using combinations of epigenetic marks | SEGCOND
insulin-like growth factor-I receptor | IGF-1R | IGF-IR
Mutations in XPA, ERCC4, or ERCC1 genes | NER-defective | Insufficient evidence in retrieved documents.
Are you asking about the classic signs and symptoms associated with Alkaptonuria?
yes
uc.63 | uc.38
One | Insufficient evidence in retrieved documents.
Uc.160+ | Uc.416+A
Systemic lupus erythematosus (SLE) | Diseases that exhibit chronic dysfunctional type I IFN signalling
Gly380Arg | G380R | G to A at position 1138 (G1138A)
cyclobutane pyrimidine dimers (CPDs) | pyrimidine-pyrimidone photoproducts (6-4 PPs) | (6-4) photoproduct ((6-4)pp)
yes
Cytoplasm | Cytoplasmic granules | Cytoplasmic inclusions
SweeD | SweepFinder | SweepFinder2 | OmegaPlus | RAiSD
Heart | Brain | Kidney | Skin | Hematologic system | Mucocutaneous system | Musculoskeletal system | Neuropsychiatric system
Amyand hernia is a condition where the appendix is found within an inguinal hernia sac. It is an inguinal hernia, a protrusion of abdominal cavity content through the inguinal canal, with a vermiform appendix.
The Lupus Severity Index (LSI) is a simple index developed to measure the severity of systemic lupus erythematosus (SLE) based on American College of Rheumatology (ACR) criteria and subcriteria (Snippet 1). This index correlates with existing lupus severity scores and demographic factors known to influence lupus severity (Snippet 2). Digital vasculitis, a clinical manifestation, is associated with a high Systemic Lupus Erythematosus Disease Activity Index (SLEDAI) score (Snippet 3).
no
Chronic myeloid leukemia | Ph-Positive Acute Lymphoblastic Leukemia | Sclerotic chronic graft-versus-host disease
yes
CNEFinder
Adenosine A2A receptor antagonist | Selective adenosine A2A receptor antagonist
Noninvasive | Easily repeated | Potential to improve patient care | Allows monitoring of tumor recurrence, metastasis, or treatment responses in real time
The 4D-CHAINS algorithm analyzes two 4D spectra recorded using a single, fully protonated protein sample in an iterative ansatz. It uses common NOEs between different spin systems to supplement conventional through-bond connectivities, establishing assignments of sidechain and backbone resonances with high completeness and minimal error. It is used in the 4D-CHAINS/autoNOE-Rosetta pipeline for protein structure determination.
Acromelic frontonasal dysostosis | Severe intellectual disability
Are you referring to a specific research study, a diagnostic test, or something else related to ChromoTrace?
Iodine prophylaxis, specifically the administration of potassium iodide (KI), aims to provide radiation protection by reducing the risk of adverse health outcomes in the event of accidental radioactive iodine release. It also aims to restore the expression of the sodium-iodide symporter and radioactive iodine uptake.
AMPK/Sirt1 pathway | Hepatic lipogenesis and fatty acid oxidation | PP2A inhibition
hydrochlorothiazide | aspirin | atorvastatin | enalapril | valsartan | acetylsalicylic acid
yes
TBC1D24
Creation of large radiotherapy cohorts | To exploit advances in genomics | To advance radiobiology in the genomic era
Workers in the nuclear industry and other non-medical sectors may use a whole body dosimeter. Nuclear medicine technologists use a single dosimeter. Employers engaged with work with ionising radiation must ensure workers wear appropriate monitoring, such as dosemeters worn near the eye, to comply with eye lens dose limits.
Modified mRNA encoding vascular endothelial growth factor A (VEGF-A) | mRNA designed to produce vascular endothelial growth factor A (VEGF-A) | mRNA
Solid tumors | Relapsed Solid Tumors | Chordoma
Vestibular schwannoma
Circulating free DNA (cfDNA) is present in blood. It can be found in the blood of cancer patients. Cell-free fetal DNA (cffDNA), a specific type of cfDNA, is found circulating in maternal blood.
In vivo, AZD8601 induces vasodilation, blood flow upregulation, and neovessel formation. It also improves vascularization and tissue oxygenation of the wound bed, leading to accelerated re-epithelialization during the early phase of diabetic wound healing.
N-methyl-D-aspartate (NMDA) receptor
Disease activity | Weighted index of 9 organ systems
Ramipril | Hydrochlorothiazide | Atenolol | Aspirin | Simvastatin
Luspatercept (ACE-536) is a fusion protein that blocks transforming growth factor beta (TGF β) superfamily inhibitors of erythropoiesis. It consists of the extracellular domain of ActRIIB receptor and the Fc-part of human immunoglobulin G1 (IgG1).
SLIC-CAGE | Super-low input carrier-CAGE (SLIC-CAGE) | Cap analysis of gene expression (CAGE)
LB100 sensitizes ovarian carcinoma cells to cisplatin-mediated cell death by abrogating cisplatin-induced cell-cycle arrest. This involves decreased Wee1 expression, increased cdc2 activation, increased mitotic entry, hyperphosphorylation of DDR proteins, altered JNK activation, and modulation of 14-3-3 binding sites. LB100 also modulates the DDR pathway and cell-cycle checkpoint abrogation.
no
Tumor-targeted radionuclides | Therapies and diagnostics targeting pathophysiological processes at molecular level using radiopharmaceuticals | Neuroblastoma treatment directed at Noradrenaline Transporter Molecule (NAT) and Somatostatin Receptor (SSTR2)
nontranslating mRNAs | translationally repressed mRNAs | non-essential RNAs
Variable detection antibodies | Differing IHC cutoffs | Tissue preparation | Processing variability | Primary versus metastatic biopsies | Oncogenic versus induced PD-L1 expression | Staining of tumor versus immune cells | Has shown some value for predicting response to immune checkpoint inhibitors in some studies, but not in others | Presence of robust responses in some patients with low levels of expression of these markers complicates the issue of PD-L1 as an exclusionary predictive biomarker | Has not been validated for gastroesophageal cancer
yes
SAHFs are created through the spatial redistribution of heterochromatin in senescent cells. This process involves the nuclear rearrangement of repressive histone marks, such as H3K9me3 and H3K27me3, into nonoverlapping structural layers. The formation of SAHFs likely involves the spatial rearrangement of pre-existing heterochromatin.
saracatinib
Formation and maintenance of heterochromatin | Gene silencing | Both silence and activate transcription
yes
Are you asking about Nextflow in the context of a specific disease, treatment, or type of data analysis?
Cytoscape (version 3)
In what context are you asking about SpatialDE?
The Match BAM to VCF (MBV) method is used to quickly solve sample mislabeling and detect cross-sample contamination and PCR amplification bias.
Are you asking about the MAGNIMS criteria for diagnosing multiple sclerosis?
yes
Oramed Pharmaceuticals
nucleus
Are you asking about Twiddler's syndrome related to cardiac devices, or something else?
Balancer chromosomes in Drosophila melanogaster are genetic reagents used for stock maintenance and mutagenesis screens. They are multiply inverted chromosomes that suppress exchange with their homologs and are an essential part of the Drosophila melanogaster genetic toolkit.
Reduces the risk of developing thyroid cancer | Radioiodine uptake by the thyroid can be effectively blocked by administration of stable iodine | Potassium iodide (KI) to block the thyroid from exposure to I-131
no
yes
Systemic lupus erythematosus (SLE) | Lyme-like illness | Southern tick-associated rash illness
Rogaratinib is a highly potent and selective small-molecule pan-fibroblast growth factor receptor (FGFR) inhibitor (FGFR1-4). It inhibits the activity of FGFRs 1, 2, 3, and 4.
H3K27me3 | histone H3 trimethylated at lysine 27
no
Sepsis | Meningitis
yes
Are you asking about the oral typhoid vaccine?
Epithelial ovarian cancer | Breast cancer | Melanoma
Osanetant and talnetant are both NK3 antagonists. They have both demonstrated significant improvement in positive symptoms in phase II clinical trials in schizophrenia.
Are you interested in diseases directly caused by SLC25A46 mutations, or conditions where SLC25A46 may play a contributing role?
Calcitonin gene-related peptide (CGRP) | CGRP ligand (CGRP/L)
Carotid and vertebral artery dissection | Carotid artery dissection | VAD
Insufficient evidence in retrieved documents.
yes
The Sunnybrook Facial Grading System (SFGS or FGS) is used to measure and detect changes in facial function. It is also used to assess the severity of facial palsy. The system helps evaluate functional results related to the face.
The PDZ domain of SATB1 is involved in global gene regulation and contributes to its function as a transcription regulator. It mediates dimerization, which is required for high-affinity DNA binding. Disruption of this dimerization leads to detachment from chromatin.
Endocytosis | Exocytosis | Secretion
no
*   MobiDB
IgM | IgG | IgA | IgD | IgE
yes
Breaks Labeling In Situ and Sequencing (BLISS) is a technique for genome-wide profiling of DNA double-strand breaks (DSBs). It involves direct labeling of DSBs in fixed cells or tissue sections, linear amplification for low-input requirements, quantification of DSBs using unique molecular identifiers, and is scalable and multiplexable. BLISS builds upon the BLESS technique to improve its quantitative nature, applicability, and scalability.
Fezolinetant | ESN364
no
no
no
yes
Intellectual disability | Macrocephaly/hemi/megalencephaly | Seizures | Dysmorphic facial features | Developmental delay
Are you asking about ORMD-0801 in relation to a specific condition, such as type 1 diabetes?
no
yes
Are you asking about a specific type of synucleinopathy, or would you like a general overview?
Sphingosine 1-phosphate receptor | S1PR | S1P receptor
A zoonotic virus is a virus associated with a disease that can be passed from animals to humans [1]. Examples of zoonotic viruses include Hepatitis E virus and Nipah virus [3, 4].
PF-05190457
BRD4 is a transcriptional regulator that binds to acetylated histones and transcription factors, and recruits transcriptional regulators. It recognizes and binds acetylated lysine. BRD4 also represses autophagy and lysosomal function.
Insufficient evidence in retrieved documents.
Minoxidil is approved for the treatment of both female and male pattern hair loss. In the US, it is available over-the-counter at a maximum concentration of 5%.
yes
Src family kinase, Fyn, and Src kinase | c-Src/Abl kinase | Src
yes
Insufficient evidence in retrieved documents.
Erenumab is used for the treatment and prevention of migraines. It is approved for the prophylactic treatment of migraine. Erenumab is a monoclonal antibody developed for migraine prevention.
Attachment and fusion during viral entry | Induction of cell to cell fusion | Viral peplomer-mediated attachment of virus to cells
yes
The Open Targets Platform is a resource for therapeutic target identification and validation. It integrates data from genetics, genomics, transcriptomics, drugs, animal models, and scientific literature to score and rank target-disease associations, facilitating the identification of potential therapeutic drug targets for human diseases.
yes
yes
Are you asking about a drug, a gene, or something else?
yes
no
no
SNV | MNV | InDels | complex variants | structural variants
yes
Are you asking about the initial licensing date, or a more recent licensing update?
yes
WAPL interacts with PDS5. They modulate conformational changes of cohesin and oppositely regulate translocation of cohesin along DNA. WAPL and its PDS5 binding partners control the length of loops and limit the distance that cohesin extends from origins.
no
Protein kinases function by phosphorylating protein substrates, a process that is essential for biological processes and controls intracellular signaling networks. They catalyze the phosphorylation of multiple protein substrates.
Vaxchora | CVD 103-HgR
Atezolizumab | Durvalumab | Avelumab
yes
Regulates binding of cohesin complex to chromosomes | Facilitates cohesin's release from chromosome arms | Controls the interaction between cohesin and chromatin
thrombopoietin (TPO)-receptor | THPO | TPO
Cetuximab | Gefitinib | Erlotinib
Insufficient evidence in retrieved documents.
The TSA-Seq method can estimate mean chromosomal distances from nuclear speckles genome-wide. It can also predict several Mbp chromosome trajectories between nuclear compartments.
Parallel implementation of the original MCL algorithm | MPI and OpenMP
Complement receptors (CR), particularly CR2, are expressed on B cells and facilitate the uptake of opsonized antigens or immune complexes. The presence or absence of CR influences the interaction of B cells with T helper cells.
PARP | PARP1 | poly (ADP-ribose) polymerase
Gardasil is a quadrivalent vaccine against the human papillomavirus (HPV). It protects against HPV types 6, 11, 16, and 18.
CD4+CD8- and CD4-CD8+ T cells | CD8+4- thymocytes | CD4(+) or CD8(+) T single-positive cells
eRNA-producing centers (EPCs) are DNase hypersensitive sites with evidence of bidirectional transcription. They are found close to transcription start sites of lncRNAs and exhibit attributes of both enhancers and promoters.
Brain Radiation Information Data Exchange (BRIDE) is a data integration platform for storing, analyzing, and distributing low-dose ionizing radiation (LDIR) omics datasets. It contains information from literature, transcriptomics, and proteomics studies, and uses a hybrid, distributed solution with local storage and cloud technology to facilitate molecular research on the systems biology of LDIR response in mammals.
1983
Are you asking about Herceptin the medication, or something else?
yes
Dromedary camels | Camels
FLT3 | AXL | Anaplastic lymphoma kinase (ALK) | FLT3-F691 mutations
yes
Loss-of-function nuclear factor κB subunit 1 (NFKB1) variants | Monoallelic loss-of-function mutations in NFKB1 | Heterozygous loss-of-function variants in NFKB1
Measles | Mumps | Respiratory syncytial virus (RSV)
Multisystem disorder | Multisystem disease with abnormal neurodevelopment | Distinct multisystem disorder
PD-1 | anti-PD-1 antibodies | humanised anti-PD1 monoclonal antibody
Estrogen receptor (ER) | Progesterone receptor (PR) | Human epidermal growth factor receptor 2 (HER2)
rat strains | rats
IFIT1 is an upregulated gene and a candidate gene for SLE. It may function by interacting with Rho/Rac guanine nucleotide exchange factor to regulate Rho/Rac proteins, thus being involved in the pathogenesis of SLE.
yes
DYNC2H1 | IFT81 | USH2A | ABHD12
Omecamtiv Mecarbil is a cardiac myosin activator that increases cardiac contractility by targeting the cardiac myosin heavy chain. It prolongs systolic ejection time and increases ejection fraction through myosin ATPase activation, without increasing cardiac myocyte intracellular. It is developed to treat systolic heart failure.
α-defensins | β-defensins
HA stands for hemagglutinin (or haemagglutinin) and NA stands for neuraminidase. These are major glycoproteins expressed on the surface of the influenza virus.
no
G1P[8] | G2P[4] | G3P[8] | G4P[8] | G9P[8] | G12P[8]
THOC1 | THOC2 | THOC5 | THOC6 | THOC7
The Liverpool Elbow Score (LES) is widely used to assess the outcomes of total elbow replacement in various conditions. It can also be used as a postal questionnaire for the assessment of outcome after total elbow arthroplasty.
no
yes
In *Drosophila melanogaster*, the Zelda transcription factor plays an important role in the maternal-to-zygotic transition. It regulates transcription and encodes a DNA-binding factor. Zelda also plays an essential role in widespread activation of the zygotic genome.
targeted synthetic DMARD
Severe developmental delay | Intellectual disability | Epilepsy | Proteinuria | Focal segmental glomerulosclerosis | Milder neurodevelopmental problems | Progressive renal phenotype
Are you asking about the use of LY-CoV555 in a clinical trial, its mechanism of action, or something else?
Galectin-3 | Soluble interleukin-2 receptor-α | CXC chemokine ligand 13 | Soluble CD30 | Soluble tumor necrosis factor receptor-2 | B-cell activating factor of the tumor necrosis factor family
no
yes
Rheumatoid arthritis | Systemic juvenile idiopathic arthritis (sJIA) | Polyarticular juvenile idiopathic arthritis (pJIA)
The 100,000 Genomes Project in the UK included sarcoma patients, ranking third in sample submissions. Whole genome sequencing (WGS) was performed on samples from 597 patients, with analysis of 350 genomes leading to modified diagnoses in 3% of cases. The project aimed to refine diagnoses and identify novel alterations using WGS.
The RadRAT calculator estimates the lifetime risk of radiation-related cancer with uncertainty intervals, based on a user-specified exposure history. It is a radiation risk assessment tool.
Ebola virus (EBOV) | Marburg virus (MARV)
Pembrolizumab | Nivolumab | Ipilimumab | Lambrolizumab (MK-3475)
Notch receptor | Hairy/Enhancer of split (HES) genes
no
KIF1A-related disorders in children can manifest with a range of neurological issues. These include movement disorders (spasticity and/or dystonia), dysautonomia, sensory axonal neuropathy, optic atrophy, learning and/or behavioral difficulties, and white matter changes on MRI. In severe cases, congenital contractures, respiratory insufficiency, and a lack of neurodevelopmental progress can occur, and epilepsy is common in more severe cases.
Pitolisant acts as an inverse agonist/antagonist at the H3 receptor, increasing histaminergic tone in the wake-promoting system of the brain. It utilizes histamine to improve wakefulness. Pitolisant acts on histamine 3 receptors.
Endoplasmic reticulum (ER) stress is caused by an imbalance between protein folding load and capacity or by the accumulation of misfolded or unfolded proteins in the endoplasmic reticulum. This accumulation can be due to various factors and elicits an adaptive response.
An operon is a cluster of genes, typically in prokaryotic genomes, that are transcribed as a single message. These genes are often related in function and regulated by the same gene expression machinery. In bacteria, these genes are organized linearly.
no
NY-ESO-1 protein vaccine | Glycopyranosyl lipid A
Biallelic mutations
no
yes
Rheumatoid arthritis (RA) | Systemic autoimmune diseases
Emergency granulopoiesis is a hematopoietic program that enhances neutrophil production in response to infection. Its function is to counteract immune cell exhaustion by replacing leukocytes and supplying an efficient number of neutrophils.
G1P[8] | G1P[8] (1995-2006)
GRIA3 | FHF2/FGF13
yes
IgM | IgG | IgA | IgD | IgE | IgG1 | IgG2 | IgG3 | IgG4
Central retinal artery occlusion (CRAO) is an emergency eye disorder characterized as an acute stroke of the eye that results in profound visual loss. It typically produces severe and irreversible vision loss in the affected eye.
yes
conventional synthetic disease-modifying antirheumatic drugs
Defective endochondral bone formation | Impaired Ihh-mediated chondrocyte differentiation | Impaired Ihh-mediated chondrocyte proliferation | Impaired osteoblast differentiation of -/- bone-marrow mesenchymal stromal-cell cultures
no
Histone deacetylases (HDACs) | Lysine Specific Demethylases (LSD)
16,569 base pairs | ~16.5 kilobase pairs
yes
no
Primary microcephaly | A novel laminopathy
The risk of secondary malignancies after proton beam therapy is low but not negligible. Compared to photons, the risk of secondary cancer induction after proton beam therapy can be reduced by a factor of 3. This potential reduction is attributed to dosimetric advantages and improved sparing of normal tissue.
valine | leucine | isoleucine | phenylalanine | methionine | lysine | tryptophan | cysteine
Skin and skin-structure infections, including impetigo | Bacterial infections of the skin | Uncomplicated skin infections
H3K27ac | H3K27me3
disease-modifying antirheumatic drugs | disease modifying antirheumatic drugs | DMARDs (disease-modifying antirheumatic drugs)
yes
colony-stimulating factor-1 receptor (CSF-1R) | tyrosine kinase | colony-stimulating factor-1 inhibitor
Interaction between microbiota, sex hormones and the immune system | Sexually dimorphic microbiome | Sex hormone modulation of the gut microbiota
Jaundice, or yellowing of the skin and eyes, is caused by hyperbilirubinemia, the accumulation of bilirubin. This can result from liver malfunction, liver destruction, or a deficiency in the enzyme needed to convert bilirubin into a soluble form for removal from the body. Drug-induced hepatitis and alcoholic liver disease are also common causes of jaundice.
yes
yes
Joubert syndrome
yes
Viral polymerase
Pleuromutilin can be isolated from the fungus Pleurotus mutilus. Pleuromutilin is a naturally occurring tricyclic.
Naive to primed | Ground state | Pluripotency of porcine iPS cells
no
De novo SOX6 variants cause a neurodevelopmental syndrome associated with ADHD, craniosynostosis, and osteochondromas. Affected individuals also exhibit developmental delay and/or intellectual disability.
yes
yes
A | B | H | Lewis(a) | Lewis(b) | Lewis(x) | Lewis(y) | Le(a) | Le(b) | Lex | Ley
Insufficient evidence in retrieved documents.
Preliminary clinical results indicate that tocilizumab can improve the outcomes of patients with severe or critical COVID-19 while maintaining a good safety profile.
c.G2873A (p.R958H) | Novel and rare missense variants in ABCC8 | ABCC8 mutations
Tremor | Parkinson's Disease | Dystonia
VAMP2 | Syntaxin | SNAP25
Are you asking about septicemia in general, or in relation to a specific patient or condition?
TAL1 | TAL1/SCL
Vaxigrip | Begrivac | Influsplit/Fluarix | Influvac | Agrippal
Are you asking about the canSAR database related to cancer research?
Magrolimab is an anti-CD47 antibody. It has shown promising early results in higher risk myelodysplastic syndromes (MDS) and TP53 mutant acute myeloid leukemia (AML).
Deletions | Point mutations | Duplications | Substitutions | Intronic splice site mutations | Indels | Large deletions
ErbB family | HER family | epidermal growth factor family
Etanercept (ETN) is a fusion protein composed of the Fc portion of IgG1 and the extracellular domain of the TNF receptor (p75 or CD120b). It is a dimeric genetic recombinant glycoprotein consisting of the Fc domain of human Immunoglobulin G1 and the extracellular domain of human tumor necrosis factor (TNF) receptor type II.
Biologic disease-modifying antirheumatic drugs | Biological disease-modifying anti-rheumatic drugs | Biologic Disease-modifying Antirheumatic Drug
yes
no
H1 | H2A | H2B | H3 | H4
no
783 | Six | zero
no
no
Obstructive sleep apnea syndrome in depressive disorder | Sleep-disordered breathing
47, XXY karyotype | 47,XXY chromosomal abnormality | 47,XXY chromosomal pattern
Essential for lncRNA function | Repeat Insertion Domains of LncRNAs | RNA domains
Multiple sclerosis
Drug | Prodrug
Hemochromatosis | Hereditary hemochromatosis | Primary hypertriglyceridemia
Insufficient evidence in retrieved documents.
X chromosome | human chromosome Xp22.3
Active cis-acting regulatory elements | Regulatory regions in the genome | Promoters, enhancers, silencers, insulators, and locus control regions
yes
Differential analysis | Differential gene expression analysis | Analysis of count data
A degron is an amino acid sequence that encodes a protein degradation signal. Degrons induce rapid proteolysis, are used by E3 ubiquitin ligases to target proteins for degradation, and control protein levels. They function as inducible degradation signals.
*   MCScanX algorithm
*   Cinteny
yes
B-cells can transdifferentiate into macrophages through the overexpression or forced expression of the transcription factor C/EBPα. C/EBPα needs to be expressed at sufficiently high levels for this transdifferentiation to occur. C/EBPβ can also facilitate this process, although C/EBPα is more commonly cited.
ChromHMM annotates the noncoding genome using epigenomic information and generates genome-wide annotations for each cell type. It learns chromatin-state signatures using a hidden Markov model and provides automated enrichment analysis. The software emphasizes combinations of marks and integrates downstream functional enrichment analyses.
Counting reads generated from RNA or genomic DNA sequencing experiments | Read summarization | Assigning sequence reads to genomic features
Based on the provided evidence, the main difference in the roles of OTX2 and NANOG is that their mutual antagonism specifies rostral or caudal cell fate during neural patterning transition. This antagonism also specifies the heterogeneous identity of ESCs.
no
yes
no
IL-1α | IL-1β
DeepCC
Antidepressants
median nerve | the median nerve
Anakinra
double-stranded DNA | linear, double-stranded DNA | large double-stranded DNA
yes
The evidence suggests a possible association between lorcaserin and an increased risk of cancer. While the evidence does not definitively confirm the increased risk, there is a trend in this direction, particularly for lung and pancreatic cancer. The FDA has also reported an increased risk of cancer with lorcaserin.
no
non-metastatic castration-resistant prostate cancer (nmCRPC) | castration-resistant prostate cancer
RET fusion-positive non-small-cell lung cancer | RET fusion-positive thyroid cancer | RET-mutant medullary thyroid cancer | RET-altered non-small cell lung cancer (NSCLC) | Certain types of thyroid cancer | Lung cancers with activating RET gene fusions and mutations | Thyroid cancers with activating RET gene fusions and mutations
Apo-CIII mRNA | apoC3 | Apo C-III
Chronic plaque psoriasis | Psoriasis
Givosiran is a small interfering RNA (siRNA) that inhibits hepatic ALAS1 synthesis by triggering RNA interference (RNAi)-mediated gene silencing on ALAS1. This reduces ALA and PBG metabolite levels, preventing the accumulation of neurotoxic δ-aminolevulinic acid and porphobilinogen. Givosiran is specifically delivered to hepatocytes.
yes
Corkscrew esophagus, also known as rosary bead esophagus, is a radiological diagnosis characterized by twisted segments in the distal third of the esophagus or abnormal contractions seen in barium studies. These abnormal contractions lead to compartmentalization and curling of the esophagus, giving it a corkscrew or rosary bead appearance and suggesting an underlying motility disorder.
Methotrexate | Sulfasalazine | Leflunomide | Hydroxychloroquine
yes
yes
Lundbeck Seattle BioPharmaceuticals
Adenopathy | Extensive skin patch overlying a plasmacytoma
Vinorelbine (V) | Cisplatin (P) | 5-fluorouracil (5-Fu)
Dactinomycin | Vincristine
no
metPropagate | network-based methods | PageRank and HITS algorithms
Insufficient evidence in retrieved documents.
Fibroblast growth factor receptors 1 | FGFR1 | Fibroblast growth factor receptors 2 | FGFR2 | Fibroblast growth factor receptors 3 | FGFR3
yes
*   ncPro-ML
*   EPD (Eukaryotic Promoter Database)
*   UCSC Genome Browser
*   MIENTURNET
Intradermal delivery | Intradermal injection | Sequential dosing
Are you asking about SAR425899 as a medication, or something else?
Neurodevelopmental disorders | Intellectual disability (ID) | Autism spectrum disorder (ASD)
yes
Cell surface | Transmembrane | Cell cytoskeleton
Ribosomally produced antimicrobial peptides of bacteria | Narrow-spectrum protein antibiotics | Natural food preservatives
SWI/SNF complex | BAF chromatin-remodelling complex
Are you asking about the causes, symptoms, diagnosis, or treatment of aortitis?
Thrombocytopenia | Anasarca | Fever | Reticulin fibrosis | Organomegaly
Curli are cell surface amyloid proteins expressed by certain gut bacteria and are a major component of bacterial biofilms [1, 4]. Curli is also a bacterial α-synuclein (αSyn) that deposits in the enteric nervous system and propagates to the central nervous system [2]. In mice, curli-producing Escherichia coli promotes αSyn pathology in the gut and brain [1].
Insufficient evidence in retrieved documents.
yes
yes
no
yes
Exosomes that exert a decoy function against complement-mediated cytotoxicity | Exosomes that induce autoantibodies | Tumor antigen-displaying exosomes
Myasthenia Gravis is a neuromuscular disorder characterized by muscle weakness and fatigue. It is an autoimmune neuromuscular junction disorder that can be difficult to diagnose and is considered rare.
Hydrometrocolpos | Postaxial polydactyly | Congenital heart disease
yes
Benzalkonium chloride
FTY720 (Fingolimod)
Fingolimod is a non-selective agonist of all S1P receptors except S1P2. It also acts as a selective S1P1 functional antagonist.
Fingolimod (FTY720, Gilenya) was synthesized from myriocin, a metabolite of the fungus Isaria sinclairii. Myriocin is also described as a fungal secondary metabolite.
Fingolimod may have a protective effect on both focal and diffuse grey matter damage in active multiple sclerosis. It can cross the blood-brain barrier, potentially allowing it to directly impact cells within the central nervous system.
0.5 mg | 1.25 mg
1272
Are you asking about the symptoms, causes, or treatment of blepharospasm?
Balovaptan is an investigational vasopressin 1a receptor antagonist. It has been evaluated for the improvement of social communication and interaction. Balovaptan is primarily metabolized by cytochrome P450 3A4 (CYP3A4).
Bisphenol A acts as an endocrine disruptor and can induce oxidative stress in sperm and the liver. It may also cause coronary heart disease, increase the risk of type 2 diabetes, and have harmful effects on reproduction and development. Additionally, Bisphenol A exposure can reduce body weight and food intake.
Mucins | Histatins | Lysozyme (LZM)
no
MIENTURNET
CAV1 | COL5A1 | COL6A3 | FLNB | HMMR | ITGA3 | ITGA5 | MET | SDC1 | THBS1 | VEGFC
Are you referring to a specific application of SWItchMiner (SWIM) in a particular disease or research area?
apoE4-165 | specific apoE4 fragment | carboxyl-terminal truncated apoE4 forms
EpiMethylTag | M-ATAC or M-ChIP
KLF4
Ventral hypothalamus (VHT) | Hypothalamus | Arcuate nucleus
Acts as a protein kinase | Metabolism-reprogramming marker | KHK-A isoform
yes
SpectralTAD | TADCompare
regutools | annotatr | LedPred
yes
CLCN1 gene | SCN4A gene | DMPK gene | CNBP gene
yes
yes
A susceptibility locus on chromosome 13 | A genetic determinant | Ascorbic acid
Aromatic amino acids | Natural products with aromatic moieties | Aromatic amino acid synthesis
Uber-operons are groups of operons that are evolutionarily or functionally associated through operons in other genomes. They are identified by looking at functionally or transcriptionally related operons with conserved gene sets across genomes. Uber-operons can help in understanding prokaryotic genome structures and evolution.
MIR137 | DPYD
yes
yes
yes
partial transformation of the arms into legs | dysplasia of all of the bony components of the elbow joint | abnormalities in the shape of carpal bones
Enasidenib | Ivosidenib
Are you asking about RADICL-seq in the context of RNA sequencing, or something else?
allergic, inflammatory, and proliferative diseases | eosinophilic gastritis and duodenitis
Mammalian melatonin receptors are G protein-coupled receptors involved in various functions. The receptor family includes at least two subtypes, MT1 and MT2, which play roles in regulating circadian rhythms, the immune system, and reproduction. These receptors are also implicated in modulating CNS, hypothalamic-hypophyseal-gonadal axis, cardiovascular, and immune functions.
Are you asking about holoprosencephaly in the context of a diagnosis, research study, or something else?
In Drosophila, Notch activation inhibits neuronal differentiation, causing cells to remain neural progenitor cells [2]. Numb controls Notch receptor recycling and targeting in Drosophila neural progenitors [1].
SAR425899 has been tested in two randomized, placebo-controlled, double-blind clinical trials. These trials included healthy overweight volunteers receiving single-ascending doses, and healthy normal- to overweight volunteers and overweight/obese patients with T2D receiving daily doses over 21 or 28 days. One trial evaluated the change in insulin sensitivity, β-cell function and glucose absorption after 28 days of treatment with SAR425899 versus placebo.
no
Pexidartinib is a tyrosine kinase inhibitor with selective inhibition of colony-stimulating factor 1 receptor (CSF-1R). It is an orally bioavailable and potent inhibitor of CSF-1R.
Staphylococcal bi-component pore-forming toxins (leukocidins) | Listeriolysin O (LLO)
Kabuki syndrome
yes
yes
32 | 20-24 | Insufficient evidence in retrieved documents.
Excessive daytime sleepiness | Cataplexy | Sleep paralysis | Hypnopompic/hypnagogic hallucinations | Disrupted nighttime sleep | Sleep fragmentation | Sleep-related hallucinations
Insufficient evidence in retrieved documents.
Are you asking about ECMO in the context of a specific medical condition or age group?
Lupus-like autoimmune syndrome | Autoimmune diseases | Systemic lupus erythematosus (SLE)
Activin type II receptors | ActRII
yes
yes
retina
yes
RNA polymerase II | Pol II | RNAPII
EVOLVE-1 | EVOLVE-2 | REGAIN
no
Ticagrelor | Clopidogrel
Mast cells
High-grade non-muscle invasive bladder cancer (NMIBC) | NMIBC | Bladder cancer
H2A monoubiquitination | Insufficient evidence in retrieved documents. | Insufficient evidence in retrieved documents.
no
ARID1B | ZDHHC14
Bronchiectasis
Transcription factor | Cuf1 | Insufficient evidence in retrieved documents.
Seven | 7
Dkk1 antagonizes Wnt signaling. A reduced antagonistic effect of DKK1 on canonical Wnt signaling can contribute to molecular effects of mutations. Overexpression of DKK1 antagonizes the effects of GATA6 on Wnt signaling in pancreatic cancer cells.
Are you asking about bimagrumab in relation to a specific condition or its mechanism of action?
CCT271850
yes
Commensal bacteria are microbes that are a major factor in human health and disease pathogenesis. The gut microbiota is composed of a large number of microbes, usually regarded as commensal bacteria. Maintenance of commensal bacteria is essential to both gut and systemic health.
Kabuki syndrome (KS) | Kabuki syndrome
C/EBPβ | CCAAT/enhancer binding protein β
February 2020 | 21 February 2020
Insufficient evidence in retrieved documents.
no
Are you asking about pyroptosis in the context of a specific disease or condition?
A publicly available catalogue of common genetic variants that occur in humans | One of the largest public resources of human single-nucleotide polymorphisms (SNPs) | An essential database for studies of human population genetics and genome-wide association
Breast cancer | Prostate cancer | Liver cancer | Gastric cancer
Insufficient evidence in retrieved documents.
Thrombocytopenia | Hemolytic anemia | Fever | Neurologic abnormalities | Renal disease | Microangiopathic hemolytic anemia | Renal failure | Fluctuating neurologic symptoms | Renal dysfunction | Neurologic symptoms | Renal insufficiency
Are you asking about organoids in the context of research, disease modeling, or something else?
Strabismus | Pain control | Osteoarthritis treatment | Wound healing | Neuromuscular disorders | Autonomic disorders | Sensory disorders | Blepharospasm | Myofascial syndrome | Headaches | Arthritis | Neuropathic pain
Tcf3 is an integral component of the core regulatory circuitry of embryonic stem cells (ESCs) and a key player in the control of self-renewal and pluripotency. TCF3 is also known as a cell-intrinsic inhibitor of many pluripotency genes in ESCs. Downregulation of Tcf3 represents a specific response to Wnt activation in ESCs.
Migraine
yes
Satralizumab is a humanized monoclonal antibody that targets the interleukin-6 (IL-6) receptor. By targeting this receptor, satralizumab is designed to treat neuromyelitis optica spectrum disorder (NMOSD) and reduce the risk of relapse in patients with NMOSD.
yes
Alobar | Semilobar | Lobar | Middle interhemispheric fusion variant
SMC2 and SMC3 | SMC2 and SMC4 | Insufficient evidence in retrieved documents.
erenumab | AMG 334 7 mg | AMG 334 21 mg
CNVs, particularly recurrent deletions at 15q11, 15q13, and 16p13, contribute to familial generalized and focal epilepsies. Specific genes such as SCN1A, PCDH7, VRK2, FANCL, KCNQ2, and KCNQ3 are also implicated in the etiology of common epilepsies. Dysfunctions in sodium and potassium channels are also involved in the pathogenesis of idiopathic epilepsies.
no
Alcohol acyl-transferases (AAT) synthesize volatile esters, which are a major class of compounds contributing to the aroma of many fruits. The AAT1 locus is critical for the biosynthesis of esters contributing to fruit flavor. CM-AAT1 plays a major role in aroma volatiles formation in melon.
Hikikomori syndrome is a severe form of social withdrawal. It is also described as prolonged and severe social withdrawal and a Japanese culture-bound syndrome. It is considered a serious social problem.
TWIST1 | TWIST
Tofacitinib | Baricitinib | Filgotinib | Upadacitinib
miR-301b
daratumumab | carfilzomib | dexamethasone
rod | hook | junction | filament | cap | basal body | helical propeller | bi-directional rotary motor | universal joint
Male calico cats are rare because their calico coat color is associated with chromosomal abnormalities. Many male calico cats have an XXY chromosome makeup [2], which is an abnormality.
Hepatocyte nuclear factor 4-alpha (HNF4α) | Hepatocyte nuclear factor 4 alpha (HNF4 | Hepatocyte nuclear factor 4 alpha (HNF4α)
yes
Putamen | Hippocampal volume | Intracranial volume
Acute hepatic porphyria (AHP) | Acute intermittent porphyria (AIP)
Vascular endothelial growth factor (VEGF) | Chymase | Tryptase | Histamine | Cytokines | Proteases | Vasoactive mediators | Inflammatory mediators
Are you asking about exencephaly in humans or in animal models?
TNF-alpha plays an important role in obesity and the insulin resistance that often accompanies it. It is overexpressed in fat tissue and may mediate insulin resistance associated with obesity. The effect of TNF-alpha signaling via TNF receptor type 1 (TNFR1) largely remains controversial.
no
The Enhancing NeuroImaging Genetics through Meta-Analysis (ENIGMA) Consortium is a collaborative network of researchers working together on large-scale studies that integrate data from many institutions worldwide. ENIGMA aims to understand disease and genetic influences on the brain by using meta- and mega-analyses and has established standard protocols for imaging analysis. It involves a global team science effort with the shared goal of understanding disease and genetic influences on the brain.
Autoimmune pulmonary alveolar proteinosis (aPAP) | pulmonary alveolar proteinosis | Autoimmune pulmonary alveolar proteinosis
Bind to acidic phospholipids in a calcium-dependent manner. | Bind to phospholipids in a calcium-dependent manner. | Membrane organization. | Membrane transport. | Association with ion channels. | Modulators of channel activity. | Extracellular autocrine modulators of receptor function.
Zostavax | Shingrix
Retrotransposition of a cDNA originating as mRNA | Mature mRNA retrotransposition | Other intronless genes or multiexon genes
Agios Pharmaceuticals
yes
no
Binding to natural cyclic dinucleotide (CDN) ligands | In response to cytosolic nucleic acid ligands | Detection of intracellular DNA by the cGAS-STING pathway
Radio Frequency Ablation is an effective and minimally invasive treatment option for malignant neoplasms, including renal cell carcinoma. It can be used on small renal tumors as a nephron-sparing treatment, and is also feasible for treating unresectable recurrent or metastatic tumors in the retroperitoneum and pelvis.
28-tender and swollen joint count | 28 joints | 28-joint Disease Activity Score
Are you asking about a clinical trial, a research project, or something else related to EPICCURE?
Expanded CORE collection with 245 new PFMs (169 for vertebrates, 42 for plants, 17 for nematodes, 10 for insects, and 7 for fungi) | 156 PFMs were updated (125 for vertebrates, 28 for plants and 3 for insects) | Novel collection of unvalidated TF-binding profiles | Dedicated web form to engage the community in the curation of unvalidated TF-binding profiles | Q&A forum to ease the communication between the user community and JASPAR curators | Updated genomic tracks | Updated inference tool | Updated TF-binding profile similarity clusters
yes
yes
Are you asking about the genetic condition Hutchinson-Gilford Progeria Syndrome?
Could you please specify what you are referring to by "CrossICC"? For example, are you asking about a clinical trial, a research study, or something else?
mineralocorticoid receptor
yes
yes
no
inducer
yes
Couvelaire uterus is a rare condition involving hematic infiltration of the uterine myometrium due to a massive retroplacental hematoma [1, 2]. It is also known as uteroplacental apoplexy and is a complication of placental abruption [3]. The condition is characterized by blue-purple discolorations of the uterine wall due to hemorrhages [4].
otoferlin | otoferlin protein
Are you asking about hypercapnia in relation to a specific medical condition or situation?
TSA-Seq is a mapping method used for estimating chromosomal distances from nuclear speckles genome-wide and predicting chromosome trajectories between nuclear compartments. It provides a "cytological ruler" for mapping nuclear structure.
Polyclonal antibody
Participants in the 100,000 Genomes Project, particularly those with rare diseases, decided to participate based on trust in the NHS and a desire to improve future care. Their experiences included additional travel and appointments. Some participants expressed concerns about their future relationships with NHS healthcare professionals and the security of the Genomics England biorepository.
Elagolix is being developed for the management of heavy menstrual bleeding associated with uterine fibroids. It is described as an oral gonadotropin-releasing hormone (GnRH) antagonist. Elagolix coadministered with estradiol/norethindrone acetate is in late-stage development for this purpose.
Along the length of the cochlear spiral | Cochlear sensory epithelium | ventral region of the inner ear
Retinochoroiditis | Retinal detachment | Uveitis | Iridocyclitis
Caenorhabditis elegans | Nematode worms
In May 2020, capmatinib received FDA approval for the treatment of adults with metastatic non-small cell lung cancer (NSCLC) whose tumours have a mutation that leads to MET exon 14 skipping, as detected by an FDA-approved test.
no
yes
Transfer phosphatidylcholine | Mediate binding of lipids | Lipid transfer
yes
Tumor necrosis factor-alpha (TNF-alpha) | Tumor necrosis factor alpha (TNF-alpha) | Human TNF
CYP2D6
Epidermal CYLD inactivation sensitizes mice to the development of sebaceous and basaloid skin tumors. Mice with epidermis-targeted expression of a catalytically deficient CYLD develop hair and sebaceous gland abnormalities and, upon challenge, primarily develop sebaceous and basaloid tumors.
Lisocabtagene maraleucel (liso-cel) is an autologous, CD19-directed, chimeric antigen receptor (CAR) T-cell product. It uses CAR T-cells to target CD19. The exact mechanism of action is not fully described in the snippets.
Mutation in the EHMT1 gene | Chromosomal deletion at 9q34.3 | Intragenic mutation of the euchromatin histone methyl transferase 1 gene (EHMT1)
no
Mediator plays a significant role in higher-order genome organization. It is a multi-unit molecular complex that transfers signals from transcriptional regulators to RNA polymerase II in eukaryotes.
fremanezumab | galcanezumab
Are you referring to a specific gene, protein, disease, or something else related to "LowMACA"?
yes
TNAP (tissue nonspecific alkaline phosphatase)
ubrogepant | rimegepant | atogepant | zavegepant | olcegepant | telcagepant
paralogs | 457 pairs of duplicated genes coming probably from an ancient whole genome duplication
Fingolimod is considered a prodrug because it is phosphorylated in vivo to its active phosphorylated form by sphingosine kinase 2 [1].
yes
Hemophilic pseudotumor is a rare complication of hemophilia. It is defined as an encapsulated hematoma that progressively increases in volume due to recurrent hemorrhage. It usually originates in soft tissues or in subperiosteal or intraosseous areas.
The TRAP method can refer to two different techniques. One TRAP method, Translating Ribosome Affinity Purification, aims to detect cell type-specific gene expression patterns at the level of translating mRNAs, isolate translating mRNAs, and obtain translatome data from different cell types. Another TRAP method, telomeric repeat amplification protocol, aims to detect telomerase activity.
Herpes zoster | Shingles
HP1a is a chromatin-associated protein involved in heterochromatin formation and gene silencing. It also plays a role in transcription, DNA replication, and repair. Furthermore, it is a structural chromosomal protein that regulates transcription.
yes
long non-coding RNAs (lncRNAs) | 285 lncRNAs | lncRNAs
PD-1 | Programmed death protein 1
Arterial wall cells with excessive lipid inclusions | Derived from monocyte-differentiated macrophage and VSMCs | Key feature is lipid droplet accumulation
Statins | Steroids | Anticancer drugs
TGF-beta | Activin | Bone morphogenetic proteins (BMPs)
The Oncomine Dx Target Test (ODxTT) is a next-generation sequencing-based companion diagnostic test and panel from Thermo Fisher Scientific. It is an investigational test that could facilitate access to multiple biomarker testing using small tissue samples to support therapy decisions for patients with advanced NSCLC.
Hippocampal volume | Alzheimer's disease (AD)
KRAS p.G12C mutation | KRASG12C
During stress-induced activation of OMA1 | When DELE1 is cleaved | During mitochondrial stress
Ciliopathies are a group of inherited disorders caused by dysfunction or abnormalities in the structure, assembly, maintenance, or function of cilia. These disorders are genetic and can affect multiple organ systems. The causative genes encode proteins involved in the primary cilium apparatus.
Methylation of histone H3 lysine 9 (H3K9me) | Histone H3 di- or tri-methylated at lysine 9 (H3K9me2 or H3K9me3) | Methylation mark of vertebrate histone H1
Are you asking about AZD8601 as a potential treatment for a specific condition?
7p22.1
HER2 | ERBB2
Stimulate ATPase activity of HSP70 chaperone | Key player in neuronal proteostasis maintenance | May bind with ubiquitinated substrates and potentially function in protein degradation
Acute treatment of migraine | Acute oral migraine therapy | Acute oral treatment for migraine
15% | >17% | Nearly 15%
Insufficient evidence in retrieved documents.
primary aldosteronism
Transurethral resection of the prostate | Thulium laser transurethral vaporesection of the prostate
Slit | Slit protein family
Kisspeptin functions in limbic brain structures and acts centrally on the hypothalamus-pituitary-gonadal axis. It also preserves mitochondrial function by inducing mitophagy and autophagy in the aging rat brain hippocampus and human neuronal cell line. Furthermore, kisspeptin has anti-metastatic roles in brain cancer.
no
Orally administered | Oral
yes
Dog bite | Animal bite
Antimicrobial enzyme | Anti-bacterial protein | Marker of Paneth cell function
Amniotic band syndrome is a rare congenital disorder or malformation associated with fibrous amniotic bands or rupture of the amniotic sac. It mainly affects the limbs, but can also involve the craniofacial region and internal organs. The syndrome can result in a range of anomalies.
Two orders of magnitude faster. | Achieves similar accuracy. | Reduces runtime. | Improves performance. | Radically simplified the quantification of transcripts in RNA-sequencing experiments.
Immunohistochemical assay | Immunohistochemistry (IHC) | IHC analysis
signatureSearch
Janus kinase 1 | JAK1
Natriuretic peptide receptor A (NPRA), also known as NPR1 or guanylyl cyclase A, binds ANP and BNP to initiate transmembrane signal transduction by elevating the intracellular levels of cyclic guanosine monophosphate. It is also referred to as the atrial natriuretic peptide-A receptor (guanylyl cyclase A) and is involved in the regulation of physiological and pathophysiological process of blood pressure.
Dexamethasone's mode of action includes suppressing neutrophil function, reducing ischemia-reperfusion injury, and increasing gut permeability via stress-mediated mechanisms. It also activates signaling pathways involved in osteoblast differentiation, such as CXC-motif chemokine receptor type 4 and mitogen-activated protein kinases, and modulates glycogen synthase kinase-3beta (GSK3beta) activity in osteoblast-like cultures. The exact mechanisms for some of these actions are not fully understood.
Complex coacervation is a phenomenon of phase separation. It is an electrostatically and entropically-driven associative liquid-liquid phase separation that may occur in a solution of positively and negatively charged polyions. This phenomenon can result in the formation of bulk liquid phases, the self-assembly of hierarchical, microphase separated materials, and can behave as a membrane-less organelle in living cells.
Insufficient evidence in retrieved documents.
yes
Vincristine | Actinomycin D | Cyclophosphamide
yes
Insufficient evidence in retrieved documents.
omega (hsrω) | Hotair | Mir155hg | SR-lncRNA-1 | SR-lncRNA-2 | PAPAS
Higher in Southeast Asians | Insufficient evidence in retrieved documents.
INDEED | DEseq2
yes
yes
Cytokine release syndrome (CRS) is a systemic inflammatory condition that can be caused by immunotherapy, therapeutic antibodies, or a severe immune response such as in COVID-19. It is associated with elevated levels of inflammatory cytokines and can manifest with symptoms ranging from nausea, chills, and fever to hypotension and tachycardia.
Gata6 | Foxa2 | NANOG | HNF4A | Sox17 | Wnt6 | Grb2
The European Medicines Agency (EMA) and the FDA recommend/suggest that the administration of abacavir must be preceded by a specific genotyping test. This recommendation is due to the association between abacavir hypersensitivity reactions (HSRs) and the major histocompatibility complex class I.
In what context are you asking about PWMScan (e.g., a specific disease, genetic analysis, or something else)?
yes
MRJP1 | MRJP2 | MRJP4 | MRJP5 | mrjp1 | mrjp2 | mrjp4 | mrjp5 | mrjp1-9
Biological Expression Language (BEL) is a syntax representation used to represent a broad range of biological relationships, including causal and correlative relationships among biological events. It is used to extract knowledge and transform it into BEL networks, as well as to collate findings from scientific literature into biological network models.
ExpressDB | yStreX
CYP2B6 G516T (rs3745274)
Regulating cytokine expression, secretion, and cell proliferation | Promotes T helper cell differentiation | Resolving secretory stress and accelerating proliferation
yes
Annexin V | PON proteins | Aβ | tau | apoE3 | apoE4 | TGF-beta
Genetically heterogenous conditions | Early onset | EEG interictal epileptiform abnormalities | Polymorphous and drug-resistant seizures | Neurodevelopmental impairments | Severe epilepsies | Refractory seizures | Developmental delay or regression associated with ongoing epileptic activity | Generally poor prognosis | Early-onset seizures occurring in the context of developmental regression or plateauing
*   Methods based on solving linear programming (LP) problems.
*   EFM-Ta method that analyzes the information provided by the LP solver.
*   A linear programming-based tree search algorithm.
*   TreeEFM software.
*   WPSS method.
Vosoritide is a biologic analogue of C-type natriuretic peptide. It acts as a potent stimulator of endochondral ossification.
The "flight-or-fight response" is a fundamental physiological basis for an organism's awareness of its environment under an impending predator attack [2]. The autonomic nervous system mediates this response [3], and the cAMP intracellular signaling pathway is responsible for it [4]. This response is involved in controlling heart contraction, energy metabolism, and gene transcription [4].
The Burke-Fahn-Marsden Dystonia Rating Scale is used for the quantitative assessment and evaluation of the severity of dystonia in both children and adults. It can be used to assess dystonia at different time points, such as before and after surgery.
yes
Next generation sequencing (NGS) | 324-gene panel assay | Insufficient evidence in retrieved documents.
Insufficient evidence in retrieved documents.
Idasanutlin is a small-molecule MDM2 antagonist [1, 3, 5]. MDM2 is a negative regulator of the tumor suppressor p53, and idasanutlin inhibits MDM2, leading to activation of p53 [2, 1]. It is also described as a p53-MDM2 antagonist [4].
Insufficient evidence in retrieved documents.
Kidney | Parathyroid glands | Choroid plexus of the brain
Male pseudohermaphroditism | Rare form of human intersex | Sex reversed patients with female or ambiguous phenotypes
no
Are you asking about a specific research study, a clinical tool, or something else related to DeepTRIAGE?
Pseudomelanosis duodeni is a rare, benign condition characterized by dark pigmentation of the duodenal mucosa. This pigmentation is due to pigment-laden macrophages and manifests endoscopically as discrete, flat, small brown-black spots or black-brown speckled pigmentation. The etiology of Pseudomelanosis duodeni is unknown.
yes
Abdominal obesity | Hypertension | Low plasma HDL-cholesterol | High plasma glucose | High triglycerides | Elevated waist circumference | Elevated triglycerides | Reduced high-density lipoprotein cholesterol | Elevated blood pressure | Elevated fasting glucose | Central obesity | Hypertriglyceridemia | Low high-density lipoprotein (HDL) levels | Fasting hyperglycemia
PITX1 gene | PITX1
HLA-B∗15:02 screening is recommended prior to administering carbamazepine in Asian and other populations with a high prevalence of HLA-B∗15:02. This is because HLA-B∗15:02 is a biomarker for carbamazepine-induced Steven-Johnson Syndrome and Toxic Epidermal Necrolysis (SJS/TEN).
yes
Mesna | Adriamycin | Ifosfamide | Dacarbazine | Doxorubicin
Glucocorticoids | cortisol
Emmanuelle Charpentier | Jennifer Doudna
Super-enhancers are defined as large clusters of transcriptional enhancers. They drive the expression of genes that define cell identity and cell-type-specific gene expression. They are also considered crucial to cell identity.
yes
ExpansionHunter | ExpansionHunter Denovo
Nirsevimab is used to protect infants against respiratory syncytial virus (RSV) for an entire RSV season with a single intramuscular dose. It is also used for the prevention of RSV disease.
Tsukushi (TSK) is a member of the small leucine-rich repeat proteoglycan (SLRP) family. It contributes to collagen accumulation.
no
yes
Etanercept | Ustekinumab | Adalimumab
Adamts18 links luminal hormone receptor signaling to basement membrane remodeling and stem cell activation. Estrogens and progesterone induce Adamts18 via Wnt4 expression, leading to Wnt signaling activation.
yes
d-lactate | l-lactate | D(-) lactate | L(+) lactate
Key role in eye development | Necessary for normal eye and brain development | Transcription factor
no
yes
In what context are you interested in ReactomeGSA (e.g., a specific disease, pathway, or research question)?
Sodium phenylbutyrate-taurursodiol (PB-TURSO) is an orally administered coformulation that significantly slowed functional decline in a phase 2 trial for ALS called CENTAUR. It is also associated with long-term survival in participants of the CENTAUR trial.
Growth arrest-specific 6 (Gas6) is a vitamin K-dependent protein similar to plasma anticoagulant protein S, encoded by the GAS6 gene and secreted by various cell types including immune cells, endothelial cells, vascular smooth muscle cells, and adipocytes. It acts as a ligand for receptor tyrosine kinases (RTKs) of the TAM family, including Tyro3, Axl, and MerTK. Gas6 signaling might be associated with adipose tissue inflammation, glucose intolerance, and insulin resistance.
Neoplastic leptomeningeal disease (LMD) is defined as infiltration of the leptomeninges by tumor cells. Primary diffuse leptomeningeal melanomatosis (PDLM) is a rare disease affecting melanocytes in the leptomeninges and is a variant of primary melanoma of the central nervous system.
30% | 30-40%
vedolizumab | siltuximab | ramucirumab | pembrolizumab | nivolumab | blinatumomab
Lymphocyte-maturation defects | Immunoglobulin deficiency | Intestinal inflammation
yes
yes
The venom of the cone snail *Conus tulipa* contains peptide toxins such as conantokin-T, which affects excitatory synaptic transmission, and rho-TIA, which has alpha1-adrenoreceptor antagonist activity.
Influenza virus RNA polymerase | RNA polymerase II (RNAPII) | Conserved sequence elements within the 5' end of influenza virus virion RNA (vRNA)
CYP2C9 | VKORC1
Are you asking about the MSstatsTMT R package for proteomics data analysis?
no
yes
Reduces inflammation | Anti-inflammatory effects | Decrease inflammation
The inactive X chromosome condenses into a bipartite structure consisting of two superdomains separated by a hinge or boundary region. In humans, the inactive X chromosome forms a compact structure called the Barr body.
Mothers with a CYP2D6 ultrarapid metabolizer phenotype may expose their infants to risk of adverse events when taking codeine while breastfeeding because they produce more of the active metabolite, morphine. This increased morphine level can then cause adverse effects in the infant.
Rtpca | Path2PPI
Evinacumab is a human monoclonal antibody that inhibits angiopoietin-like protein 3 (ANGPTL3). By inhibiting ANGPTL3, Evinacumab reduces multiple lipoprotein fractions, including LDL-C, and can lower elevated triglyceride levels because ANGPTL3 regulates triglyceride metabolism.
yes
1967
Rheumatoid arthritis (RA)
HLA-B*5701
yes
atorvastatin 40mg | ramipril 10mg | aspirin 100mg
Liver | CNS | Insufficient evidence in retrieved documents.
A neutrophil drumstick is a drumstick-shaped appendage found in the nuclei of some neutrophils in healthy women. This appendage contains the inactive X chromosome. In neutrophils with a drumstick appendage, the active X chromosome is randomly distributed among the lobes.
TNFα, IL-1β, and IFNγ | IL-1beta and TNF-alpha | IL-22
Thermo Fisher Scientific
INSPEcT is an R package for the integrative analysis of RNA- and 4sU-seq data to study the dynamics of transcriptional regulation. It provides gene-level quantification of rates and a modeling framework to identify regulatory processes, and its performance is tested on a synthetic dataset.
insulin-like growth factor-I receptor | IGF-1R
Apolipoprotein-B mRNA-editing catalytic polypeptide-like 3C (A3C)
yes
DNA thermodynamic stability (in budding yeast) | DNA methylation | G+C content
CYP2C19
Somatic mosaicism | Common genetic variation | Excessive deubiquitination of NLRP3-R779C variant
severe hemophilia A
Directly targets Rho-associated kinase (ROCK) | ROCK inhibitor | Increases expression of pluripotency factors
The Barr body is the cytological manifestation of the inactive X chromosome (Xi) in interphase nuclei. The condensation of the X chromosome in the form of Barr bodies depends on the level of endogen cyclic AMP. The Barr body is readily identified as a plano-convex structure on the periphery of the nuclear membrane.
yes
The CYP2C19*2 and *3 alleles are loss-of-function (LOF) alleles. The CYP2C19*2 loss-of-function allele is associated with impaired clopidogrel response. The CYP2C19 loss-of-function alleles had a gene dose effect on the pharmacodynamics of clopidogrel.
Full Spectrum of Intolerance to Loss-of-function (FUSIL) is a cross-species gene classification. Genes in the five mutually exclusive FUSIL categories have differing biological properties. Mendelian disease genes, particularly those associated with developmental disorders, are highly overrepresented among genes non-essential for cell survival but required for organism development.
no
yes
1990 (initiation) | 2003 (completion) | 2005 (targeted completion)
GAM | SPRITE | ChIA-Drop
324 | FoundationOne CDx next generation sequencing (NGS) | Insufficient evidence in retrieved documents.
c-Myc | ATR
no
Aberrant proteolytic activity is implicated in Alzheimer's disease and may contribute to autoimmunity. Aberrant proteolysis with oncogenic potential can be elicited by defective degradation of positive cell cycle regulators or enhanced degradation of negative cell cycle regulators. Aberrant ALK activity has also been implicated in the oncogenesis of human cancers.
no
Formative pluripotency is an intermediate stage between naïve and primed pluripotency. It involves a gene regulatory network switch from the naïve state and the dismantling of the transcription factor network that governs the naive state. This stage comprises capacitation of enhancers, signaling pathways and epigenetic machinery in order to install competence for lineage specification.
yes
dagLogo
Philadelphia chromosome-positive acute lymphoblastic leukemia | Ph-positive acute lymphoblastic leukemia | Ph-positive ALL
yes
Carpal tunnel syndrome (CTS) | Peripheral nerve compression
IFN gene signature (IGS) | Interferon (IFN) signature | IFN signature (IS)
yes
LipidMS | lipidr | massPix
Uterine fibroids | Endometriosis-associated pain | Prostate cancer | Advanced Prostate Cancer
Carbendazim weakens bee colonies, potentially contributing to colony collapse disorder. This effect is linked to reduced expression of major royal jelly proteins.
Stomach | Duodenum | Gall-bladder | Pancreas | Bile duct
Atypical patterns of dystonia evolution | Non-dystonic neurodevelopmental phenotype | Risk of status dystonicus | Intrauterine growth retardation | Endocrinopathies | Systemic disease (higher burden in patients with chromosomal deletions and protein truncating variants) | Earlier onset of dystonia (in patients with chromosomal deletions and protein truncating variants)
Migraine prevention | Preventive treatment of episodic migraine | Prophylaxis of migraine
no
Blocker of vascular leakage | Useful tool in the study of the formation of transport vesicles | Inhibits the growth, migration, and colony formation of breast cancer cells in vitro | Inhibits tumor growth in vivo
no
Gain-of-function variants in SYK cause immune dysregulation and systemic inflammation in humans and mice. These variants also result in a potentially treatable form of inflammatory disease.
yes
Transporter protein for serotonin | Serotonin transporter | Insufficient evidence in retrieved documents.
yes
yes
yes
Nematode of the genus Thelazia | Thelazia callipaeda | Arthropod-borne nematode of the genus Thelazia
Somatic hypermutation and class-switch recombination | Host-mediated defense against exogenous viruses | Activation and differentiation of B cells
Autosomal dominant Spinocerebellar Ataxia type 3 (SCA3) is caused by abnormal amplification or expansion of cytosine-adenine-guanine (CAG) trinucleotide repeats in the ATXN3 gene, specifically in exon 10. This results in an abnormal expanded polyglutamine repeat in the ataxin-3 protein.
p38 MAPK pathway
Intellectual disability, particularly affecting speech | Growth failure | Feeding difficulties | Non-specific MRI abnormalities | Epilepsy and/or abnormal EEG | Predisposition to recurrent infections (mostly bacterial) | Ophthalmological abnormalities | Gait/balance disturbance | Joint hypermobility | Dysmorphic facial features
yes
Mechanotransduction | Mediating Ca2+ influx | Regulates cytoskeletal remodeling and stress alterations
eptinezumab | erenumab | fremanezumab | galcanezumab
RRACH motif | N6 position of adenosine | mRNA post-transcriptional modifications
Are you referring to a specific gene, acronym, or something else?
Glucagon-like peptide 1 (GLP1) receptors | Gastric inhibitory polypeptide (GIP) receptors | Glucagon-like peptide-1 (GLP-1) receptors | Glucose-dependent insulinotropic polypeptide (GIP) receptors
yes
Chaperonins assist proteins in folding into their native shapes. They bind nonnative proteins and release them into an encapsulated cavity to fold properly into their three-dimensional structures. They facilitate the proper folding of nascent and partially folded polypeptides.
no
Oguchi disease | Congenital stationary night blindness (CSNB)
metastatic uveal melanoma | uveal melanoma | advanced solid cancer
yes
Neuromedin U (NMU) is a neuropeptide found in the brain, gastrointestinal tract, and spinal cord. It affects smooth muscle, blood pressure, feeding behavior, energy metabolism, stress responses, circadian rhythmicity, inflammation, ion transport, blood flow, and adrenocortical function.
yes
Could you please specify what you are referring to when you say "SPar-K"?
Donanemab is a monoclonal antibody (IgG1 antibody) that targets a pyroglutamate form of amyloid beta (Aβ(p3-42)). This specific form of amyloid beta is found exclusively in amyloid plaques in the brain.
yes
Promising therapeutic target for cancer immunotherapy | Play a crucial part in cancer evolution | Insufficient evidence in retrieved documents.
FTO influences adipogenesis by enhancing the expression of a pro-adipogenic isoform of RUNX1T1 [1]. FTO also controls the exonic splicing of RUNX1T1 by regulating m6A levels, thereby modulating differentiation [2]. A specific location in RUNX1T1 is a potential FTO recognition motif [3].
JUCHMME
Etesevimab is a monoclonal antibody that targets the SARS-CoV-2 spike protein and blocks the entry of SARS-CoV-2 into host cells. It binds to the surface spike protein S1 subunit receptor-binding domain (RBD) of SARS-CoV-2.
Are you interested in pseudokinases in a specific organism, disease, or signaling pathway?
Small intestine | Intestinal wall | Large intestine
yes
The GenomeAsia 100K Project aims to enable genetic discoveries across Asia. Its pilot phase includes a whole-genome sequencing reference dataset from 1,739 individuals across Asia, with the goal of cataloging genetic variation, population structure, disease associations, and founder effects. The project also explores the use of this dataset in imputation to facilitate genetic studies.
Spinal muscular atrophy (SMA) | SMA
Protein palmitoylation, also known as S-acylation, is a reversible post-translational modification involving the covalent attachment of a fatty acid, often palmitate, to cysteine residues of proteins [1, 2]. This modification anchors proteins to membranes and enhances membrane stability [2, 3].
yes
September 2018
yes
Amyotrophic lateral sclerosis (ALS)
Lactase deficiency | Deficiency in the lactase enzyme | Adult-type hypolactasia
Are you asking about Etizolam as a medication, or something else?
no
De novo VPS4A mutations cause a distinct multisystem disorder. This disorder is characterized by structural brain abnormalities, severe neurodevelopmental delay, cataracts, growth impairment, and anemia.
Treatment of adults with paroxysmal nocturnal haemoglobinuria (PNH) | Treatment of PNH in patients switching from C5 inhibitor therapy with eculizumab and ravulizumab | Provides broad hemolysis control in PNH, including intravascular and extravascular hemolysis
Transfer of N-glycan intermediates | Catalyze the attachment of glycans | Transfer polysaccharides to engineered carrier proteins
chromosome 20p12
Mothers with a CYP2D6 ultrarapid metabolizer phenotype may expose their infants to risk of adverse events when taking codeine while breastfeeding. This is because they produce more of the active metabolite, morphine.
VICTOR is a fully interactive and dependency-free visual analytics web application for the visual comparison of the results of various clustering algorithms. It can handle multiple cluster set results simultaneously and compare them using ten different metrics. It is available at http://victor.pavlopouloslab.info or http://bib.fleming.gr:3838/VICTOR.
Are you asking about a medication, a research study, or something else?
yes
LASEK | laser subepithelial keratomileusis | laser in-situ keratomileusis
RRACH motif | potential FTO recognition motif
SCUBE3 loss of function causes a recognizable recessive developmental disorder due to defective bone morphogenetic protein signaling. This results in a syndromic disorder characterized by reduced growth, skeletal features, distinctive craniofacial appearance, and dental anomalies. Scube3 deficiency also leads to defective endochondral bone growth due to impaired BMP-mediated chondrogenesis and osteogenesis.
capecitabine | oxaliplatin
yes
oxytocin | mesotocin | [Phe2]mesotocin
S1P1 | S1P receptors
yes
no
Insufficient evidence in retrieved documents.
Streptomyces anulatus 3533-SV4 | Streptomyces anulatus
Ammi visnaga
Are you asking about the company Antisoma, or a specific drug or therapy they developed?
Factor XI | Factor XIa
Could you please provide more context, such as where you heard the term "vesiduction" or what you are researching?
intravenous (IV) administration
clinical | radiological | genetic
Vericiguat is an oral soluble guanylate cyclase (sGC) stimulator that enhances the cyclic guanosine monophosphate (GMP) pathway. It targets the NO-sGC-cGMP pathway by sensitizing sGC to low levels of NO and directly stimulating sGC in the absence of endogenous NO.
human larynx epidermoid carcinoma cell line | HEp-2 laryngeal cancer cells | oropharyngeal cancer cells
yes
BYM338
Are you asking about a gene, a research project, or something else?
Baloxavir marboxil | Baloxavir | Baloxavir acid
no
yes
ubrogepant | CGRP receptor antagonist | calcitonin gene-related peptide receptor antagonist
2183 families | 4660 participants | 161 disorders
Are you referring to a gene, protein, drug, or something else?
SIK1 | SIK2 | SIK3
no
Next-generation sequencing | Multiple biomarker testing | Oncomine Dx Target Test Panel
Insufficient evidence in retrieved documents.
Daratumumab | CD38 antibody
Single-stranded covalently closed circular RNA molecule | Closed circular RNA molecule | Non-coding RNA (ncRNA) derived from reverse splicing from pre-mRNA
Are you interested in the symptoms, causes, diagnosis, or treatment of Fanconi anemia?
CYP2D6 | CYP3A4
Are you asking about the SBGNview R package for visualizing biological networks, or something else?
Asthma | Chronic Obstructive Pulmonary Disease (COPD)
Complex of DNA, RNA, and probably protein | Multi-copy single-stranded DNA | Small, structurally unique satellite DNAs
yes
50%
Syndromic form of thoracic aortic aneurysm (TAA) | Syndromic thoracic aortic aneurysm | A human importin-β-related disorder
Evinacumab is a human monoclonal antibody that inhibits angiopoietin-like protein 3 (ANGPTL3). This inhibition reduces multiple lipoprotein fractions, including LDL-C.
hypopharyngeal glands | HPGs | HGs
Diabetic retinopathy | Retinal vascular dysfunction | Age-related macular degeneration | Retinopathy of prematurity
CYP1A2 polymorphisms modify the association of habitual coffee consumption with appetite. This relationship also involves energy intake and circulating levels of the orexigenic hormone asprosin. The effect is more evident in subjects with a high genetic predisposition to obesity.
SDE2 plays a role in maintaining active replication and counteracting replication stress by regulating the replication fork protection complex (FPC). It is also an essential gene required for ribosome biogenesis and the regulation of alternative splicing. SDE2 interacts with TIMELESS (TIM), enhancing its stability and aiding TIM localization to replication forks.
cabotegravir | rilpivirine
Shone's complex is a rare congenital cardiac malformation characterized by serial obstructive lesions of the left heart. It affects the mitral valve and left ventricular outflow tract. Specific anomalies associated with Shone's syndrome include supravalvular mitral ring, parachute mitral valve, subaortic stenosis, and coarctation of the aorta.
Double-contrast barium enema | Transvaginal ultrasonography | Rectal endoscopic ultrasonography | Magnetic resonance imaging | Multislice computed tomography | Multidetector computerized tomography enteroclysis | Laparoscopy | Multidetector computerized tomography enema | Computed tomography colonoscopy
March 26, 2021 | Since 2021
Insufficient evidence in retrieved documents.
no
Treating helminth infections | Treatment of parasitic diseases | Insecticidal effects
DEAD-box proteins are ATP-dependent RNA helicases involved in various RNA-mediated processes. They function by coupling ATP binding and hydrolysis to changes in affinity for single-stranded RNA. Their functions include translation, ribosome biogenesis, pre-mRNA splicing, and group I intron splicing.
Improved vascular permeability | Reduced concentration of Evans Blue dye | Ameliorated hypercholesterolemia
MTH1
Gemogenovatucel-T is an autologous tumour cell vaccine. Its mechanism of action involves specifically reducing the expression of furin and downstream TGF-β1 and TGF-β2.
Preparing follicular thyroid carcinoma cells suspension | Detaching stem cell sheets | Insufficient evidence in retrieved documents.
no
no
βII-spectrin stability | Binding to key molecular partners | Cytoskeleton organization and dynamics
Bevacizumab is used to control severe, refractory perilesional edema following stereotactic radiosurgery for arteriovenous malformations. It has been shown to improve symptoms and neuroimaging results in cases where edema is refractory to other treatments like corticosteroids. Its use has been documented in the late recovery of stereotactic radiosurgery-induced perilesional edema.
yes
Influenza | Ebola | COVID-19
no
Alport syndrome
yes
anagen | catagen | telogen
Bow Hunter's syndrome is caused by compression or occlusion of the vertebral artery, leading to vertebrobasilar insufficiency or ischemia. This is often due to mechanical factors like head and neck rotation, or impingement on cervical vertebrae osteophytes. The syndrome involves transient vertebro-basilar ischemia on head rotation.
Single-targeted antibodies | Bi-specific antibodies (BsAbs) | Antibody-drug conjugates (ADCs) | Anti-TNF monoclonal antibodies (mAbs) | Immune checkpoint blocking monoclonal antibodies | Anti-tumor monoclonal antibody | PD-1/PD-Li blocking antibody | CTLA4 blocking antibody
Insufficient evidence in retrieved documents.
MET exon 14 skipping mutation | METex14 skipping mutations
In what context are you asking about second messengers (e.g., a specific signaling pathway, disease, or drug)?
yes
yes
yes
Atopic dermatitis | Prurigo nodularis | Chronic kidney disease associated pruritus
Could you clarify what context you're asking about hemoglobin's antimicrobial properties in?
arginine vasopressin (AVP) | arginine vasopressin (VP)
MEK | KIT | PDGFRA
a neurodevelopmental disorder | syndromic neurodevelopmental disorder | causative for a neurodevelopmental disorder
Sodium-glucose co-transporter 2 (SGLT2) | Sodium-glucose co-transporter 1 (SGLT1)
primary structure interrogation of intact proteins | analyte fragmentation | fragmentation processes
Bartter syndrome is a rare, inherited salt-losing renal tubular disorder. It is characterized by hypokalemic hypochloremic metabolic alkalosis [1, 2] and a deficiency in sodium and chloride absorption [3]. It is also characterized by polyuria [4, 5].
yes
Poretti-Boltshauser syndrome | Joubert syndrome (presumed)
Lactin-V is used to prevent the recurrence of bacterial vaginosis after treatment with vaginal metronidazole and to reduce recurrent UTI after treatment for cystitis. It is a Lactobacillus crispatus intravaginal suppository probiotic.
Testing biofilm-forming ability | Evaluating biofilm formation | Identifying slime-producing strains
prelamin A | lamin A
Ibrutinib increases the viability and expansion of CLL patient-derived CART cells. It also promotes a less-differentiated phenotype, reduces exhaustion marker expression, and enhances cytokine release capacity in these cells. Thus, BTK/ITK inhibition with ibrutinib during CART cell culture can improve yield and function of CLL patient-derived CART cell products.
miR-193b acts as a tumor suppressor in prostate cancer. It is epigenetically silenced, and its overexpression inhibits invasion and induces apoptosis in prostate cancer cell lines. Silencing of miR-193b may contribute to prostate cancer progression.
Pembrolizumab plus chemotherapy | Pembrolizumab | Chemotherapy
Fibrolamellar carcinoma | FLC
The Nerve Tissue Contrast Index (NTI) is a ratio of average brightness levels of surrounding tissue and the median nerve, calculated from a US image. It is used to assess the loss of visualization of the nerve fascicular pattern in carpal tunnel syndrome.
2017 | Prior to the registration of dupilumab by both the European Medicines Agency (EMA) and Federal Drug Administration (FDA) in 2017 | Insufficient evidence in retrieved documents.
Could you please provide more context about what you mean by "bigPint"? Are you referring to a specific gene, protein, or something else?
Alzheimer's disease (AD)
yes
SARS-like CoVs in bats | bats | bat
yes
Could you please specify the context in which you encountered CLICK-Seq? For example, are you interested in its application to a specific disease, cell type, or research area?
Lumasiran is an RNA interference (RNAi) therapeutic agent that reduces hepatic oxalate production by targeting glycolate oxidase. By silencing the gene encoding glycolate oxidase, Lumasiran inhibits the synthesis of oxalate.
Airway epithelium | Lungs | Conjunctiva
Are you asking about Oral Health-Related Quality of Life?
VKORC1-1639GA | VKORC1-1639AA | rs9923231 of the VKORC1 gene | Six VKORC1 SNPs
seqCNA | copynumber | NanoStringNormCNV | crlmm
no
yes
Insufficient evidence in retrieved documents.
MET | Mutant MET variant
Schizophrenia | Autism | Mental retardation | ADHD | Epilepsy
Carcinoma en cuirasse is a rare form of cutaneous metastasis, almost exclusively described as deposits secondary to breast carcinoma. It most commonly occurs on the chest as a recurrence of breast cancer, but it can be the primary presentation.
Are you asking about carboxyglutamate in relation to a specific condition, medication, or lab test?
Morton's neuroma is a neuralgia or painful lesion involving the interdigital nerve. It is characterized as a fibrous enlargement or entrapment neuropathy, often occurring in the second and third interspace or third interdigital web space. It is associated with fibrotic changes in the nerve, microvascular degeneration, and deregulation of sympathetic innervation.
DAKO A/S | Dako
yes
no
Lacritin | Tear lipocalin | Lysozyme | TLE/Grg/Groucho family of transcriptional corepressors
1884
ALD403 (eptinezumab) | AMG 334 (erenumab) | LY2951742 (galcanezumab) | TEV-48125 (fremanezumab)
yes
Ertugliflozin | Metformin
Mitochondrial DNA | Mammalian mitochondria | Mitochondria
no
hereditary ATTR polyneuropathy | stage 1 and stage 2 hATTR polyneuropathy
yes
yes
Myeloproliferative neoplasms | MPN | Oncogenesis
yes
no
GprotPRED | GprotPRED online tool | profile Hidden Markov Models (pHMMs)
The CHALICE rule is a clinical prediction rule used in the management of children with head injuries and for predicting intracranial injury. It has been applied in both UK and non-UK settings, impacting computed tomography (CT) scan rates. It is also used for the prediction of clinically significant head injury.
ER retention sequence (KDEL) | Retrieval signal | KDEL retention signal
Fever | Splenomegaly | Cytopenias affecting at least two of the 3 lineages in peripheral blood | Hypertriglyceridemia | Hyperferritinemia | Elevated serum level of soluble interleukin-2 receptor (sCD25) | Hypofibrinogenemia | Hemophagocytosis in bone marrow | Decreased cytotoxic T cell and natural killer cell activity | Bicytopenia
Summer 1999
no
yes
CK | aldolase
Induction of maternal tolerance to fetal alloantigens | RANTES production | Relevant for fetal tolerance induction
Could you please provide more context? Are you referring to a medication, a gene, or something else?
no
yes
Are you asking about Preterm Premature Rupture of Membranes?
Two to three generations | Short half-lives of two to three generations | At least ten generations
Metformin | Rosiglitazone
mTOR | mTOR kinase activity | mTORC1 complex
yes
Substantial decrease in RNA abundance | Downregulated | Insufficient evidence in retrieved documents.
Diffuse lepromatous leprosy
Neuronal presynaptic terminals | Presynaptic proteins | Synaptic proteins
PRICK TEST | PRIST | RAST | TNP | Skin prick test (SPT) | Nasal provocation tests (NPTs) | serum allergen-specific IgE
yes
The AIMS65 score is a useful and effective risk-scoring system for predicting outcomes, including mortality, in patients with various types of upper gastrointestinal bleeding. It is validated for both nonvariceal gastrointestinal bleeding and peptic ulcer bleeding. The score can be easily calculated.
ATP binding cassette (ABC) transporter | ATP‑binding cassette sub‑family G member 1 | ATP-binding cassette transporter G1
Malaria | Cancer | Fibrosis | Inflammatory disease | Schistosomiasis | Leishmaniasis
May 2019
yes
yes
Three | 8 Lbx paralogons | Insufficient evidence in retrieved documents.
United States Food and Drug Agency | Health Canada | European Commission
The CAHP (Cardiac Arrest Hospital Prognosis) score is a tool for risk stratification after out-of-hospital cardiac arrest (OHCA). It is also used for early neuroprognostication after OHCA and helps stratify patients admitted to the ICU after OHCA according to their neurological outcome. The CAHP score can also predict neurological outcome following in-hospital cardiac arrest (IHCA).
Treatment of Alzheimer's disease | Anti-Alzheimer drug
Adenocarcinoma | Squamous cell carcinoma (SQ) | Large cell carcinoma | Small cell carcinoma
Are you referring to a gene, protein, drug, or something else?
Edasalonexent may be beneficial for DMD patients as it is associated with slowing disease progression and preserving muscle function. Clinical trials are ongoing to further investigate its efficacy.
Alzheimer's disease | Early-onset familial Alzheimer's disease
Oral facial complex | Head and neck | Cheek
ID1
no
Electromotive behaviour of outer-hair cells | Acute sensitivity and frequency selectivity in the vertebrate auditory system | Voltage-dependent protein in the outer hair cell membrane
no
Are you asking about piRNAs in the context of a specific disease or condition?
Psoriatic disease | Psoriasis | Psoriatic arthritis
The white mutation in Drosophila affects biological functions such as mobility, life span, and stress tolerance. It also has behavioral consequences. Furthermore, the white gene is associated with heterochromatin.
Pneumonia | Endocarditis | Meningitis
Approximately 25 times greater than DNA sequence changes | Spontaneously | Insufficient evidence in retrieved documents.
yes
Are you asking about Upadacitinib as a medication, or something else?
Pyoderma gangrenosum usually affects the upper and lower legs and feet or peristomal sites compared with chronic venous ulcers that are limited to the lower legs and feet. | Pustules and purulent discharge are features of pyoderma gangrenosum but not of chronic venous ulcers. | Crater-like holes or cribriform scarring is commonly seen in pyoderma gangrenosum but not in chronic venous ulcers. | Pathergy is a specific but not sensitive finding of pyoderma gangrenosum | Pyoderma gangrenosum is characterized by wounds with blue-to-purple undermined borders surrounding purulent necrotic bases.
Are you asking about Mobilome-seq in the context of a specific disease, organism, or research area?
Asymmetry | Leukocytosis | Tachycardia | age ≥70
C-reactive protein (CRP) | Procalcitonin (PCT) | Serum amyloid A (SAA) | Presepsin (PSEP) | Neutrophil-to-lymphocyte ratio
no
Are you asking about the use of Waylivra in a specific condition or in general?
Plasmodium falciparum malaria | Malaria
yes
Composite endpoints for assessing safety and efficacy of treatment processes of acute coronary syndrome (ACS) | Major adverse cardiovascular events | Major adverse cardiac events
APPROACH and COMPASS studies
yes
yes
yes
Ionis Pharmaceuticals | Akcea Therapeutics
no
FANK1 is an evolutionarily conserved protein containing a fibronectin type III domain and ankyrin repeats. It is highly expressed in the testis and functions as an anti-apoptotic protein by activating the AP-1 pathway. FANK1 may also function as a transcription factor with DNA binding activity.
Estrogens | Streptozocin | Azacitidine | Suramin | Catecholamines | Beta-adrenergic agonists | Sodium bicarbonate | Acetazolamide | Diuretics | Bisphosphonates | Antibiotics | Insulin | Antacids
no
yes
aortic aneurysm or pseudoaneurysm | regression, dissection, or aortic rupture | regression
saxagliptin | dapagliflozin
Are you interested in autoantibodies used for diagnosis, those associated with specific disease manifestations, or both?
Nephropathic cystinosis is an autosomal recessive lysosomal storage disorder characterized by the accumulation of cystine in various tissues. In some instances, the cystine accumulates as crystals. The condition is caused by a mutation in the CTNS gene, which encodes the cystinosin protein.
Naltrexone | Bupropion
Treatment of NSCLC containing an ALK rearrangement | For non-small cell lung cancers | To inhibit resistant ALK mutations
Muscle and nervous system | Neural and muscle | Insufficient evidence in retrieved documents.
no
Activation of innate immune response | encodes antiviral restriction enzyme activators | Insufficient evidence in retrieved documents.
yes
Trifluridine | Tipiracil
Cathepsin L (CTSL) is a protease associated with SARS-CoV-2 entry. It plays a key role in the virus's entry into the cell and subsequent infection.
yes
Here's a list of tools that predict protein structure considering amino acid sequence, based solely on the provided evidence:

*   PreSSAPro
*   MoRFCHiBi_Web
*   Cellular automata and Lempel-Ziv complexity
p85 | RAS
surface-exposed basic patch
Subarachnoid hemorrhage (SAH) | Aneurysmal Subarachnoid Haemorrhage (ASAH) | Cerebrospinal fluid (CSF) hypotension
Breast cancer | Colon cancer | Small cell lung carcinoma | Ovarian cancer | Lymphomas | Squamous cell carcinomas | Adenocarcinomas | Sarcomas | Thyroid cancer | Neuroblastomas
p53 pathway | Rb pathway | p53/p21WAF1/CIP1 pathway | p16INK4A/pRB pathway | ARF-p53-p21Cip1 pathway | p16INK4a-pRb pathway | p38 pathway
Severe muscle disorder | Progressive wasting disease of skeletal and cardiac muscles | Most severe form of all muscular dystrophies
GM6 treatment alters the expression of ALS-associated genes involved in neurogenesis and axon guidance, suggesting a link between developmental pathways and ALS.
yes
In what context are you asking about p85α homodimerization?
Parallel artificial membrane permeability assay (PAMPA) | Caco-2 permeability assay | P-glycoprotein (Pgp) affinity assay | Plasma protein binding assay | Metabolic stability assay | Drug-drug interaction assay | Mutagenicity risk test | HepG2-hepatotoxicity risk test | Number of aromatic and non-aromatic rings | Functional groups
no
10074-G5 | Mycro1 | Mycro2 | 10058-F4
Latent process model | Natural History Progression Model | Wearable full-body motion tracking of activities of daily living
The suppression of the cytoprotective autophagy pathway in skeletal muscle may be linked to enhanced apoptosis during ALS progression [1]. However, the link between SOD1 mutations, cellular dysfunction, and muscle atrophy and weakness is not well understood [2].
KRAS codon 146 mutations | Single amino acid substitutions at codon 12 | G12D | G12V | Gly12Ala | Gly12Asp | Gly12Arg | Gly12Cys | Gly12Ser | Gly12Val | Gly13Asp
p110α | p110δ | PAQR3
Here's a list of computational tools for predicting allosteric pathways in proteins, based solely on the provided evidence:

*   Allosite
*   Ohm
*   MCPath (Monte Carlo path generation approach)
rhinorrhea | otorrhea | focal neurologic signs | retroauricular hematoma
miR-1 | miR-133a | miR-206 | Fibronectin | Osteopontin
The provided evidence suggests a link between dysregulated lipid metabolism and ALS. Lipid metabolism in neurons regulates processes linked to neurodegenerative diseases, and ALS genetics are linked to weight loss. However, the specific lipidome alterations involved in ALS disease progression are still understudied.
Multisystem inflammatory syndrome in children (MIS-C) associated with COVID-19 is a newly recognized, rare, but serious post-infectious inflammatory response in children with prior COVID-19 exposure. It involves multiorgan involvement, elevated inflammatory markers, and can include cardiac involvement such as myopericarditis.
Muscular Dystrophy Surveillance, Tracking, and Research Network (MD STARnet)
Toll-like receptor (TLR) and NOD-like receptor (NLR) signaling pathways are upregulated in ALS patients and are related to the immune response, contributing to pathological innate immunity and neuroinflammation. Both innate and adaptive immune responses are associated with neurodegeneration, and early immune activation may promote neuronal repair.
Vitamin E deficiency | Vitamin B12 deficiency | Vitamin B1 deficiency | Vitamin B3 deficiency | Vitamin B6 deficiency | Vitamin B9 deficiency
Deep learning models are used in Duchenne Muscular Dystrophy to evaluate ambulatory function using ultrasound imaging. Machine learning is also used to predict premature termination codon suppressing compounds and to improve energy expenditure estimation.
Are you asking about the symptoms, causes, diagnosis, or treatment of long-COVID?
yes
MRI | Magnetic resonance imaging | FLAIR* magnetic resonance imaging
Are you asking about pseudotumor cerebri in adults or in children?
Are you asking about pseudodementia related to depression, or another cause?
Both acetaminophen and NSAIDs can be used | Acetaminophen | NSAIDs
no
5-7 days | Approximately 6.4 days | Median of 5.4 days
Guillain-Barre syndrome (GBS) is an immune-mediated disease affecting the peripheral nerves. It is an acute inflammatory polyneuropathy and autoimmune disorder that causes demyelination. GBS is often triggered by infections.
no
Decreased lymphocyte count | Thrombocytopenia | Elevated serum C-reactive protein | Elevated lactate dehydrogenase | Elevated D-dimer concentrations | Lymphopenia | Elevated CPK | Elevated ferritinemia | Elevated erythrocyte sedimentation rate | Abnormal aminotransferase levels | Coagulation abnormalities | Disseminated intravascular coagulation
no
Factor XIa (FXIa)
Serine protease | Protein | Inducer of apoptosis
yes
Condensin is required for the organization of an axial chromatid structure and the localization of topoisomerase II to this structure, which allows topoisomerase II to effectively promote sister chromatid resolution. Condensin also aids sister chromatid decatenation by topoisomerase II. The absence of condensin can lead to chromosome segregation failure, similar to the inactivation of topoisomerase II.
PI3K/AKT signaling | PI3-K-Akt signaling | β-catenin pathway
no
casirivimab | imdevimab | REGN10933 | REGN10987
familial hemophagocytic lymphohistiocytosis type 2 (FHL 2)
Progranulin (PGRN) | Progranulin protein (PGRN) | secreted glycoprotein
Insufficient evidence in retrieved documents.
γ-cyclodextrin (γCD) is mixed with grapefruit juice to attenuate the inhibition of CYP3A, potentially by encapsulating BG and DHBG. This may be applicable to juice processing for preventing drug-grapefruit juice interactions.
mitophagy
Morel-Lavallée lesion (MLL) is a posttraumatic/traumatic closed degloving injury where the skin and superficial fascia/subcutaneous tissue separate from the underlying fascia due to shear force. It is commonly associated with high-energy trauma and often occurs in the trochanteric region and upper thigh. The overlying skin remains unbroken.
Patatin is the major protein found in potatoes and exists in several isoforms. It is a valuable plant protein with a high essential amino acid content and exceptional functional properties. Patatin is an O-linked glycoprotein that contains fucose and other monosaccharides, and it has lipid metabolism regulatory effects.
Inhibition of protein biosynthesis in Bacillus megaterium | Block protein synthesis | Early step in the vesicular transport mechanism
3DIV (3D-genome Interaction Viewer and database) | 3DGD (3D Genome Database) | 3DBG (3D genomic data database system)
B-cell maturation antigen (BCMA) | CD3
no
yes
yes
Nuclear transport of proteins | Nucleo-cytoplasmic trafficking | Macromolecular transport between the nucleus and the cytoplasm
Approximately 3% | 3 percent | 3% of the human genome
daratumumab | elotuzumab
A novel neurodevelopmental disorder | A novel neurodevelopmental syndrome with progressive microcephaly, seizures, and joint anomalies | A Mendelian disorder in humans
yes
yes
VEGF-A | Ang-2 | Tie-2/angiopoietin pathway
Stress | Osmotic stress | Ca2+ signaling
Significantly enhanced EC migration | Stimulated migration | Improved vascular permeability
yes
Pulmonary embolism | Septic embolus | Lung infarction
Catalyzing the conversion of tryptophan to kynurenine | Immunosuppressive enzyme | IFN-γ-inducible mediator of immune tolerance
Uptake of nutrients | Antigen presentation | Non-selective uptakes of extracellular proteins, liquids, and particles
Insufficient evidence in retrieved documents.
Are you asking about chromones as a general class of chemical compounds, or are you interested in a specific chromone-containing substance or medication?
Myeloid leukaemia | AML
Lanifibranor is a pan-PPAR agonist that acts on three different PPAR isotypes. It modulates key metabolic, inflammatory, and fibrogenic pathways. Lanifibranor also attenuates inflammatory activation in macrophages and monocytes in a PPARδ-dependent fashion.
yes
DHX36 is a DEAH/RHA family helicase with high specificity for G-quadruplex structures (G4s). It binds to and unfolds both DNA and RNA G-quadruplexes, contributing to G-quadruplex-mediated transcriptional and post-transcriptional regulation.
YY1 is a transcription factor that can activate or repress transcription of various genes and is involved in developmental processes [2]. It regulates oligodendrocyte progenitor differentiation [3], forms complex BIII, and can increase transcription [5]. YY1 can also bend DNA to regulate contact between other proteins [1] and interacts with M-MITF [4].
CYP1A2 | CYP3A
NPM1 | MLL | CEBPA
VHL disease related renal cell carcinomas | Hemangioblastomas | Pancreatic neuroendocrine tumors | Kidney cancer | Associated RCC | Central nervous system (CNS) haemangioblastomas | Pancreatic neuroendocrine tumours (pNET)
Nucleoskeleton underneath the INM | Plants | Plant homeostasis and adaptation
no
yes
yes
intellectual disability | spastic-dystonic cerebral palsy | epilepsy | hearing loss | sensorineural hearing loss | microcephaly | developmental delay
atezolizumab | bevacizumab
Yes, ALS can be a heritable disease. Between 5% and 10% of ALS cases are associated with familial inheritance. The most common inherited form is due to C9orf72 mutation.
Could you please provide more context? Are you referring to a drug, a gene, a condition, or something else?
CPX-351 is approved for the treatment of adults with newly diagnosed therapy-related acute myeloid leukemia or acute myeloid leukemia with myelodysplasia-related changes. It is a liposomal formulation of cytarabine and daunorubicin.
Moderate-to-severe developmental delay | Progressive neurological and neurosensory abnormalities | Variable white matter involvement | Autism | Hyperactive behavior | Pontine hypoplasia | Cerebellar atrophy with prevalent vermian involvement | Hearing loss
Synthetic cannabinoid use | Synthetic marijuana | Cannabis
Are you asking about AlphaFold in relation to a specific disease, protein, or research area?
Fragile X-related disorders (FXDs)
Are you asking about a medication, a research study, or something else?
Biallelic variants in HPDL cause a syndrome that ranges from juvenile-onset pure hereditary spastic paraplegia to infantile-onset spastic tetraplegia associated with global developmental delays. These variants also cause pure and complicated hereditary spastic paraplegia.
Interleukin-36 receptor
yes
yes
Enhances oral bioavailability | Inhibition | Attenuation
Retinal dystrophy
yes
Secretory granules | Cytoplasmic granule | Cytoplasm
no
Critical COVID-19 pneumonia
no
yes
no
yes
KAT7 is a genetic vulnerability of acute myeloid leukemias driven by MLL rearrangements. KAT7 loss leads to a loss of H3K14ac and H4K12ac marks, which reduces proliferation, increases apoptosis, and promotes differentiation of AML cells. The acetyltransferase activity of KAT7 is essential for the proliferation of these cells.
capecitabine | irinotecan
Insufficient evidence in retrieved documents.
Circular RNAs (circRNAs) function in several ways, including regulating other RNA species, acting as microRNA sponges, functioning as transcriptional regulators by binding to RNA-binding proteins, and regulating gene expression. They also play a role in regulating cell biological function and cancer progression.
khellin
Protein Contacts Atlas
primary hemophagocytic lymphohistiocytosis (HLH) | primary HLH
yes
RNA-binding protein | Translational regulation of target mRNAs | Developmental regulator
Are you asking about CPX-351 as a medication?
1.1% frequency in Finns | Present at 1.1% frequency in Finns | 1.  1%
Wild-type KIT and PDGFRA | Primary KIT and PDGFRA mutations | Secondary KIT and PDGFRA mutations | Activation loop mutations in KIT and PDGFRA | A wide range of KIT and PDGFRA mutations | The full spectrum of mutant KIT and PDGFRA kinases
PYHIN proteins are regulators of immune response, transcription, apoptosis, and cell cycle, and play a role in innate immunity. Some PYHIN proteins like AIM2 and IFI16 bind dsDNA and form caspase-1-activating inflammasomes, which are important in immunity to cytosolic bacteria, DNA viruses, or HIV. IFI16, PYHIN1 and MNDA can restrict viral pathogens.
Antibiotics | Chemotherapeutic agents | Tyrosine kinase inhibitors
Increased risk of rhabdomyolysis | Accumulation of misfolded/aggregated proteins | New-onset diabetes
trfermikit
yes
yes
Toripalimab is a monoclonal antibody that targets programmed death receptor-1 (PD-1). It binds to PD-1 and prevents the interaction of PD-1 with programmed death ligands 1 (PD-L1) and 2 (PD-L2).
yes
Postural headaches | Nausea | Vomiting | Dizziness | Photophobia | Tinnitus | Vertigo
no
yes
Stearoyl CoA desaturase 1 (SCD1) | hepatic stearoyl-CoA desaturase 1 (SCD1)
Mutations in ribosomal protein (RP) genes | Ribosomal gene mutations | Defects in the RPS19 gene
DNA replication | Gene expression | Telomere maintenance | Transcription | Translation | Regulation of telomere length | Formation of telomeric heterochromatin | Inhibition of transcription | Inhibition of translation | Genome instability | Cancer
Epiregulin (EREG) expression in tumors promotes tumor progression and metastasis. In colorectal cancer, EREG expression is positively correlated with a response to EGFR-targeted therapies. EREG might play different roles according to its abnormal levels in tumor tissue.
* CellVGAE
Bruton's tyrosine kinase
Are you asking about Cereblon in relation to a specific disease, drug, or research area?
The Abbreviated Injury Scale (AIS) is used to classify, define, and quantify injury severity. It is an anatomical-based coding system designed to describe the severity of injuries throughout the body.
Epidermal growth factor (EGF) family | EGF-like ligands | myotubularin family
Cap Trap RNA-seq is a technology combining cap trapping and long read MinION sequencing. It was developed to confirm transcription at microsatellites.
The Canadian C-Spine Rule (CCR) is a clinical decision aid used to determine the need for radiography in alert, stable patients with potential c-spine injury. It also facilitates the safe removal of cervical collars. The CCR uses midline cervical spine tenderness on palpation as an indication for c-spine imaging post-trauma.
Transcriptional regulator | bHLH transcription factor | Gene in Drosophila
no
EGFR | Epidermal growth factor receptor
NCAM1 | CADM2 | PHF2/FAM120A | DOCK9 | CKAP2/TPTE2P3 | BAG6
yes
Chaperone and Ca2+ buffer | Assist correct protein folding within the ER | Glycoprotein quality control
Rheumatoid arthritis | Stickler syndrome | Loeys-Dietz syndrome | Marfan syndrome | Morquio syndrome | Ehlers-Danlos syndrome (EDS) | Ankylosing spondylitis | SED patients
Induction of leptin secretion | Leads to energy expenditure
The 9th release
no
DNA-protein crosslink proteolysis repair | Removes proteins forming DPCs | Metalloprotease
Lower part of the spinal canal | Lumbosacral spine
Runt-related transcription factor 1 | RUNX1T1 rs34269950
Could you please specify what context you are interested in regarding InteractiveComplexHeatmap?
Brain Metastasis Velocity (BMV) is a metric used to describe the rate of development or recurrence of new brain metastases after initial radiosurgery. It is also a prognostic metric.
Cell competition is a social cellular phenomenon and quality control mechanism where fitter cells eliminate neighboring less-fit but viable cells. This fitness-sensing process helps maintain tissue homeostasis and can lead to the elimination of transformed cells. It relies on fitness comparison among individual cells.
Imminent death donation (IDD) involves procuring organs from patients before life support is withdrawn, with the expectation that this will lead to death. It is also described as living organ donation prior to a planned withdrawal of life-sustaining care in an imminently dying patient.
m6A "writer" | Key component of the large N6-adenosine-methyltransferase complex | methyltransferase
The 4D Nucleome Network aims to map the structure and dynamics of the human and mouse genomes in space and time to understand how the nucleus is organized and functions. The project will develop and benchmark experimental and computational approaches for measuring genome conformation and nuclear organization, and investigate how these contribute to gene regulation and other genome functions.
Atenolol | Ramipril | Hydrochlorothiazide | A statin
Aggregated forms of amyloid-β | Beta-amyloid plaques | Aβ amyloid
no
Pathogen recognition | Immune cell activation | Immune cell fate decisions | Immune reactions | Immune system homeostasis and activation
Are you referring to a specific clinical trial, research project, or something else related to nextNEOpi?
The ATRIA score is used to detect thromboembolic and hemorrhagic risk in atrial fibrillation patients and to assess bleeding risk. It can also be used to categorize patients into low and non-low risk of bleeding.
HER-2 | Product of the HER-2 oncogene | HER2
neurologic examination | apnea testing | Apnea
Amphiregulin decreases the anti-proliferative effect of cetuximab via AKT and ERK activation in cetuximab-sensitive CRC cell lines.
Could you please specify what you are referring to by "RCandy"?
Multinodular infiltration | Hypo-lymphocytosis | Bacterial co-infection | Total Leucocyte Count (TLC ≤ 0.8 x 109/L) | Smoking history | Hyper-tension | Age | Multi-lobular infiltration
Caenorhabditis elegans | nematodes | parasitic flatworms
no
prostate cancer-associated transcript 6
yes
The ASTRAL score is an integer-based prognostic tool for acute ischemic stroke. It is used to predict functional outcome.
yes
Prostate
FTO suppresses pancreatic cancer tumorigenesis by demethylating PJA2, which reduces its mRNA decay. This process suppresses Wnt signaling, ultimately restraining the proliferation, invasion, and metastasis of pancreatic cancer cells.
GLYCO
Src kinase | Peptide substrate site of Src | Tubulin polymerisation | Src kinase signaling
yes
BACH1 functions as a transcriptional repressor, notably of heme oxygenase-1 (HO-1) and beta-globin genes, and is hypoxia-inducible. It modulates oxidative stress and may regulate intracellular free heme levels. BACH1 functions in coordination with multiple signaling molecules and plays roles in both phosphorylated and dephosphorylated states.
epiregulin | epidermal growth factor
MBPpred
ANCA-associated vasculitis | MPA and GPA
yes
Ankylosing spondylitis (AS) | Ankylosing spondylitis | Axial SpA
EGFR/MAPK pathway | Induction of leptin secretion | Energy expenditure state
yes
no
yes
yes
yes
yes
KRASG12C
yes
Are you asking about luteolin as a supplement, a medication, or something else?
no
PheneBank
Relapsed and refractory multiple myeloma (RRMM) | Multiple myeloma
Pancreatic cancer | Lung cancer | Breast cancer
PCAT6 is abnormally elevated in various human malignant tumors and is involved in the progression of multiple human cancers, including breast cancer. It affects tumor cell proliferation, migration, invasion, cycle, apoptosis, radioresistance, and chemoresistance.
yes
KIT | Platelet-derived growth factor receptor alpha (PDGFRA) | KIT activation loop mutants | PDGFRA exon 18 mutants
Jackhammer esophagus is a rare and recently recognized hypercontractile esophageal motility disorder. It can result in dysphagia, chest pain, and gastro-esophageal reflux symptoms. Diagnosis is based on high-resolution manometry.
yes
Recessive hereditary motor neuropathy
The Apfel score is an evidence-based tool used for risk stratification of postoperative nausea and vomiting (PONV). It can be used to reduce the risk of PONV.
Pregnant women | Females | Women
Are you asking about a specific gene, a research tool, or something else related to EpiMethylTag?
C1s protein | C1s | classical pathway complement factor C1s
yes
Multilocus Inherited Neoplasia Allele Syndrome (MINAS) is a phenomenon where patients with hereditary cancer have more than one pathogenic mutation in high and/or moderate-risk-associated cancer genes. MINAS has been potentially linked to more severe clinical manifestations.
no
schizophrenia
yes
Are you asking about Sublocade, the brand name medication?
no
Gilteritinib inhibits FLT3, AXL, and ALK. It is a potent and selective FLT3 kinase inhibitor.
N-acetylgalactosamine (GalNAc) conjugation of siRNAs improves liver uptake, allows for direct liver cell targeting, and induces robust RNAi-mediated gene silencing in the liver. This is due to uptake mediated by the asialoglycoprotein receptor (ASGPR) and allows targeted inhibition of disease-causing genes in hepatocytes.
Synthetic lethality is a genetic interaction where simultaneous perturbation or deficiency of two genes results in cell death or a dramatic decrease of cell viability. Perturbation of either gene alone is not lethal. It can also be described as a case where two otherwise nonessential genes cause cellular inviability when both are knocked out.
Two | 2 | 0 and 12 weeks
Creatine kinase (CK) | EMG | Muscle biopsy | Serum CK assay | Xp21 probes | Denaturing high-performance liquid chromatography (DHPLC) | Multiplex PCR (mPCR) | Sequencing
yes
Both inherited and acquired | Acquired | Inherited
Upstream of the open reading frames of genes | Proximal to the transcription start site (TSS) | Directly upstream or at the 5' end of the transcription initiation site
24 weeks
Facial weakness | Periscapular weakness | Foot dorsiflexor weakness | Hip girdle weakness | Hearing loss | Progressive weakening and loss of skeletal muscles | Shoulder weakness | Pelvic girdle weakness | Humeral muscle weakness | Anterior foreleg muscle weakness | Upper arm weakness | Lower limb musculature weakness
Adagrasib irreversibly and selectively binds to KRASG12C, locking it in its inactive state. It binds to the Switch II binding pocket and Cys12 residue of GDP-bound KRAS proteins in G12C mutants, confining them to their inactive state.
yes
Are you asking about enhancers in genetics, or something else?
Via a microneedle-based device, the SCS Microinjector | Suprachoroidal use | Suprachoroidal space (SCS®)
Duchenne and Becker muscular dystrophies | Duchenne Muscular Dystrophy (DMD) | Myotonic muscular dystrophy | Myotonic dystrophy (DM) | Facioscapulohumeral muscular dystrophy (FSHD)
Fazirsiran targets liver disease associated with Alpha1-Antitrypsin Deficiency. It is an RNA interference therapeutic being investigated for safety and efficacy in patients with this condition.
Myocardial cell origin | Left ventricle
no
no
Myotonic dystrophy type 1 (DM1) | Myotonic dystrophy type 2 (DM2)
Nivolumab | Relatlimab
Anterior chamber of the eye | Eye | Eyeball
yes
autosomal recessive | autosomal recessively inherited | autosomal recessive inherited
Duchenne muscular dystrophy (DMD) and Becker muscular dystrophy (BMD) are both X-linked recessive disorders caused by mutations of the DMD gene. In DMD, dystrophin is virtually absent, whereas in BMD, 10% to 40% of the normal amount is present. There are also differences in the age of onset, severity of the disease and rate of progression.
Lance-Adams syndrome is a rare syndrome and a complication of successful cardiopulmonary resuscitation. It is also referred to as late or chronic post-hypoxic myoclonus resulting from brain damage caused by cerebral hypoxia. It is often accompanied by action myoclonus.
Mitapivat is an oral, small-molecule allosteric activator of pyruvate kinase. It upregulates erythrocyte pyruvate kinase, increasing ATP production, reducing 2,3-diphosphoglycerate levels, and increasing hemoglobin levels in patients with pyruvate kinase deficiency. It represents a mechanism to mitigate ineffective erythropoiesis.
Are you asking about the general term for this arrangement of genes, or are you interested in a specific example in a particular prokaryote or context?
Insufficient evidence in retrieved documents.
deletions (about 65%) | duplications (about 7%) | point mutations (about 26%) | unknown mutations (about 2%)
yes
no
Are you asking about promoters in the context of genetics, drug development, or something else?
no
Astrid Lindgren's Pain Scale (ALPS) | Echelle Douleur Inconfort Noveau-Ne (EDIN) | Insufficient evidence in retrieved documents.
Daridorexant is a dual orexin receptor antagonist (DORA). Specifically, it is an antagonist of both orexin type 1 and type 2 (OX1 and OX2) receptors.
Early detection of drug's hepatotoxicity | Signal confirmation in early drug development | DILI causality assessment
A persistently positive RT-PCR test for SARS-CoV-2 weeks after illness is common and often does not indicate the presence of replication-competent virus. Immunocompromised individuals can have prolonged positive RT-PCR results. The longest interval associated with replication-competent virus thus far is 20 days from symptom onset.
Friedreich's ataxia is caused by mutations in the frataxin (FXN) gene, which encodes the mitochondrial protein frataxin. This can be due to guanine-adenine-adenine (GAA) nucleotide repeat expansions or transcriptional silencing of the FXN gene. These mutations lead to progressive nervous system damage.
DNA test using Southern Blotting and hybridization to a set of probes | Southern blot analysis with DNA probe p13E-11 | Molecular diagnostic testing | qPCR-based approach | Molecular combing
yes
yes
RNA structural modulation | Genetic control | Expression-controlling elements
Are you asking about Concerta as a medication, or something else?
Autism spectrum disorders (ASD) | Attention-deficit hyperactivity disorder (ADHD) | Depression | Anxiety disorders | Obsessive-compulsive disorder (OCD) | Attention deficit disorder and hyperactivity
Interleukin-4 (IL-4) | Interleukin-13 (IL-13)
Articular chondrocytes | Cartilage progenitor cells | Embryonic stem cells | Mesenchymal stem cells | Pluripotent stem cells | Bone marrow-derived mesenchymal stem cells (BMSCs) | Mature articular chondrocytes | Chondrocyte progenitors | Various stem cells | Autologous mesenchymal stem cells (MSCs)
yes
2021
yes
yes
yellow light | yellow
Insufficient evidence in retrieved documents.
9 | 9 subjects each cohort | Friedreich's ataxia patients (9 subjects each cohort)
1:8000
spinal muscular atrophy (SMA) | SMA
Frontotemporal dementia (FTD) | Alzheimer's disease | Huntington Disease | Multiple sclerosis (MS) | Amyotrophic lateral sclerosis (ALS)
ATAC-seq | DNase1-seq | Transposome hypersensitive sites sequencing (THS-seq)
1.8 g/day | 9.0 g/day
CRIES (cry, requires O(2), increased vital signs, expression, sleeplessness) | CHIPPS (children's and infants' postoperative pain scale) | NIPS (neonatal infant pain scale) | Neonatal Pain, Agitation, and Sedation Scale (N-PASS) | Bernese Pain Scale for Neonates (BPSN) | Premature Infant Pain Profile (PIPP) | COVERS Scale
no
FRDA gene | frataxin gene | STM7/X25 gene
no
no
no
Antisense oligonucleotides are synthetic single-stranded nucleic acids that bind to RNA to alter or reduce its expression, while siRNAs are double-stranded RNA molecules that hybridize with mRNA to block translation. In practice, antisense oligonucleotides are single-stranded, while siRNAs are double-stranded.
Are you asking about the Yutiq intravitreal implant?
1/3500-1/5000 male births | 1:5,000 live male births | 1 in 3500 newborn males
Atezolizumab | Vemurafenib | Cobimetinib
Amniotic fluid is created by the flow of fluid from the fetal lung and bladder. Fetal urine, fetal membranes, and lung fluids also contribute to its production.
Superficial bladder cancer | Bladder cancer | High-grade non-muscle invasive bladder cancer (NMIBC)
Laminin α-2 (merosin) deficiency | Ullrich congenital muscular dystrophy | Fukutin-related proteinopathy | Rigid spine syndrome | Glycosylation disorders of α-dystroglycan | Laminin subunit alpha 2 (LAMA2)-related (merosin deficient) congenital muscular dystrophies | Collagen VI-related congenital muscular dystrophies | α-dystroglycan-related congenital muscular dystrophies | Collagen VI related muscular dystrophies (COL6-RD) | LAMA2-related dystrophies
relapsed or refractory multiple myeloma
Atrial natriuretic peptide (ANP) | Brain natriuretic peptide (BNP) | C-type natriuretic peptide (CNP) | Dendroaspis natriuretic peptide (DNP) | Urodilatin
yes
Facioscapulohumeral Muscular Dystrophy type 1 (FSHD1) is caused by contraction of D4Z4 repeats on chromosome 4. Type 2 (FSHD2) is associated with mutations of the SMCHD1 or DNMT3B gene in the presence of a disease-permissive 4qA haplotype.
recurrent C. difficile infection | rCDI | Clostridioides difficile recurrence
yes
Trichotillomania is defined as an obsessive-compulsive or related disorder characterized by the recurrent pulling out of hair from any region of the body [1]. It is also referred to as hair pulling disorder (HPD) [2, 3, 4].
Xp21 | short arm of the X chromo
Tolebrutinib is a potent BTK inhibitor that covalently binds the kinase, resulting in durable inhibition. It crosses the blood-brain barrier and inhibits BTK in microglial cells isolated from the CNS.
no
Insufficient evidence in retrieved documents.
Eteplirsen is an antisense oligonucleotide or a phosphorodiamidate morpholino oligomer (PMO) designed to induce exon 51 skipping. This skipping restores the translational reading frame of the DMD gene, promoting dystrophin production.
yes
The DESTINY-Breast04 trial showed that trastuzumab deruxtecan (T-DXd) is effective for patients with inoperable/metastatic HER2-low breast cancer. Specifically, trastuzumab deruxtecan resulted in significantly longer progression-free and overall survival than the physician's choice of chemotherapy in patients with HER2-low metastatic breast cancer.
In what context are you asking about LOQ and LOD?
Histone acetyltransferases (HATs) transfer acetyl groups from acetyl-CoA to lysine residues on histones to modulate their intermolecular binding properties and control various cellular processes, most notably transcriptional activation and gene transcription.
SERPING1 | Factor 12
Casimersen is designed to bind to exon 45 of the DMD gene pre-mRNA, resulting in skipping of this exon during mRNA processing. This mechanism is intended to allow for the production of an internally truncated but functional dystrophin protein in patients with Duchenne muscular dystrophy (DMD).
Tiragolumab is an anti-TIGIT inhibitory immune checkpoint agent. It can be used in combination with PD-1 or PD-L1 inhibitors.
Glial fibrillary acidic protein (GFAP) | Neurofilament light chain (NfL) | Aquaporin-4 (AQP4)-immunoglobulin G (IgG)
Acute limb ischemia | Abdominal and thoracic aortic thrombosis | Mesenteric ischemia | Myocardial infarction | Venous thromboembolism | Acute cerebrovascular accident | Disseminated intravascular coagulation | Deep vein thrombosis | Pulmonary embolism | Stroke | Microvascular thrombosis | Myocardial injury/infarction
Are you asking about Cinryze as a medication?
yes
SARS-CoV-2 | Human disease
Indian muntjac
Lysine | Arginine
Pharming
Insufficient evidence in retrieved documents.
no
The R value, in the context of hepatotoxicity (specifically DILI), can be calculated using AST instead of ALT. GGT can substitute ALP when the R value indicates hepatocellular injury.
yes
Hereditary angioedema (HAE) is a rare autosomal dominant disorder caused by mutations of the SERPING1 or the Factor 12 genes. It is characterized by recurrent and unpredictable swellings and episodic attacks of subcutaneous and submucosal edema, mediated by excessive bradykinin production. These attacks can be disabling and potentially fatal.
Viltolarsen is a phosphorodiamidate morpholino antisense oligonucleotide (PMO) designed to skip exon 53 of the DMD gene. It binds to exon 53 of the dystrophin mRNA precursor and restores the amino acid open-reading frame by skipping exon 53. This results in the production of a shortened dystrophin protein.
no
Iron absorption | Iron recycling | Systemic iron balance | Iron metabolism | Systemic iron homeostasis
yes
Conestat alfa (Ruconest, rhC1INH)
DMD amenable to exon 53 skipping | Duchenne muscular dystrophy (DMD) | DMD in patients with confirmed deletion of the dystrophin gene that is amenable to exon 53 skipping
iris coloboma | anorectal malformations | auricular abnormalities
yes
Are you asking about initiating, continuing, or discontinuing inhaled glucocorticoids?
no
Duchenne muscular dystrophy (DMD) with genetic mutations amenable to skipping exon 51 | DMD | Insufficient evidence in retrieved documents.
no
Hepatocytes | Liver
Histone H3 lysine 4 mono-methylation (H3K4me1) | Histone H3 lysine 27 acetylation (H3K27ac) | Histone H3 lysine 27 trimethylation (H3K27me3) | Hyperacetylation of histones H3 and H4
yes
DMD in patients who have a mutation in the DMD gene that is amenable to exon 45 skipping | DMD
Plasmodium falciparum | PfCSP
Cal-Light is a photoactivatable calcium sensor that translates neuronal-activity-mediated calcium signaling into gene expression in a light-dependent manner. It can trigger the expression of genes, including effectors, activators, indicators, or other constructs, and enables dissection of neural circuits underlying complex mammalian behaviors. Cal-Light can also drive the expression of inhibitory receptors.
Promoter region | Promoter | DNA sequence
yes
7-13 years | 9-11 years | 9-10 years
yes
Indocyanine green (ICG) is a fluorescent dye used in medical imaging and fluorescent-guided surgery. It serves as a functional indicator, a fluorescent imaging contrast agent, and an enhancer during diode laser photocoagulation. It can also be used to image retinal and choroidal vessels.
Could you please specify the context in which you're asking about this process? For example, are you interested in a specific gene, disease, or organism?
no
Late teens to over 30 years of age | Second decade of life | Teens and twenties
yes
Erythroid cells | Erythroblasts
The Mediator complex plays a critical role in gene expression by bridging enhancer-bound transcription factors and the RNA polymerase II machinery. It transduces signals from transcription activators to control transcription initiation and interacts with DNA-bound transcription factors and RNA polymerase II to both activate and repress gene expression. Mediator relays signals from transcription factors to RNA polymerase II, facilitating transcription factor-dependent regulation of gene expression. It is also connected to the nuclear pore and regulates gene positioning.
Fragment-based drug discovery
yes
Reward | Arousal | Addiction | Maintenance of arousal | Homeostatic processes | Behavioral processes | Sleep/wakefulness | Metabolism
no
Metastatic melanoma | Metastatic non-small-cell lung cancer (mNSCLC) whose tumors express programmed death-ligand 1 (PD-L1) | Unresectable or metastatic melanoma who have progressed following treatment with ipilimumab and, if BRAF V600 mutation positive, a BRAF inhibitor
Insufficient evidence in retrieved documents.
no
Are you asking about coactivators in the context of gene expression, or something else?
Are you asking about PROTACs in the context of drug development, cancer research, or another specific area?
Albumin | Bilirubin
Recombinant feline interferon | Glucocorticoid | Xraphconn® | GS-441524 | Propentofylline (PPF)
no
TNBC (triple-negative breast cancer)
Multiple myeloma (MM)
Feline spongiform encephalopathy (FSE) is a transmissible spongiform encephalopathy that affects domestic cats and captive wild members of the Felidae family. It is associated with consuming feedstuffs contaminated with tissue from cattle affected by bovine spongiform encephalopathy and the accumulation of an abnormal prion protein in the central nervous system. FSE is considered related to bovine spongiform encephalopathy.
yes
yes
no
Hepatocytes | Liver cells
Rebound COVID-19 is a recently described clinical association with SARS-CoV-2 infection. It occurs between five and eight days following the cessation of antiviral treatment. Most reported cases have been associated with the antiviral drug nirmatrelvir/ritonavir (Paxlovid).
Mantle cell lymphoma (in adults who have received at least one prior therapy) | Waldenström macroglobulinemia (in adults) | Relapsed or refractory marginal zone lymphoma (in adults who have received at least one anti-CD20-based therapy)
yes
Primary brain tumours of oligodendroglial histology | Disseminated tumor with mixed immunohistochemical features of oligodendroglioma and neurocytoma | Glial tumor | Oligodendroglial tumors | Diffuse glioma
long noncoding RNA (lncRNA) | long noncoding X-inactivation-specific transcript
Are you asking about microexons in a specific gene, disease, or context?
yes
The Fenton reaction is the reaction between iron and hydrogen peroxide, generating hydroxyl radicals. This reaction is important for industry and biological systems and can be used to initiate radical polymerizations. The Fenton process is also described as one of several advanced oxidation processes, specifically the reaction of Fe(II) with hydrogen peroxide.
tryptophan
SOX9 is a transcription factor involved in various developmental processes. It regulates chondrogenesis, plays critical roles during neurodevelopment within neural stem cells, and functions in the development of mesenchymal cells to chondrocytes. Additionally, SOX9 acts as an intestine crypt transcription factor, regulated by the Wnt pathway, and represses the CDX2 and MUC2 genes.
Cell cycle progression | Differentiation | Antigen presentation | Retrovirus assembly | Apoptosis | Signal transduction | Transcriptional activation | Biological clocks | Receptor downregulation | Endocytosis | Protein degradation by the proteasome | Degradation by the lysosome | Specification of cellular localization | Alter protein localization | Alter protein function | DNA repair | Regulation of protein-protein interactions | Association with ubiquitin-binding scaffolds | Alter the transport of a protein | Alter the interaction of a protein with other proteins | Alter the activity of an enzyme
Insufficient evidence in retrieved documents.
Mutations in the frataxin (FXN) gene | Deficiency of frataxin protein | Abnormal expansion of the GAA triplet of the first intron of the X25 gene on chromosome 9
*   Peripheral infusion of chemotherapy agents
*   5-FU
*   Docetaxel
*   Fotemustine
*   Vinorelbine
*   Intravenous injection of chemotherapeutic agent
A-syn is implicated in cell death through mechanisms such as altered neuronal excitability, impaired mitochondrial function, and disruption of cell membrane integrity. However, a-syn may also be neuroprotective against Aβ-induced cell death, suggesting a complex relationship. Injection of preformed a-syn fibrils can also induce aggregation of endogenous a-syn, resulting in neuronal dysfunction and cell death.
Oncogenes
autosomal dominant
Usually before the age of 25 | First or second decade | Before 10 years of age
Hip fracture | Displaced intracapsular hip fractures | Osteoarthritis of the hip
yes
no
Insufficient evidence in retrieved documents.
Mutations in the SMN1 gene | Deficiency of the survival motor neuron (SMN) protein | Homozygous mutation or deletion of the SMN1 gene
no
Are you asking about Luminopsins in the context of research, a specific disease, or something else?
Proliferative signaling | Evasion of growth suppressors | Resistance to cell death | Replicative immortality | Inducing angiogenesis | Activating invasion and metastasis | Selective growth and proliferative advantage | Altered stress response favoring overall survival | Vascularization | Metabolic rewiring | Abetting microenvironment | Immune modulation | Ability of cells to regress from a specific specialized functional state | Epigenetic changes that can affect gene expression | Role of microorganisms | Neuronal signalling | Sustained proliferation | Altered cellular energetics | Immune evasion
phase III
EMD | LMNA | SYNE1 | SYNE2 | FHL1 | TMEM43 | SUN1 | SUN2 | TTN | STA
no
photorecovered FMNH2 | long-chain aldehydes | decanal (C10) | dodecanal (C12) | tetradecanal (C14) | D-luciferin | CycLuc1 | native coelenterazine | cyclic luciferin (Cycluc) | d-Luciferin
Master regulatory genes are transcription factors that regulate the identity and patterning of embryonic structures, as well as the development of organs. They can also induce the differentiation of a multipotent cell into a specific cell type. SOX genes are examples of master regulatory genes that control development and sex determination.
Phase I/II double-blind, comparator-controlled trial | Randomized, clinical trial | Phase I/II trial
Dermatomyositis | Immune-mediated necrotising myopathy | Sporadic inclusion-body myositis | Overlap myositis | Antisynthetase syndrome | Polymyositis | Inclusion body myositis | Autoimmune necrotizing myopathy | Inflammatory myopathies associated with connective tissue diseases
Malaria | Infection | Atopic diseases
yes
Genome-wide association studies (GWAS) are observational studies that examine a genome-wide set of genetic variants across many individuals to identify associations between genetic variants, particularly single-nucleotide polymorphisms (SNPs), and traits or diseases. GWAS are a valuable tool for detecting genetic risk factors and discovering genetic variants that contribute to disease risk. They can also reveal the genetic architecture of diseases.
Proteolysis-targeting chimeras
1:40,000 live births | 1:40,000 - 1:77,000 liveborn infants a year | 1:77,000-1:34,000 live births
Hypothermia | Acidosis | Coagulopathy
Glossectomy is a surgical procedure involving the tongue. It can refer to either the entire removal of the tongue, known as total glossectomy, or tongue reduction. Total glossectomy is considered a mutilating procedure often performed in head and neck surgery.
Histone modification | DNA methylation | Histone acetylation | Histone deacetylation | Mi-RNA expression | Chromatin remodeling | Noncoding RNAs | Small RNAs
BTK | BTK more specifically than ibrutinib
Early disease onset (≤14 years) | Intermediate onset (15-24 years) | Late onset (≥25 years) | Very late-onset (age of onset >40 years) | Late-onset (age of onset 25-39 years)
capivasertib | fulvestrant | placebo
Could you tell me what specific gene or disease you're interested in learning about gene knockdown for?
RNA splicing | Removal of intronic sequences | Ligation of exons | mRNA polyadenylation
HIV-1 pre-exposure prophylaxis (PrEP)
acute Werdning-Hoffmann (type I) | intermediate Werdnig-Hoffmann (type II) | Kugelberg-Welander disease (type III) | Spinal muscular atrophy, X-linked 2 (SMAX2)
relapsing multiple sclerosis | relapsing multiple sclerosis (MS)
Symmetric, blanchable, slightly warm, nonscaling erythema | "Liver palms" | Erythema involving the thenar and hypothenar eminences of the palmar surface
yes
Trichotillomania treatment involves a comprehensive and interdisciplinary approach that may include behavioral therapy and pharmacotherapy. Glutamate-modulating agents such as N-acetylcysteine are a good first-line pharmacotherapy option. Inositol has not been shown to be effective.
Expansion of a (GCN)n triplet in the coding region of the poly-(A) binding protein nuclear 1 | Extensions of the N-terminal polyalanine stretch of the nuclear polyA-binding protein 1 (PABPN1) | Polyalanine expansion mutation
Respiratory syncytial virus (RSV)
durvalumab
Tumor suppressor genes | Negative regulators | p16
September 4, 2014
Approximately 1 in 80,000 individuals worldwide | As much as 1:600 in some populations | Rare
Vomiting | Severe chest pain | Subcutaneous cervical emphysema
Could you please provide more context? Are you referring to a medication, a gene, or something else?
no
Are you asking about Ruconest the medication?
Amyotrophic lateral sclerosis (ALS) | Spinal muscular atrophy (SMA) | Progressive bulbar palsy | Primary lateral sclerosis (PLS) | Spinobulbar muscular atrophy (SBMA or Kennedy's disease) | Progressive muscular atrophy (PMA) | Spastic paraplegias
hereditary angioedema
Neurological diseases | Hematological diseases | Renal diseases | Autoimmune diseases
Insufficient evidence in retrieved documents.
Colorectal cancer
DNA mutation | Approximately 75% of patients have nuclear DNA mutations while 25% have mitochondrial DNA mutations | Mutations in one of over 75 different genes, including nuclear- and mitochondrial-encoded genes | Pathogenic mutations in >75 genes have been identified, encoded by 2 genomes (mitochondrial and nuclear)
Seminal vesicle cysts | Ejaculatory duct obstruction | Unilateral renal agenesis | Cystic dilations of one seminal vesicle and/or ejaculatory duct | Ipsilateral renal agenesis
A regulon is a group of co-regulated genes or operons. These genes are controlled as a unit, often by the same repressor or activator gene or by a transcription factor. Regulons are basic units of cellular response systems, especially in bacterial cells, and accomplish specific biological functions.
yes
Expansion of CAG repeats in the androgen receptor (AR) gene | Expansion of a polyglutamine tract in the androgen receptor (AR) | Expansion of a trinucleotide repeat in the androgen receptor (AR) gene
Severe asthma | Asthma | Nontype 2 asthma
no
yes
Zanidatamab is a bispecific human epidermal growth factor receptor 2 (HER2)-targeted antibody that destroys cancer cells with higher-than-normal HER2 levels. It targets two non-overlapping domains of HER2 and has multiple mechanisms of action derived from the structural effects of biparatopic HER2 engagement, resulting in antitumor activity.
SOX10 is a transcription factor involved in neural crest and oligodendrocyte development. It regulates genes coding for myelin sheath structural components and lipid metabolic enzymes, and it also plays a role in embryonic development, cell fate determination, and melanocyte lineage establishment and maintenance. SOX10 is also expressed in melanoma tumors.
Friedreich's ataxia is a neurodegenerative disorder associated with decreased expression of the mitochondrial protein frataxin and a GAA trinucleotide repeat expansion in the frataxin (FXN) gene. It is an autosomal recessively inherited disorder that is mainly associated with atrophy of the spinal cord and progressive neurodegeneration in the cerebellum.
no
Homeotic transformation is the transformation of one body part into something that resembles another body part. An example of this is the transformation of cervical vertebrae into thoracic vertebrae.
Spinal muscular atrophy (SMA) is a neuromuscular or neurological disorder and an autosomal recessive disease characterized by degeneration of spinal cord motor neurons and muscle atrophy, leading to muscle weakness. It is caused by disruption of the survival motor neuron 1 (SMN1) gene.
Older age | Diabetes | Cardiovascular disease | Malignancy | Surgery/trauma | Human immunodeficiency virus infection | Obesity | Smoking | Immune deficiency | Gender | Comorbidities | Severe obesity | Chronic kidney disease
no
Nucleosomes | Higher order chromatin structures | Higher-order structures
no
Enhancers play multifaceted roles in cancer by activating oncogenes and shaping gene expression patterns [1]. Enhancer dysregulation and malfunction are associated with cancer, leading to misregulation of growth-related genes and uncontrolled cell proliferation [3, 4, 5].
Breastfeeding | Non-nutritive sucking | Mother's heartbeat sounds
yes
Type 1 facioscapulohumeral muscular dystrophy (FSHD1) | Type 2 FSHD
MITF | SOX10 | TFAP2A | YY1
Mutations of the SMCHD1 or DNMT3B gene in the presence of a disease-permissive 4qA haplotype | Heterozygous structural maintenance of chromosomes flexible hinge domain containing 1 (SMCHD1) mutation plus DNA hypomethylation on D4Z4
Spinal and bulbar muscular atrophy (SBMA) is an adult-onset degenerative or neurodegenerative motor neuron disease characterized by slowly progressive muscle weakness and atrophy. It is X-linked and affects the spinal and bulbar motor neurons and skeletal muscles, particularly the proximal limb and bulbar muscles. Contraction fasciculations may also be present.
Cardiomyopathy | Skeletal muscle symptoms | Muscle weakness
CMT1 | CMT2 | Demyelinating forms | Axonal forms | CMT1A
Contraction of the D4Z4 repeat array on chromosome 4 | Contraction in the number of D4Z4 repeats on chromosome 4 | Contraction of the D4Z4 repeat array
Kearns-Sayre syndrome (KSS) is a rare, multisystem mitochondrial disorder or syndrome caused by mitochondrial DNA (mtDNA) rearrangements or deletions, leading to a dysfunction of the mitochondrial respiratory chain. It typically presents before 20 years of age and is characterized by symptoms such as progressive external ophthalmoplegia and pigmentary retinopathy.
Golodirsen is a phosphorodiamidate morpholino oligomer (PMO) designed to induce exon 53 skipping. It functions by increasing exon skipping.
Emery-Dreifuss muscular dystrophy (EDMD) is an inherited muscular disorder characterized by progressive muscle weakness, early-onset joint contractures, and cardiomyopathy with conduction defects. The muscle weakness typically affects humero-peroneal or scapulo-humero-peroneal muscles. EDMD can be inherited in an X-linked or autosomal manner.
no
Critical Appraisal and Data Extraction for Systematic Reviews of Prediction Modelling Studies | Methodological appraisals of predictive models | Data extraction and quality assessment
*   Srrm4
*   Nova1
Deletions (about 65%) | Duplications (about 7%) | Point mutations (about 26%) | Unknown mutations (about 2%) | Large deletions (72.2%) | Nonsense mutations (11.9%) | Exon duplications (8.8%) | Small deletions (3.0%) | Splice-site mutations (2.1%) | Small insertions (1.3%) | Missense mutations (0.6%) | Combination mutation of a deletion
BDCA2 | Anti-BDCA2 Antibody
Area under the Receiver Operating Characteristics | Ability of a continuous predictive marker to predict a binary outcome | Used to evaluate the performance of predictive models
yes
yes
Tirzepatide targets glucagon-like peptide 1 (GLP1) and glucose-dependent insulinotropic peptide (GIP) receptors. It is a dual GIP and GLP-1 receptor agonist.
Could you please clarify what context you're asking about, such as a specific condition or treatment goal?
CYP1A2 rs762551 polymorphism modifies the association of habitual coffee consumption with appetite. High coffee consumption was associated with lower appetite perception only in rapid metabolizers and led to lower circulating levels of the orexigenic hormone asprosin. This association is more evident in subjects with high genetic predisposition to obesity.
yes
Darolutamide is an androgen receptor inhibitor used for the treatment of nonmetastatic castration-resistant prostate cancer (nmCRPC). It is a second-generation antiandrogen.
Pain | Sensory disturbances | Autonomic dysfunction | Neuropathic pain | Acral burning pain
October 24, 2016
Gene replacement strategies | RNA-based approaches | Cell-based gene therapy | Surrogate genes with alternative but effective means of improving cellular function or repairing gene mutations | Gene correction therapy aimed at restoration of the reading frame
yes
CDK9 is a cyclin-dependent kinase that regulates transcription. As part of the P-TEFb complex with Cyclin T1, it promotes transcription elongation by phosphorylating RNA Polymerase II. CDK9 also plays a role in mRNA processing, histone modification, and mRNA export.
RBM24 controls the cardiac QT interval through CaMKIIδ splicing. RBM24 is a critical regulator of CaMKIIδ, highlighting the key role of splicing regulation in cardiac rhythm.
yes
Rilzabrutinib is an oral Bruton tyrosine kinase (BTK) inhibitor. Therefore, its mechanism of action involves inhibiting BTK.
astrocytoma, isocitrate dehydrogenase (IDH) mutant | oligodendroglioma, IDH mutant and 1p/19q codeleted | glioblastoma, IDH-wildtype
yes
yes
yes
no
About 8% | 10-12% | Insufficient evidence in retrieved documents.
no
Insufficient evidence in retrieved documents.
yes
KEYNOTE 002 | KEYNOTE 006
yes
Wilkie's syndrome, also known as Superior Mesenteric Artery Syndrome (SMAS), is a rare cause of bowel obstruction. It is caused by the compression of the third part of the duodenum between the superior mesenteric artery and the aorta, leading to duodenal obstruction. It can also be a cause of upper gastrointestinal tract obstruction/small bowel obstruction.
PROTACs (proteolysis-targeting chimeras) are heterobifunctional molecules that bind to a target protein and an E3 ubiquitin ligase, inducing ubiquitination and subsequent degradation of the protein. They selectively degrade target proteins and are used in drug development. They are also nanomolecules.
yes
Teclistamab is a bispecific antibody that targets CD3 on T cells and B-cell maturation antigen (BCMA) on myeloma cells. This results in T-cell-mediated cytotoxicity of multiple myeloma cells.
Serum bile acids | Alkaline phosphatase | Bilirubin | Transaminases
Merck | Merck & Co., Inc. | Merck Sharp & Dohme Corp.
no
immunomodulatory drugs (IMiDs) | thalidomide | lenalidomide and pomalidomide
no
tixagevimab (AZD8895) | cilgavimab (AZD1061)
nivolumab | pembrolizumab
Dermatillomania or skin picking disorder (SPD) | Insufficient evidence in retrieved documents.
Rickettsia japonica | SFG rickettsiae
PD-1 is a receptor found on immune cells, while PD-L1 is one of its ligands. PD-L1 is expressed on various cell types, including tumor cells and hematopoietic cells. The binding of PD-1 to PD-L1 inhibits the immune system.
A virtual digital twin, created by combining various data points, could guide nutrition in a personalized manner. This approach may revolutionize the management of obesity and its comorbidities and promote healthy aging.
no
Vomiting | Lethargy | Hyperventilation | Death | Hyperammonemic events | Moderate symptoms | Asymptomatic individual | Hyperammonaemic encephalopathy | Asymptomatic carrier state | Hyperammonemia
SRSF11 contributes to the metastasis potential of colorectal cancer (CRC) by inhibiting the alternative splicing (AS) of HSPA12A pre-RNA. This suggests a PAK5/SRSF11/HSPA12A axis as a potential therapeutic target and prognostic biomarker in CRC.
rheumatoid arthritis
Trophinin-associated protein (TROAP) is a cytoplasmic protein involved in embryo transplantation, microtubule regulation, and spindle assembly. It also plays a role in cancer initiation, progression, and cell invasion.
SRSF11 promotes metastasis in colorectal cancer by inhibiting the alternative splicing of HSPA12A pre-RNA. This suggests a relationship between SRSF11-regulated splicing and CRC metastasis, potentially involving a PAK5/SRSF11/HSPA12A axis.
HIV-1 infection | HIV | multidrug-resistant HIV-1 infection
yes
yes
Catamenial pneumothorax (CP) is a recurrent, spontaneous pneumothorax occurring within a day before or 72 hours after the onset of menstruation. It is a manifestation or part of thoracic endometriosis syndrome (TES).
Are you asking about haptenization in the context of a specific drug, allergy, or disease?
no
Absent or defective abdominal wall muscles | Urinary tract abnormalities | Bilateral cryptorchidism
B cells | B-cell lymphoma | B-cell non-Hodgkin's lymphoma
Insufficient evidence in retrieved documents.
PDE4B | phosphodiesterase 4 (PDE4)
REMS and RMPs both provide guidance for minimizing risk to patient safety. REMS requirements include medication guides, communication plans, elements to ensure safe use, implementation systems, and specified assessment intervals. RMP requirements are increased pharmacovigilance and risk minimization activities.
yes
Recessive dystrophic epidermolysis bullosa (RDEB)
Progressive renal disease and alopecia | Renal failure | Severe renal disease and patchy alopecia
Metastasis in colorectal cancer | CRC metastasis | Regulation of microexon splicing
ASPA gene | aspartoacylase
no
Are you asking about the use of genetics in telehealth, or something else?
Mitapivat is an oral, small-molecule allosteric activator of the pyruvate kinase enzyme. It upregulates both wild-type and mutant forms of erythrocyte pyruvate kinase (PKR), increasing adenosine triphosphate (ATP) production and reducing levels of 2,3-diphosphoglycerate. This mechanism helps to mitigate ineffective erythropoiesis.
yes
Dermatillomania is a pathologic grooming disorder characterized by repetitive, ritualistic, impulsive skin picking without an underlying dermatologic condition. It is also referred to as skin picking disorder (SPD), a chronic, recurrent, and treatment resistant neuropsychiatric disorder.
Relapsed/refractory B-cell non-Hodgkin lymphoma | DLBCL relapsing after CAR T-cell therapy | Progressive DLBCL after preceding CAR T-cell therapy
Hemophilia | Hemophilia A | Hemophilia B
Insufficient evidence in retrieved documents.
no
yes
Oculopharyngeal muscular dystrophy (OPMD) is a late-onset muscular dystrophy, primarily autosomal dominant. It is characterized by ptosis, dysphagia, and proximal muscle weakness.
Dersimelagon is a selective melanocortin 1 receptor agonist. It increases levels of skin eumelanin.
2.62% | 1.09 | 1.20
yes
A spillover event involves the transfer of pathogens between different animal species [3, 4]. This can also involve the physical transfer of viral particles across species [2]. Spillover can occur when humans enter zoonotic foci or when enzootic amplification increases circulation near humans [5].
X-linked | autosomal
no
Total lipid | Saturated fatty acids | Monounsaturated fatty acids | Fat | Meat | Starch | Fibre (non-starch polysaccharide) | Vegetable | Fruit | Oil (plant and animal types) | Animal protein | Plant protein | Carbohydrate | Cereals | Dietary calcium | Dietary vitamin D | Dairy products
EP enhances immunogenicity of DNA vaccines | EP stimulates immune responses to vaccine antigens | EP enhances expression of encoded antigen
yes
DMD amenable to exon 53 skipping | Duchenne muscular dystrophy (DMD) | DMD exon 53 skipping
Elexacaftor (VX-445) | Tezacaftor (VX-661) | Ivacaftor (VX-770)
The most common | 0.25% | well below 5%
Tofacitinib | Filgotinib | Upadacitinib
no
Prednisone | Deflazacort
Relapsed or refractory multiple myeloma | Multiple myeloma
*   KRAS gene mutation
*   LOH of the APC gene
Prurigo nodularis is a chronic inflammatory skin condition characterized by pruritic nodules. The nodules are often symmetrically distributed and hyperkeratotic. It is assumed to be a cutaneous reaction pattern to repeated scratching caused by pruritus.
Behavioural practices and ecological and socioeconomic change | Host ecology and environment | Domestication, horizontal gene transfer and microbial succession
BPS | CPOT | COMFORT | PIPP-R | NIPS | N-PASS | FLACC
Pembrolizumab | Lenvatinib
The colonic microbiota can induce malignant lesions in colonic mucosa by generating reactive metabolites and carcinogens, altering host carbohydrate expression, inducing chronic mucosal inflammation, and promoting IL17A production. Perturbations of the microbiota can increase pathogenic bacteria and decrease protective bacteria, exacerbating the disease. Gut microbiota drive inflammation within the colon, which is implicated in colonic neoplastic development.
no
emtricitabine | tenofovir disoproxil fumarate
DNA mutation | Mutations in at least 75 genes | Different enzyme defects
Primary Diffuse Meningeal Melanomatosis is a rare variant of primary malignant melanoma of the central nervous system. It is characterized by a variety of nonspecific clinical, radiological, and histopathological features.
yes
yes
yes
Pegozafermin (PGZ) promotes adiponectin levels, enhances insulin sensitivity, increases triglyceride uptake, and reduces de novo lipogenesis. It acts through FGF21 receptors, which rely on beta klotho (KLB) coreceptors to activate the FGF21 signaling pathway and FGF21's associated transcription factors.
Prevention of cardiovascular risk | Treatment of hypercholesterolemia in high-risk patients | Adjunct to diet and maximally tolerated statin therapy for use in adults with heterozygous familial hypercholesterolemia (FH) or those with atherosclerotic CV disease who require additional LDL-C lowering
no
Metastatic uveal melanoma
Since 2016
yes
Cabozantinib | Nivolumab | Ipilimumab | Placebo
Domperidone is a dopamine-2 (D2) receptor antagonist with anti-nausea and anti-emetic activity. It stimulates the release of stored prolactin and pituitary gonadotropins. It also has prokinetic effects mainly in the upper gastrointestinal tract.
Insufficient evidence in retrieved documents.
no
Carbon dioxide concentration or partial pressure | Exhaled carbon dioxide | Carbon dioxide (CO2) concentration in a gas mixture
Yes, men should be immunized against Human Papilloma Virus. The Advisory Committee on Immunization Practices recommends HPV vaccination for males, and public vaccination programs exist for men aged 9-26. There are also compelling reasons to recommend vaccination for males older than 26.
no
Lipectomy | Liposuction
Breakthrough bleeding | Unpredictable effect on menstrual bleeding | Poor cycle control | Irregular bleeding pattern
Peresolimab is a humanized IgG1 monoclonal antibody that stimulates the endogenous programmed cell death protein 1 (PD-1) inhibitory pathway. Stimulation of this pathway has shown potential efficacy in treating rheumatoid arthritis.
Eosinophilic esophagitis (EoE) and reflux esophagitis (RE) overlap clinically and histologically, but EoE is characterized by a prominent eosinophilic infiltrate, while RE has smaller numbers of neutrophils and eosinophils. EoE is also distinguished by persistent esophageal eosinophilia despite treatment with proton-pump inhibitors.
Heavy menstrual bleeding | Painful menstruation | Pelvic pain | Urinary problems | Constipation | Infertility | Recurrent pregnancy loss | Anemia | Pelvic pressure | Abnormal uterine bleeding | Reproductive dysfunction | Menorrhagia
RET kinase | RET proto-oncogene mutation
Are you asking about IL-35 as it relates to a specific disease or condition?
Contact with blood or body fluids of a person who contracted or died from EVD | Contaminated objects like needles | Infected animals or bush meat | Human-to-human transmission through close contact with blood and bodily fluids | Direct contact with infected blood or body fluids | Nosocomial infections
Sotorasib is a KRASG12C covalent inhibitor that irreversibly inhibits KRAS G12C, locking it in an inactive state. This inhibition leads to the inhibition of oncogenic signaling and the induction of a proinflammatory microenvironment.
Ticks | Vectors | Airborne
yes
yes
yes
Symptoms of dysphoric mood | Self-deprecatory ideation | Agitation | Loss of energy | Reduced socialization | Altered school performance | Altered school attitude | Sleep disturbance | Appetite disturbance | Somatic complaints | Self-deprecation | Difficulty making choices | Reductions in positive affect | Sadness | Irritability
Nirmatrelvir (NMV) | Ritonavir (RTV)
Examination of underlying effect sizes | Identify sources of heterogeneity across studies | Interpretation of results across studies
Initiate cardiopulmonary resuscitation if the individual is unconscious and not breathing normally. | Administer naloxone if opioid overdose is suspected. | Administer N-acetylcysteine as early as possible if acetaminophen overdose is suspected. | Carry out time-sensitive medical interventions.
Sparsentan is a dual antagonist of the endothelin type A receptor and the angiotensin II receptor. It also suppresses the amplitude of peak and late INa effectively.
MuSK antibody-positive Myasthenia Gravis (MuSK+ MG) is characterized by autoantibodies against the MuSK protein, resulting in weakness of bulbar and proximal muscles. It accounts for about one third of Seronegative Myasthenia Gravis and often presents with early onset of prominent bulbar, neck, shoulder girdle, and respiratory weakness. This form of MG is often resistant to conventional treatments.
Could you please specify what disease or condition you are referring to?
yes
Gastro-esophageal reflux disease | Dyspepsia | Gastroparesis
Dopamine (DA) | Serotonin (5HT) | Glutamate (Glu) | Gamma-amino butyric acid (GABA)
yes
Are you asking about a specific drug, gene, or condition related to "DEXTR"?
Cerebrospinal fluid shunt placement | Ventriculoperitoneal (VP) shunt placement | Surgical implantation of a cerebrospinal fluid (CSF) shunt
yes
yes
yes
Alzheimer's disease | Alzheimer disease
Afibrinogenemia | Hypofibrinogenemia | Dysfibrinogenemia | Hypodysfibrinogenemia
Lepromatous nodular erythema | Severe aphtosis | Jessner-Kanoff's cutaneous lymphocyte infiltration | Discoid lupus erythematosis | Chronic graft-versus-host reactions | Relapsed and or refractory multiple myeloma (after the failure of standard therapies) | Multiple myeloma | Complications of leprosy | Cancers | Erythema nodosum leprosum
Intranasal | Nasal spray
Are you asking about the diagnosis of BGH in adults or children?
yes
yes
yes
Intravenous artesunate | Parenteral artesunate | Injectable artesunate
P85-Ab is a promising novel biomarker for nasopharyngeal carcinoma screening. It demonstrates high sensitivity and specificity. Combining P85-Ab with the standard two-antibody method can increase the positive predictive value.
Atropine-diphenoxylate | Hyoscyamine
FAM134B (also called JK-1, RETREG1) was originally discovered as an oncogene in esophageal squamous cell carcinoma, but its most famous function is that of an ER-phagy-regulating receptor. Its dysfunction is related to pathophysiological processes such as neuropathy, viral replication, inflammation, and cancer. FAM134B also plays a role in tumorigenesis of hepatocellular carcinoma (HCC) and in epithelial-to-mesenchymal transition (EMT).
cervical cancer | anal cancer | head and neck cancers | penile cancer | vulvar cancer | oropharyngeal cancer
Transcription factor AP-2 alpha (TFAP2A) is a critical cell growth regulator overexpressed in various tumor tissues and is vital for regulating oncogenic development. AP-2α facilitates melanoma metastasis through transcriptional activation of genes within the E2F pathway including EZH2.
Tetanus toxoid (TT) | Tetanus, diphtheria, acellular pertussis (Tdap) | Flu vaccines | AS03 adjuvanted H1N1 (2009) vaccine
Treatment of moderate-to-severe atopic dermatitis (AD) | AD management | Monotherapy in patients with moderate-to-severe atopic dermatitis (AD)
yes
no
Microcephaly | Neural tube defects | Early brain malformations | Structural eye abnormalities | Congenital deafness | Limb contractures | Spontaneous abortion | Fetal loss | Other serious brain anomalies
FOXM1 | FOXOs
G1 | G2 | G3 | G4 | G5
Atezolizumab | Cobimetinib | Vemurafenib
Hand-foot skin reaction | Fatigue | Diarrhea | Hypertension | Rash or desquamation | Dermatologic and mucosal toxicities | Oral mucositis | Constitutional symptoms | Nausea | Weight loss | Vascular effects
yes
Epstein-Barr virus is linked to Burkitt lymphoma. Different types of Burkitt's lymphoma have different types of c-myc involvement.
PTEN | TP53 | Rb
no
Sigmoid volvulus
High tumor mRNA levels of epiregulin (EREG) and amphiregulin (AREG) are associated with anti-EGFR agent response in metastatic colorectal cancer. However, the prognostic values of AREG and EREG are controversial, and their pharmacogenetic role has not been elucidated.
Addition of terminal cytosine-cytosine-adenosine (CCA) trinucleotides to all mature tRNAs | Addition of cytosine-cytosine-adenosine (CCA) to the ends of cytoplasmic and mitochondrial tRNAs | Addition of the trinucleotide cytosine/cytosine/adenine (CCA) to the 3' end of transfer RNAs (tRNAs)
Insufficient evidence in retrieved documents.
yes
8% | The global prevalence of intellectual developmental disorder (IDD) was 8% in Becker muscular dystrophy | 8% in Becker muscular dystrophy
STAT4
yes
Cholesterol
yes
chromosome 10
Are you asking about a specific gene, a research project, or something else related to KineDMD?
no
yes
Could you please specify the context in which you are asking about circRNA derivation, such as a particular disease, cell type, or experimental model?
Transgender individuals may experience higher mortality rates compared to non-transgender individuals. This increased mortality is linked to factors such as higher rates of suicide attempts, suicide mortality, and cancer diagnoses at later stages, potentially due to avoidance of gender-assigned cancer screenings. Limited research also suggests higher all-cause mortality in transgender individuals.
Insufficient evidence in retrieved documents.
Upper limb function assessment | The performance of upper limb 2.0 | PUL
Mezigdomide is a novel cereblon E3 ligase modulator (CELMoD) agent. More specifically, it is a cereblon E3 ubiquitin ligase modulator.
Approximately 12 months | Close to 15 months | 15.1 months
mTORC1 is a serine and threonine kinase that regulates cell growth, survival, and proliferation. It acts as a connection between nutrient signals and metabolic processes indispensable for cell growth, primarily through the activation of key anabolic processes. It also influences cell growth and proliferation by controlling ribosome biogenesis, mRNA translation, carbohydrate and lipid metabolism, protein degradation, autophagy as well as microtubule and actin dynamics.
no
no
no
Insulin icodec is designed for once-weekly subcutaneous administration. It is a long-acting insulin analog intended to cover basal insulin requirements.
yes
Symptomatic treatment | Extracorporeal shock waves therapy (ESWT) | Pulsed electromagnetic fields (PEFs) | Hyperbaric oxygen (HBO) | Vitamin D | Iloprost | Bisphosphonates | Denosumab | Surgery
Insufficient evidence in retrieved documents.
The tumor microenvironment (TME) and glioma stem cells (GSCs) play a critical role in glioblastoma recurrence. The TME contains factors promoting tumor invasiveness, while GSCs regulate tumor progression and are treatment-resistant. This interplay between the TME and GSCs contributes to the invasive nature of glioblastoma and its recurrence.
yes
yes
*Bacteroides fragilis* is associated with colorectal cancer development through the release of toxins that activate inflammation and regulate specific miRNAs, increasing cell proliferation. Specifically, recombinant *Bacteroides fragilis* enterotoxin-1 (rBFT-1) promotes proliferation of colorectal cancer cells via CCL3-related molecular pathways. Gut colonization with enterotoxigenic *Bacteroides fragilis* (ETBF) is also associated with colorectal cancer development.
Brain tissue | Basal ganglia | Rat brain
Approximately one in ten individuals
IDH mutations are closely related to the development of glioma, especially lower-grade gliomas and secondary glioblastomas. These mutations lead to the production of 2-hydroxyglutarate, impacting cellular processes and promoting gliomagenesis. Gliomas with mutated IDH1 and IDH2 have a better prognosis compared to those with wild-type IDH.
yes
sitagliptin | simvastatin
yes
The exposome is the cumulative measure of environmental influences and associated biological responses throughout the lifespan, often starting from conception [2, 4]. It encompasses the totality of human environmental exposures from conception to death [5]. This framework allows for concurrent examination of multiple intrinsic and extrinsic factors to elucidate environmental factors affecting health outcomes [1].
Polysomnography (PSG) recordings
Insufficient evidence in retrieved documents.
yes
African Americans
low-density lipoprotein receptor
Insufficient evidence in retrieved documents.
Are you asking about episignatures in the context of a specific disease or condition?
no
Pamrevlumab (FG-3019) is a fully human monoclonal antibody that binds to connective tissue growth factor (CTGF).
After failure of surgery or systemic chemotherapy | Pre- and post-operative downsizing | Minimizing time-to-surgery
Alzheimer's disease (AD) is a neurodegenerative disorder characterized by the accumulation of misfolded proteins, including amyloid-beta (Aβ) and tau. This accumulation leads to cognitive decline and memory impairment. It is also associated with aging.
yes
yes
Microsatellite instability (MSI-H) | Circulating tumor DNA | KRAS mutations | CIN | RAS mutations | BRAF mutations | ctDNA | Consensus molecular subtypes
*   Muscle weakness
*   Loss of independence
*   Premature death
*   Nutritional management
Infiltrating lymphocytes | Poor histological grade | Mucinous appearance | Serrated adenocarcinoma subtype | Adenocarcinomas with a mucinous component | High histologic grade | Pushing margins | Stromal inflammation | Lymphovascular invasion | Perineural invasion | Tumour budding | Lymph node metastases
no
Here's a list of the mechanisms of action of regorafenib on tumor cells, based on the provided evidence:

*   Regorafenib suppresses colorectal cancer cell growth.
*   Regorafenib induces the expression of PUMA, a p53 target and a critical mediator of apoptosis in colorectal cancer cells.
*   Regorafenib directly acts on human colorectal cancer cells.
*   Regorafenib accelerates apoptosis resistance and migration capability in colorectal cancer cells.
*   Regorafenib targets a wide range of tyrosine kinases involved in cancer biology, such as those implicated in oncogenesis, angiogenesis, and tumor microenvironment control.
Autosomal dominant polycystic kidney disease (ADPKD) | Autosomal recessive polycystic kidney disease (ARPKD)
yes
yes
USA | Australia | Canada | Norway | Japan | Eastern Europe | Southern Europe | Bulgaria | Estonia | Ukraine
Primary endpoint: change from baseline in percent predicted forced vital capacity (ppFVC) | Secondary endpoints: other pulmonary function tests, upper limb function and strength assessments, and changes in upper arm fat and fibrosis scores on magnetic resonance imaging | Primary endpoints: safety, tolerability, and pharmacokinetic analysis | Secondary endpoints: quality of life using the European Quality of Life-5 dimensions questionnaire, toxicity, response rate, clinical improvement of ECOG PS, and overall survival (OS)
*   Molecular alterations of KRAS (point mutations, amplification)
*   Mutations in ERBB2, EGFR, FGFR1, PDGFRA, and MAP2K1
*   Alterations in the ectodomain of EGFR
*   Non-coding RNAs (ncRNAs), especially long non-coding RNAs (lncRNAs), microRNAs (miRNAs), and circular RNAs (circRNAs)
yes
yes
22% | 22% in Duchenne muscular dystrophy (DMD) | 8%
yes
no
no
Alzheimer's disease | Cerebral amyloid angiopathy
Ixodes | Amblyomma
yes
Fezolinetant is a non-hormonal neurokinin 3 receptor antagonist. It is used for the treatment of moderate to severe vasomotor symptoms (VMS) associated with menopause, including hot flashes and night sweats, by working in the hypothalamus at the thermoregulatory centre.
KRAS | ERBB2 | FGFR1 | PDGFRA | BRAF | MAP2K1 | PTEN | PIK3CA | NRAS | EGFR ectodomain
Ravitch method | Wada method | Silastic mold method | Nuss operation | Minimally invasive surgery (Nuss procedure) | Minimally invasive repair of pectus excavatum (MIRPE)
Air pollution, both indoor and outdoor, has a negative impact on asthma outcomes in both adults and children. Exposure to outdoor pollutants can induce asthma symptoms and decrease lung function, while indoor pollutants like heating sources and molds can negatively impact the course of asthma. Air pollution and climate change can also contribute to the onset and aggravation of asthma.
yes
Zilebesiran is an RNA interference therapeutic agent that inhibits hepatic angiotensinogen synthesis. This inhibition is its mechanism of action. It also has a prolonged duration of action.
Inflammatory bowel disease predisposes to colorectal cancer due to long-standing chronic inflammation. Inflammation can induce mutagenesis, and the relapsing-remitting nature of this inflammation, together with epithelial regeneration, may exert selective pressure accelerating carcinogenesis. Genetic alterations and environmental factors such as the microbiota also contribute.
Bone tissue surrounding artificial joint replacement | Lower extremity | Joint
Large impact | Deleterious impacts | Varying degrees
no
smallpox | monkeypox | mpox disease
5HT3RA, DEX, and NK1RA | NEPA (netupitant/palonosetron) | Insufficient evidence in retrieved documents.
Tinnitus | Visual problems | Vertigo | Cognitive difficulties | Auditory-vestibular symptoms | Nonspecific neurobehavioral symptoms
respiratory distress | bronchopulmonary dysplasia | retinopathy of prematurity | periventricular leukomalacia | necrotizing enterocolitis | neonatal sepsis
The ANGEL-ASPECT trial studied acute large vessel occlusion (LVO) in patients with specific CT scan criteria. The study aimed to evaluate the effectiveness of endovascular therapy combined with best medical management compared to best medical management alone.
Left-sided colon cancer is more sensitive to anti-EGFR antibodies than right-sided. This may be related to the fact that high AREG expression is more common in left-sided tumors, and high AREG and EREG expression are associated with superior efficacy of anti-EGFR therapy. However, the exact mechanism for this difference remains unclear.
yes
no
Narcolepsy type 1 | Narcolepsy | Narcolepsy-like symptoms
yes
Acute pancreatitis-induced splanchnic vein thrombosis (APISVT) is an important complication of acute pancreatitis that can lead to severe consequences such as gastrointestinal hemorrhage, bowel ischemic necrosis, and liver failure. It is most commonly associated with severe acute pancreatitis and pancreatic necrosis.
no
Glucose-dependent insulinotropic polypeptide (GIP) receptors | Glucagon-like peptide 1 (GLP-1) receptors | Glucagon receptors
The microbiota modulate the effectiveness of chemotherapy through various mechanisms, including immunomodulation, xenometabolism, alteration of community structure, microbial ecocline, and catalysis of microbial enzymes. The gut microbiota can also affect the efficacy and toxicity of chemotherapy.
Are you asking about Tagraxofusp in relation to a specific condition or treatment?
Breast cancer occurs in about 1% of men. Major genetic factors associated with an increased risk include BRCA2 mutations, Klinefelter syndrome, and a positive family history.
Hepatitis D | Chronic HDV infection
Insufficient evidence in retrieved documents.
Target membranes | Transport vesicles | Plasma membrane
The tumoral microbiome is relevant because it can impact the efficacy and toxicity of cancer therapies, particularly chemotherapy. Microorganisms within the tumor environment can alter the chemical structure of chemotherapeutic drugs, affecting their activity and concentration. The microbiota can also modulate the pharmacokinetics and pharmacodynamics of these drugs, influencing the overall response to treatment.
Type 1 diabetes (T1D) | T1DM
no
Diphthamide is essential for messenger RNA translation and ribosomal protein synthesis. It also has specific functions for the cellular stress response and active proliferation. Diphthamide is a conserved modification in archaeal and eukaryal translation elongation factor 2 (EF2).
yes
KRAS G12C | KRAS G12C mutation
Tucatinib plus trastuzumab | Dual HER2-targeted therapy with pertuzumab plus trastuzumab | Trastuzumab deruxtecan
A basket trial is a type of clinical trial where eligibility is based on specific molecular or genomic characteristics, irrespective of cancer type. It evaluates a single targeted therapy or intervention across multiple diseases or patient subgroups that share a common characteristic. These trials are often used to evaluate the response rate of a therapy across several types of cancer.
Dermatitis Herpetiformis | Anemia | Short stature | Osteoporosis | Arthritis | Neurologic problems | Unexplained elevation of transaminases | Female infertility | Delayed tooth eruption | Dental enamel hypoplasia | Recurrent oral aphthae
no
The microbiota modulates the effectiveness of immunotherapy via immunomodulation. The immunomodulation function of the microbiota facilitates the efficacy of immune checkpoint inhibitors.
Diphthamide deficiency results in reduced selenocysteine incorporation into selenoproteins, altered tRNA-synthetase and selenoprotein transcript levels, hypersensitivity to oxidative stress, increased selenite tolerance, decreased selenite sensitivity, differential regulation of hepatocellular carcinogenesis, and suppressed translation of TORC1-activating proteins.
Sydenham's chorea is an immune-mediated or autoimmune hyperkinetic movement disorder that develops after a group A Beta-hemolytic streptococcal (GABHS) infection. It is a rheumatic chorea that may or may not present with carditis or arthritis.
insulin degludec | glucagon-like peptide-1 (GLP-1) receptor agonist liraglutide
no
bone autograft | bone allograft | demineralized bone matrix | bone graft substitutes | bone marrow aspirate concentrate | platelet-rich plasma | bone morphogenetic proteins | platelet-derived growth factor | parathyroid hormone | vitamin D | calcium | autologous and allogeneic bone graft | bone marrow aspirate (BMA) | demineralized bone matrix (DBM) | ceramics | growth factors | leukocyte-rich platelet-rich plasma | leukocyte-poor platelet-rich plasma (PRP-LP) | amniotic membrane products | adipose-derived mesenchymal stromal cells | umbilical cord-derived cells | isolated growth factors | cell therapy approaches
Are you asking about the general purpose of advanced directives, or about a specific aspect or concern related to them?
sotorasib | panitumumab
no
yes
antenatal corticosteroids
no
yes
Psilocybin | Ayahuasca | Ketamine | MDMA | LSD | Antidepressants | Tranquilizers/antipsychotics | Anxiolytic/sedative/hypnotics | Benzodiazepines | Esketamine
Live attenuated zoster vaccine (LZV) | Zostavax | Modified Vaccinia virus Ankara (MVA) | IMVAMUNE
The PATCH-Trauma trial tested the effectiveness of prehospital tranexamic acid (TXA) in patients with severe trauma at risk of acute traumatic coagulopathy. The trial compared TXA, initiated prehospital and continued in hospital over 8 hours, with a placebo. The study aimed to provide definitive evidence of whether prehospital TXA improves outcomes after severe injury.
825 mg/m2 twice daily | 900 mg/m(2) orally twice daily | 500 mg/m(2) bid or 625 mg/m(2) bid
no
Rituximab | Ocrelizumab | Alemtuzumab | Daclizumab | Pegylated interferon-β-1a | Three times weekly glatiramer acetate | Dimethyl fumarate (Tecfidera) | PTA | Anti lingo 1 (opicinumab)
yes
no
The sodium leak channel (NALCN) regulates neuronal excitability by mediating background Na+ leak conductance. It also plays an important role in controlling the resting membrane potential. NALCN is a non-selective cation channel responsible for leaky sodium transport across neuronal membranes.
Cancer risk in transgender individuals may be altered by gender-affirming hormone therapy due to the influence of sex hormones on cancer development. Transgender men and masculine-centered gender nonconforming individuals may require culturally sensitive breast cancer screening. The risk of prostate cancer in transgender women not on GAHT or who have not had GAS is the same as in cisgender men.
no
*   Specific tumor molecular subtypes
*   MSI-H subtype
Mitochondria | Cell | Endoplasmic Reticulum Membranes
Statin use after stroke is associated with a decreased risk of dementia. However, statins are also associated with an increased risk of hemorrhagic stroke. The benefit of statins for stroke is debatable due to potential side effects.
NaV1.8 voltage-gated sodium channel | NaV1.8
Intravenous calcium and magnesium | Ibudilast | Donepezil
Remove skin safely and without a scar | Treat pores | Leading primary treatment option to address concerns
Recurrent monthly abdominal pain | Bowel symptoms | Gynaecologic complaints | Comorbid pain syndromes | Mood conditions | Asthma | Debilitating symptoms | Dysmenorrhea | Pelvic pain | Abdominopelvic pain | Menorrhagia | Subfertility | Dyspareunia | Postcoital bleeding | Ovarian cysts | Anxiety | Depression
Mirvetuximab soravtansine is an antibody-drug conjugate that targets folate receptor alpha (FRα). It comprises an FRα-binding antibody, a cleavable linker, and maytansinoid DM4, a tubulin-targeting agent.
yes
yes
bacterium Rickettsia rickettsii | Rickettsia rickettsii
yes
Chemotherapy with bevacizumab | FOLFOXIRI plus bevacizumab | Cytotoxic chemotherapy plus bevacizumab
Cardiac amyloidosis | Cardiac sarcoidosis | Cardiac hemochromatosis | Mutations in sarcomeric proteins | Mutations in desmin | Mutations in cardiac troponin T and I (TNNI3) | Mutations in the thin filament regulatory protein cardiac troponin I (cTnI) | MHY7 mutation
The incidence of acute epiglottitis in children is declining. This decline is associated with the introduction of the Haemophilus influenzae type b vaccine. After the introduction of the vaccine, the average annual incidence of epiglottitis decreased.
yes
Endometrial cancer | Upper urinary tract cancer | Small intestine cancer | Ovarian cancer | Gastric cancer | Biliary duct cancer | Glioblastoma | Sarcomas | Brain tumors | Skin cancer | Urothelial tract cancer | Pancreas cancer | Prostate cancer
no
Regional lymph node metastatic status | Pathological margin | CA19-9 | Operative procedure
Lennox-Gastaut syndrome is a severe type of childhood-onset epilepsy. It is characterized by multiple seizure types and can have detrimental effects on the patient's physical and developmental health. It is also associated with encephalopathy or intellectual disability and can be pharmacoresistant.
1/3,000 | 1/4,000 | 1 in 4,560
Microphthalmia-associated transcription factor (MITF) | MITF
Phenylalanine hydroxylase (PAH) deficiency | PAH gene variants | Deficiencies in phenylalanine (Phe) metabolism
Respiratory syncytial virus (RSV) disease
Rectal cancer can have a worse prognosis than colon cancer due to the anatomic complexity of the pelvis, which complicates therapy and increases the risk of local recurrence. Additionally, tumor deposits may contribute to a worse prognosis in rectal cancer compared to colon cancer.
yes
Borderline Personality Disorder (BPD) is characterized by affective instability. Self-injurious behavior appears to have an emotion-regulating effect in individuals with BPD. The Monoamine oxidase a gene and elevated Monoamine Oxidase-A distribution volume are associated with BPD.
FOXA1 is a pioneer transcription factor in ER+ breast cancer that facilitates estrogen receptor binding by contributing to chromatin opening. Estrogen upregulates FOXA1 mRNA, and FOXA1 expression correlates with estrogen receptor positivity. FOXA1 plays a role in controlling nearly 50% of estrogen receptor target genes.
Huntington's Disease is an inherited disorder caused by the expansion of CAG repeats in the Huntingtin (HTT) gene. It is inherited in an autosomal dominant pattern.
Scabies
Antibiotics | Corticosteroids | Minocycline | Oral tetracyclines | Retarded low-dose doxycycline | Menadione (Vitamin K3) topical cream
no
Insufficient evidence in retrieved documents.
*   GPN-MSA
*   HyenaDNA
CD45RO on T lymphocytes | C-reactive protein (CRP) | Procalcitonin (PCT) | Serum amyloid A (SAA) | Presepsin (PSEP) | IL-8 | nPERSEVERE
Mirikizumab is a humanized IgG4 monoclonal antibody that targets the p19 subunit of IL-23. The IL-23 pathway is an important therapeutic target for ulcerative colitis (UC).
Palliation of malignant colorectal obstruction | Bridge to elective surgery for resectable colorectal cancers
B cells | Follicular dendritic cells
yes
yes
Pain in Ehlers-Danlos Syndrome is managed symptomatically, as there is no curative treatment. A specific neurocognitive rehabilitation program can be used for chronic pain management, tailored to the patient's problems and focused on both movement recovery and pain perception [1, 5].
yes
*   Colorectal cancer stem cells (CCSCs) are involved in the resistance of bevacizumab.
*   Interleukin 22 (IL-22) is involved in the resistance of bevacizumab.
*   Biophysical properties of the extracellular matrix (ECM) related to metabolic processes are related to acquired resistance to bevacizumab.
yes
standard transverse lower segment operation | low vertical uterine incision | classical fundal incision
melanocytic | transitory | neural-crest like | undifferentiated | proliferative (PRO) | invasive (INV) | mesenchymal-like
yes
Sulbactam | Durlobactam
85 min | 1 mg/m(2)/min
Medically refractory epilepsy | Severe drug-resistant epilepsy with traumatizing drop attacks | Epilepsy
no
Enhancer RNAs (eRNAs) are non-coding RNAs transcribed from enhancer regions. They play an important role in transcriptional regulation and cellular differentiation. eRNAs function by recruiting transcription factors, promoting enhancer-promoter looping, directing chromatin accessibility, interacting with RNA polymerase II, and facilitating histone acetylation [5].
yes
mutant IDH1 | mutant IDH2
Are you asking about screening recommendations for people at average risk, or those with a family history or other risk factors?
Are you asking about a specific condition treated with acupotomy, or are you looking for a general definition of the procedure?
Insufficient evidence in retrieved documents.
High levels of H3K27ac marking | Nucleosome displacement | Hypersensitivity to sonication | Strong depletion of H3K27me3 | Histone acetyltransferase P300 | Histone modification H3K4me1
Here's a list of the types of Ehlers-Danlos Syndrome, based solely on the provided evidence:

*   Type I
*   Type II
*   Type III
*   Type IV
*   Classical
*   Hypermobile
*   Vascular
*   Kyphoscoliotic
*   Arthrochalasis
*   Dermatosparaxis
*   Classical-like
*   Cardiac-valvular
*   Brittle cornea syndrome
*   Spondylodysplastic
*   Musculocontractural
*   Myopathic
*   Periodontal
yes
Pembrolizumab | PD-1/PD-L1 inhibitors and CTLA-4 inhibitors | Immune checkpoint inhibitors
The paraoxonase (PON) multigene family, consisting of PON1, PON2, and PON3, plays a crucial role in the body. They display antioxidant, anti-inflammatory, and antiatherosclerotic properties and are involved in the development of diseases with an inflammatory component. PON1 has antioxidant and antiatherogenic functions, while the functions of PON2 and PON3 are still under research.
no
no
Mutations in PKD1 or PKD2 | Pathogenic mutation of PKD1 or PKD2 gene | Mutation in either one of two principal genes, PKD1 and PKD2
yes
Colorectal cancer | Metastatic colorectal cancer who developed significant toxicities after fluoropyrimidine-based treatment | Advanced colorectal cancer
Vertigo | Nystagmus | Diplopia | Ipsilateral Horner syndrome | Facial ruddiness and dry skin | Dysphonia | Dysphagia | Dysarthria | Ipsilateral loss of gag reflex | Ipsilateral ataxia | Ipsilateral impaired taste | Ipsilateral facial pain and paresthesia | Decreased ipsilateral blink reflex | Contralateral hypoalgesia and thermoanaesthesia in the trunk and limbs | Ipsilateral facial hypoalgesia and thermoanaesthesia | Loss of pain and temperature sensation on one side of the face ipsilateral to the lesion | Sensory deficits | Motor deficits | Autonomic deficits
New treatments for cystic fibrosis include Orkambi (ivacaftor-lumacaftor), Kalydeco (ivacaftor), and Trikafta (elexacaftor/tezacaftor/ivacaftor). Trikafta was approved by the FDA in October 2019 for patients 6 years of age or older with at least one F508del mutation. Ivacaftor is used as both monotherapy (Kalydeco) and in combination therapy with lumacaftor (Orkambi).
Pairing with target mRNAs | Repressing mRNA translation | Degrading mRNA
Insufficient evidence in retrieved documents.
Delta-like ligand 3 | CD3
no
Are you asking about the risk factors, the infectious agent, or something else related to the cause of Mucormycosis?
1970
yes
Hypermobility spectrum disorders | Marfan syndrome | Loey-Dietz syndrome | Cutis laxa syndromes | Autosomal dominant polycystic kidney disease | Osteogenesis Imperfecta Type 1 | Fibromyalgia | Depression | Chronic fatigue syndrome
Nemolizumab is a humanized monoclonal antibody that blocks the α subunit of the IL-31 receptor and modulates the neuroimmune response. It rapidly alleviates itching by directly blocking signaling. Nemolizumab is also described as an IL-31A-receptor inhibitor.
Colonoscopy | FIT | Sigmoidoscopy and FIT
no
Are you interested in overall mortality rates, causes of death, or mortality related to a specific treatment or period?
yes
yes
no
North America | 13 southeastern states | Texas, USA
The rationale behind treating melanoma with immunotherapy is based on the understanding that melanoma is highly immunogenic and many patients already have existing immune responses against their tumor cells. Immunotherapy aims to augment these pre-existing anti-tumor immune reactions to fight the tumor, often by using monoclonal antibodies or checkpoint inhibitors to upregulate the host immune response.
no
Somatic mutation in the UBA1 gene | Somatic mutation of the UBA1 gene
no
sitaxsentan | ambrisentan | FR139317 | BQ-123 | Darusentan
Insufficient evidence in retrieved documents.
Absence of certain paternally inherited genes on the long arm of chromosome 15 | Loss of function of the paternally inherited 15q11-q13 locus | Loss of paternal gene expression from a maternally imprinted region on chromosome 15
yes
Optimal timing remains debatable | Up to 6 weeks after CRT | 6 weeks or more after CRT
yes
Yes, before the age of 18 years | Pediatric-onset multiple sclerosis (POMS) | A small percentage
*   Use of gene therapy to provide copies of wild-type, non-mutant, phenylalanine hydroxylase (PAH) enzyme.
*   Liver gene therapy, using a viral vector based on the adeno-associated viruses (AAVs).
*   Expression of PAH in skeletal muscle, along with supplementation or gene therapy for tetrahydrobiopterin (BH(4)).
*   Use of an AAV vector containing the genes for PAH, and for two key synthetic enzymes for BH(4).
*   AAV delivery of PAH gene.
*   Somatic gene transfer.
Rett syndrome
Insufficient evidence in retrieved documents.
Head, neck, and trunk | Head and neck
Irritable bowel syndrome (IBS) is a multifactorial disorder explained by a combination of mechanisms including genetic factors, post-infectious changes, disturbances in the intestinal microbiota, low-grade mucosal inflammation, immune activation, altered intestinal permeability, disordered bile salt metabolism, abnormalities in serotonin metabolism, alterations in brain function, visceral hypersensitivity, dysmotility, psychosocial factors, dysregulation of the brain-gut axis, and altered colon motility. Short chain fatty acids (SCFAs) may also be involved in the pathogenesis of IBS. It is considered a biopsychosocial disorder.
Mutations in the gene coding for methyl CpG-binding protein 2 (MeCP2) | Mutations in MECP2 | Mutations of methyl CpG-binding protein 2 (MeCP2)
MILTON | DrugnomeAI | Insufficient evidence in retrieved documents.
Nipocalimab is a monoclonal antibody that targets the neonatal Fc receptor (FcRn). By blocking FcRn, it inhibits placental immunoglobulin G (IgG) transfer, lowers circulating maternal IgG levels, and decreases systemic IgG, including autoantibodies.
Are you asking about theragnostics in general, or in relation to a specific disease or condition?
Knee steroid injections relieve symptoms of knee osteoarthritis and arthritic knee pain by reducing inflammation. The pain relief is most often short term.
Cancer-associated fibroblasts (CAFs) contribute to immune evasion through multiple mechanisms, including secretion of cytokines and chemokines, physical impedance of the immune system, and interactions with innate and adaptive immune cells. CAFs also promote T-cell exclusion and exhaustion, recruit myeloid-derived suppressor cells, and inhibit cytotoxic lymphocytes, thus impairing the killing of tumor cells. These actions shape the tumor microenvironment to be immunosuppressive.
In what context are you asking about Mantis-ML 2.0 (e.g., a specific disease, research project, or type of data analysis)?
ANGPTL3 | Expression of ANGPTL3 in the liver
cerebrum | human brain | brain
Varicocele
BRAF mutation | B-RAF V600E mutation | Point mutation in codon 600 of the BRAF kinase
Insufficient evidence in retrieved documents.
yes
Fever | Headache | Muscle aches | Skin rash | Polyarthralgia | Intense pain | Edema | Temporary functional impairment | Severe joint aches | Arthralgia | Increasing incidence of encephalitis | Joint pain
Oral valaciclovir | Freezing of maternal milk | Valacyclovir and CMV HIG
TET family of enzymes | Ten-eleven translocation family | Ten-eleven translocation Enzymes (TET) family
yes
Remibrutinib is a covalent inhibitor of Bruton's Tyrosine Kinase (BTK). It binds to an inactive BTK conformation with high selectivity. The molecule carries a reactive acrylamide moiety.
Are you asking about pendelluft in the context of respiratory physiology, mechanical ventilation, or something else?
Uterine perforation | Mesenteric injury | Bowel injury | Bilateral renal cortical necrosis | Anuric acute renal failure | Septic abortion | GBS meningitis | Ureterouterine fistula | Bleeding | Retained products of conception | Retained cervical dilator | Amniotic fluid embolism | Misoprostol toxicity | Endometritis
no
MiDAS 4
Warts | Hypogammaglobulinemia | Infections | Myelokathexis (abnormal retention of mature neutrophils in the bone marrow) | Recurrent bacterial infections | Susceptibility to HPV infections | Neutropenia | Lymphopenia | B and T-cell lymphopenia | Retention of senescent neutrophils in the bone marrow | Low levels of immunoglobulins (IgG, IgA, IgM)
radiofrequency ablation | cryoablation | microwave ablation
Cytomegalovirus (CMV) infection | CMV | Congenital cytomegalovirus infection
yes
yes
no
Parkinson's disease | Acromegaly | Hyperprolactinemia
yes
yes
14 | 4 | Insufficient evidence in retrieved documents.
cefepime | enmetazobactam
Ponseti method of manipulation and casting | Percutaneous elongation of the Achilles tendon | Plantar fasciotomy | Corrective plasters | Surgery | Bracing
monoclonal antibodies | omalizumab | mepolizumab | reslizumab | benralizumab | dupilumab | tezepelumab
Are you interested in the impact of IDH1/IDH2 mutations on prognosis in a specific glioma subtype (e.g., astrocytoma, oligodendroglioma)?
NM_017785.5:g.169588475 G > A p.Arg20Gln
haemophilia B | congenital factor IX deficiency
The Pringle maneuver is used in liver surgery to minimize bleeding or reduce intraoperative blood loss. It can also be used for temporary ischemia by clamping the hepatoduodenal ligament intermittently. It is also used to prevent blood loss.
Histoplasma capsulatum is favored by environments such as soil contaminated with bird and bat excrement, bat-frequented caves, and confined spaces where it grows on bat guano or bird droppings.
Cytotoxic T lymphocyte-associated protein-4 (CTLA-4) | Programmed cell death protein 1 (PD-1)
9,950 | More than 150,000 | 507
Nasal polyps | Asthma | Aspirin sensitivity | Nonsteroidal anti-inflammatory drug sensitivity | Aspirin sensitization | Nasal polyposis | Chronic rhinosinusitis (CRS) | Intolerance to cyclooxygenase-1 inhibitors
Inhibits ATP-citrate lyase | Lowers LDL cholesterol | Reduces hepatic cholesterol synthesis
Obesity during adolescence is associated with several long-term adverse outcomes, including increased risk of mortality, cardiovascular disease, colon cancer (in men), and type 2 diabetes. It also leads to psychosocial issues, such as lower educational attainment and higher rates of poverty (particularly in women), and increases the risk for disease and premature death during adulthood. Furthermore, obesity during adolescence impacts insulin sensitivity.
14.6 months | 12 to 15 months | less than 15 months
DrugnomeAI | MILTON | DEEP
The Eiffel-by-Night sign is clinically significant because it is associated with Idiopathic Hypertrophic Pachymeningitis (IHP) and immune-mediated HP. It is more commonly found in IHP and can indicate active inflammation. The presence of this sign can aid in the diagnosis and characterization of these conditions.
The current hypothesis is that Guillian-Barre syndrome (GBS) is an immune-mediated or autoimmune disease. It is often triggered by an infection, leading to an errant immune attack on nerve cells. In some cases, this attack is triggered by pathogens like Campylobacter jejuni that mimic human gangliosides.
F508del mutation | deltaF508 | delta F 508 del mutation
Blood vessels | Immune cells | Neuroglial cells | Extracellular matrix | Extracellular vesicles | Cytokines | Low pH | Hypoxia | Elevated interstitial pressure | Impaired perfusion | Cancer cells | Resident brain cells | Cells in transit through the tumor | Marrow-derived immune cells | Cell-to-cell contact | Cellular metabolic products | Oxygen levels | Glucose | Lactate | Tumor invasiveness factors | Microvascular proliferation | Migratory cancer stem cells | Infiltrative tumor cells
BioPAXViz
no
Kisspeptin generally acts as an anti-metastatic agent in cancers like colon, lung, and brain cancer. However, its role in breast cancer is controversial, with studies suggesting both pro- and anti-metastatic effects. In some cancers, kisspeptin is associated with lymphoid cell apoptosis, which can promote metastasis.
Bacteremia | Urinary tract infections (UTIs) | Pneumonia | Enteritis | Sepsis | Bloodstream infections | Opportunistic nosocomial infections | Recurrent UTI (rUTI) | Septicemia | Hepatobiliary tract infections | Soft tissue infections
no
Are you referring to a specific gene, a research project, or something else with that name?
yes
yes
Phenylketonuria (PKU) | Congenital hypothyroidism (CHT) | Adrenogenital syndrome | Sickle cell disorders | Cystic fibrosis | Duchenne muscular dystrophy | Galactosaemia
Loss of heterozygosity at markers of the long arm of chromosome 10 | Extensive genomic deletions involving chromosome 10 | Amplification of chromosome 7p11
Could you please specify what field of medicine or research gwRVIS relates to?
NTLA-2002 is an in vivo gene-editing therapy based on CRISPR-Cas9. It targets and knocks out the prekallikrein-coding KLKB1 gene in hepatocytes. The goal is to provide lifelong control of angioedema attacks after a single dose.
Remedy for morning sickness | For pleasure | Insufficient evidence in retrieved documents.
Democratic Republic of the Congo (DRC)
The tumor microenvironment plays a role in the MES-like state of GBM by altering the immune microenvironment. Specifically, MES-like glioblastoma states are associated with increased expression of a mesenchymal program in macrophages and increased cytotoxicity of T cells.
yes
Tumor necrosis factor-like cytokine 1A (TL1A)
Deterioration in language skills | Seizures | Abnormal electroencephalography findings | Acquired aphasia | Paroxysmal electroencephalographic abnormality with spike and spike and wave discharges which are mostly multifocal and unstable in their course of evolution | Psychomotor or behavioural disturbances | Epilepsy | Verbal auditory agnosia
Mild intellectual impairment | Hyperactivity | Shortened concentration span | Poor school performance | Violent/aggressive behavior | Hearing loss | Impact on the heart, brain, liver, kidneys, and circulatory system | Coma | Death | Cancer | Hypertension | Cardiovascular disease | Renal disease | Intellectual disabilities in children | Neurocognitive and behavioral changes | Adverse effects on the immune system | Anemia
Glioblastoma stem-like cells (GSCs) play a major role in tumor initiation, maintenance, and recurrence. They also contribute to therapy resistance in glioblastoma.
*   Simpler to use
*   Reduced run time
Catalytic domain | Inactive zymogen Factor XI | Activated FXI
no
N-acetylcysteine | Gastric lavage | Withdrawal of the suspected drug and administration of acetylcysteine
Interleukin 10 | Transforming Growth Factor-beta
yes
Secondary syphilis | HIV
Extended operative times | Increased transfusion rates | More frequent returns to the operating room
no
E-boxes are important regulatory elements in the eukaryotic genome where transcription factors bind to regulate gene transcription. They are involved in various genetic programs, including proliferation, differentiation, tissue-specific responses, and cell death. E-box-binding transcription factors (EBTFs) play a fundamental role in cancer.
Are you asking about a specific medication, a research project, or something else related to "StarGazer"?
PD-1 | VEGF-A | VEGF
calcitonin gene-related peptide | CGRP
Ocular loasis, also known as ophthalmologic loa-loa, refers to eye conditions such as pain and redness caused by the movement of the Loa loa nematode through the subconjunctival space of the eye [5]. Loa loa is also known as the "African eye worm" [3] and can cause periocular migration of adult worms [4].
yes
14,287 | 14,287 primary genetic associations | 14,287 primary genetic associations (81% previously undescribed)
Imlunestrant is a next-generation, oral selective estrogen receptor (ER) degrader. It delivers continuous ER inhibition, even in cancers with mutations in the gene encoding ERα (ESR1). It is also brain-penetrant and has potent antitumor activity.
yes
Yes, brain abnormalities have been found in people with anxiety. These abnormalities include changes in the prefrontal cortex, amygdala, hippocampus, and other brain regions, as revealed by neuroimaging studies. These findings suggest that anxiety disorders are associated with specific alterations in brain structure and function.
yes
GNB1 | GATAD2A | GBP2 | MACROD1 | EIF5B
Ebola disease outbreaks | Ebola virus (EBOV)
Serous fluid collection | Serous clear fluid collection | Fluid collection in surgically dissected areas
yes
Twist | Snail | Slug | ZEB1 | ZEB2
>54,000
Pulmonary emboli | Pulmonary embolism | Right pulmonary artery trunk occlusion
no
DNA vaccines that encode MV-H and MV-F | Nucleic acid vaccines | Recombinant measles vaccine expressing foreign virus antigen(s) | Oncolytic measles virus based on measles vaccine strains | Aerosol formulated live attenuated measles vaccine
yes
TET2-CH and increased FLT3 levels | Germline associations with CH | Rare variation in plasma protein abundance
HER2 protein | HER3 protein
Uterus | Fallopian tubes | Uterine cavity
50 years (average risk) / 45 years (high risk) | Age 40 | 55 to 69 years (individualized)
no
rs11665831 | rs11083925 | rs2043211
yes
Activation likelihood estimation (ALE) is an objective, quantitative technique used for coordinate-based meta-analysis of neuroimaging results. It estimates consistent activations across different imaging studies and can be used to map neural networks and analyze brain activation patterns. ALE provides a quantitative approach to mapping consistency across studies.
BRCA2 | CDKN2A/p16 | hMSH2 | hMLH1 | hPMS1 | hPMS2 | LKB1/STK1 | PRSS1 | SPINK-1 | BRCA mutations
GBM heterogeneity contributes to treatment resistance, recurrence, and poor prognosis. The ability of cancer stem cells to evolve in response to treatment, driven by tumor heterogeneity, renders the cancer refractory to conventional treatment. GBM heterogeneity is considered responsible for treatment resistance and unfavorable prognosis.
Are you asking about the FINDbase database for genetic variation, or something else?
Bortezomib | Lenalidomide | Dexamethasone
yes
A diet low in fermentable oligosaccharides, disaccharides, monosaccharides, and polyols (FODMAP), also known as the low-FODMAP diet (LFD), is recommended for Irritable Bowel Syndrome (IBS). This diet is frequently used to manage IBS, and is recommended if general lifestyle and dietary advice fails.
Macrophages are major components of the glioblastoma microenvironment that promote tumor progression. They induce a mesenchymal-like transition in glioblastoma cells and contribute to an immunosuppressive and tumor-supportive environment. These effects are mediated by factors such as oncostatin M (OSM) [2] and other chemokines, cytokines, and growth factors [4].
Half (50%) of patients have undetectable plasma EGFR T790M at disease progression and/or treatment discontinuation. | Fifteen patients (19%) have >1 resistance-related genomic alteration. | MET amplification (14/78, 18%). | EGFR C797X mutation (14/78, 18%).
no
Xylazine is a tranquilizer and veterinary sedative that is commonly added to the illicit drug supply [1, 2, 3, 5]. Exposure to Xylazine is increasing through the adulteration of illicit opioids [4]. Xylazine is also associated with fatal overdoses [5].
yes
Up to 50% | Approximately 40% | Up to one half
Are you asking about a specific medication, a genetic condition, or something else?
Talquetamab is a bispecific antibody that targets CD3 and GPRC5D. By targeting these proteins, Talquetamab redirects T cells to mediate the killing of GPRC5D-expressing myeloma cells. GPRC5D is expressed on multiple myeloma plasma cells.
Formoterol has a rapid onset, salmeterol slower | Formoterol is a full agonist, salmeterol is a partial agonist
yes
The main function of plasmacytoid dendritic cells (pDCs) is to participate in the antiviral response through the production of type I interferons (IFN). They are the primary interferon-alpha-secreting cells and play a critical role in the innate immune response to viruses, exerting both proinflammatory and regulatory functions.
UBASH3A | PRKD2 | ETS2 | AP003774.1/CCDC88B | SH2B3
glucagon-like peptide 1 (GLP1) receptors | gastric inhibitory polypeptide (GIP) receptors | glucose-dependent insulinotropic peptide (GIP) receptors | glucagon-like peptide-1 (GLP-1) receptors
no
Here's a list of indications for autologous blood use, based solely on the provided evidence:

*   Scoliosis surgery
*   Treatment of musculoskeletal disorders
*   Diminishing the incidence of pneumothorax post-lung biopsy
*   Multiple sclerosis
*   Providing an optimal tissue healing environment in tissues where standard healing is disrupted
PD-1 | LAG3 | Tim-3 | KLRG-1 | CD39
high-resolution 'patient-centric' omics data sets | advanced in silico tools (systems biology, connectivity mapping, and machine learning) | 'state-of-the-art' experimental systems (complex 3D systems in vitro, CRISPR gene editing, and various model biological systems in vivo)
velpatasvir | sofosbuvir
Glial fibrillary acidic protein (GFAP) | S100 protein | Beta amyloid peptide | Tau | Phosphorylated tau | Plasma phospho-tau (p-tau) | p-tau181 | p-tau217 | p-tau231 | Plasma Aβ
Based on the provided snippets, multiple types of poliovirus vaccines are currently used, including trivalent OPV (containing types 1, 2, and 3), bivalent OPV (containing types 1 and 3), and monovalent OPV2. The use of these different formulations poses challenges for national immunization programs.
Central memory cell | T(CM) | TCM
Xalnesiran is a small interfering RNA molecule that targets a conserved region of the hepatitis B virus (HBV) genome and silences multiple HBV transcripts.
Are you asking about Tenecteplase as a medication?
yes
Reactive | Constructive | Invasive
Claudin 18.2 (CLDN18.2) | claudin-18.2
Here's a list of active compounds extracted from Sophora tonkinensis, based on the provided evidence:

*   1-(6,7-dihydro-5H-pyrrolo[1,2-a]imidazol-3-yl)ethanone
*   cyclo(Pro-Pro)
*   Nicotinic acid
*   p-hydroxybenzonic acid
*   p-methoxybenzonic acid
*   4-hydroxymethyl-2,6-dimethoxyphenol-1-O-β-D-glucopyranoside
*   Coniferin
*   Syringin
*   (-)-secoisolariciresinol-4-O-β-D-glucopyranoside
*   (-)-syringaresinol-4-O-β-D-glucopyranoside
*   (-)-syringaresinol-4,4'-di-O-β-D-glucopyranoside
*   (-)-pinoresinol-4,4'-di-O-β-D-glucopyranoside
*   (6S,9R)-roseoside
*   Pterocarpan glycoside
*   Maackiain
*   Sophoranone
*   Sophoranochromene
*   Pinoresinol
*   Syringaresinol
*   Medioresinol
*   4',7-dihydroxyflavone
*   Calycosin
*   Genistein
*   Trifolirhizin (TF)
*   2-(2,4-dihydroxyphenyl)-5,6-methylenedioxybenzofuran (ABF)
*   Tonkinochromane I
*   Glabrol
*   Lupinifolin
*   Tonkinensisol
*   8-C-prenylkaempferol
*   7,2'-dihydroxy-4'-methoxy-isoflavanol
*   Formononetin
*   Opioid-related death
*   Non-cardiological origin iatrogenic trauma
*   Iatrogenic splenectomy
*   High-risk surgery
*   Medication
Chromosome 10q | Chromosome 10 | Chromosome 7p
Nexiguran ziclumeran (nex-z) is an investigational therapy based on CRISPR-Cas9. It targets the gene encoding transthyretin (TTR).
yes
yes
CCL2 | CCL7 | CXCL12
yes
Anthropogenic gadolinium is gadolinium originating from gadolinium-based contrast agents (GBCAs) used in magnetic resonance imaging (MRI). Its presence in the environment, particularly in water systems, raises concerns about potential adverse impacts.
Lymphocytic infiltration in an adolescent with recently diagnosed B-ALL | Undescended testis | Epididymo-orchitis
yes
yes
The most common symptoms of Ankylosing Spondylitis (AS) are pain, stiffness, and fatigue. Back pain and stiffness, especially in the morning, are also leading symptoms and typically improve with exercise. The disease primarily affects the spine and sacroiliac joints.
Girls with ADHD often present differently than boys, exhibiting fewer hyperactive and impulsive behaviors. Attention deficits, emotional dysregulation, and verbal aggression are more common in girls, as are inattention and internalizing problems. ADHD symptoms in girls are often overlooked, leading to underdiagnosis.
enhancer hijacking
Vutrisiran is a transthyretin-directed small interfering ribonucleic acid (siRNA) therapeutic, also known as an RNA interference (RNAi) therapeutic. It inhibits the production of hepatic transthyretin and results in rapid TTR knockdown.
Key therapy component | Toxin payloads, or drugs | Synthetic small molecule drug or a cytotoxic protein
yes
Tumor-treating fields (TTFields) are used in glioblastoma (GBM) therapy to disrupt tumor cell division and proliferation. This is achieved by applying low-intensity, alternating electric fields that interfere with the mitotic process, leading to antimitotic effects and potentially apoptosis. TTFields are approved for treating newly diagnosed or recurrent GBM.
Colony-stimulating factor 1 receptor (CSF-1R) | CSF-1R signaling
Molecular polaritons are created through the strong interaction between molecules and light, resulting in a hybridization between molecular and photonic modes. This strong coupling can occur between matter and field in microcavities or between materials like CdSe Nanoplatelets and a dielectric optical cavity.
no
Bone marrow monocytes | Bone marrow | Infiltrating macrophages
Capecitabine | Irinotecan
Nucleic acids | Single-stranded DNA (ssDNA) | A single-variable peptide loop constrained within a constant scaffold protein
yes
Restricting antigen recognition | Inhibiting the immune system | Inducing T cell exhaustion | Accumulating specific metabolites and signal factors within the TME | Limiting the nutrients available to immune cells | Downregulating antigen presentation | Hindering immune responses | Exploiting inhibitory immune checkpoints
HIV-1 infection | multi-drug-resistant HIV-1 infection
no
Levodopa | Dopamine receptor agonists (like ropinirole) | Ropinirole | Gabapentin | L-dopa associated to its sustained release formulation | Dopamine agonists (DAs)
Are you asking about the RankMHC software, or something else?
13% (mixed features) | 43% (LB group) | Insufficient evidence in retrieved documents.
Sildenafil | Vardenafil
The pathophysiology of irritable bowel syndrome (IBS) is multifactorial, complex, and not completely understood. Factors implicated include visceral hypersensitivity, intestinal dysmotility, psychological factors, dysregulated gut-brain axis, intestinal microbiota alterations, impaired intestinal permeability, mucosal immune alterations, epithelial barrier dysfunction, genetic/social learning factors, diet, intestinal low-grade inflammation, and abnormal gastrointestinal endocrine cells.
AXL, a receptor tyrosine kinase, plays a role in tumor malignancy. It is often overexpressed in cancers and contributes to processes like invasion, drug resistance, proliferation, and metastasis formation. Its inhibition can block tumor formation, highlighting its potential as a therapeutic target.
yes
Neurodegenerative disorder with spasticity, ataxia, neuropathy, and optic atrophy
Cetuximab plus chemotherapy | mFOLFOX6 treatment | Cetuximab plus FOLFIRI followed by bevacizumab plus mFOLFOX6
yes
Aedes mosquitoes | Aedes aegypti | Ae. albopictus
C/EBPβ | TAZ | STAT3
Pathogenic role for large AAAGG repeat configuration expansions | Complex motifs with AAAGG interruptions | Insufficient evidence in retrieved documents.
no
Pseudomembranous colitis | Toxic megacolon | Septic shock | Fulminant colitis | Bowel perforation | Gram-negative sepsis | Clostridium difficile-associated diarrhea | Colitis
Dysmenorrhea | Abdominal pain | Pelvic pain | Menstrual irregularities | Hirsutism | Acne | Weight gain | Obesity | Infertility | Elevated free testosterone levels | Irregular, infrequent, or absent menses | Anovulation | Amenorrhea | Oligomenorrhea | Irregular menstrual cycles | Alopecia | Ovarian micropolycystic appearance | Hyperinsulinaemia
OLIG genes | Olig2 | NKX2.2 | SOX10
*   POPLAR (NCT01903993)
*   OAK (NCT02008227)
Total colectomy with ileorectal anastomosis (IRA) | Total proctocolectomy | Restorative proctocolectomy | Colectomy with ileorectal anastomosis | Ileo-pouch anal anastomosis | Ileal pouch procedure | Proctocolectomy with ileum-pouch-anal | Prophylactic surgery | Restorative proctocolectomy, with or without mucosectomy
no
Feto-pelvic disproportion | Haemorrhagic placenta praevia | Dystocia | Long-awaited infant | Fetal suffering | Breech presentation | Cicatricial uterus | Maternal disease | Hypertension | Non-obstetrical indications: hypertension | Non-obstetrical indications: ophthalmological | Non-obstetrical indications: uterine myomas | Non-obstetrical indications: women heart diseases | Non-obstetrical indications: pelvic pathology | Non-obstetrical indications: neurological disorders | Fetal distress | Previous cesarean section | Non-progress of labour | Oligohydramnios | Malpresentation | Cephalo pelvic disorders | Hypertensive disorder in pregnancy | Repeat cesarean delivery | Nonreassuring fetal status | Maternal indications (e.g., placenta previa or genital herpes simplex virus) | Failed labor (any stage labor arrest) | Other (i.e., fetal anomaly and elective) | Antepartum haemorrhage | PROM | Prolonged labour | Cord prolapse | Post-dated pregnancy | Severe pre-eclampsia | Secondary subfertility
Neural crest-like cells | Pigmented melanocytic cells
BioASQ Synergy research process
Trifluridine/tipiracil is more active than other fluoropyrimidines in colorectal cancer patients because it primarily acts by incorporating into DNA, resulting in DNA dysfunction, whereas fluoropyrimidines like fluorouracil and capecitabine primarily inhibit nucleotide synthesis. Trifluridine/tipiracil has shown activity in patients with 5-FU-resistant tumors and after fluoropyrimidine failure.
yes
3-8% of women of reproductive age | Approximately 5% of all women of fertile age | Nearly 5% of women of reproductive age
yes
yes
Ventricular septal defect | Right ventricular outflow and/or pulmonary valve/artery stenosis or atresia | Dextraposed overriding aorta | Right ventricular hypertrophy
Yes, several genes and chromosomal regions have been implicated in the genetic transmission of bipolar disorder. These include the serotonin transporter (HTT), IMPA2 (linked to chromosome 18p11.2), CACNA1C, ANK3, the ITIH3-ITIH4 region, and genes on chromosomes 18, 21, 4, 5, 11 and X.
Hypoxia induces a shift towards mesenchymal-like (MES) and astrocyte-like (AC) states in glioblastoma cells. Specifically, in IDH-mutant gliomas, hypoxia induces a shift to the AC state, whereas in IDH-wildtype gliomas, it induces a shift to the MES state. Hypoxia also induces a MES-like transformation trend in IDH-wt GBM.
20% increase | 329 new profiles | Updated three existing profiles
Baclofen is a GABAB receptor agonist that acts both supraspinally and spinally. It increases GABA activity, reduces glutamate and dopamine production, affects noradrenergic pathways, and may inhibit the effect of substance P, leading to myorelaxation and central nervous system depression.
Dose-dependent gastrointestinal disorders | Lactic acidosis | Hypoglycaemia (rarely) | No effect on body weight | Does not increase cancer-related mortality | Vitamin B12 deficiency | Macrocytic anaemia | Peripheral neuropathy | Gastrointestinal disturbance | Rise in hydrogen sulfide in liver cells (long-term overdose) | Nausea | Vomiting | Diarrhea | Heartburn
GBM stem cells (GSCs) | Cancer stem cells (CSCs)
yes
Wide surgical excision | Mohs micrographic surgery | Wide local excision | Wide surgical resection
Aedes aegypti | Aedes (Stegomyia) aegypti
yes
Could you specify which ethnicity or geographic region you are interested in?
yes
Trypanosoma brucei | Trypanosoma brucei gambiense or T.b. rhodesiense | Trypanosoma brucei rhodesiense and T. b. gambiense
MCAT element | CATTCC DNA motifs | TEA/ATTS DNA-binding domain
Could you please specify what type of Variant Ranker you are referring to (e.g., a specific software, a ranking method for genetic variants in a particular disease)?
no
yes
Epidermal growth factor receptor variant type III (EGFRvIII) | EGFRvIII | Epidermal growth factor receptor variant III (EGFRvIII)
Myocardial infarction (MI) | Increased carotid intima-media thickness (cIMT) | Increased cardiovascular (CV) events | Cardiovascular (CV) mortality | Overall mortality
Severe systemic drug reaction | Adverse reactions to therapy | Immunological reaction to certain drugs
Myopathy | Rhabdomyolysis | Liver damage | Type 2 diabetes | Peripheral polyneuropathy | Sensory or sensorimotor polyneuropathy | Sensory impairment | Decrease or suppression of osteotendinous reflexes | Reduction in muscle strength | Hepatotoxicity | Impaired myocardial contractility | Autoimmune diseases | Kidney diseases | Cataracts | Hemorrhagic strokes | Psychiatric complications | Nausea | Abdominal discomfort | Headaches
Could you please specify what you would like to know about oncoEnrichR? For example, are you interested in its function, applications, or how it compares to other tools?
Surgical treatment | Hormone therapy | Danazol | Gonadotrophin-releasing hormone (GnRH) agonists | Progesterones (progestins) | Combined estrogens and progesterones | Oral contraceptives | Androgenic agents | Gonadotropin releasing hormone (GnRH) analogs | Leuprolide acetate | Goserelin acetate | Nafarelin acetate | No treatment | Combination therapy | Medical therapy | Laparoscopy
There is evidence suggesting a link between hypothyroidism and depression, with untreated hypothyroidism increasing the risk and treatment potentially being beneficial. However, the association between subclinical hypothyroidism and depression is controversial, with one study finding no association. Abnormal thyroid function, especially hypothyroidism, may also be linked to depression severity.
SEGCOND
Wharton's jelly tissue of umbilical cords | extra embryonic umbilical cord matrix | Wharton's Jelly
Viral infections | Rheumatic carditis | Trypanosoma cruzi | Bacterial infections | Diphtheria | Coxsackievirus serotype B (CV-B) | Enteroviruses | Coxsackie-B viruses | Cytomegaloviruses (CMV) | Diphtheric myocarditis | Borrelia burgdorferi | Chlamydia pneumoniae | Coxsackie virus B infections | cardiotropic viruses
Germline-mediated immunoediting influences somatic evolution. In breast cancer, a high germline-epitope burden in certain genes can make individuals less likely to develop specific subtypes of the disease. Tumors that overcome this immunoediting tend to be more aggressive and "immune cold".
Crohn's disease | Multiple sclerosis | Graft-versus-host disease | Type 1 diabetes | Bone fractures | Cartilage damage | Cardiac diseases | Osteogenesis imperfecta | Muscular dystrophy
While one source indicates that there are no defined or agreed-upon biomarkers for depression that can be readily tested, other research suggests several potential biomarkers. These include miRNAs (miR-16, miR-135a, miR-1202), frontal theta asymmetry, and EEG sleep patterns. Some miRNAs are also being explored as tentative SSRI response biomarkers.
Multisystem syndrome | Neurodevelopmental phenotypes | Cardiac dysrhythmias | Frequent infections | Developmental delay | Early-onset epilepsy | Hypotonia
Inhalational anesthetic agents | Volatile anesthetics | Volatile anaesthetics
Yes, pro-inflammatory cytokines such as IL-6 and TNF-α are implicated in the pathogenesis of primary dysmenorrhea [3]. Additionally, differences in inflammatory biomarkers like BDNF, IL-1, and IL-6 have been observed in dysmenorrhea studies [4]. Chlorella supplementation can improve inflammatory markers in women with primary dysmenorrhea [5].
POLR2M
Heart
yes
yes
Phagosomal escape | Activation of cellular processes | Cell-to-cell spread
0.89-2.6 cases per 1,000 births | 0.89-2.6 per 1000 women | 1.1 to 16.7 per 1000 births
Maintaining cholesterol homeostasis | Regulates cholesterol homeostasis | Alternative microexon splicing
no
Genital herpes typically manifests as recurrent, self-limited genital, buttock, and thigh ulcerations that resolve in 15 to 21 days. Primary infection presents with multiple bilaterally located papules, vesicles, painful ulcers, and crusts. Atypical manifestations, often in immunocompromised patients, can present as large, chronic, hyperkeratotic ulcers. Serous meningitis can also be associated with primary genital herpes infection.
Early childhood onset distal myopathy with chronic neurogenic features | Early infantile epileptic encephalopathy-5 (EIEE5)
Berberine has a neuroprotective effect against ischemic stroke [1]. It can also improve nerve function deficits associated with ischemic stroke by inhibiting inflammation [2, 3, 4, 5].
There is empirical and theoretical support for an association between ADHD and eating disorders or disordered eating. Eating disorders commonly co-occur with ADHD, and ADHD symptoms are associated with disordered eating.
ORM1 regulates cell-free DNA (cfDNA) levels in plasma. This regulation might contribute to susceptibility to thrombosis through immunothrombosis mechanisms.
yes
Rapidly progressive disorders | Cognitive impairment | Ataxia | Myoclonus | Visual signs | Pyramidal signs | Extrapyramidal signs | Spongiform (vacuolar) degeneration | Amyloid plaque formation | Fatal neurodegenerative disorders | Aggregation and deposition of the misfolded prion protein in the brain | Associated with misfolded prion protein (PrP) aggregation and self-propagation | Transmissible | Affect human and non-human mammals | Progressive dementia | Heterogeneous
SATB1 | Bcl6 | T cell receptor locus
Neoantigens are newly formed antigens generated by tumor cells as a result of tumor-specific alterations, such as genomic mutation, dysregulated RNA splicing, disordered post-translational modification, and integrated viral open reading frames. They can also be newly formed peptides created from somatic mutations or proteins produced by mutant genes.
Viral infections | Tear away of labyrinthine membranes | Vascular theory | Vascular occlusion | Cochlear membrane rupture | Psychogenic causes | Stresses | Idiopathic cause | Infectious cause | Neurovascular conflict | Acoustic trauma
Clinical data | Neuromuscular imaging | Neuromuscular histopathology | Biological data | Genetic data | Patient-reported outcomes
Ovary, Fallopian tube, or surrounding connective tissues | Ovary, fallopian tube, or surrounding tissues | Mass of the ovary, Fallopian tube, or surrounding connective tissues
12-15 months | 14-15 months | Insufficient evidence in retrieved documents.
SEQUOIA is a transformer model that predicts cancer transcriptomes from whole-slide histology images. It is pre-trained on normal tissues and fine-tuned on tumor samples. Its performance is evaluated at the gene and pathway levels.
Inhibitor of phagocytosis | Plays significant roles in cellular functions | Preventing phagocytosis
no
yes
Chronic | Long-term
yes
yes
neurokinin 3 receptor (NK3R) | neurokinin 3 receptor | non-hormonal neurokinin 3 receptor antagonist
Miscarriage | Abortion | Premature labor
Palivizumab | Nirsevimab | Dornase alfa
The cancer-immunity cycle is a series of self-sustaining events or a conceptual framework that illustrates how the immune system interacts with cancer cells to recognize and eliminate tumors. It is a series of anticancer immune responses that proceed and expand iteratively.
Iptacopan is an oral inhibitor of complement factor B. It specifically binds to factor B and inhibits the alternative complement pathway.
NAFLD
The genetic basis of addiction involves multiple genes. CHRNA5, CHRNA3, and CHRNB4 are associated with tobacco addiction; ADH1B and ADH1C with alcohol dependence; DRD2 and ANKK1 with addiction to psychoactive substances including opiates; and OPRM1 with drug addiction.
no
CD19 | CD3 | Tumor B cells | CD19+ lymphoblasts | B cells | T cells
The provided evidence suggests that erdosteine is being investigated as a treatment for bronchiectasis. The hypothesis is that regular erdosteine use will reduce the number of exacerbations in people with bronchiectasis compared to a placebo. The study aims to determine if erdosteine reduces acute respiratory exacerbations in children and adults with bronchiectasis.
no
yes
yes
Praziquantel (PZQ) | Praziquantel and artesunate | Antiparasitics, mainly praziquantel
Intensity features | Shape features | Texture features | Histogram features | Wavelet features | Gray Level Co-Occurrence Matrix (GLCM) features | Run-Length Matrix (RLM) features | Geometrical characteristics | Spectral properties | First-order features
Chronic hepatitis B | Inflammatory bowel diseases | Recurrent Clostridioides difficile infections | Cancer | Obesity | Liver disease | Diabetes | Epilepsy | Amyotrophic lateral sclerosis (ALS) | Autism | Clostridium difficile infection (CDI) | Gastrointestinal (GI) diseases
yes
Dendritic cells (DCs)
yes
Young girls with autism spectrum disorder tend to have greater social communication deficits than young boys, and these differences vary by age. | In girls, autistic traits were associated with more Emotional Overeating and Emotional Undereating. | Higher levels of parent-reported repetitive and restricted behavior symptoms were less predictive of an autism spectrum disorder diagnosis in girls than in boys. | Higher levels of parent-reported emotional and behavioral problems increased the probability of an autism spectrum disorder diagnosis more in girls than in boys. | Young girls with autism spectrum disorder may demonstrate behaviors that are not particularly salient or concerning for parents. | Girls are less likely than boys to meet diagnostic criteria for ASD at equivalently high levels of autistic-like traits in the absence of additional intellectual or behavioral problems.
IgG | IgM | IgA | IgD | IgE
suvorexant | daridorexant | lemborexant
no
Are you asking about radiomics in the context of a specific disease or type of imaging?
Dysfunction of the central nervous system | Dysfunction of the central nervous system (CNS) | Etiology remains elusive
Hormone replacement therapy | Selective estrogen receptor modulators (raloxifene) | Second generation bisphosphonates (alendronate) | Estrogen replacement therapy (ERT) | Bisphosphonates (aledronate, risedronate, ibandronate, zoledronic acid) | Estrogens | Denosumab
Astrocytes in the CNS have many important functions, including maintaining homeostasis, regulating neurotransmission, and providing metabolic support to neurons. They are also involved in blood-brain barrier maintenance, synapse formation, and tissue repair after injury. Additionally, astrocytes provide guidance to newly formed migrating neurons and axons.
no
Radiation exposure | Specific genetic mutations combined with prolonged and frequent use of mobile phones | High-pressure jobs | Working night shifts | Living near volcanoes | Living in environments associated with pesticides | Metabolic syndrome | Insulin resistance | Pollutants | Lifestyle
no
Macintosh-style VL device | Hyper-angulated VL device | Channeled VL device | GlideScope Ranger | V-MAC Storz Berci DCI | McGrath (McGrath series 5) | Rigid videolaryngoscope (VLS) | VL3 videolaryngoscope
yes
In the tumor microenvironment, the M1/M2 macrophage polarization paradigm involves M1 macrophages, which are generally anti-tumor, and M2 macrophages (TAMs), which are pro-tumorigenic. The tumor microenvironment influences macrophage polarization into these subtypes, with M2 macrophages promoting tumor progression through various mechanisms. TAMs can polarize into M1 or M2 types based on different stimuli.
Treatment for severe gastro-oesophageal reflux | Procedure of choice for the management of gastroesophageal reflux disease | Commonly used antireflux operation
45,X karyotype | Mosaicism patterns | Structural abnormalities of the X chromosome
Mitochondria
Pediatric age group | Neonatal | 3 mo
Dermatitis herpetiformis | Autoimmune diseases | Allergic diseases | Psoriasis | Miscellaneous diseases | Chronic diarrhea | Abdominal pain | Weight loss | Failure to thrive in children | Anemia | Short stature | Osteoporosis | Arthritis | Neurologic problems | Unexplained elevation of transaminases | Female infertility | Delayed tooth eruption | Dental enamel hypoplasia | Recurrent oral aphthae | Hematological symptoms | Dermatological symptoms | Endocrinological symptoms | Gynecological symptoms | Rheumatological symptoms | Nervous system symptoms | Nonceliac gluten sensitivity (NCGS) | Allergic nickel contact mucositis | Wheat allergy | Amylase-trypsin inhibitor intolerance | Fermentable oligosaccharides, disaccharides, monosaccharides, and polyols (FODMAP) intolerance | Gastrointestinal tract disorders
yes
Are you asking about urolithiasis in humans or in animals?
Legionella pneumophila is acquired by inhaling contaminated water aerosols. In dental offices, this can occur through aerosols generated from dental instruments and units. The bacteria originate from contaminated water sources.
The choroid plexus plays a key role in immune surveillance at the blood-to-CSF-barrier (BCSFB) and serves as a gateway for immune cell trafficking into the CSF. It provides continuous immune surveillance by CD4 (+) T cells, macrophages, and dendritic cells. The choroid plexus can also modulate cognitive function through changes in brain immune surveillance.
yes
Snake antivenoms contain antibody preparations obtained from the plasma of animals immunized with snake venoms. They contain antibodies against snake venom toxins, and may also contain antibodies against other antigens. Antivenoms may contain whole or protease-digested immunoglobulin G, and varying amounts of terrestrial snake monovalent antibodies.
Could you please clarify the context of your question? Are you asking about a specific disease, treatment, or research area?
A gastric pacemaker uses non-excitatory stimulation to influence the amplitude of gastric contraction. It also stimulates afferent fibers of the vagal nerve to influence the cerebral satiation center, which is involved in registration of satiety and in insulin secretion and resistance. Some gastric pacemakers may also block vagal efferents and delay gastric emptying.
yes
T cell checkpoint inhibitors | Engineered T cells | Cancer vaccines | Anti-B cell and T cell antibodies | Immune checkpoint inhibitors (ICIs) | Checkpoint blockades | Adoptive cellular therapy | Tumor microenvironment modulation | Monoclonal antibodies | Cytokines | Cellular immunotherapy
yes
Could you please specify what you'd like to know about phobias affecting humans? For example, are you interested in types of phobias, treatments, or something else?
Convolutional neural networks (CNNs) can enhance radiomics by detecting complex image patterns and extracting quantitative features, potentially improving diagnostic accuracy. They can simplify workflows by using images directly as input and can identify informative regions without human intervention. CNNs can also outperform traditional radiomics by capturing low-level representations of the input image.
Graves' disease is an autoimmune disorder characterized by hyperthyroidism and, in some cases, orbitopathy. It can also manifest as dermopathy or goitre. In 25% of patients, Graves ophthalmopathy occurs.
yes
Protein phosphorylation | Glycosylation | Acetylation | Ubiquitination
yes
Parasitic infestations | Malaria | Intestinal parasitic infections | Intestinal helminths | Helminths
Acetylcholine
Exposure to gadolinium-based contrast agents used in magnetic resonance imaging | Gadolinium-containing contrast | Gd-contrast
yes
Tumor angiogenesis | Growth | Metastasis | Evasion of immune destruction
Transcriptional silencing of genes on the X chromosome | X chromosome inactivation | Chromosomal silencing
20-50 years | 30-50 years | 40 and 60 years
Oligodendrocytes | Microglia | Astrocytes
Are you asking about a specific medical condition, a research study, or something else related to "BIONDA"?
Severe mental disorders refractory to pharmaco- and psychotherapy | Delusional disorders | Severe depression with acute suicidal tendency | Life-threatening catatonia | Psychiatric and neurological conditions in which the use of pharmacotherapy is ineffective, untimely or contraindicated | Mood and psychotic disorders | Catatonia | Neuroleptic malignant syndrome | Parkinson's disease | Intractable seizures | Treatment-resistant depression | Some specific subtypes of depression | Treatment resistant mood disorders | Treatment resistant schizophrenia spectrum disorders (in combination with clozapine)
Gain of chromosome 7 | Amplification of chromosome 7p11
HER2 | human epidermal growth factor receptor 2
HIV infection is diagnosed by detecting antibodies to the virus, viral p24 antigen, viral nucleic acid, or culturing HIV. A common approach involves a screening test with an enzyme immunoassay (EIA) and a confirmatory test with Western blot. Nucleic-acid-based assays are also used, especially in newborns and for early infection diagnosis.
Are you asking about SNPs and mutations in the context of a specific gene or condition?
Yes, melatonin is found in human milk [1, 2, 4]. Human breast milk constitutes the main natural source of melatonin [4]. Melatonin in human milk is involved in functional regulation [5].
Are you interested in a specific type of alopecia, or alopecia in general?
Phenotype switching in melanoma involves dynamic shifts between different transcriptional states or phenotypes, including switching between quiescent and proliferative cell cycle states, and dramatic shifts in invasiveness. This process contributes to melanoma heterogeneity by altering transcription profiles and is associated with changes in gene transcription, epigenetic alterations, signaling pathways, and immune cell composition in the TME. Phenotype switching is a reversible type of cell behaviour with similarities to epithelial to mesenchymal transition.
A neoantigen is a protein produced by a mutant gene and is only expressed in tumor cells. It is a patient-specific tumor antigen resulting from mutations and allows the immune system to recognize and destroy a tumor. Neoantigens are abnormal proteins that arise as a consequence of somatic mutations.
yes
SOX transcription factors | Paired-like homeodomain transcription factor 1 (PITX1) | Nuclear factor one (NFI) transcription factors
yes
Anaerobe | Anaerobic bacterium | Obligate anaerobe
Weight loss | Blood pressure reduction | Cardiovascular risk reduction | Renoprotective effects | Treatment of type 2 diabetes | Cardiovascular disease benefits | Heart failure benefits | Chronic kidney disease benefits | Metabolic benefits | Atherosclerotic cardiovascular disease benefits
Escherichia coli | E. coli | Escherichia coli and other enterobacteriaceae
yes
Asymptomatic | Lower abdominal discomfort
