Hirschsprung disease is a multifactorial, non-mendelian disorder. However, some syndromic forms of the disease can be Mendelian. Multiple genes contribute to the risk, resulting in a complex inheritance pattern.
Epidermal growth factor (EGF) | Amphiregulin (AREG) | Transforming growth factor alpha (TGFα) | Heparin-binding EGF-like growth factor | Betacellulin (BTC)
yes
yes
yes
no
miR-200a | miR-100 | miR-141 | miR-200b | miR-200c | miR-203
Pyridostigmine | Pyridostigmine bromide | SR-Pyr
yes
DVL-1 | DVL-3
Acrokeratosis neoplastica Bazex | Bazex syndrome
Class II agents | Class III antiarrhythmic agents | Class IV antiarrhythmic drugs | Class I-IV
Notch1 | Notch2 | Notch3 | Notch4
Arrested cell-cycle progression | Development of aberrant gene expression with proinflammatory behavior | Slower proliferation | Altered morphology
metastatic castration-resistant prostate cancer | cancer | Insufficient evidence in retrieved documents.
yes
OCT4 | SOX2 | MYC | KLF4 | Oct4 | Sox2 | Klf4 | c-Myc | c-myc | Oct3/4
The Human Chromosome-centric Proteome Project (C-HPP) aims to systematically map and describe all human proteins, chromosome by chromosome, as gene products encoded in the human genome. This international effort seeks to create an annotated proteomic catalog for each chromosome.
Surface of horizontal cell dendrites | Cells | Not specified
Myocerebrohepatopathy Spectrum disorders (MCHS) | Alpers syndrome | Ataxia Neuropathy Spectrum (ANS) disorders | Myoclonus Epilepsy Myopathy Sensory Ataxia (MEMSA) | autosomal recessive Progressive External Ophthalmoplegia (arPEO) | autosomal dominant Progressive External Ophthalmoplegia (adPEO) | progressive external ophthalmoplegia | ataxia-neuropathy syndromes
Ivabradine improves left ventricular function in heart failure and reduces remodeling following myocardial infarction. It also improves prognosis in patients with heart failure and left ventricular dysfunction and reduces the risk of HF hospitalization. In patients with life-limiting exertional angina, ivabradine reduces hospitalizations for AMI.
Autosomal recessive | Recessive | Autosomal recessive inheritance
yes
autosomal dominant | autosomal-dominant | autosomal dominant (AD)
yes
Calsequestrin (CSQ) | Triadin (TRN) | Ryanodine receptor (RyR) | Junctin (JUN)
Hydrophilic-interaction liquid chromatography | Hydrophilic interaction chromatography | hydrophilic interaction liquid chromatography-tandem mass spectrometry
TRH enhances myocardial contractility. It exerts a positive inotropic effect and improves cardiac contractility. This effect has been observed both in vivo and in vitro.
yes
all-alpha-helical fold | bromodomain structural fold | conserved bromodomain structural fold
Achalasia | Ileo-colonic lymphoid nodular hyperplasia (LNH) | Mild acute and chronic inflammation of the colorectum, small bowel and stomach
Renal sympathetic denervation results in significant and sustained reductions in blood pressure, as well as reduced renal and systemic sympathetic nerve activity. It also reduces heart rate. The procedure is considered effective and safe for resistant hypertension.
c-jun N-terminal kinase (JNK) | JNK | c-Jun NH2-terminal kinase (JNK)
terminal amine isotopic labeling of substrates | terminal amine isotopic labeling of substrates (TAILS)
yes
*   Refractory epilepsy in children
*   Treatment of epilepsy
*   Refractory partial-onset seizures
EWS/FLI1 | EWS/FLI-1 | EWS-FLI-1
Thrombotic microangiopathy | Thrombocytopenia | Acute kidney injury | Microangiopathic hemolytic anemia | Renal failure | Hemolytic anemia
yes
Inhibition of cell migration of human colon carcinoma cells in wound-healing assays. | Regulates RhoA and motility-associated actin modulating proteins. | Inhibition of TGFβ-mediated activation of ERK and JNK. | Inhibition of phosphorylation of c-Jun. | Inhibition of transactivation of the c-Jun promoter. | Decreased RhoA activation in Mv1Lu epithelial cells. | Reduction in total intracellular Smad2 levels after TGFbeta treatment. | Reduction in nuclear levels of phosphorylated Smad2 after TGFbeta treatment.
Acute ischemic stroke (AIS) | Acute ischemic stroke | acute ischemic stroke
Nanog | Pou5f1 | SoxB1
yes
The EORTC QLQ-INFO25 questionnaire evaluates the information received by cancer patients. It also assesses the perceived level of and satisfaction with this information, as well as information disclosure to cancer patients.
yes
Estrogen-only hormone therapy is associated with an increased risk of meningioma. Specifically, estradiol-only therapy is linked to a slightly increased risk, which becomes more pronounced with longer duration of use. However, one study found that hormone replacement therapy among postmenopausal women was not associated with a significant elevation in risk.
yes
yes
proprotein convertase subtilisin/kexin type 9
yes
S-adenosyl methionine | S-adenosyl-L-methionine
yes
Hedgehog signaling | Hh pathway | smoothened
S-phase | G2 phase
(CTG)n repeats | (CAG)n repeats | (CGG)n repeats | (CCG)n repeats | (GAA)n repeats | Expanded C9orf72 (GGGGCC)·(GGCCCC) repeats | CpG island promoters | G-rich terminator elements
AIP gene | Aip gene | aryl hydrocarbon receptor interacting protein(AIP)
*   L29Q
*   A8V
*   A31S
Acupuncture has been used for smoking cessation, with some studies reporting positive results for both acupuncture and acupressure. However, the efficacy of acupuncture for smoking cessation remains controversial, with at least one study finding auricular acupuncture no more effective than sham acupuncture. It has been suggested that combining acupuncture with other therapies may improve success rates.
H4K20me3 | H3K9me3 | H3K79me3 | H3K36me3 | H3K9me2 | H3K27me1 | H3K27me2 | H3K9me
telomerase | reverse-transcriptase-subunit of telomerase
SCF(β-TrCP) | beta-Trcp E3 ubiquitin ligase | E3RS(IkappaB/beta-TrCP)
yes
yes
no
NKX2.1 | TITF1
Are you asking about clathrin in relation to a specific disease, drug, or research area?
PRKAR1A knockdown leads to significant CCA cell growth inhibition and apoptosis induction. It is also associated with a decrease in mitogen-activated protein kinases, PI3K/Akt, JAK/STAT and Wnt/β-catenin pathway signaling.
yes
yes
telomerase | human functional telomerase RNA (hTR)
IL-4 | IL-13
FGFR3 | FGFR2 | GNAS | MSX2
yes
Patients with advanced, oestrogen receptor-positive, HER2-negative breast cancer | Women with hormone receptor-positive, human epidermal growth factor receptor 2- negative breast cancer
yes
Urinary tract infections | Genital infections | Decrease in blood pressure | Urogenital side-effects | Enhanced glycosuria
yes
Sample preparation | Lysing and processing cells | Digestion
ERK1/2 is linked to the regulation of osteogenesis. ERF, an inhibitory ETS transcription factor directly bound by ERK1/2, is linked to craniosynostosis, as reduced dosage of ERF causes craniosynostosis.
yes
physical activity | activity level | overall physical activity (PAL) | constant strain postures (CSP) | standing time (ST) | lying time (LT)
JASPAR CORE | JASPAR FAM | JASPAR phyloFACTS | JASPAR 2010 | JASPAR 2014
Follicular ichthyosis | Atrichia | Photophobia | Brain anomalies | Retardation of mentality and growth | Ectodermal dysplasia | Skeletal malformations | Hirschsprung disease | Ear deformity and deafness | Eye hypoplasia | Cleft palate | Cryptorchidism | Kidney dysplasia/hypoplasia | Pachyonychia | Palmoplantar keratoderma | Periorificial keratoderma | Recurrent respiratory infections | Global developmental delay
P2Y12 | CYP2C19 | Cytochrome P450 [CYP] family
yes
transcription factor EB (TFEB) | TFEB
Ampicillin | D-cycloserine | Fosfomycin | Bacitracin | Vancomycin
no
yes
congenital ichthyosis | abnormal brittle hair (trichothiodystrophy) | short stature | delayed physical and mental development
Regulatory T cells | CD4 memory T cells | Synovial DCs | pDC | B cells | Synovial fibroblasts (SFs)
Higher levels of neuroticism are associated with an increased risk of Alzheimer's disease and dementia. Individuals with high neuroticism scores are less likely to remain asymptomatic in the presence of AD neuropathology. Neuroticism may also moderate the relationship between the APOE [Latin Small Letter Open E]-4 genotype and cognitive outcomes.
Everolimus is an mTOR inhibitor that suppresses cell growth by inhibiting mTOR kinase activity. It acts on the PI3K/AKT/mTOR signaling pathway and has inhibitory activity against the mTORC1 complex.
yes
RT-PCR | Nested reverse transcription-polymerase chain reaction
yes
Analyzing protein interaction properties | Study of protein interactions | Direct visualization of protein interactions
Hypertrophic cardiomyopathy (HCM) is a primary disease of the cardiac muscle, often familial and caused by mutations in genes encoding cardiac sarcomere proteins. This condition leads to morphological changes like hypertrophy, myofibrillar disarray, and fibrosis. HCM is also a common cause of sudden cardiac death, especially in young individuals.
Mutations in CBP and EP300 genes | Disruption of the CREB-binding protein gene CBP (CREBBP) | Microdeletions of chromosome 16p13.3
KP4 is a viral toxin secreted by the maize smut fungus Ustilago maydis that kills sensitive Ustilago strains. It inhibits Fusarium and plant root growth by inhibiting calcium uptake and blocks calcium channels in both fungi and animals. It also inhibits root growth in germinating Arabidopsis seeds.
Self-renewal of embryonic stem cells | Promotes the expression of the pluripotent factor Lin28 | Regulates the expression of differentiation-associated genes
PAR-CLIP uses photoreactive nucleosides to crosslink RNA-binding proteins (RBPs) to target RNAs within cells before immunoprecipitation. This method can be used to identify miRNA-target interactions and results in T to C conversions in the crosslinking regions.
anti-thyroid drugs | steroid therapy | corticosteroids | lithium carbonate | RIT (radioiodine therapy)
Spastic diplegia diagnosis can be challenging due to its clinical resemblance to conditions like hereditary spastic paraplegia (HSP), leading to potential misdiagnosis. Clinical gait analysis (CGA) has been suggested as a tool to support the differential diagnosis of HSP and SD. However, the exact diagnostic process for spastic diplegia is not fully described in the provided snippets.
mutations in the neurofibromin (NF1) gene | missense mutation in exon 25 of the NF1 gene (4288A>G, p.N1430D) | single nucleotide substitutes to large deletions
Human selenoprotein P (HSelP) | selenoprotein P | Sepp1
r3Cseq
Insufficient evidence in retrieved documents.
yes
yes
Yes, there appears to be a genetic component for happiness. Genetic factors are estimated to account for 35-50% of the variance in human happiness. The MAOA gene is specifically associated with happiness, particularly in women.
catechol-O-methyltransferase (COMT) | COMT
To isolate soluble lysosomal proteins, one can use affinity purification based on the mannose 6-phosphate (Man6-P) tag present on these proteins. This can be achieved using affinity chromatography with immobilized Man6-P receptor (MPR) or an affinity matrix derivatized with MPR46 and MPR300.
BCL11B | NR0B1 | GSTM4
Single or multiple origins | Multiple origins | Single origins
Familial cylindromatosis | Familial trichoepithelioma (MFT)
mutations of the SMN and NAIP genes on chromosome 5, in the region q11.2-13.3 | Mutations in TRPV4 | H4F5 transcript
Weight gain | Hirsutism | Acne | Hypertension | Obesity | Striae | Growth retardation
TBC1D7
CaM kinase | CaMKII | calcium/calmodulin- dependent kinase
Chk2 splice variants impair wild-type Chk2 activity, expressing a dominant-negative effect. This occurs through heterodimerization, independent of the intrinsic kinase activity of the splice variant. Alternative splicing is suggested as a possible mechanism for repression of the Chk2 wild-type function.
PMP22
Enteroviruses | Adenovirus | Coxsackie B viruses (types 1 to 5)
CCM1 | CCM2 | CCM3 | PDCD10 | KRIT1
yes
Tarlov cysts, also known as perineural cysts, are typically benign and often asymptomatic lesions. They are isolated or multiple nerve-root cysts usually occurring in the sacral spine, near the dorsal root ganglion, between the perineurium and endoneurium. Tarlov cyst syndrome is a rare disorder characterized by these cysts.
DPP-4 inhibitors | Compounds | Drugs in phase III development
Mutational status of immunoglobulin heavy variable (IGHV) genes | M-CLL and U-CLL
yes
yes
Insufficient evidence in retrieved documents.
Are you asking about hyperosmia as a symptom, or something else?
Over 10,000 | 9,640 | Over 18,000
Clostridium botulinum
Protects against | Promotes early stages of aggregation
Hypomyelination | Hypodontia | Hypogonadotropic hypogonadism | Ataxia | Cerebellar atrophy | Thin corpus callosum | Persistent milk teeth | Hypoplastic crowns and roots | Tremor
The "core matrisome" in mammals comprises approximately 300 proteins [1, 2]. The "matrisome" is defined as the ensemble of ECM proteins and associated factors [3].
yes
Here's a list of plant DNA (cytosine-5) methyltransferase families based on the provided evidence:

*   MET1
*   CMT3
*   DRM
*   Dnmt3
*   C5-MTase
centromeres | ectopic locations on the host chromosome | mouse Cenpa gene locus
Chromodomain helicase DNA-binding protein 2 | Chromodomain helicase DNA-binding protein 1 | Chromodomain dna methyltransferase 3 | Chromodomain helicase DNA binding protein 7
Are you asking about the Genomicus database, or something else?
yes
Predicting adverse cardiovascular events | Cardiovascular mortality | Heart failure death
COUGER is a classification-based framework for identifying protein co-factors that might provide specificity to paralogous TFs. It takes as input two sets of genomic regions bound by paralogous TFs and identifies a small set of putative co-factors that best distinguish the two sets of sequences. It also has an interactive web implementation.
*   No specific treatment available for any flavivirus infections.
*   Commercially available vaccines for tick-borne encephalitis exist.
yes
yes
Mitochondria | Cytosol | Mitochondrial outer membrane, inner membrane
Tongue protector | AV | Dopaminergic drugs | Catuama | Capsaicin | Alpha-lipoic acid (ALA) | Clonazepam
yes
GBshape
Ceftriaxone is currently in clinical trials for the treatment of amyotrophic lateral sclerosis [1]. However, one study reported no clinical improvement in two patients treated with ceftriaxone for one month [5], and another found ceftriaxone showed no effect on SOD1 promoter activity [4].
The TAILORx trial uses the Oncotype DX recurrence score to assign patients with breast cancer to different treatment options. Initially, Oncotype DX testing was primarily available to patients enrolled in the TAILORx trial.
yes
RNA sponges function as regulators of microRNA (miRNA) activity. They act as competing endogenous RNAs to protect target transcripts from being inhibited by miRNAs. Some RNA circles can also function as efficient microRNA sponges.
yes
c.40_42delAGA (p.Arg14del) | R14del | Arg(9) to Cys | Arg(9) to Leu | Arg(9) to His | Arg(14) deletion
Quercetin | Vitamin C | Vitamin E | Cr (Chromium)
yes
yes
Histone methyltransferases catalyze the site-specific deposition of methyl groups on histones, resulting in histone modification. These enzymes ensure that histone methylations are dynamic.
yes
yes
E3-ubiquitin ligase activity | Ubiquitin E3 ligase | E3 ligase activity
Light chain 3/Atg8 | microtubule-associated protein 1 light chain 3 (LC3)-II protein expression | LC3-II | LC3B
yes
yes
Innate mammalian signal of self | Immunogenic sugar of dietary origin | Can trigger immune response
no
CO2 /bicarbonate | Carbohydrate | Phosphoenolpyruvate
6S RNA enhances long-term cell survival in bacteria. Specifically, it regulates transcription during the stationary phase, and cells lacking 6S RNA have a survival disadvantage during this phase. The 6S RNA gene is part of a dual-function transcription unit in *Escherichia coli*.
yes
cysteine residue | cysteine | NOTCH3 gene
*   Myelodysplastic syndrome (MDS)
*   Acute myeloid leukaemia (AML)
*   Sotos syndrome
*   Weaver syndrome
Here's a list of databases for experimentally determined topologies of α-helical transmembrane proteins, based on the provided evidence:

*   ExTopoDB
*   TMPDB
Hirschsprung disease (HSCR) | Hirschsprung's disease | aganglionic megacolon
Fanconi anemia
Orally administered | Orally
Caveolae are flask-shaped plasma membrane invaginations or membrane subdomains/microdomains that function as signaling platforms. They are formed by caveolin and cavin proteins and are cholesterol-rich lipid rafts. They also function as endocytic carriers, sensors of membrane tension and mechanical stress, and in lipid homeostasis.
Establishing sites of gene expression | Orchestrating events required for efficient gene expression
no
yes
*   Function in innate immunity
*   Regulation of innate and adaptive immunity
*   Retroviral restriction factor
*   Determine the specificity of TRIM5α-mediated capture of retroviral capsids
*   Protein interaction module
Gene fusion events can be used to infer functional associations between genes. If two proteins are found to be transcribed by a single transcript, they are likely functionally linked. Gene fusion analysis is an indicator for inferring pairwise gene functional relationships and can provide information about protein interactions and functions.
PSPC1 | SFPQ (PSF)
Robinow syndrome | RS-OS | DRS
yes
yes
The Genomic Regions Enrichment of Annotations Tool (GREAT) is a tool developed to analyze the functional significance of cis-regulatory regions identified by localized measurements of DNA binding events across an entire genome. It incorporates annotations from 20 ontologies and is available as a web application.
PARP | poly(ADP-ribose) polymerase
yes
RhoA plays a significant role in the genesis and progression of bladder cancer, specifically in its initiation, invasion, migration, and eventual metastasis. Increased RhoA expression is associated with higher grade tumors. Ras-induced RhoA activation is involved in the invasion and migration of bladder cancer cells.
SHMT2 | Orai1 | Orai3
Sodium glucose co-transporter 2 (SGLT2)
Low T3 levels, specifically free triiodothyronine (fT3), are an independent predictor of mortality and major cardiac events in patients with heart failure. fT3 and BNP together have an additive prognostic value, and their combination is valuable in determining the severity and prognosis of congestive heart failure (CHF). T3 may be more meaningful than BNP in predicting the prognosis of CHF.
L39X nonsense mutation | PLN -42 C>G mutation | -77A-->G mutation
transcribed strand | active strand of transcribed genes | coding strand of DNA
Chromosome 6 | Chromosome 12 | Chromosome 3 | Chromosome 8 | Chromosome 17 | X chromosome
UUCCUUAAC | branch site consensus sequence | Intron F
Protein A from Staphylococcus aureus is used as an affinity ligand for the purification of antibodies, particularly immunoglobulin G (IgG) and IgG1. Its ability to bind immunoglobulins makes it highly valuable in biotechnology.
Suggested therapies for Mycobacterium avium infection include TLC G-65 with rifapentine, a 4-drug regimen of rifampin, ciprofloxacin, clofazimine, and ethambutol (with or without amikacin), and a 3-drug regimen of rifabutin, ethambutol, and clarithromycin.
Standard treatment for purulent pericarditis combines appropriate antibiotic therapy with surgical drainage. Medical treatment for acute pericarditis may involve a slower tapering of the dosage of steroidal and non-steroidal antiinflammatory drugs.
mutations in TSC1 and TSC2
ATP-dependent chromatin-remodelling enzyme | Component of SAGA and SLIK | DNA-binding
Fluorouracil | Epirubicin | Cyclophosphamide
D22S1 | D22S15
yes
*   CisMiner
*   CPModule
NEDD8-activating enzyme (NAE) | NAE
HS-1 associated protein X-1 (HAX-1)
yes
MammaPrint, a 70-gene signature, is an adjuvant assessment tool that can identify patients at low risk of recurrence. It can help in deciding whether elderly patients may benefit from adjuvant chemotherapy [1] and in selecting postmenopausal women for adjuvant chemotherapy [5]. MammaPrint accurately identifies patients at low risk of developing recurrences [3].
yes
yes
IMGT unique numbering and the Kabat Database are systems developed for the numbering of antibody residues.
yes
24,500 | 20,687 | 20,000
no
Reduce the number of exacerbations | Management of patients with severe, advanced COPD | Patients prone to developing infections
yes
5-aminolevulinic acid (5-ALA) | ALA | Five-aminolevulinic acid
yes
Are you asking about a specific gene, protein, or something else related to chromatin immunoprecipitation?
Nine
Are you currently pregnant, or planning to become pregnant?
Mdm2 | MDM2 | human homologue of Mdm2 (Hdm2)
yes
Osteosarcoma | Epilepsy | Stromal keratitis (SK)
Glutamate/aspartate transporter (GLAST) | Glutamate transporter-1 (GLT-1) | EAAC1 (EAAT3) | Excitatory amino acid transporter 1 (EAAC1)
Sorting nexin 27 (SNX27) regulates the intracellular trafficking of ion channels and receptors. It influences cell motility by regulating trafficking of β-Pix to focal adhesions. SNX27 also redirects 5-HT4(a)R to early endosomes and affects the expression of MRP4 on the plasma membrane.
yes
0.56% | 0.73% | 98.71%
DIGE | Stains-All (ISA) staining method | Pro-Q Diamond stain | colloidal Coomassie Blue | Coomassie Blue staining (CBS) | Sypro Ruby
Aptamers have potential clinical use in targeting tumor cells to inhibit tumor growth and cell proliferation. One aptamer is already approved for clinical use, and several others are in clinical trials, suggesting their potential as therapeutic agents. Aptamers can isolate a ligand for any therapeutic target of interest.
Fusarium oxysporum f. sp. cubense | Fusarium oxysporum f. sp. cubense race 4 (FOC)
Nalmefene modulates opioidergic transmission in the CNS and functions as an opioid receptor antagonist.
Sagittal suture | Lambdoid sutures | Bilateral lambdoid sutures | Posterior sagittal synostosis
yes
Hedgehog (Hh) | Notch | Wnt | Receptor tyrosine kinases (RTK) | c-Met | erbB2 | IGF-R | TrkC | Myc
Invadopodia are structures that allow cancer cells to penetrate the extracellular matrix [3]. EMT cancer cells have the ability to form invadopodia [2]. Twist, which is involved in EMT, plays a role in invadopodia [5].
Cancer driver genes are genes that can be identified through sequencing tumor genomes/exomes. Identifying these genes can be achieved through a combination of methods. Studying these genes and the methods used to identify them may lead to a better understanding of tumorigenesis.
A mitochondrial nucleoid is a DNA-protein assembly where mitochondrial DNA (mtDNA) is packaged. It is a nucleoprotein complex that contains mtDNA, accessory proteins, and proteins involved in mtDNA replication and gene expression. This packaging confers higher-order organization to the mitochondrial genome.
Glucocorticoids, such as prednisone, are the first-line treatment for type 2 amiodarone-induced thyrotoxicosis (AIT). Steroid therapy is recommended for type II or mixed-type AIT, and beta blockers may prevent heart thyrotoxicosis. Total thyroidectomy may be considered in patients with severe left ventricular dysfunction.
Exercise increases the expression of thyroid hormone receptors in the heart. Specifically, exercise upregulates TRbeta1 in myocytes and increases TR-alpha1 and TR-beta1 protein levels in aged rats.
yes
Rash | Fever | Multisystemic involvement | Adverse effect of drug | Anaphylactic shock | Unspecified allergy | Gastrointestinal disorders | Respiratory symptoms | Enanthema | Nausea | Vomiting | Diarrhoea
In patients with HFpEF, ivabradine has demonstrated benefits such as increased exercise capacity and improved left ventricular filling pressure response to exercise. Ivabradine may also improve vascular stiffness, LV contractility, and diastolic function. These benefits occur without improving mortality.
yes
yes
CD99 | Ewing's sarcoma (ES) | primitive neuroectodermal tumor (PNET)
CD44 | PARP1 | Mage-A4 | lipolysis-stimulated lipoprotein receptor (LSR) | RAB25 | S100A14 | mucin 1 (MUC1) | Hsp90
mTOR signalling pathway | PI3K signalling pathway
yes
Insufficient evidence in retrieved documents.
elotuzumab
Bedaquiline inhibits bacterial adenosine triphosphate (ATP) synthase. It acts on the transmembrane component of ATP synthase, preventing electron transport and selectively inhibiting mycobacterial energy metabolism. This unique mechanism of action makes it effective against Mycobacterium tuberculosis in various states.
Helicobacter pylori infection is associated with an increased risk of ischemic stroke, particularly non-cardioembolic ischemic stroke. However, there are conflicting results regarding the relevance of chronic H. pylori infection as a risk factor for ischemic stroke.
flaccid dysarthria | spastic dysarthria | ataxic dysarthria | hyperkinetic dysarthria | hypokinetic dysarthria | mixed dysarthria
yes
Insufficient evidence in retrieved documents.
beta-galactosidase | genetic beta-galactosidase
Cerebral hemiatrophy | Atrophy of one cerebral hemisphere | HemiAtrophic cerebral parenchyma
tafazzin (TAZ) | tafazzin | TAZ
Oral glucocorticoids are used to treat moderate and severe cases of subacute thyroiditis. One treatment protocol involves an initial dosage of 15 mg/day of prednisolone, tapered by 5 mg every 2 weeks.
BMAL1 deficiency leads to premature aging, reduced lifespan, stress-induced senescence, accelerated tumor development, and disrupted circadian oscillation in gene expression and reactive oxygen species homeostasis in the brain.
H3K27me3 | H3K36me
CLIC1 is localized in the cytoplasm and plasma membrane of cells. It is an intracellular chloride ion channel, and its nuclear localization pattern can be changed by insulin stimulation.
pS-X-X-S | K/R-X-K/R-X-X-S/T | phosphorylated side chain at position n-3 or n-4 relative to serine/threonine | pSer-Xaa-Xaa-Ser | SLS and acidic cluster motifs
Rivaroxaban | Warfarin
The SPIKE database is useful for storing, organizing, and retrieving information on human signaling pathways. It contains highly curated interactions and literature-referenced information, presented as pathway maps for easy utilization and analysis. It is a useful tool for the research community.
yes
Perilipins | Perilipin 2 | Perilipin 3 | Perilipin 4 | Perilipin 5 | Perilipin 1 (PLIN1) | Perilipin 2 (PLIN2) | Perilipin A | Adipose differentiation-related protein (ADFP) | LSDP5 | Adipophilin/adipocyte differentiation-related protein (ADRP) | S3-12 | Tail-interacting protein of 47 kilodaltons (TIP47) | Myocardial lipid droplet protein (MLDP) | Oxidative tissues-enriched PAT protein (OXPAT) | Lipid storage droplet protein 5 (LSDP5)
The Barr body is the inactive X chromosome in a female somatic cell, visible as a structure within the nucleus [1, 2, 4, 5]. It is identifiable through staining and can be used to determine sex [4]. The Barr body is enriched with repressive histone modifications [2].
yes
yes
70
yes
yes
Anemia of inflammation | Cancer | Chronic kidney disease | Iron-restricted anemias
Three
yes
yes
Eye response | Motor response | Brainstem reflexes | Respiration pattern
Auricular | Nasal | Meniscus cartilage | Ear
yes
yes
Expansins and expansin-like proteins in fungi are involved in cell wall remodeling during germination, potentially through lignocellulose and polysaccharide degradation, and cell wall extension. Some expansins, like swollenin, contain expansin-like domains.
yes
Depression, often mild, has been observed in acoustic neuroma patients, particularly those with prolonged postoperative headaches, with one study reporting it in 24% of respondents. Post-operatively, 38% of patients in one study had a depressive disorder at a three-month check-up, with all affected patients being women. Depression is also reported as a common experience in the postoperative and convalescent phases.
FGFR3 | fibroblastic growth factor receptor 3 gene
Hsp90 inhibitors exert their effects by affecting various cellular processes. Specifically, they can have antiproliferative effects, suppress tumor growth, repress PTTG1/Securin gene expression, and provoke apoptosis. These inhibitors also affect intracellular signal transduction, immune response, cell growth and maintenance, transport, and metabolism by altering the expression of specific proteins.
yes
anaplastic small-cell lung cancer | small cell lung cancer | SCLC
Bacterially produced, posttranslationally modified peptides | Low levels of resistance | Innate systems react to their presence
Congenital cataracts | Facial dysmorphism | Neuropathy
yes
yes
Could you please specify the genotype and environment you are interested in?
yes
yes
Ras
In what context did you encounter "HbVar"?
Yes, DMSO as an additive can improve proteomic analysis results. Low percentages of DMSO can enhance electrospray ionization of peptides, improving the sensitivity of protein identification. Also, the addition of DMSO can improve quantitative precisions.
Are you asking about the specific protein target of MK-3475 and CT-011 in a particular type of malignancy?
Aspartyl beta-hydroxylase (AbetaH) | Junctin | Junctate
Cell proliferation | Tissue homeostasis | Organ size control | Cancer development | Growth | Differentiation | Regeneration
Formin family | Formin family of proteins
yes
yes
average absolute dinucleotide relative abundance difference (delta-distance)
Immunoaffinity purification | LC-MS/MS analysis
N-terminal proteomics is used for the systematic identification of protease cleavage events. This method helps in identifying protein protease substrates and provides insights into substrate specificity differences.
Metabolomics | Proteomics | Transcriptomics | Genomics
EGF receptor variant III | EGFRvIII | EGF receptor
TPM1 | MYH7B | MYH7 | DSP
squamous cell carcinoma | lung cancer | bronchioalveolar carcinoma
yes
Drisapersen is a 2'-O-methyl-phosphorothioate oligonucleotide. It is designed to skip exon 51 in dystrophin pre-mRNA, which restores the reading frame of the mRNA.
yes
1:5000 of live-born | 1: 8000 live births | 2.3 (95% CI: 2.1-2.5) per 10 000 births
yes
Inulin | Sucrose | Inulin-rich materials
ibuprofen 400 mg twice a day | high doses of inotropic agents and steroids | mechanical support by intra-aortic balloon pump | TandemHeart percutaneous ventricular assist device | Astragalus Membranaceus (AM) combined with taurine and/or coenzyme Q10(CoQ10)
PARK2 | PARK7 | PINK1 | ATP13A2 (PARK9) | PLA2G6 (PARK14) | FBX07 (PARK15)
Ranolazine reduces calcium overload in the heart, specifically RM NCX1.1-mediated Ca2+i overload in ventricular myocytes. It also reduces intracellular calcium accumulation during ischemia. Ranolazine achieves this by blocking the late inward sodium current (late I(Na)).
The primary distinction is that in the Reverse Warburg effect, stromal cells undergo aerobic glycolysis, while in the conventional Warburg effect, tumor cells undergo aerobic glycolysis. In the Reverse Warburg effect, glycolytic stromal cells fuel oxidative mitochondrial metabolism in epithelial cancer cells.
Per genes are key circadian rhythm regulators in mammals. Genetic ablation of mPER1 and mPER2 function results in a complete loss of circadian rhythm control.
yes
BCR-ABL | BCR/ABL fusion tyrosine kinase
2014 | United States Food and Drug Administration | European Commission
Sushi.R
hydrocephalus | cerebral calcification | chorioretinitis | retinochoroiditis | encephalitis | intracerebral calcifications
Fewer than 100 | Approximately 150 | 70
yes
Regulation of cancer stem cells | Cancer cell morphology | Invasion | Growth | Endoderm formation | Acquisition of pluripotency
Accessory cells and macrophages | Peritoneal macrophages | Rat brain cells
Autophagy is a cellular process where intracellular material is degraded within the lysosome or vacuole. This process involves the breakdown of cellular components, including damaged organelles and protein aggregates, and the subsequent recycling of the resulting breakdown products. Autophagy utilizes vesicles to engulf and consume these cellular components.
CRISPR-Cas system | CRISPR | adaptive immunity system
Directional mutation pressure introduces mutational biases between A/T base pairs and G/C base pairs. These biases can favor either increased G+C content or increased A+T content in DNA.
What is the specific context or application you're interested in regarding the yeast proteome?
R403Q | Arg403Gln | Q1065H
Aortic root dilation | Mitral valve prolapse (MVP) | Aortic regurgitation | Progressive dilatation of the aortic root | Dissection of the ascending aorta | Rupture of the ascending aorta | Mitral valve regurgitation | Annuloaortic ectasia | Aortic root diameter | Aortic valves regurgitation | Aortic enlargement
TPM1 mutation associated with DCM and NCCM | MYH7-associated spectrum of NCCM with DCM | Insufficient evidence in retrieved documents.
AMPK activation protects cardiac structure and function by increasing cardiac autophagy in the diabetic heart. Modulation of the AMPK-MAPK pathway might play crucial roles for the pathogenesis of diabetic cardiomyopathy and could become an important therapeutic target. Diabetes depresses AMPK activity.
yes
Hypertrophic cardiomyopathy (HCM) | Hypertrophic cardiomyopathy | HCM
no
28% (PMID 23107651) | 26% (PMID 21763255) | 16% (PMID 11879111)
According to the provided snippets, the oldest human sample analyzed by paleontology proteomics is the Iceman, a Tyrolean mummy more than 5300 years old, whose brain tissue was studied using paleoproteomics.
Significant growth rate deficit in both roots and shoots | Lowered activity of specific mitochondrial enzymes associated with respiratory metabolism | Modified respiratory function | Alterations in the mitochondrial proteome | Changed steady-state protein assembly | Changed protein stability | Changed protein damage | Debilitate an anaplerotic role for mitochondria in cellular carbon metabolism | Growth retardation | Impaired seedling establishment | Defects in the oil reserve mobilization pathway | Altered metabolite profiles | Post-embryonic growth retardation phenotype
GAN gene | GAN | gigaxonin
no
yes
Membrane scission is the process of pinching off vesicles, which requires membrane topological reformation. This process can be executed by ESCRT-III on endosomes for intraluminal vesicles or occur at the neck of a clathrin-coated pit, potentially involving dynamin recruitment.
Insufficient evidence in retrieved documents.
yes
DNA replication termination occurs when replisomes from adjacent replication origins converge. Leading strands pass each other before ligation to lagging strands, and the CMG helicase dissociates after the final ligation step. This suggests that CMGs pass one another before dissociating from double-stranded DNA.
K-Ras | N-Ras | H-Ras
endoplasmic reticulum | luminal side of the endoplasmic reticulum
yes
Alemtuzumab
yes
subgenual cingulate gyrus (Cg25/24) | anterior limb of the capsula interna (ALIC) | nucleus accumbens (NAcc) | medial forebrain bundle | habenula | ventral striatum | head of the caudate nucleus | lateral habenula | cortical areas
yes
The available evidence suggests no correlation between the lunar cycle and the incidence of aneurysmal subarachnoid hemorrhage, indicating that the moon cycle does not influence the rupture risk of intracranial aneurysms. Some reports suggest otherwise, but the overall conclusion from the provided studies is that the lunar cycle's impact is a myth.
yes
no
rs7140952 polymorphism | Ala92 allele of the type 2 iodothyronine deiodinase
Younger individuals | Female subclinical hypothyroid patients with high baseline baPWV and pulse pressure | Female subclinical hypothyroid patients with autoimmune chronic thyroiditis
yes
Homoplasy can negatively affect phylogenetic reconstruction, leading to inaccurate conclusions and less informative molecular markers. Conversely, minimal homoplasy allows for highly accurate phylogenetic reconstruction. High homoplasy can also lead to convergent evolution, making certain methods unsuitable for establishing phylogenetic relationships.
Maternal use of SSRIs during pregnancy is associated with an increased risk of autism spectrum disorders in offspring [2, 3, 4]. This association is further supported by concerns that SSRIs manipulate serotonin levels, which are critical for fetal brain development [5]. One study found that the association between maternal antidepressant use and autism was confined to women reporting antidepressant use during pregnancy [3].
Snail1 (Snail) | Snail2 (Slug)
yes
yes
Prader Willi Syndrome (PWS) | Beckwith-Wiedemann syndrome | Silver-Russell syndromes | Angelman syndrome | Hydatidiform mole | Rett syndrome
Insulators are necessary in gene therapy vectors to overcome position effects and improve the expression of therapeutic transgenes [3, 4]. They may also prevent oncogene activation [2].
Iron | L-ferritin | Deficiency of iron and decreased inhibition function of spinal cord
acetylated lysines | acetyllysine | acetyl-lysine
Loss of memory | Dysmnesia | Cognitive impairment | Severe cognitive impairment especially concerning memory
yes
Pheochromocytomas | Paragangliomas | Pancreatic neuroendocrine tumors | Medullary thyroid carcinoma | Gastroenteropancreatic tumors
Three | 3
yes
SERCA is downregulated in diabetic cardiomyopathy. This is supported by evidence showing decreased SERCA expression, activity, or levels in diabetic hearts and animal models of diabetic cardiomyopathy.
yes
ChIA-PET is a method used to study genome-wide chromatin interactions bound by protein factors. It combines Chromatin Immunoprecipitation (ChIP), proximity ligation, and high-throughput sequencing to identify physical contacts between regions bound by specific proteins, converting chromatin structure into short tag sequences for analysis. The method uses next-generation sequencing to quantify these interactions.
no
Purine analogues | Pentostatin | 2-deoxycoformicin | Nelarabine | Fludarabine
yes
no
There is a positive association between h-index and academic rank, such that senior faculty members have greater h-index scores.
yes
Mindfulness training may support dietary changes in men with recurrent prostate cancer. Mindfulness-based group interventions may also reduce anxiety and fear of cancer recurrence in cancer patients.
There is no national prostate cancer screening program established in the UK, although screening for early disease has been available for many years. The CAP and ProtecT trials are evaluating prostate cancer screening and treatment in the UK. The UK Prostate Cancer Risk Management Programme uses Prosdex to help with decision-making.
Hypercalcemia, hypercalciuria, hypothyroidism, and early puberty | Abnormal glucose curves | Elevated cortisol
sFRP3 protein level is found to be low in primary renal cancer tissues and high in metastatic renal cancer tissues. There is also evidence suggesting sFRP3 has tumor-suppressive potential.
Albumin depletion in CSF enhances the concentration of low-abundance proteins and glycoproteins, which is beneficial for biomarker discovery and structural determination. However, a disadvantage is that removing albumin may also remove peptides and proteins bound to it, potentially affecting biomarker studies by eliminating a biomarker subproteome.
LincRNAs affect gene expression through various mechanisms. Some lincRNAs regulate neighboring protein-coding genes, while others regulate gene expression independently. They can also function as sponges to trap microRNAs, and are involved in the regulation of transcription in cis.
glutamate receptor, ionotropic, kainate
Serine 129 | Ser129
yes
Thalidomide, when given simultaneously with radiation therapy, did not improve survival in patients with newly diagnosed glioblastoma. While thalidomide and irinotecan showed some promise in recurrent glioblastoma, the efficacy was not sufficient for further investigation. The addition of celecoxib and thalidomide to adjuvant temozolomide also did not improve outcomes.
no
HSPG2 | kif6 | HL1 | Robo3 | DSCAM
no
Treatment of premature ejaculation | Treatment of depression during childhood and adolescence
Pyknons are nonrandom patterns of repeated elements found in the untranslated and protein-coding regions of human genes. They are also found in 5'-UTR and are associated with disease-associated SNPs and microRNAs.
yes
Deadenylases catalyze the degradation of the poly(A) tail of eukaryotic mRNA in the 3'- to 5'-end direction, which is critical for mRNA function by influencing mRNA turnover and efficiency of protein synthesis. miRNA-mediated deadenylation is orchestrated by GW182 through conserved motifs that interact with CCR4-NOT.
IL-17 receptor A | IL17RA | IL-17
6 kb | 7kb | Insufficient evidence in retrieved documents.
NF1 gene | NF1
αvβ3 integrin | αvβ5 integrin
yes
U1 small nuclear RNA can be used to carry antisense sequences to induce exon skipping. This approach has been shown to rescue dystrophin synthesis in Duchenne muscular dystrophy (DMD) by skipping exon 45. More broadly, snRNAs can be used to modulate pre-mRNA splicing for therapeutic purposes.
Patent expiry for ACE inhibitors like ramipril and enalapril is associated with generic switching and decreased costs per defined daily dose. However, generic switch after ramipril patent expiry is not associated with decreased pharmacy refill compliance.
yes
yes
yes
SF3B1 | NOTCH1 | XPO1 | MYD88 | KLHL6 | TP53 | ATM | ZMYM3 | MAPK1 | FBXW7 | DDX3X
Modified dendritic cells can delay tumor cell growth and prolong survival in mice [2]. Transfer of CD40 ligand, which activates immature dendritic cells, holds promise as a novel therapy for lymphoid malignancies and solid carcinomas because of its anti-tumor activities [5].
dominant | autosomal recessive | autosomal dominant
Christianson syndrome
In Sweden, decisions regarding treatment strategies like Viagra seem to be made primarily based on need rather than cost-effectiveness. Sildenafil, which is also known as Viagra, is considered a cost-effective treatment.
Lock mass is used to compensate for drifts in instrument calibration by providing an internal mass standard, reducing systematic error in mass-to-charge measurements, and removing mass error associated with calibration of the mass scale. This leads to improved mass accuracy.
CMV | CMV infection and disease | CMV disease
yes
Chromosome 1 | Chromosome 22 | Chromosome 8 | Chromosome 12 | Chromosome 5 | Chromosome 16
t(11;22)(q24;q12) | 11:22 chromosomal translocation
yes
Are you interested in survivin expression in a specific tissue type or generally across multiple tissues?
Ascites | Pleural effusion | Benign solid ovarian tumor | Abdominopelvic mass | Hydrothorax | Pelvic mass | Increased CA125 levels
Stabilizing | Protects c-myc CRD from endonucleolytic attack | Shields c-myc RNA from endonucleolytic attack
Intercalation inside the double helix | Forming monoadducts or interstrand cross-links | Removed negative superhelical turns
no
yes
Serum creatinine (SCr) | Blood urea nitrogen (BUN) | Glomerular filtration rate (GFR) | Urinary biomarkers | Tryptophan (TRP) in blood | Kynurenine (KYN) in blood | Kynurenic acid (KYNA) in blood
α-Synuclein
Anorectal malformation | Cystic fibrosis | Chromosomal/genetic abnormalities | Congenital cytomegalovirus
Trimetazidine activates AMPK in the heart. There is conflicting evidence regarding the involvement of p38 MAPK and JNKs in trimetazidine-induced cardioprotection, with one study showing activation of p38 MAPK and Akt signaling, while another indicates no involvement of p38 MAPK and JNKs.
lipid phosphatases | phosphoinositide lipid phosphatases | inositol lipid phosphatases
no
Insufficient evidence in retrieved documents.
yes
Multidrug-resistant tuberculosis | MDR-TB | Tuberculosis
The Carotid Occlusion Surgery Study (COSS) aimed to determine if adding superficial temporal artery-middle cerebral artery (STA-MCA) bypass or extracranial-intracranial (EC-IC) bypass surgery to the best medical therapy would reduce the risk of subsequent ipsilateral ischemic stroke in patients with carotid artery occlusion and hemodynamic cerebral ischemia. The study focused on patients with either complete internal carotid artery (ICA) occlusion and an elevated oxygen extraction fraction (OEF) or recently symptomatic AICAO.
Here's a list of the advantages of top-down mass spectrometric analysis of histones, based on the provided evidence:

*   Characterization of PTMs previously undetectable with bottom-up approaches.
*   Unambiguous mapping of the type and location of PTMs.
*   Selective detection of PTMs to automatically screen for acetylation, phosphorylation, and methylation.
*   Offers a sensitive and reproducible tool for exploring PTMs and variants.
A "mirror image" of the normal position of abdominal and/or thoracic organs | Total vertical transposition of the thoracic and abdominal organs | Complete mirroring of gross cardiac anatomy and position
yes
Antihyperglycemic | Antidiabetic drug | Alternative to insulin therapy
KDEL | Lys-Asp-Glu-Leu | tetrapeptide KDEL
Metformin may improve endocrine and reproductive abnormalities in PCOS patients by reducing hyperinsulinemia. Clinical trials suggest that metformin, especially when combined with clomifene, can be effective in reestablishing ovulation and achieving full-term pregnancies. Lower BMI may be a factor in predicting fertility success with metformin treatment.
LysC | trypsin | Asp-N
Mfd | NusA
The association between GAD and mortality risk is complex and not fully consistent across studies. Some evidence suggests GAD is associated with increased all-cause and CVD mortality, particularly when comorbid with MDD, while other evidence suggests no association or even a protective effect in specific populations. The relationship may be influenced by various factors such as sociodemographics, health status, health behaviors, and the presence of other psychiatric disorders.
Interleukin-5 | IL-5
Myoclonic astatic epilepsy | Seizures | Epilepsy
yes
Treatment with recombinant human granulocyte colony-stimulating factor (r-metHuG-CSF) leads to an increase in absolute neutrophil counts (ANC) in patients with severe congenital neutropenia. A sustained ANC response was observed in the majority of patients treated with this growth factor.
KCNQ1 | KCNH2 | SCN5A | KCNE1 | KCNE2 | CAV3 | SCN4B | AKAP9 | SNTA1 | KCNJ5
yes
Resveratrol (RSV) inhibits mTOR signaling. RSV inhibits insulin- and leucine-stimulated mTOR signaling by promoting the interaction between mTOR and DEPTOR. RSV treatment also partially blocked mTOR and S6 kinase phosphorylation in TSC1/2-deficient mouse embryonic fibroblasts.
yes
Keratoconus | Cornea blindness from severe corneal scarring | Corneal ectasia after LASIK
AMPK activation prevents cardiac remodeling after myocardial infarction. This activation and subsequent suppression of TLRs activity could be a target in protecting the infarcted heart.
Solanezumab is a monoclonal antibody (mAb) that targets monomeric amyloid-beta (Aβ). It is an immunotherapeutic agent developed to remove the neurotoxic amyloid β42 protein.
skin hyperextensibility | dystrophic scarring | joint hypermobility
Oxcarbazepine | Adjuvant analgesics with opioids | Ketamine and lidocaine with concomitant opioids | Coanalgetics
The "calcium paradox" describes the deleterious effects to a heart perfused with a calcium-free solution followed by calcium repletion, including loss of mechanical activity and sarcomere disruption. This phenomenon can be elicited in isolated perfused hearts by perfusing them with Ca(2+)-free media followed by Ca(2+) repletion. It is also a model to study Ca(2+) overload injury in ischemic heart diseases.
yes
Hsp70 and Hsp110 proteins bind to RNA motifs involved in mRNA stability. They preferentially bind AU-rich RNA. These heat shock proteins may guide RNA folding, influencing mRNA degradation and/or translation.
The Prudent diet is characterized by a high intake of vegetables, fruits, whole grains, legumes, fish, and poultry. It can also include fish, peas, honey, nuts, juice, dry fruits, vegetable oil, liver and organic meat, and coconuts.
Necroptosis can play a role in cancer therapy by bypassing drug resistance in certain cancer cells. Specifically, inhibition of GSK3B can enable necroptosis in response to chemotherapy in p53-null colon carcinomas, leading to a reduction in tumor mass.
yes
Women | More common in women | 5.2 women per man
Are you asking about the FINDbase database of mutations and allelic variants, or something else?
yes
methyl-CpG-binding protein 2 (MeCP2) | MECP2 | methyl-CpG-binding protein 2 (Mecp2)
yes
D2 | D3
ORM1 | CYP2C9 | VKORC1 | CYP4F2
14,000 | 14,595 | approximately 14 400
Canagliflozin | Dapagliflozin | Empagliflozin
GBA gene | glucocerebrosidase gene
Insufficient evidence in retrieved documents.
Diepoxybutane (DEB) and mitomycin C (MMC) stressing are reliable techniques for the definitive cytogenetic diagnosis of Fanconi anemia homozygosity. These drugs enhance chromosome breakage in homozygotes. Increased chromosomal breakage abnormalities observed in cultured cells that were treated with cross-linking agents can confirm the diagnosis of Fanconi anemia.
yes
LSD1 participates in SALL4-mediated transcriptional repression and negatively regulates SALL4-mediated transcription in hematopoietic stem cells. It interacts with RUNX1 in erythroid cells and is expressed in both undifferentiated progenitor cells and differentiated cells. The dynamic regulation of SALL4-associated epigenetic factors, including LSD1, modulates early hematopoietic precursor proliferation.
Schizophrenia | Schizoaffective disorder | Delusional disorder | Childhood schizophrenia | Adolescent schizophrenia
Ventricular arrhythmia | Periodic paralysis | Dysmorphic features | Cardiac arrhythmia | Facial dysmorphisms | Skeletal dysmorphisms | Abnormal QT-U complex | Nonsustained ventricular tachycardia | Hypertelorism | Small mandible | Syndactyly | Clinodactyly | Cleft palate | Scoliosis
Induced pluripotent stem cells (iPSCs) are used to study and treat cardiovascular diseases due to their ability to differentiate into cardiomyocytes. They allow for disease modeling, drug discovery, and personalized cell therapies, potentially alleviating heart disease through transplantation of iPSC-derived cardiomyocytes. The use of iPSCs also avoids ethical concerns associated with embryonic stem cells.
Hirschsprung's disease | HSCR
LEKTI | lymphoepithelial Kazal-type-related inhibitor
SPINK5 gene | LEKTI protein
Parkinson's disease
D1 | D3 | type I and type III iodothyronine deiodinase
Notch intracellular domain (NICD) | CSL (CBF-1/Suppressor of Hairless/Lag-1) | Mastermind family protein (MAML)
Sequence variability in antibodies is defined by variability in the linker sequence segment, as seen in IgA1 protease.
Repressor | Transcriptional repressor | Transcriptional repressor Bach-1
yes
yes
OX2 orexin receptor | dual orexin receptor
Type 2 diabetes mellitus | Type 2 diabetes
Insufficient evidence in retrieved documents.
yes
6th-10th weeks of gestation | First trimester | 6th to 10th weeks
yes
yes
In what context are you asking about TFBSshape?
yes
yes
BIX-01294 | TM2-115 | Adenosine-containing inhibitors of histone methyltransferase DOT1L
Amyotrophic lateral sclerosis (ALS) is a motor neuron disease characterized by progressive degeneration of upper and lower motor neurons. It is also the most common adult-onset motor neuron disease.
COX-2 | ANF | Estrogen receptor (ER)alpha gene | cardiac calsequestrin gene (casq2) | cTnT promoter
yes
Tofacitinib
Alternative translation initiation beginning in DMD exon 6 leads to the expression of a highly functional N-truncated dystrophin. Also, translation from a DMD exon 5 internal ribosome entry site (IRES) results in a functional dystrophin isoform. A truncated reading frame upstream of the IRES, generated by exon skipping, also leads to synthesis of a functional N-truncated isoform.
*   Transcription activator-like effector nuclease (TALEN)
*   Zinc finger nuclease (ZFN)
yes
Serotonin clearance | Alternative reuptake mechanism for serotonin | High-capacity and low-affinity transporter for serotonin
Individuals with Fanconi anemia face an increased risk of cancer, including leukemia, myelodysplastic syndrome, and solid tumors. They also have an increased risk of congenital abnormalities, early onset bone marrow failure, and endocrinopathies.
yes
yes
yes
canonical and noncanonical Wnt signaling pathways | Wnt signaling | canonical Wnt signaling
alpha-galactosidase A (Gla) | alpha-galactosidase A | human mutant alpha-galactosidase
no
yes
yes
IGF-1 plays a role in cardiac regeneration after myocardial infarction by reducing pathological remodeling, inducing myocardial regeneration, and improving ventricular function. It also inhibits cardiomyocyte apoptosis and modulates stem cell replication, commitment to the myocyte lineage, and myocyte differentiation. Furthermore, IGF-1 is associated with stem cell mobilization and vessel formation in injured hearts.
Prostate cancer screening is available in the UK, but there is no national screening program. Systematic reviews have generally advised against screening, and this recommendation has been largely accepted in the UK.
yes
caspase-4 | caspase-5 | caspase-1
Tunicates | Diptera species | Drosophila | Anopheles gambiae | Caenorhabditis | Saccharomyces
ELANE | Neutrophil elastase gene
TGF-beta plays a crucial role in cardiac repair after myocardial injury by suppressing inflammation, promoting myofibroblast modulation, and influencing extracellular matrix deposition. It is activated in regenerating cardiomyocytes and interacts with other pathways to determine whether regeneration or scar tissue formation occurs. TGFbeta-dependent EMT is also essential for the formation of niche-like structures that could enhance regenerative potential.
Everolimus
no
yes
Ancora (http://ancora.genereg.net) | TFCONES (Transcription Factor Genes & Associated COnserved Noncoding ElementS) (http://tfcones.fugu-sg.org)
Comprehensive expression profiles and functional annotation of mammalian cell-type-specific transcriptomes | To map regulatory and transcriptional features to the human genome | Studies on cell-type-specific enhancers and gene regulation
yes
The mammalian gene Irg1 plays roles in embryonic implantation and neurodegeneration. It is upregulated by proinflammatory cytokines and Toll-like receptor agonists in macrophages, and may be involved in apoptosis and susceptibility to disease. The Irg1 protein associates with mitochondria.
yes
paranoid schizophrenia | schizophrenia | bipolar action
Systemic Nickel Allergy Syndrome (SNAS) is characterized by systemic reactions, including gastrointestinal and skin manifestations, in individuals with nickel allergy, often triggered by ingesting nickel-rich foods. Symptoms can include urticaria, itch, erythema, headache, intestinal issues, dermatitis, and other related conditions. Some cases may present with gastrointestinal mucosa alterations similar to celiac disease.
IgG4 | Immunoglobulin G4 | IgG4-RTD
No effect on viability of MM cells | No effect on survival pathway activity pattern of MM cells | Impaired healing | Severe reduction in the number of myofibroblasts | Inflammatory infiltrate of the granulation tissue is unaffected | Vascularization of the granulation tissue is unaffected | Defective granulation tissue formation
no
MT1 receptor | MT2 receptor
yes
ELMO1 cooperates with Dock180 to activate Rac1, promoting cell motility and contributing to the invasive phenotype of cancer cells. This synergistic action between ELMO1 and Dock180 facilitates cell migration and the aggressiveness of ovarian cancer. ELMO1 functions as an adaptor protein in this process.
K-48 linked protein ubiquitination targets proteins for degradation by the proteasome. This process can be involved in the processing of NF-κB precursors, the degradation of IκB proteins, and increasing cellular amino acid levels.
yes
DNA-dependent RNA polymerase II of plant origin | DNA-dependent DNA polymerase I from Escherichia coli | RNA polymerase from Escherichia coli | RNA-dependent RNA polymerase from healthy tomato leaf tissue
HSP90 | CDC37 | GRP75 | HSP60 | LRPPRC | TUFM | PICK1 | 20S proteasomal subunit alpha4 (synonyms: PSMA7, XAPC7, subunit alpha type 7) | Pael receptor (Pael-R) | CASK
Riociguat
There is no consensus on vancomycin dosing in newborns and young infants, and significant variation exists in dosing regimens. One modified regimen for a target concentration of 25 mg/L consists of a bolus of 20 mg/kg followed by continuous infusion of 30 mg/kg. The development of standardized protocols has been suggested.
Part of the CRISPR/Cas9 tool | Not an inhibitor
phosphoinositol-3 kinase (PI3K) delta isoform | PI3K
Valproic acid | Carbamazepine | Valproate
Yersinia pestis | Yersinia
1,4-benzothiazepine | benzothiazepine
Upregulated | Highly expressed | Overexpressed
Are you asking about the use of oxantel pamoate specifically, or another form of oxantel?
Are you asking about apelin as a gene, a protein, or its role in a specific disease or condition?
May play a role in the pathogenesis of colorectal cancer | Play a role in chronic inflammation | Insufficient evidence in retrieved documents.
nonreceptor tyrosine kinase | tyrosine kinase
Autosomal dominant | Autosomal dominant mode of inheritance
Histone modifications H3K36me3, H3K79me1, H3K9me3, H3K9ac, H3K9me2, H3K27me3, H2BK5me1, H3K27me1, and H3K27me2 have been associated with alternative splicing. Specifically, some modifications like H3K9ac can cause exon skipping, while others like H3K9me2 and H3K27me3 favor exon inclusion. Furthermore, the levels of H3K36me3 and H3K79me1 are correlated with differences in alternative splicing patterns.
yes
yes
P-bodies (processing bodies) are RNA-containing granules involved in RNA metabolism. They are a site for mRNA degradation and modulate cellular signaling pathways, metabolic machinery, and stress response programs. Translationally repressed mRNAs localize to P-bodies where their decay is directed.
Decitabine is a DNA methylation inhibitor that causes the degradation of DNMT1. The covalent bond formation between DNMT1 and decitabine-incorporated DNA is not essential for this process, and the degradation requires multiple domains including nuclear localization signals.
rfx6 | RFX6
no
Weight-loss | Pediatric obesity prevention and treatment | Healthy eating promotion | Physical activity promotion | Dermatology
yes
DKC1 | TERC | TERT | NOP10 | NHP2 | TIN2 | C16orf57 | TCAB1
yes
ORMAN | MITIE | Montebello | IGAR
Brugada syndrome is characterized by a high risk of ventricular arrhythmias and sudden cardiac death, often in the absence of structural heart disease. Key features include specific electrocardiogram (ECG) patterns such as ST-segment elevation in the right precordial leads and right bundle branch block. It is also a genetically determined familial disease.
α-synuclein | α-Syn | α-syn
Thyroid hormone (T4) increases myocardial mitochondrial bioenergetic capacity and markers of mitochondrial biogenesis. PPARalpha is potentially involved in mediating these mitochondrial changes in response to T4. L-T3 increases the expression of factors involved in mitochondrial DNA transcription and biogenesis.
TF occupancy at HOT promoters is strongly predictive of transcription preinitiation complex recruitment | TF occupancy at HOT promoters is moderately predictive of initiating Pol II recruitment | HOT regions quantitatively tune the promoter for RNA polymerase II recruitment
V60L | D84E | V92M | R151C | R160W | R163Q | D294H | T314T
XRN1
Silver syndrome/spastic paraplegia 17 | distal hereditary motor neuropathy type V | Charcot-Marie-Tooth disease type 2 (CMT2) with predominant hand involvement
programmed death receptor-1 | PD-1
SB225002 | G31P | SCH-527123 | AZ10397767
The FAA (FANCA) gene contains 43 exons spanning approximately 80 kb. Exon sizes range from 34 to 188 bp. The 5' region upstream of the transcription start site has a GC-rich region but lacks TATA and CAAT boxes.
Are you asking about the SNORD116 gene, or something else?
Mediates mitochondrial fission/division | GTPase | Mediates peroxisomal division
Biallelic mutations in the BRCA2 gene are the genetic cause for the development of Fanconi anemia complementation group D1 (FA-D1).
Catecholaminergic polymorphic ventricular tachycardia (CPVT)
The most frequent non-canonical sequence motifs at the donor and acceptor splice sites in vertebrates are GC-AG, followed by AT-AC. The GC-AG motif is the most abundant subtype of non-canonical introns.
Blocker | Antagonist | Inhibits
Cranberry juice helps combat urinary tract infections by preventing bacteria, such as E. coli, from adhering to the bladder epithelium and uroepithelial cells. This anti-adherence activity is attributed to proanthocyanidins, the active ingredient in cranberries, which interfere with the binding of E. coli to the urinary tract lining.
Parkinson's disease | Chronic obstructive pulmonary disease (COPD) | Food hypersensitivity
Multiple myeloma | Relapsed/refractory multiple myeloma
LC3 subfamily | GABARAP subfamily | GABARAP | GABARAPL1 | GABARAPL2/GATE-16
Flaviviridae
yes
The Triplex R/Bioconductor package searches DNA sequence data for nucleotide patterns that can form intramolecular triplexes (H-DNA). It provides functions to visualize the identified triplexes in 2D and 3D diagrams. The package also integrates with other Bioconductor tools.
Activating point mutations | Mutations at codon 12 | G to A transition
yes
UMPIRE trial | IMPACT trial | TIPS trial
Are you asking about transvection in the context of genetics, or something else?
Probiotics are recognized and used by gastrointestinal disease specialists as part of their therapeutic approaches, especially for conditions like irritable bowel syndrome, pouchitis, antibiotic-associated diarrhea, Clostridium difficile-associated diarrhea, small bowel bacterial overgrowth, inflammatory bowel disease, and radiation enteritis. Probiotics exert anti-inflammatory effects and induce cytoprotective changes in the host.
arachnodactyly | aortic dilation | aortic systolic murmur
Puffer fish is associated with tetrodotoxin. Tetrodotoxin is a potent neurotoxin found in marine pufferfish. Intoxications are usually linked to the consumption of puffer fish.
Autosomal dominant inheritance | Autosomal dominant | autosomal dominant disorder
HBS1L-MYB intergenic variants affect regulatory elements that interact with MYB, a regulator of erythroid development and HbF levels. These variants reduce transcription factor binding, affecting long-range interactions with MYB and its expression, thus modulating fetal hemoglobin levels.
YAP | Yap1 | YAP1
no
25 nm | about 24 nm
yes
Propionic acidemia is caused by mutations in the PCCA or PCCB genes. These genes encode the alpha and beta subunits of the propionyl CoA carboxylase enzyme. A deficiency in this enzyme results in propionic acidemia.
protein phosphatase-1 | type 1 protein phosphatase
Long-term G-CSF treatment for severe congenital neutropenia carries a risk of developing myelodysplastic syndrome and acute myeloid leukemia (MDS/AML). Specifically, 10-30% of severe congenital neutropenia patients may develop acute myeloid leukemia. The sequential gain of CSF3R mutations implicates abnormal G-CSF signaling as a driver of leukemic transformation.
internal globus pallidus | pallidal | internal pallidum
Myosins-Ibeta | Myosin-VI | Myosin-VIIa
The treatment strategy followed in spinocerebellar ataxia type 3 for CAG removal is antisense oligonucleotide-mediated exon skipping. This approach aims to remove the toxic polyglutamine repeat from the ataxin-3 protein.
The angiogenin binding element (ABE) is located in the nontranscribed region of the ribosomal RNA gene, where angiogenin binds to CT repeats. Angiogenin also binds at the upstream control element (UCE) of the promoter.
IκB proteins | Sef
Autosomal dominant or autosomal recessive | Autosomal recessive | Autosomal dominant
Non-small cell lung cancer (NSCLC) | Recurrent glioblastomas (GBM)
Growth factor stimulation results in the acetylation of S6K1 at lysine 516. This acetylation is potently induced by growth factor stimulation.
Could you specify the context in which you're interested in angiocrine factors, such as a particular disease, organ, or cell type?
Protein carbamylation is a nonenzymatic posttranslational modification mediated by cyanate, a product of urea. This modification occurs at lysine residues and protein N-termini, and can be promoted during uremia or artificially introduced during sample preparation with urea. Carbamylation is linked to altered protein structure and various diseases.
Mutations in the gene encoding a glial glutamate transporter, the excitatory amino acid transporter-1 | Altered function of excitatory amino acid transporter anion channels | Reduced glutamate uptake by mutant excitatory amino acid transporter-1
Links the replicative MCM helicase and DNA polymerase α primase | Promotes replication fork stability | Linking polymerase α to the hCMG complex
yes
Inn1 is targeted to specific locations to regulate cytokinesis. It interacts with Cyk3, and this interaction is important for cytokinesis, potentially by regulating Chs2. Cdc14-dependent dephosphorylation of Inn1 contributes to the formation of the Inn1-Cyk3 complex.
Insufficient evidence in retrieved documents.
Mrc1 | Ctf4 | MCM2-7 helicase | DNA polymerase alpha | GINS | DNA polymerase epsilon
An absent word in a sequence is a segment that does not appear in the sequence. It is a minimal absent word if all its proper factors occur in the given sequence, meaning that if the leftmost or rightmost character is removed, the resulting word is no longer an absent word.
Both congenital central hypoventilation syndrome (CCHS) and Mowat-Wilson syndrome (MWS) are associated with Hirschsprung's disease (HSCR). They are both considered syndromic HSCR entities.
deltaF508
Aip1 | Ede1 | Inn1
yes
Etioplasts
*   They are both anti-IL-5 monoclonal antibodies.
*   Safety data for both are comparatively limited.
Immune defense | Correlating with Irg1 expression levels | Women who subsequently developed gestational diabetes mellitus
no
MPZ | INF2 | DNM2 | YARS | GNB4 | NEFL | MFN2 | GDAP1 | KARS | PLEKHG5 | LRSAM1
ATF-2 | c-Jun | IRF-3 | IRF-7 | NF-kappaB | HMGI(Y) | p50/p65 of NF-kappaB
yes
ddgraph
Meningiomas | Spinal Atypical Meningiomas | Brain tumor
Centrosome | Centriole | Centriolar protein
yes
secretory phospholipase A2 (sPLA2) | sPLA2
Sodium glucose cotransporter 2 (SGLT2)
Muenke syndrome is characterized by coronal craniosynostosis, hearing loss, developmental delay, carpal and/or tarsal bone coalition, and midface hypoplasia. The hearing loss associated with Muenke syndrome is primarily sensorineural. Various other bony anomalies can also occur.
Mindfulness-based therapy (MBT) | Modified MBT protocol (MBT-AS) | Multimodal Anxiety and Social Skills Intervention (MASSI) program | psychotropic medication
Istradefylline | Preladenant
Assessing diffuse fibrosis | Quantification of diffuse myocardial fibrosis and myocardial infiltration | Detecting cardiac AL amyloidosis
Chaperone-mediated autophagy
Bilateral multiple renal angiomyolipoma | Development of subependymal giant cell astrocytoma (SEGA) | Seizures | Mental retardation | Autistic behaviour | Hepatic angiomyolipomas (AML) | Cysts | Pulmonary lymphangioleiomyomatosis | Bilateral renal angiomyolipomas
Dabigatran therapy generally prolongs aPTT, but the assay is relatively insensitive, and normal aPTT results do not exclude the presence of dabigatran. The aPTT values exhibit variability under dabigatran usage, and a normal aPTT may exclude therapeutic anticoagulation.
anti-freeze glycoprotein of Antarctic and Arctic notothenoids | pe III anti-freeze protein (AFP) | AFP I | AFP III | type III anti-freeze proteins | wild type III thermal hysteresis protein
Ser5 | serine 5 | Pol IIo(ser5)
yes
microRNAs | snoRNAs
Insufficient evidence in retrieved documents.
Pharmacological prophylactic therapies for cluster headaches include verapamil, lithium carbonate, topiramate, valproic acid, gabapentin, and baclofen. Non-pharmacological interventions include occipital nerve stimulation, hypothalamic neurostimulation, deep brain stimulation and ablative surgery.
Phospholamban (PLN) regulates the activity of the calcium ATPase SERCA. Dephosphorylated PLN inhibits SERCA, while phosphorylation of PLN relieves this inhibition. This regulation is largely due to interactions between their transmembrane domains, and PLN may undergo allosteric activation upon encountering SERCA.
mTOR | Rictor (rapamycin-insensitive companion of mTOR)
Digit ratio (2D:4D) is associated with gastric cancer, with gastric cancer patients showing a higher left 2D:4D and lower R-L compared to healthy controls. Higher digit ratios also predict a higher incidence of prostate cancer. However, right 2D:4D was not associated with TGCT.
yes
yes
Obesity | Insulin resistance | Cardiovascular risk factors | Dyslipidemia | Prothrombotic status | Increased blood pressure
ZD6474 | SU11248 | AEE 788 | sorafenib | vatalanib | AG-013736
yes
yes
Short palindromic sequences (4, 5 and 6 bp palindromes) | Palindromes corresponding to sites for restriction enzymes | Palindromic words
KRAS | EGFR
yes
norvaline | the non-standard amino acid norvaline
yes
Studies suggest that induced hypothermia is a recognized treatment for term infants with HIE, but its application to preterm infants is less established. One study found that mild hypothermia may be feasible and safe in preterm neonates with severe NEC and MODS. More research is needed to determine the efficacy of hypothermia in preterm infants.
Stain-free protein gels offer several advantages in Western blotting, including making the process faster, more transparent, quantitative, and reliable [2]. Stain-free technology can also be used as a normalization tool [5]. The V3 stain-free workflow is practical and convenient [1].
receptor activator of nuclear factor κB ligand (RANKL) | receptor activator of nuclear factor κB ligand | RANKL
spleen tyrosine kinase (Syk) | Syk-kinase
yes
yes
The second parity rule (PR2) states that within a single strand of DNA, the frequency of adenine (A) is approximately equal to that of thymine (T), and the frequency of guanine (G) is approximately equal to that of cytosine (C) (A=T and G=C). This rule is expected when there are no biases between the complementary DNA strands in mutation and selection rates. Deviations from PR2 may indicate strand-specific mutation or selection pressures.
yes
yes
Proteostasis, or protein homeostasis, is a balance between the synthesis, maturation, and degradation of cellular proteins. It is the folding biology common to all three kingdoms of life. The ubiquitin-proteasome system and autophagy are pathways that maintain proteostasis.
MTM1 gene
yes
Decreased adiponectin concentrations are associated with an increased frequency of migraine attacks [4]. Adiponectin, along with other neurotransmitters and peptides, has been suggested to have a role in migraine [3, 5]. Increased adiponectin secretion may also impair inflammatory processes that could contribute to migraine risk [1].
Oncogene addiction is a phenomenon where tumor cell growth and survival depend on a single oncogene. Inactivation or removal of this oncogene can impair tumor growth, lead to cancer cell death, and potentially be targeted by therapies. Cancers can exhibit a critical dependency on the expression of a single oncogene.
yes
Cells at advanced stages of differentiation in the upper epidermis | Epithelium of skin and the gastrointestinal tract | Gastric epithelium
N-terminal | N-terminal end | Most N-terminal end
yes
anti-GQ1b antibody | anti-GM1
miR-155 | miR-146a | microRNA-146 (miR-146)
yes
yes
yes
Insufficient evidence in retrieved documents.
Methotrexate treatment improves uveitis in pediatric JIA patients, significantly decreasing inflammation after a minimum of 3 months. A topical steroid-sparing effect was also observed when methotrexate was administered for 3 to 9 months. Methotrexate use is strongly associated with uveitis in children with JIA.
RNGTT (RNA guanylyltransferase and 5'-phosphatase) | RNMT (RNA guanine-7 methyltransferase)
Are you asking about HOCOMOCO in the context of gene regulation or something else?
Psoriasis
yes
yes
Decreased thyroid hormone levels | Low T3 syndrome | Rapid decline in T3
CRP1
Spt-Ada-Gcn5 Acetyltransferase | Spt-Ada-Gcn5-acetyltransferase | Insufficient evidence in retrieved documents.
Hamartin interacts with Plk1 and negatively regulates Plk1 protein levels. These proteins are present in a complex, and the interaction between phosphorylated hamartin and Plk1 is independent of tuberin.
The "Universal Proteomics Standard 2" (UPS2) is a proteomic dynamic range standard introduced in 2006. It has a dynamic range of 5 orders of magnitude.
ataxin-2
satRNAs and viroids | Viroids | small RNA molecules
Early Schistosoma spp. infection | Acute schistosomiasis | Schistosomiasis
Androgen replacement therapy | Physical exercise (resistance training) | Testosterone | Antioxidant supplementations | Omega-3 fatty acid supplementation
mpMoRFsDB
LepChorionDB
yes
yes
Aurora A kinase
yes
no
Dementia | Gait disturbances | Urinary incontinence
epidermal growth factor receptor (EGFR) | EGFR
Disulfide bonds | Electrostatic interactions | Amide bonds
yes
yes
At least 15% | 27% | 52% by 40 years of age
One | Three | Insufficient evidence in retrieved documents.
Analysis of cell-free fetal DNA (cffDNA) from maternal plasma | Free fetal DNA isolation from maternal circulation | Real-time PCR on cffDNA
SERCA2a | I-1c | YAP
Ecallantide
Bidirectional ventricular tachycardia (BVT) is an uncommon and rare type of arrhythmia. It is a type of polymorphic ventricular tachycardia (PVT) characterized by an alternating beat-to-beat ECG QRS axis.
L-ferritin | BTBD9 | MEIS1 | MAP2K5/SKOR1
yes
yes
PiggyBac | Improved hyperactive transposase has highly increased the transposition efficacy for SB | Insufficient evidence in retrieved documents.
During heat stress, TORC1 is recruited to and sequestered within stress granules (SGs). This sequestration delays the reactivation of TORC1 signaling during recovery from heat stress.
yes
Nausea | Dizziness | Insomnia | Fatigue | Lightheadedness | Vomiting | Slight increases in self-rated alertness | Decreases in ratings of tiredness | Decreases in ratings of elation
yes
Network-based methods | Knowledge Network Gene Prioritization (KNGP) algorithm | Endeavour | Ensemble boosting learning techniques
Polycystic kidney disease (PKD) | ADPKD | Autosomal recessive polycystic kidney disease (PKD)
Ultraconserved elements (UCEs) are effective genetic markers for investigating evolutionary patterns and resolving phylogenetic relationships. They are useful at both shallow and deep timescales, especially when combined with flanking sequences. UCEs can be obtained from a wide array of taxa and generated rapidly at low cost.
prostacyclin | PGI2
Meier-Gorlin syndrome (MGS) is a rare autosomal recessive disorder. It is characterized by bilateral microtia, aplasia or hypoplasia of the patellae, and severe pre- and postnatal growth retardation/short stature.
glucocerebrosidase | beta glucocerebrosidase | lysosomal glucocerebrosidase
Hsp90 inhibition, achieved by drugs like Geldanamycin, interferes with Hsp90's function and can affect cancer cell survival and motility. Low-dose Hsp90 inhibitors can also sensitize bladder cancer cells to chemoradiotherapy and potentiate its anti-tumor activity. This suggests a role for Hsp90 inhibition in cancer therapy, particularly in combination with other treatments.
Medulloblastoma | MDB | MB
CHIP
C-phycocyanin (C-PC) | phycocyanin | phycoerythrin I | phycoerythrin II | allophycocyanin
yes
Fungi | eukaryotic
X-linked inheritance | X-linked familial AF | X-linked EDMD
Dabigatran is a direct thrombin inhibitor. It is a potent, reversible, and competitive inhibitor that inhibits both free and fibrin-bound thrombin.
Neurodegenerative disorder | Defective function | Progressive encephalopathy
*   ARB1
*   ARB2
*   TRalpha1
*   TRbeta1
yes
HMMpTM | MetaTM | Support vector machine-based (SVM) TM protein topology predictor
no
yes
Flybow | Drosophila Brainbow
Fibroblast growth factors (FGFs) | Cytokines
Aft1 is a protein in yeast that mediates the control of iron uptake and plays a central role in iron homeostasis. It activates transcription of target genes in response to iron deprivation and controls the iron regulon. Aft1 is required for the expression of high-affinity iron uptake genes.
yes
expanded CAG repeat
yes
*   Histone H3 lysine 27 acetylation (H3K27ac)
*   H3K27 trimethylation (H3K27me3)
Densely spaced clusters of active enhancers | Magnitude of size | Transcription factor density | Binding of transcriptional machinery | Associated with genes driving cell differentiation | Dynamically regulated in response to cellular signaling | Inflammation-sensitive | Form domains of coordinately regulated enhancer RNAs | Influence higher-order genomic organization | Affect higher-order genomic organization
Autosomal dominant | Dominant pattern of inheritance
Prolactinoma | Pituitary adenoma | Gonadotroph adenoma
Mismatched uracil glycosylase (MUG) is a mismatch-specific uracil DNA glycosylase. MUG initiates base-excision repair of G:U/T mismatches.
negative chronotropy | negative inotropy | increased resistance to ischemic injury | reduced cardiac output
EGFR-expressing advanced non-small cell lung cancer
hK3 | human kallikrein-related peptidase 3
Lipids storage | Storage and mobilization of lipids | Storing fatty acids
Fine tuning the level of miRNA mediated regulation of gene expression by sequestering the miRNAs | Integral, conserved, and regulated feature of the gene expression program | Predominant RNA isoform
no
yes
askHERMES | EAGLi | HONQA | INDOC
type I iodothyronine deiodinase | type III iodothyronine deiodinase | 5'-deiodinase
Monoubiquitination of FANCD2 | Monoubiquitylation of the FANCI-FANCD2 complex
Allopurinol may have a neuroprotective effect in moderately asphyxiated infants, potentially leading to less severe adverse outcomes and better neurologic and neurodevelopmental outcomes at 12 or more months. Allopurinol reduces the formation of free radicals, potentially limiting hypoxia-reperfusion damage.
no
Neurofilament light chain (NFL) is a biomarker in amyotrophic lateral sclerosis (ALS) for prognosis and reflects corticospinal tract degeneration. It is also a biomarker of spinal cord injury severity and outcome when found in serum. Furthermore, raised NFL in cerebrospinal fluid (CSF) reflects axonal damage in a range of neurological disorders.
yes
Thyroid hormone (TH) increases SERCA expression in the heart, as evidenced by normalization of Serca-2 levels with T3 treatment in hypothyroid neonates. TH treatment can also prevent the reduction of SERCA/Phospholamban ratio in myocardial infarction hearts and increase the ratio of SERCA/PLB in AMI-THYR hearts. The effect of TH on SERCA expression involves both non-genomic and genomic actions.
MYB-like protein
Deafness | Onychodystrophy | Osteodystrophy | Intellectual disability | Seizures
Insufficient evidence in retrieved documents.
Transcription activation | Active and poised promoters | Insufficient evidence in retrieved documents.
RNA | RNA-processing protein
10 nm | 9-10 nm | comparable to that of IFs
Genomic Regulatory Blocks (GRBs) are chromosomal regions containing highly conserved non-coding elements (HCNEs) that regulate target genes, often transcription factors involved in embryonic development [2, 5]. GRB target genes possess unique features that enable them to respond to regulatory inputs from long distances [3, 4]. The expression of target genes correlates with the acetylation state of HCNEs in the region [3].
Insufficient evidence in retrieved documents. The snippets discuss therapeutic interventions for frailty, noting that testosterone has shown some benefits, while other interventions appear limited or unexplored. Effective treatment options are still under investigation, and designing interventions has been challenging. However, the snippets do not specifically address interventions for sarcopenia.
The genetic basis of most cases of progeria involves a mutation in the lamin A gene. This can be a mutation at nucleotide position 1824, where cytosine is substituted for thymine, or a change from glycine GGC to glycine GGT in codon 608. Both mutations activate a cryptic splice site, leading to the production of abnormal lamin A.
Core clock component | Acts in the negative feedback loop | Nonallelic suppressor of mPer2
Are you asking about the "July Effect" in the context of medical training, or something else?
Nestin
DNMT1 | MET1 | murine DNA 5-cytosine methyltransferase
yes
Here's a list of genes that thyroid hormone receptor beta1 (TRbeta1) regulates in the liver, based on the provided evidence:

*   LDLr
*   ChREBP
*   SREBP-1c
*   ME
*   P450R
*   GH
yes
Insufficient evidence in retrieved documents.
no
Neuroendocrine cells | Paragangliomas | Pancreatic neuroendocrine tumors
no
X-linked Charcot-Marie-Tooth disease type 5 (CMTX5) | Arts syndrome | Non-syndromic sensorineural deafness (DFN2) | Non-syndromic hearing loss | Syndromic hearing loss
yes
HuR functions as an mRNA-binding protein involved in sGCβ1 mRNA stabilization, influencing sGCβ1 levels and cGMP synthesis. Additionally, HuR is implicated in maintaining a "young cell" phenotype in models of replicative cellular senescence.
JAK1 | JAK2
yes
Myocardial mTOR activity changes during hypertrophy and heart failure. Ablation of Mtor impairs the hypertrophic response and accelerates heart failure progression. The MTORC1 signaling network plays a role in the myocardial response to stress, and blunting the increased 4E-BP1 inhibitory activity resulting from reduced MTOR activity may improve cardiac function in clinical heart failure.
yes
no
yes
Enzymes | DNAs
no
yes
DNA topoisomerase II inhibitors eliminate cancer cells by inducing DNA double-strand breaks and cell death by apoptosis. They also promote histone eviction, which is associated with attenuated DNA repair and deregulates the transcriptome in cancer cells.
yes
yes
EGFR
Basic fibroblast growth factor (bFGF) promotes myocardial regeneration after acute myocardial infarction (AMI) by increasing angiogenesis and myocardial perfusion, activating the SDF-1α/CXCR4 axis, and improving cardiac function. FGF-2 is a potential mediator of myocardial protection and functional improvement.
yes
Parathyroid | Pancreatic islets | Anterior pituitary glands
ataxin-3
Are you asking about Tn-seq in the context of bacterial genetics, cancer research, or something else?
yes
yes
yes
6.9 cases/100,000 inhabitants | 25 affected individuals/100,000 inhabitants | 0.737/10,000 in the 27 EU countries
yes
Sonic Hedgehog (Shh) | Indian Hedgehog (Ihh) | Desert Hedgehog (Dhh)
mammalian target of rapamycin | mammalian target or rapamycin
Among patients with Joubert syndrome (JBTS) and a cerebello-oculo-renal phenotype, mutations in CEP290 (NPHP6) are the most common genetic lesion.
Patient Health Questionnaire (PHQ) | 2-item Patient Health Questionnaire (PHQ-2) | 9-item Patient Health Questionnaire (PHQ-9)
yes
M31 shows sequence homology to Drosophila HP1. HP1 proteins are related to chromosomal SU(VAR) proteins. This suggests a possible link between M31 and position-effect variegation.
yes
yes
yes
T-type calcium channels | Ca(v) 3.2 | T-channels
55 S | 55S
Aliskiren is a direct renin inhibitor that interrupts the renin-angiotensin-aldosterone system (RAAS) at its rate-limiting step. It is clinically used as an antihypertensive drug.
Histone-like Nucleoid Structuring (H-NS) protein | Histone-like protein | HMGs (1 + 2)
calcitonin gene-related peptide (CGRP) receptor | CGRP-R | calcitonin gene-related peptide receptor
Photodynamic therapy is under investigation as an adjuvant treatment for intracranial neoplasms, including meningiomas. AlPc is suggested as a potent photosensitizer for meningioma photodynamic therapy, although ALA-PDT may be more effective for glioma cells.
yes
yes
Arnold-Chiari syndrome is a rare condition characterized by herniation of the cerebellar tonsils or hindbrain through the foramen magnum. It is a malformation of the cervicomedullary junction, often manifesting with symptoms such as downbeat nystagmus, palsy of the caudal cerebral nerves, headache, and vertigo.
SERCA2a SUMOylation is essential for preserving SERCA2a ATPase activity and stability. In failing hearts, SUMO1 levels and SERCA2a SUMOylation are reduced, and restoring SUMO-1 levels can improve cardiac function. Therefore, SUMOylation is a critical regulator of SERCA2a function and a potential therapeutic target for heart failure.
X-linked spinal and bulbar muscular atrophy (SBMA) | Fragile X syndromes of mental retardation (FRAXA and FRAXE) | Myotonic dystrophy | Huntington's disease | Spinocerebellar ataxia type 1 (SCA1) | Dentatorubral-pallidoluysian atrophy (DRPLA)
yes
ABL kinase | Platelet-derived growth factor receptor (PDGFR) | c-kit kinases | BCR-ABL
Epilepsy | Subependymal giant cell astrocytomas (SEGAs) | Rhabdomyoma | Renal angiomyolipomas
MER41 repeat sequences contain inducible STAT1 binding sites and resemble long terminal repeats of retroviruses. STAT1 binds to MER41 repeat sequences, which are specific to primates. The binding of activated STAT1 protein to MER41 suggests an involvement of repeats in gene regulation.
Functional connectivity in the default mode network is reduced in patients with disorders of consciousness. These patients show impairments in pathways connecting cortical regions within the DMN, including the pathway connecting the posterior cingulate cortex/precuneus with the thalamus. These findings reinforce the importance of the DMN in awareness.
yes
Rituximab | Dexamethasone | Cytarabine | Cisplatin
yes
Proximal limb muscle weakness | Fatigability | Decreased deep-tendon reflexes | Autonomic symptoms | Lower and upper limbs weakness | Dysfunction of the autonomic nervous system | Dry mouth | Constipation | Blurred vision | Impaired sweating | Orthostatic hypotension | Skeletal muscle weakness | Primary respiratory failure
Pyroptosis is an inflammasome-mediated programmed cell death pathway that can be triggered in macrophages by stimuli such as intracellular bacterial pathogens and *C. albicans*. It is a proinflammatory macrophage death.
*   Anaerobic Gram-negative microflora
*   Anaerobic Actinomyces
*   Spirochetes
Poly(A)-specific ribonuclease (PARN) | CCR4 family | Ribonuclease D (RNase D) family
t(11;22)q(24;q12) | translocation (11;22)(q24;q12) | translocation involving chromosomes 11 and 22
AtxA is a trans-activator that regulates anthrax toxin gene expression and is essential for virulence. It also mediates the pX01 influence on capsule synthesis and regulates toxin gene expression during infection. The atxA gene product activates transcription of the anthrax toxin genes.
yes
HilbertVis
yes
IRanges | GenomicRanges | GenomicFeatures
yes
The Hydrocephalus Outcome Questionnaire (HOQ) is used to evaluate quality of life. It also assesses clinical presentation, disease course, long-term health status impact, and cognitive function in patients with hydrocephalus.
Studies have shown that maternal smoking during pregnancy may increase the risk of brain tumors in offspring. One study found a hazard ratio of 1.24 (95% confidence interval: 1.01-1.53) for children of women who smoked during pregnancy. This suggests a possible role for maternal smoking in the development of childhood brain tumors.
lectin complement pathway | LCP
yes
TiO2 | SIMAC | HILIC | Anti-phosphotyrosine antibodies | Immunoprecipitation with an antiphosphotyrosine antibody | Strong cation exchange chromatography combined with immobilized metal affinity chromatography (IMAC)
H3K36 trimethylation | Histone H2B K123 monoubiquitination | Histone H3 K4 trimethylation | Mono-ubiquitylation of histone H2B (H2Bub1)
no
Schizophrenia | Major depressive disorder (MDD) | Psychiatric disorders
Programmed cell death 1 (PD-1) immune checkpoint | PD-1
yes
Several insect species are known to lack selenoproteins. Five insect species have completely lost the ability to encode selenoproteins. This loss has occurred independently in multiple events.
autosomal dominant
yes
Rheumatoid arthritis (RA) | Multiple sclerosis | Alzheimer disease | Prion diseases | Inflammatory diseases | Cancer
Blunt thoracic impact causing fatality without structural damage of the heart and internal organs | Sudden death following blunt chest trauma | Low impact chest trauma causes sudden cardiac arrest
Phthirus pubis | Pubic lice | Crab louse
yes
CpG island shores are sequences up to 2 kb distant from CpG islands [1]. They are also differentially methylated regions [3, 5] and exhibit hypermethylation and hypomethylation [2]. Differential DNA methylation at CpG island shores correlates with gene expression [4].
no
Plakoglobin (Jup) gene | JUP | desmoplakin (DSP)
Edaravone has neuroprotective effects in animal models of TBI by reducing injury volume, oxidative stress, and axonal injury. It also protects against memory deficits following TBI. The mechanism of action may involve scavenging reactive oxygen species and maintaining the autoregulation of cerebral vasculature.
yes
focal cortical dysplasia type I | focal cortical dysplasia
Erythropoietin (EPO) may stimulate cell regeneration after myocardial infarction and improve cardiac function, especially when combined with mesenchymal stem cell (MSC) transplantation. However, clinical trials have not consistently shown beneficial effects of EPO alone. EPO may also be associated with increased diameter stenosis in some cases.
yes
no
yes
PER1 | CRY1 | CRY2 | CLOCK | BMAL1 | CKlε | Rev-Erbα | Per2 | Per | Cry | RORA | NPAS2
CMT4D | hereditary motor and sensory neuropathy Lom | CMT4
yes
yes
LAMP-2A | Lysosome-associated membrane protein type 2A | Lamp-2a
The hallmarks of congestive heart failure include fatigue, dyspnea, compensatory neurohormonal systems, and ventricular remodeling. Disturbed myocardial calcium handling is also a hallmark of cardiovascular diseases such as congestive heart failure. Common pathophysiologic features include changes in left ventricle structure, function, and neurohormonal activation.
Autosomal dominant | There seems to be an autosomal dominant mode of inheritance
Barrow Ruptured Aneurysm Trial (BRAT) | International Subarachnoid Aneurysm Trial (ISAT)
Narcolepsy cases following H1N1 influenza vaccination may be due to an autoimmune reaction triggered by the vaccine in genetically susceptible individuals [1, 4]. This reaction may be antibody-mediated and involve molecular mimicry or bystander activation [1, 3]. Pandemrix vaccination is a precipitating factor, particularly with HLA-DQB1*0602 [5].
*   (18)F-flutemetamol
*   [(11)C]Pittsburgh compound B (PiB)
*   [(18)F]fluro-deoxyglucose
Expanding the transcriptome | Comprehensive characterization of the mouse transcriptome | Focusing on expanding the transcriptome and subsequent analyses
GC-rich isochores | H isochores (GC-rich)
yes
codon 12 | codon 13 | codon 61 | codons 15 | codons 16 | codons 18 | codons 31 | G35T in the KRAS gene | exons 1 and 2 of KRAS
DYNC2H1 | Cytoplasmic dynein-2
Ocrelizumab is a monoclonal anti-CD20 antibody that lyses cells bearing the CD20 marker, leading to B cell depletion. This mechanism effectively reduces disease activity in multiple sclerosis.
Reduces contamination by biotinylated carboxylases | Eliminates contamination of nuclear extracts | Reduces background signals in mass spectrometric analyses
Xist | XIST | X inactive specific transcript
Viral vectors are used in optogenetics as a method of viral transduction of protein channels to stimulate or inhibit neural circuits. They are also used to express optogenetic constructs and transgenes in specific sets of neurons or cells like astrocytes. Viral vectors are a common expression system for expressing proteins in neurons.
prion-like domain | PrLD | 'prion domain'
yes
*   Any patient with adrenocortical cancer (ACC), irrespective of age and family history, is at high risk for a TP53 germline mutation.
*   At least one family member with a sarcoma, breast, brain, or adrenocortical carcinoma (ACC).
Crizotinib-resistant patients | ALK-positive metastatic NSCLC in patients who are intolerant to or have progressed despite therapy with crizotinib | Crizotinib-naïve patients | To improve cost-effectiveness | ALK-rearranged non-small-cell lung cancer
Antioxidant enzyme | Enzyme reducing hydrogen peroxide and lipid peroxides | Antioxidant
yes
GPUs are more suitable for certain biological tasks than CPUs because they can achieve significant speedups in computation. Studies show that GPU reformulation is considerably faster than a single-threaded CPU method, especially for ToF processing [5]. GPGPU speedups on the order of 2 to 8, relative to the standard MODFLOW PCG solver, can also be achieved [4].
3, 3?, 5-triiodo-thyroacetic acid (TRIAC) | 3,5,3',5'-tetraiodothyroacetic acid (tetrac)
yes
Surgical resection is the treatment of choice for GIST. Imatinib is an important additional management tool.
Situs inversus | Bronchiectasis | Sinusitis | Chronic rhinosinusitis | Chronic sinusitis
Facioscapulohumeral dystrophy (FSHD)
Rac | Rac1 | Cdc42
Play a critical role in host-mediated defense against exogenous viruses | Restrict the replication of retroviruses by hypermutating viral cDNA and/or inhibiting reverse transcription | Antiviral proteins
H3S10 phosphorylation | H3 trimethylation at lysine 36 | H4K20me3 | H3K9me3 | H3K79me3
Characterize and quantify query sample sets of 'any protein of interest' | Complete recording of fragment ion spectra | Selection of candidate proteotypic peptides
yes
Drug validation | Comparative genomics of aging | Studying the genetic control of life-history traits in natural populations
TALENs are programmable nucleases. They function by joining FokI endonuclease with the modular DNA-binding domain of TALEs.
yes
Randomised controlled trials (RCTs) of certolizumab pegol (CZP) have shown statistically significant improvements in clinical outcomes. The RAPID 1 and RAPID 2 trials compared CZP + MTX to placebo + MTX, and the FAST4WARD trial compared CZP to placebo. These trials demonstrated the superiority of CZP regarding ACR 20, ACR 50, ACR 70, and quality of life measures.
diglycine (GlyGly) tag | K-ɛ-GG | diglycine modifications
NOTCH3 gene | Notch3
Liganded TRalpha plays a critical role in beta-cell replication and expansion of beta-cell mass during postnatal development, suggesting a role in insulin secretion. The TRalpha P398H mutation is associated with insulin resistance, which could indirectly affect insulin secretion.
yes
Entacapone | Stalevo
intermediate filaments
Poor prognoses | Increased risk of mortality | Related to in-hospital and long term mortality
CREST and certain other ALS-linked proteins share the ability to aggregate, be recruited to stress granules, and alter paraspeckle integrity. CREST also contains a prion-like domain and is a component of paraspeckles, similar to other ALS-associated proteins.
RYR2 | CASQ2 | TRDN | CALM1 | KCNJ2
Nucleosomes are preferentially positioned within exons, especially at the ends of exons. This positioning is independent of expression and is related to sequence conservation of splicing sites. The elevated nucleosome occupancy in internal exons compared to flanking intronic sequences has been observed in human sperm and T cells, as well as in other organisms.
LigandScout | Discovery Studio | Catalyst | PharmaGist | HypoGen
yes
Optic atrophy | Ptosis | Encephalomyopathy | Intractable seizures | Leigh syndrome | Leigh's-like syndrome | Leber's hereditary optic neuropathy | Dystonia
Methods restricted to genetic mutations | Nanoplasmonics | Cancer personalized profiling by deep sequencing (CAPP-Seq)
FGFR3 gene | Fibroblast Growth Factor Receptor3 | FGFR3
Are you asking about the safety of Abatacept for the mother or the developing fetus?
Are you asking about a gene, a research method, or something else?
yes
malaria
Topological domains (TADs) are large, megabase-sized local chromatin interaction domains and substructures within chromatin compartments. They are a pervasive structural feature of genome organization and segment the human genome. TADs are largely conserved in their positions between cell types.
The vibrational theory of olfaction proposes that olfactory receptors respond to molecular vibrations, not shape, and that olfaction is a spectral sense. Electron transfer across odorants at receptor sites measures vibrational frequencies, leading to olfactory perception via inelastic electron tunneling.
yes
The ASSET algorithm is used for the automated segmentation and standardization of early Caenorhabditis elegans embryos. It detects the eggshell and cell cortex from time-lapse recordings and tracks subcellular structures, standardizing the data for quantitative comparisons between embryos. It facilitates efficient quantification and standardization of images.
yes
Pyknons are non-random, variable-length DNA sequence motifs significantly repeated throughout non-coding genomic DNA that also appear at least once among coding genes. They are found more frequently in the 3' untranslated regions of genes and suggest a connection between coding and non-coding DNA. They have only been discovered in the human genome.
Type III iodothyronine deiodinase (D3) | 5D (type-III) | 5'-deiodinase (type-I in euthyroidism) | 5'-deiodinase (type-II in hypothyroidism)
Here's a list of computational methods for the prediction of beta-barrel transmembrane proteins, based on the provided evidence:

*   Machine-learning approaches
*   BETAWARE program
*   Graph-theoretic model
*   BOCTOPUS
*   N-to-1 extreme learning machines
Theatre is a web-based software tool used for the comparative analysis of genomic sequences, especially motifs involved in gene expression regulation. It helps determine or predict the positions of coding regions, repetitive sequences, and transcription factor binding sites in DNA sequences by interfacing with sequence analysis tools and databases. The software displays information clearly and can produce publication-quality color hardcopies.
Cis-regulatory modules (CRMs) are functional DNA elements that regulate development [5]. They are characterized by tightly clustered transcription factor binding sites [1] that can be homotypic or heterotypic [2].
Phospholamban (PLN) | Dephosphorylated PLN
ZEB2 gene | zfhz1b | zfhx1b
Mouse lethality assay | Bioassay | Human induced pluripotent stem cells (hiPSC)-derived neurons | Primary rat spinal cord cells
MDM two binding protein (MTBP) | MTBP
Are you asking about oprozomib in relation to a specific disease or condition?
yes
Naloxone | Naloxone hydrochloride | Opioid antagonist
peripheral heterochromatin | perinucleolar heterochromatin | pericentromeric heterochromatin | zone of chromatin surrounding centromeric heterochromatin | nuclear periphery
yes
UvrA | UvrB | UvrC | UvrD helicase | DNA polymerase I | ligase
yes
MicroRNAs (miRNAs) are implicated in carcinogenesis by negatively regulating gene expression through interaction with the 3'UTR of protein-coding mRNA. They can simultaneously regulate genes on multiple pathways at the post-transcriptional level, with either positive or negative effects on carcinogenesis. For example, miR-106b downregulates APC expression, while miR-657 promotes tumorigenesis by targeting transducin-like enhancer protein 1.
Heterodimeric Rag GTPases
Genes involved in metabolism, transport, and signaling processes. | Transcriptionally active regions of the genome.
X-linked dystonia-parkinsonism | X-linked dystonia parkinsonism syndrome
Human breast cancer | Human prostate cancer | Human gastric tumor cells | Human melanoma
Venous angioplasty, particularly balloon angioplasty of the internal jugular vein, can correct blood pressure deviations in MS patients. Endovascular treatment for CCSVI, which includes angioplasty, appears feasible and safe and may lead to symptom improvement in some MS patients.
Which specific signaling pathway are you asking about?
yes
yes
yes
yes
Proportional to the product of lengths of the sequences being aligned | Same asymptotic computational complexity of the Smith-Waterman sequence-sequence alignment algorithm | Insufficient evidence in retrieved documents.
Nonsense mutation in the gene encoding the transcription factor GFI1B | Biallelic mutations in the NBEAL2 gene | Mutations in NBEAL2
yes
yes
Anoikis is a type of programmed cell death, also known as apoptosis. It is induced when cells detach from the extracellular matrix or neighboring cells.
Na(+)/Ca(2+) exchanger (NCX) | NCX | NCX(REV)
Are you asking about Piebaldism in the context of a specific patient, a genetic study, or something else?
SLC49
yes
Lateral hypothalamus | Hypothalamus | Hypothalamic paraventricular nucleus (PVN)
APOBEC3G inhibits HIV-1 replication by deaminating cytidine residues to uracil in viral DNA, leading to cDNA degradation, non-functional proteins, and decreased protein synthesis. It also inhibits HIV-1 RNA elongation by inactivating the trans-activation response element. This occurs primarily in vif-deficient HIV-1.
Incontinentia pigmenti
Are you asking about a medication, a research study, or something else?
Could you specify the cell type from which the pseudopodia would be purified?
In ALS spinal motor neurons, TDP43 is predominantly localized to the cytosol and not the nucleus. It appears as punctuate immunoreactivity and as dense skeins, with and without ubiquitinization.
Gfi-1b | MeCP1 complex | ACF/WCRF complex | FOG-1 | TAL-1 | Ldb-1 | Eto-2 | Lmo4 | CdK9 | LMO2-C | PIAS3 | ETS | EGR1 | NR1I2 | RUNX1
yes
H2A.Z | H2AFX (H2A histone family, member X) | H2AX
Obstructive sleep apnea (OSA) diagnosis using home-polysomnography (HPSG) | Monitoring of body weight and blood pressure | Monitoring of patient activity | Monitoring of the difference between maximum heart rate (MHR) and resting heart rate (RHR) | Disaster relief | Dangerous outdoor sports and adventure monitoring | Antiterrorism activities
In what context are you asking about ultraconserved elements and their clusters (e.g., genomics, drug development, or a specific disease)?
Functional class scoring (FCS) examines the statistical distribution of individual gene scores among all genes in the gene ontology class without an initial gene selection step [1]. It is a semi-supervised method that explores both the expression pattern and the functional annotation of genes [4]. FCS methods focus on the correlation between pathway genes and the class of the samples [5].
Timothy syndrome (TS) is a rare, human genetic and multisystem disorder caused by mutations in the Ca(V)1.2 gene. It is a neurodevelopmental disorder associated with autism spectrum disorders (ASDs) and is characterized by QT prolongation and ventricular tachycardia. Two specific point mutations of Ca(v)1.2 glycine residues, G406R and G402S, can cause Timothy syndrome.
severe disruption of early craniofacial development | extreme microphthalmia and severe facial clefting | frontonasal dysplasia
25
Invadopodium maturation | Invadopodium formation | Assembly of actin
chromosome XII
Exon skipping in Duchenne muscular dystrophy involves using antisense oligonucleotides (AOs or AONs) to bind to the dystrophin pre-mRNA. This binding modulates pre-mRNA splicing, causing the targeted exon to be skipped. This process restores the open reading frame of the DMD gene, leading to the production of a shortened but partially functional dystrophin protein.
Using long monolithic columns in proteomics allows for rapid, deep, sensitive, and reproducible proteome analysis. This is advantageous for profiling proteomes.
late G1 phase | S-phase | G(2)/M arrest
Rett syndrome
Surgical treatment for Riedel's thyroiditis includes wedge resection of the isthmus to relieve tracheal compression or radical operations in earlier stages. Corticosteroid treatment and other antifibrosing drugs have also been used with encouraging results.
Dax1 interacts with Esrrb | Dax1 is a negative regulator of Esrrb | Dax1 is a direct downstream target of Esrrb
Are you asking about dovitinib in relation to a specific condition or treatment?
yes
Cancer | Kidney dysfunction | Asthma | Sepsis
yes
Muller's ratchet describes the accumulation of deleterious mutations in a finite population. This accumulation is driven by random fluctuations that result in the loss of individuals with the fewest deleterious mutations, including mutation-free individuals. This process can contribute to the eventual extinction of the population.
HSP70
NSD1 gene | NSD1 | nuclear receptor binding SET-Domain 1 (NSD1) gene
Anorexia Athletica | AA
yes
Ischemic stroke | Thrombus-related venous catheter occlusion in pediatric patients | Central venous catheter (CVC) occlusions in children | Restoration of patency of occluded venous and dialysis catheters in pediatric patients
hDlg | caveolin-1 | IQGAP1 | KSR | MP1
*   DNMT1
*   DNMT3 family
*   DNMT3A
*   DNMT3B
*   DNMT2
DNA transposons | RNA transposons | Non-LTR retrotransposons | LTR-retrotransposons | Ty1/copia-like | Ty3/gypsy-like | Enhancer/Suppressor Mutator-like transposons | LINE-1 (L1) elements
Elevated NT-proBNP levels are associated with stroke severity and unfavorable outcomes after ischemic stroke. NT-proBNP can serve as an independent predictor of unfavorable outcomes. Higher levels of NT-proBNP are observed in patients with unfavorable outcomes compared to those with favorable outcomes.
EZH2 catalyzes di- and trimethylation of histone H3 lysine 27 (H3K37me2/3), which marks repressive transcription. It is also an enzyme for histone H3K27 trimethylation (H3K27me3). EZH2 attenuates during progenitor cell differentiation and ageing, causing loss of PRC binding and transcriptional activation of INK4b and INK4a.
no
yes
Generic versions of Viagra contain sildenafil citrate. One example of a generic version is Elonza, manufactured by Unison Laboratories in Thailand.
Gfi-1b | MeCP1 complex | ACF/WCRF complex | FOG-1 | TAL-1 | Ldb-1 | Eto-2 | Lmo4 | CdK9
Friedreich ataxia | spinocerebellar ataxia type 10 | Autosomal dominant optic atrophy (ADOA) | Menkes disease
194 | hotspots | Insufficient evidence in retrieved documents.
iPSCs can differentiate into insulin-secreting β cells, offering a potential source of replacement cells for diabetes treatment. Patient-specific insulin-secreting cells could be derived from somatic cells through cell fate reprogramming using hiPSCs. iPSC lines from diabetic patients can also differentiate into insulin-secreting β cells.
SElenoCysteine Insertion Sequence (SECIS) | SECIS element | SECIS
yes
Rel-A (p65) | RelB | c-Rel | p50 | p52 | NF-kappaB/p50 | NF-kappaB2/p52
Conjugated hyperbilirubinemia | Coproporphyrinuria | Near-absent hepatic uptake of anionic diagnostics | Chronic fluctuating, nonhemolytic and predominantly conjugated hyperbilirubinemia | Normal hepatic histology
yes
Agrobacterium-mediated methods | Direct delivery methods | Genetic transformation systems based on engineered plant chromosomes (minichromosomes or plant artificial chromosomes) | Red/ET recombination | Unique restriction site elimination | Direct in vitro transposition of viral genomes with a BAC cassette | CreloxP recombination system | Homing endonucleases
yes
BRG1 | brm-related gene 1
yes
AzgA | Fcy21p
GDNF | Neurturin | Artemin | Persephin | NRTN | ARTN | PSPN
Fava beans
p.W1095X, c.3284G>A | R27H | E901K | G1743R | V728I | N1443S | E1152X | c.664C>T; p.Arg222X | Ala2>Thr | Ala735>Thr | Val1340>Ile | IVS18-1G>A
Sotos syndrome is a congenital/genetic overgrowth syndrome characterized by overgrowth during childhood, macrocephaly, and distinctive facial appearance. It is also associated with learning disability/difficulties or mental retardation of variable severity.
The CRAPome is a contaminant repository for affinity purification.
PMID 24323793 | PMID 23728690 | PMID 23046909 | PMID 22992327 | PMID 19357145
yes
factor Xa | direct factor Xa
Fanconi anemia (FA) | dyskeratosis congenita (DC) | Diamond-Blackfan anemia (DBA) | Shwachman-Diamond syndrome (SDS) | amegakaryocytic thrombocytopenia
Yellow fever virus is transmitted by an arbovirus, specifically by mosquitoes such as Aedes aegypti, between arthropod vectors and vertebrate hosts.
no
Controls mouse erythropoiesis | TAF10 is enriched on the GATA1 locus in human fetal erythroid cells | Interacts directly
TNF-alpha represses the induction of thyroid hormone receptor-beta. Specifically, xTNF-alpha drastically repressed the induction of thyroid hormone receptor-beta by T3.
Enterococcus faecium | Staphylococcus aureus | Klebsiella pneumoniae | Acinetobacter baumannii | Pseudomonas aeruginosa | Enterobacter species
Dovitinib induces cell cycle arrest, specifically G2/M arrest, in various cancer cell lines. It can also delay mitotic exit, leading to mitotic slippage, and at higher concentrations, induce a G2 arrest similar to the G2 DNA damage checkpoint. Inhibition of FGFR3 with dovitinib also induced cell cycle arrest.
PDGF receptor expression correlates with metastatic medulloblastoma. PDGFRB tyrosine kinase activity is critical for migration and invasion of medulloblastoma cells.
Calcium-induced calcium release (CICR) is the primary mechanism linking electrical excitation and mechanical contraction in cardiac cells. It involves Ca(2+) influx, often through L-type Ca(2+) channels, triggering Ca(2+) release from the sarcoplasmic reticulum (SR) via ryanodine receptors (RyRs). This process occurs in specialized regions called dyads and is critical for excitation-contraction coupling in cardiomyocytes.
Molindone is an antipsychotic that binds loosely to D2 receptors compared to dopamine and is short-acting. It elevates FLI in the dorsolateral striatum and has a liability for producing extrapyramidal side effects. Molindone had no effect on D4 mRNA levels in cortical or striatal tissue.
Dual-specificity phosphatases (DUSPs) dephosphorylate phosphotyrosine and phosphoserine/phosphothreonine residues. They negatively regulate and inactivate MAP kinases (MAPKs), shaping the duration, magnitude, and spatiotemporal profile of MAP kinase activities. They exert a pivotal role in cell physiology.
US | Ultrasound | non-invasive US
Semagacestat | LY-450139
yes
HPRT1 gene | gene encoding HGprt | X-linked gene encoding the purine metabolic enzyme, hypoxanthine guanine phosphoribosyl transferase (HPRT)
adenosylmethionine | S-methylmethionine | SAMe
Human accelerated regions (HAR) are defined as regions in the human genome that show significant evolutionary acceleration. One example is Human Accelerated Region 1 (HAR1), a rapidly-evolving locus.
OXA-48 | KPC | VIM-1
Genomic Regulatory Blocks (GRBs) are chromosomal regions or segments spanned by highly conserved non-coding elements (HCNEs). These regions contain developmental regulatory genes and phylogenetically unrelated genes. Most HCNEs within GRBs serve as regulatory inputs for a target gene in the region.
RET gene | RET | RET-620
Heart failure | Syncope | Ventricular arrhythmias | Stroke | Left ventricular end-diastolic diameter of 66 ± 11 mm | Ejection fraction of 27 ± 10% | Apical and/or mid-ventricular segments of the left ventricle involvement | Pulmonary hypertension | Prominent hypertrabecularisation in the apical and mid left ventricular segments | Sudden cardiac death | Heart enlargement | Complete left branch conductive block | Serious sick sinus syndrome | Paroxysmal supraventricular tachycardia
Are you asking about STARR-seq in the context of gene regulation, cancer research, or another specific area?
Inactive X chromosome | Heterochromatin regions | Promoter region of the L41 gene
yes
7SL RNA gene | 7SL RNA-derived retroposing monomeric element | common 7SL RNA-derived retroposing monomeric element
lumbosacral
intensity-based absolute quantification | Intensity-Based Absolute Quantification Index
Sodium channels | Na(+) channels
yes
Increased generation of reactive oxygen species (ROS) is associated with the downregulation of cyclin B1.
yes
Molecular transporters contribute to multi-drug resistance in bacteria through various mechanisms. ABC transporters actively efflux xenobiotics, RND transporters and membrane fusion proteins play a role in antibiotic resistance, and MDR transporters mediate c-di-AMP secretion to regulate peptidoglycan synthesis in response to cell wall stress.
The minimal genome build is a key step in building a minimal artificial cell and comprises the genetic elements needed for survival. It is estimated to include 300-350 protein-coding genes for bacteria on a rich medium. However, a universal minimal genome remains elusive due to context-dependency and a lack of consensus on what makes a gene truly essential.
yes
yes
Atrial fibrillation
yes
Fludarabine | Cytarabine (Ara-C) | Amsacrine
IKKα | IKKβ | NEMO | IKKγ
yes
Lachrymal and salivary glands | Exocrine glands
Are you interested in the diagnosis, treatment, or mechanism of injury related to a Malgaigne fracture?
GeneMark.hmm-E | GeneMark-ES | Criticia | Glimmer | ZCURVE | Genscan | HMMgene | Pombe | FFG | Genie
c-Myc | STAT3 | HIF1 alpha | NF-κB
EGFR | epidermal growth factor receptor gene
*   mitochondrial inter-membrane space bridging (MIB) complex
*   Mitofilin/MINOS protein complex
*   MINOS complex
Are you asking about the application of marine metaproteomics in the context of human health, environmental monitoring, or another specific area?
NF1 gene | Chromosome 17
β-myosin heavy chain | SR(Ca)ATPase | phospholamban (PLB) | nucleotide-gated potassium channel 2 | KCNE1
Metabolites | Metabolomics | Tandem mass spectrometry data
AATAAA | AAUAAA
DEEP | PRISM
Amyloid (Aβ 1-42) | Total tau (t-tau) | Phosphorylated tau (p-tau 181p)
yes
Are you asking about GRO-seq in the context of a specific disease, gene, or research area?
Represses hematopoietic genes in erythroid cells | Suppresses target genes | Reduced number of HSC
no
KCNJ2 | HERG | CACNA2D1
Localized suppurative peritonitis in the postoperative period | Post-herpetic neuralgia | Duodenal ulcer
Otorrhea | Facial pain with trigeminal nerve involvement | Abducens nerve palsy | Otitis media | Deep facial pain | Ipsilateral abducens nerve paralysis | Facial pain and paresthesia in V1 and V2 distribution of trigeminal nerve | Pain in the distribution of the first and the second division of trigeminal nerve | Diplopia
yes
yes
yes
Inversely correlated | fT3<2 pg/ml | Increased progressively
Age in years | NIH Stroke Scale (NIHSS) score
yes
*   Phosphoenolpyruvate-carboxykinase
*   Pyruvate kinase
*   D1 (DIO1)
Blue | Intense blue
HPL-2 regulates the dauer developmental decision, vulva development, and fertility in C. elegans. It also regulates the expression of germline genes. HPL-2 links developmental plasticity, longevity, and lipid metabolism.
yes
yes
Women with rheumatoid arthritis may experience adverse pregnancy outcomes, including a higher risk of preterm delivery, increased frequency of cesarean deliveries, preeclampsia, and potentially congenital anomalies in newborns. Pregnancies occurring after the onset of RA may have a higher frequency of adverse outcomes.
Are you asking about DNA shape in the context of a specific disease, gene, or research area?
Diabetic animals develop hypothyroidism, characterized by lowered T3 and T4 levels. Treatment with T3 can prevent cardiac dysfunction associated with diabetes, suggesting that reduced thyroid hormone levels contribute to the development of diabetic cardiomyopathy.
Bootstrap | Jackknife | Alignment confidence score | Branch support analyses | Supertree Bootstrap percentage | Mean branch support (mean Bootstrap percentage or mean posterior probability) | Reproducibility index
H3K36 trimethylation | Methylation of histone H3 at lysine 36 | Set2-mediated methylation of histone H3-K36
yes
Interleukin-6 | IL-6
Stroke | Childhood arterial ischemic stroke
Histone deacetylation leads to the condensation of chromatin, which inhibits transcription and results in gene silencing. This is due to the activity of histone deacetylase (HDAC) enzymes.
Nucleolus (under growth conditions) | Cytoplasm (under stress conditions) | Nucleus (under growth conditions)
Topical minoxidil | Oral finasteride | HairMax LaserComb® | Low-level light therapy (LLLT)
collagen | collagen peptides | bone collagen
yes
SAHA, a histone deacetylase inhibitor, crosses the blood-brain barrier and increases histone acetylation in the brain. In a mouse model of Huntington's disease, SAHA dramatically improved motor impairment. This suggests that SAHA has therapeutic potential for Huntington's disease.
mHealth approaches can be used for child obesity prevention. mHealth tools also support HIV programmatic priorities, including linkage to care, retention in care, and adherence to antiretroviral treatment. Text messaging, a form of mHealth, may be a useful self-monitoring tool for weight control.
Orexin receptors | Dual orexin receptors
no
Could you specify which species or sample type you're working with?
LPIN2
Assessing cell viability | Cell death assay | Vital staining
pulmonary arterial hypertension | PAH
Ranolazine, through I(NaL) inhibition, reverses the effects of increased CaMKII activity in the heart. It also reduces the phosphorylation of CaMKII targets.
Developmental delay | Epilepsy | Neonatal diabetes | Mental retardation | Motor problems
A comprehensive collection of annotations and structures for protein modifications and cross-links | A comprehensive collection of annotations and structures for protein pre-, co- and post-translational modifications | Supplemental information on post-translational modifications
Huntington's disease
yes
yes
yes
20S core particle | proteasome
yes
RPS19 | RPS24 | RPS17 | RPL35A | RPL5 | RPL11 | RPS7 | RPS10 | RPS26 | RPL26 | GATA1
yes
Xp21-p11
no
The Center of Epidemiological Studies-Depression Scale (CESD), the Hamilton Depression Rating Scale (HDRS), and the Patient Health Questionnaire (PHQ)-9 are promising options for screening poststroke depression. The Beck Depression Inventory (BDI), Hospital Anxiety and Depression Scale-depression subscale (HADS-D), Hamilton Rating Scale for Depression (HAMD), and Montgomery-Asberg Depression Rating Scale (MADRS) also demonstrated good discriminating abilities. However, one study indicated that none of the instruments are entirely satisfactory for case-finding.
Trichostatin A (TSA) is a histone deacetylase inhibitor (HDACi) with antitumoral properties. It targets cancer cells and tumor vasculature and induces apoptosis of tumor cells. A functional gene screen was used to identify the key genes responsible for its tumor-selective killing.
yes
yes
Dabigatran | Direct thrombin inhibitors
Congenital sensorineural hearing loss | Goiter | Impaired iodide organification | Enlargement of the vestibular aqueduct | Profound deafness in childhood | Defective organic binding of iodine in the thyroid gland | Hypoplasia of the cochlea | Positive finding in the perchlorate discharge test
A collection of curated protein families | Over 10,000 protein families
reads per kilobase per million reads (RPKM)
no
Aurora A kinase | AAK
Borrelia afzelii | Borrelia burgdorferi | Borrelia garinii
MCT8
p65 | p50
yes
JNK phosphorylation | JNK
endothelin receptors | endothelin-1 receptor
Most cases of subacute thyroiditis are caused by viruses, including Coxsackie, cytomegalovirus, Epstein-Barr virus, and adenovirus.
Proton-pump inhibitors | Immunosuppressive drugs | Fluticasone
1:2000 | 4 times more to 40 times less common than 1:2000 | 1:7000
Blocks cargo sequestration | Endoplasmic stress induction | SERCA inhibitor
HER2-positive | Commonly HER2+ | Most breast cancers in patients with LFS exhibit a triple-positive phenotype (estrogen receptor-positive/progesterone receptor-positive/HER2-positive)
Studying the dynamics of time-dependent systems | Photo-induced processes | Fast catalytic reaction kinetics | X-ray diffractive imaging of biological systems | Material science investigations | Study of matter in extreme conditions | Fundamental processes of life | Following chemical reactions | Following biological processes | Imaging of protein nanocrystals | Single particles such as viruses | Pump--probe experiments for time-resolved nanocrystallography | Snapshot wide-angle x-ray scattering (WAXS) from molecules in solution | Molecular imaging of biochemical reactions at room temperature in solution
Protein kinase A (PKA) | Calcium-calmodulin-dependent protein kinases (CAMKII) | PKG
Humans cannot synthesize Neu5Gc because they lack a functional cytidine monophosphate-N-acetylneuraminic acid hydroxylase (CMAH) protein [3]. This protein is required to synthesize the sugar Neu5Gc, which is otherwise synthesized by animals [2, 3].
17,20-lyase | CYP17A1
MOPD I | microcephalic osteodysplastic primordial dwarfism type I (MOPD I)
GC-rich motif (5'-GGGCGGG-3') | GC-rich element | Sp1-binding site
Type 1 diabetes | Stiff-person syndrome | Cerebellar ataxia | Limbic encephalitis
TREAT-NMD is a worldwide network for neuromuscular diseases that has developed brief standards of care for DMD, which are available on their website. They also have a Care and Trial Site Registry (CTSR) to facilitate clinical research. The initiative aims to support the delivery of promising new therapies for DMD patients.
yes
Papillary thyroid carcinoma | Follicular thyroid carcinoma | Anaplastic thyroid carcinoma | Medullary thyroid carcinoma | Hürthle cell carcinoma | Poorly differentiated thyroid carcinoma
Christianson syndrome is caused by mutations in the X-linked Na(+)/H(+) exchanger 6 (NHE6) or SLC9A6, and is a syndromic form of X-linked mental retardation. Characteristics include microcephaly, severe global developmental delay, ataxia, seizures, and intellectual disability. Other symptoms can include neurological, medical, and behavioral issues such as eye movement abnormalities, gastrointestinal problems, hyperkinetic behavior, and a high pain threshold.
yes
Controlling the Wnt-signaling pathway | Activation of the pathway
Heterotachy describes the variation of substitution rates at a site across time or in different lineages during molecular evolution. This phenomenon is prevalent in nucleotide and amino acid alignments and can be influenced by changes in structural and functional constraints acting on a protein. Inadequate modeling of heterotachy can negatively affect the estimation of phylogenies.
Depression is a common issue for caregivers of brain tumor patients. Studies show that a significant percentage of these caregivers experience increased depression levels and a reduced quality of life due to the psychological burden associated with caring for a brain tumor patient.
Homozygosity for EDNRB mutations, in addition to Hirschsprung disease, can result in Waardenburg-Hirschsprung disease (WS4), sensorineural hearing loss, generalized cutaneous pigmentary defects, albinism, and black lock. These additional effects are associated with syndromes like Waardenburg-Hirschsprung and ABCD syndrome.
Increased mortality, acute rejection, reoperations, and infections (fT3 syndrome) | Increased postoperative atrial fibrillation (SCH) | Longer ventilation (low FT4 with high inotropic support)
Rare form of congenital heart disease | Association of Tetralogy of Fallot (TOF) with an atrial septal defect (ASD) | Cyanotic congenital heart disease | Biventricular origin of the aorta above a large ventricular septal defect | Obstruction of the pulmonary outflow | Right ventricular hypertrophy (tetralogy of Fallot) | Atrial septal defect | Pulmonic stenosis | Ventricular septal defect | Overriding aorta | Patent foramen ovale | Subclass of Tetralogy of Fallot with an atrial septal defect
Sororin is a cohesion protein required for the stable association of cohesin with chromatin. It also functions as a cohesion protection factor.
BCR-ABL gene fusion | BCR/ABL gene fusion | BCR-ABL
no
yes
Rotor syndrome
NSCLC with common EGFR-activating mutations | EGFR-mutant NSCLC | NSCLC patients with tumor EGFR mutation
yes
Gaucher's disease type 1
supervised-learning method for the prediction of heterodimeric protein complexes | naïve Bayes classifier
PiggyBac transposons are a type of DNA transposon derived from moths. They are known for their highly efficient transposition, large cargo capacity, and precise repair of the donor site. The piggyBac transposon system is nonviral and plasmid-based, enabling genomic integration of DNA.
yes
Nuclear | Cytoplasmic | Insufficient evidence in retrieved documents.
no
yes
CAGEr | R | CAGE toolbox
yes
GATA-4 is a transcription factor associated with myocardial regeneration. It is upregulated by TGF-beta and induced by G-CSF treatment. Cells expressing GATA-4 can contribute to heart repair after myocardial infarction by regenerating cardiomyocytes and engrafting into scarred myocardium.
Survive longer | Higher longevity | Positive effects on life expectancy
yes
Prolonged activation of alpha1-adrenergic signaling by PE leads to overexpression of nuclear TRalpha1. In the absence of T3, PE increases TRalpha1 expression in the nucleus and decreases it in the cytosol. This response appears to be an ERK kinase-dependent process.
*   TMBETAPRED-RBF
*   TMBETADISC-RBF
*   TMB finding pipeline
5'-AMP-activated protein kinase alpha (AMPK) regulates stress granule biogenesis. AMPK is a novel stress granule constituent that controls their biogenesis. The SG-nucleating protein G3BP1 is identified as an AMPK-α2 binding partner.
The evidence regarding the association between cell phone use and glioblastoma (specifically glioma) is mixed. Some studies found no significant association, while one study found decreased survival in glioma cases with long-term, high cumulative cell phone use. Other studies suggest a possible increased risk among the heaviest users, but this requires further verification.
yes
yes
yes
peroxisome proliferator-activated receptor α/γ | peroxisome proliferator-activated receptors
Catecholaminergic polymorphic ventricular tachycardia (CPVT) is a rare, inherited heart rhythm disorder characterized by polymorphic ventricular arrhythmias under stress, especially physical or emotional stress. It is a malignant disease caused by mutations in proteins controlling Ca(2+) homeostasis and can lead to ventricular fibrillation, syncope, or sudden cardiac death (SCD). CPVT is associated with genetic variants in genes such as RYR2, CASQ2, CALM1, TRND, and KCNJ2.
yes
yes
Prostaglandins are involved in tissue regeneration after myocardial infarction, and their synthesis is associated with fibrillar collagen formation. Suppressing prostanoid production with NSAIDs may have negative effects on cardiac regeneration.
H3K79 methylation is involved in heterochromatin-mediated silencing and is potentially required for proper chromatin reorganization. In spermatids, H3K79 methylation accompanies histone H4 hyperacetylation during chromatin reorganization.
Lacrimal acinar cells | Tear film | Tears | Human lacrimal gland | Major salivary glands | Minor salivary glands | Thyroid
Dermcidin can be found in sweat. There is also evidence suggesting a source of Y-P30, possibly related to dermcidin, might be the placenta.
alpha-fetoprotein (AFP) | human chorionic gonadotropin (hCG) | unconjugated estriol (uE3) | free beta-hCG | total beta human chorionic gonadotrophin (hCG) | intact HCG
Sildenafil
SLC38A9
serogroup B meningococcus | Neisseria meningitidis serogroup B | swine dysentery
Cysts | Cyst | Insufficient evidence in retrieved documents.
Are you asking about the potential impact of listening to Mozart's music on cognitive function or a different topic related to the "Mozart effect?"
The Tokuhashi scoring system is used to evaluate indications for surgery and predict survival in patients with metastatic spinal disease or tumors. It is a prognostic tool used when considering surgery for these patients.
3,5-diiodo-L-thyronine (T2) | GC-24 | CO23 | Diiodothyropropionic acid (DITPA) | GC-1
yes
p53 | BRCA1 | NRF2 | RAD51
RANKL
Fluorescent Timer (DsRed1-E5) | green fluorescent protein (Gfp) | Flavin-based fluorescent proteins (FbFPs) | mCherry
MutT proteins act against DNA lesions by hydrolyzing damaged nucleotides like 8-oxo-dGTP and 8-oxo-GTP to their corresponding nucleoside monophosphates, thereby sanitizing the nucleotide pool and preventing their incorporation into DNA. In some bacteria like M. tuberculosis, this detoxification occurs in two stages, with MutT proteins first converting damaged triphosphates to diphosphates, and then to monophosphates.
yes
Oct4 | Sox2 | Klf4 | c-Myc
Anhedonia, or reduced positive affect, is an independent predictor of adverse outcomes in coronary disease patients. It predicts major clinical events, death/MI following stent implantation, and severe cardiac events, even after adjusting for other risk factors. Anhedonia may also improve risk stratification above and beyond diabetes.
Naltrexone, an opioid antagonist, may be an effective treatment for pathological gambling in Parkinson's disease patients, especially when serotonin reuptake inhibitors are ineffective. However, naltrexone does not appear to improve motor symptoms in Parkinson's disease.
Oxaliplatin monotherapy is a promising and effective treatment option for patients with metastatic colorectal cancer, even in previously untreated cases. A dose schedule of 130 mg/m(2) every 3 weeks is considered acceptable.
yes
Genes related to chromatin structure and gene expression | CD18
no
MALAT1 | NEAT2 | ci-ankrd52
Mutations in CCDC40 are associated with axonemal disorganization and absent inner dynein arms in primary ciliary dyskinesia. This suggests that CCDC40 is involved in the proper formation or function of cilia, specifically related to axonemal organization and the presence of inner dynein arms.
no
Chromomethylases, specifically CMT3, mediate CHG methylation depending on histone H3K9 dimethylation and are required for H3K9 dimethylation in the egg cell and normal embryogenesis. They also mediate transposon and euchromatin silencing during egg cell reprogramming. Additionally, they could be involved in locus-specific increases of methylation during fruit growth.
yes
Cerebral Cavernous Malformation (CCM) is a disease and/or vascular malformation of the central nervous system that can cause hemorrhagic strokes, seizures, and neurological deficits. It is characterized by hemorrhage-prone vascular malformations and can be caused by mutations in the KRIT1 gene. CCM can sometimes be detected even in the absence of clinical symptoms.
yes
mTORC1 and mTORC2 | mTOR pathway
Bortezomib | Topoisomerase I inhibitors | Topoisomerase II inhibitors | Vincristine | Doxorubicin | Etoposide | Cisplatin | Fludarabine | Pingyangmycin lipiodol emulsion
FUS | TDP-43 | TIA-1 | XRN-1
yes
Sleep apnea | Traumatic brain injury (TBI) | Vascular dementia | Korsakow syndrome | Parkinson's disease | Depression | Alzheimer's disease (in later stages)
Regulating cell death | Coordinate morphological and biochemical events that typify apoptosis | Essential for cell death by apoptosis
yes
Rif1 regulates DNA replication origin firing by counteracting DDK activity through the recruitment of protein phosphatase 1. Rif1 also contributes to replication stress survival in mammals.
yes
Gluten intolerance, including celiac disease and nonceliac gluten sensitivity, is related to the ingestion of gluten. Celiac disease is a genetically induced food intolerance and autoimmune disease, while nonceliac gluten sensitivity is a heterogeneous condition. Currently, there is no specific biomarker for gluten sensitivity.
yes
Electronic food diaries can be more effective than traditional food diaries in promoting healthy eating habits [1]. They offer functionalities such as data recording, viewing, and transmission [3]. However, developing user-friendly electronic food diaries can be challenging [2].
yes
Endoplasmic Reticulum-Associated Protein Degradation (ERAD) is a cellular process that identifies misfolded proteins in the endoplasmic reticulum, retrotranslocates them to the cytosol, ubiquitinates them, and then degrades them via the proteasome. It serves as a quality control mechanism for proteins of the secretory pathway.
Dabrafenib | Vemurafenib
Myocardial replacement fibrosis | J wave | Extreme left ventricular hypertrophy
Urinary incontinence and overactive bladder result in substantial economic costs. In 2000, the estimated total economic cost of OAB in the US was $12.02 billion. In South Korea, the estimated total cost of treating OAB and stress urinary incontinence was between 59 and 145 billion KRW in 2006 and 2007.
YAP and TAZ | TEADs
Over 30 | More than 30 | 40
yes
stationary phase | nondividing cells | stress
Par6 | aPKC | ZEB1
yes
yes
p53
Mutations in the CHCHD10 gene are associated with several diseases, including lower motor neuron syndrome LOSMoN/SMAJ, late onset spinal motor neuronopathy, frontotemporal dementia (FTD), amyotrophic lateral sclerosis (ALS), cerebellar ataxia, myopathy, hearing impairment, and autosomal dominant mitochondrial myopathy.
Flumazenil
yes
Next-generation sequencing can be used for mutation screening to detect inherited Alu insertions within predefined sequences, such as c.1739_1740insAlu in BRCA1 and c.156_157insAlu in BRCA2. NGS approaches like SOLiD 4 and Ion Torrent PGM are used to generate targeted sequence data of genes like BRCA1 and BRCA2.
Periodic hypothermia | Hyperhidrosis | Agenesis of the corpus callosum | Recurrent hypothermia | Shivering | Sweating | Altered consciousness | Syncope
maternal immune activation (MIA) mouse model | BTBR T+tf/J (BTBR) | C58/J mouse strain | Grin1 knockdown mice
Are you asking about BioASQ in the context of a specific disease, treatment, or research area?
Contribute to stress granule formation | Required for translation of interferon stimulated mRNAs | Regulator of the interferon response against dengue virus | Initiates the assembly of stress granules by forming a multimer
Epidural blood patch | Epidural blood patching | Invasive measures with epidural blood patch
The HRC Ser96Ala polymorphism is associated with ventricular arrhythmias and sudden death specifically in patients with dilated cardiomyopathy. The HRC(S96A) mutant exacerbates the inhibitory effects of HRC(WT) on calcium handling and increases the risk of arrhythmogenic calcium waves in stressed hearts, linking this genetic variant to life-threatening arrhythmias.
1-2 per 100,000 athletes per annum | One case for each 200,000 young athletes per year | 1-3 per 100,000 person years
Amitriptyline ameliorates muscle inflammation and depressive symptoms in the mdx mouse model of Duchenne muscular dystrophy. It also has anxiolytic and antidepressant effects, associated with increased serotonin levels in the amygdala and hippocampus. Furthermore, amitriptyline reduces inflammation in skeletal muscle tissue by decreasing immune cell infiltration and lowering levels of pro-inflammatory cytokines.
H3K9me2 | H3K27me3 | H3K36me3
TREX1 | RNASEH2A | RNASEH2B | RNASEH2C | SAMHD1 | ADAR
Dechloromonas | Ralstonia | Rhodoferax | Polaromonas | Delftia | Chromobacterium | Shewanella oneidensis | Geobacter species | Geobacter | Bacillus | Paenibacillus | Lysinibacillus | Klebsiella | Microbacterium | Chryseobacterium
Corrected QT intervals <300 ms | QT and QTc < or = 300 ms | Rate-corrected QT intervals<320 ms
A polymorphism in the THRA gene (rs939348) is associated with systolic blood pressure and the risk of hypertension [1]. However, the levels of thyroid hormone receptor isoforms do not differ significantly between spontaneously hypertensive rats and control rats [2].
Abiraterone is an inhibitor of androgen biosynthesis. Specifically, it is a potent inhibitor of human cytochrome P45017alpha.
Are you asking about methods to increase neprilysin activity, or about delivering neprilysin protein itself?
alpha-proteobacterium | purple non-sulphur bacteria | Alphaproteobacteria
X-linked intellectual disability (XLID)
Sarcoplasmic reticulum Ca(2+)-ATPase (SERCA) | SERCA | Sarcoplasmic reticulum calcium ATPase (SERCA2a)
X-linked recessive | X-linked inheritance
Ephrins play a role in brain cancer. Specifically, EFNB2 and EFNB3 are expressed in human neuroblastoma (PMID 10984508). Glioma migration and invasion are also modulated by EphB2 (PMID 15126357), which interacts with ephrins.
Increased Ty1 cDNA levels | Increased deoxynucleoside triphosphates (dNTPs) pool | Increased retromobility
no
Endogenously ubiquitinated protein complexes | The thousands of ubiquitinated proteins and of their ubiquitination sites | Global ubiquitylation events
Necroptosis | Apoptosis | Pro-survival/inflammation NF-κB activation
dilation | inhibiting the Edinger-Westphal nucleus | acts directly on the dilator muscle
no
Epithelial-mesenchymal transition (EMT) is a process where epithelial cells acquire characteristics of invasive mesenchymal cells. EMT contributes to cancer metastasis and progression, carcinogenesis, and the formation of tissues and organs during development. It is characterized by loss of E-cadherin expression and can be promoted by pathways like TGF-β, Wnt, and Notch signaling.
yes
T-cell leukemia | Other cancers | Multiple Sclerosis | CADASIL | Alagille Syndrome | Spondylocostal Dysostosis | HCC (Hepatocellular carcinoma) | MCL (Mantle cell lymphoma) | ATL (Adult T-cell leukemia/lymphoma)
yes
no
yes
autosomal dominant inheritance | autosomal dominant | sporadic
Experimental autoimmune encephalomyelitis (EAE)
HER2+ | HER-2 positive | hormone receptor and HER-2 positive
Radioactive iodine | Surgery | Propranolol | Propylthiouracil
yes
POM121 | NDC1
beta-Trcp E3 ubiquitin ligase | SCF(betaTrcp)
yes
hepaCAM | RARβ(2) | APC
no
prion-related domain (PRD) | Q/N-rich prion domain
yes
SET domain | catalytic domain | n-SET domains
Are you asking about smFISH in the context of a specific disease, research area, or gene?
WPSS method | SCGPred
Medicarpin | (-)-medicarpin
SPARC expression is correlated with growth inhibition in some human cancers. Specifically, SPARC inhibits medulloblastoma cell proliferation [3], and its upregulation suggests cell cycle inhibition in ccRCC cells [4]. Additionally, SPARC expression was upregulated when neuroblastoma proliferation was decreased [2].
Chédiak-Higashi syndrome (CHS) | CHS
yes
Dronedarone antagonizes thyroid hormone binding to TRalpha1 [4] and decreases the expression of TRalpha 1 and beta 1 [2, 3]. This results in cardioprotection by selectively mimicking hypothyroidism [5].
Sec insertion sequence (SECIS) element | tRNASec | SECIS binding protein 2 (SBP2) | SECp43 | SLA | SPS1 (selenophosphate synthetase 1) | SPS2 (selenophosphate synthetase 2)
The ESCRT machinery functions in the degradation of transmembrane proteins, formation of multivesicular bodies, sorting of proteins to the yeast vacuole, and autophagic degradation. It also enables HIV-1 particle release and functions at the plasma membrane.
p18(Ink4c) | p16INK4A (P16) | p21 C-terminal domain (p21(CT))
TRH appears to play a significant role in hypertension. Overexpression of the TRH precursor gene can induce hypertension, and central TRH hyperactivity is observed in hypertensive rats. Leptin-induced TRH synthesis and release may contribute to obesity-related hypertension, potentially through sympathetic activity.
yes
juvenile hemochromatosis | non-HFE HH
Inhibitor-1 | protein phosphatase inhibitor-1 (PPI-1)
Neutrophil extracellular traps (NETs) are implicated in the pathogenesis of systemic lupus erythematosus (SLE). NETs may act as a source of autoantigens and can damage tissues, including the endothelium. Impaired clearance of NETs and increased NETosis are observed in lupus patients.
Hsp90 | Heat-shock protein 90
yes
Von Hippel–Lindau (VHL) disease or syndrome is an autosomal dominant inherited syndrome or familial cancer syndrome characterized by multiple benign and malignant tumors or cystic and highly vascularized tumors affecting multiple organs. It is associated with mutations of the VHL tumor suppressor gene. It is also described as a phacomatosis with a predisposition for the central nervous system and retina.
Could you please specify the context in which you are asking about HER2 dimerization, such as a particular cancer type or treatment?
HLA-B*5701 testing | HLA-B*57:01 typing | HLA-B∗5701
yes
yes
TA dinucleotides | CG dinucleotides | GCA.TGC trinucleotides | CTA.TAG trinucleotides | Octanucleotides | CpG dinucleotides
yes
Graves' disease | Breast cancer | Insulin-dependent diabetes mellitus | Progressive encephalomyelitis with rigidity
Adaptive mutagenesis in Bacillus subtilis involves several mechanisms. Mfd, a transcription coupling repair factor, is central to this process. Other contributing factors include cell differentiation, transcriptional derepression, error-prone processing of deaminated bases under nutritional stress, and oxidative stress-induced DNA damage. Transcription-associated mutagenesis can occur independently of recombination-dependent repair and Y DNA polymerases.
extraversion | agreeableness | conscientiousness | emotional stability | openness to experience
*   HDAC6
yes
chronic myelogenous leukemia | metastatic gastrointestinal stromal tumors (GIST) | Treatment with adjuvant imatinib following surgical resection of localized Kit-positive GIST
APOBEC3 (hA3) proteins (A-H) | SAMHD1
no
Protection from malaria infections | Advantage against the development of cancer | Reduces the risk of coronary diseases
Macrostomum lignano is a useful model organism for studying ion channels and stem cells because manipulating its membrane potential influences regeneration. It is a versatile model for addressing the role of membrane potential in stem cell maintenance, proliferation, and differentiation. The provided evidence highlights the biological and experimental properties of M. lignano and overviews experimental tools developed for this animal model.
yes
L-Dopa | levodopa
Autosomal dominant | Familial | Recessive
The INSURE method consists of an intubation-surfactant-extubation sequence. It can improve lung oxygenation, decrease the incidence of VAP, and shorten the duration of oxygen therapy in neonates with NRDS. In some cases, it is used with nasal continuous positive airway pressure (NCPAP) and back-up ventilation.
Algorithm for extracting PPIs from literature using support vector machines (SVMs) | Information extraction system based on the Hidden Vector State (HVS) model | System developed as a part of the OntoGene project
Thyrocyte destruction in autoimmune thyroiditis, specifically Hashimoto's thyroiditis, is induced through Fas-mediated mechanisms. This involves interactions between Fas and FasL, potentially triggered by autoreactive T-cells. Cytokines also play a role in controlling thyrocyte survival.
Heterochromatin | Chromatin organization | Insufficient evidence in retrieved documents.
LHCII | Light-harvesting complex of Photosystem II (LHC II)
yes
yes
Amyotrophic lateral sclerosis (ALS) | Frontotemporal dementia (FTD) | Myocardial fibrosis | Heart failure | Arrhythmias | Sudden death
yes
yes
yes
Trifluridine (TFT) | Tipiracil hydrochloride | α,α,α-trifluorothymidine (FTD) | Thymidine phosphorylase inhibitor (TPI)
BRCA1 dysfunction | BRCA1-like profile | Insufficient evidence in retrieved documents.
Are you asking about a medical condition, a reaction to a substance, or something else?
Many strains of Candida glabrata are resistant to the fungicidal effects of Hst5. This resistance may be due to reduced binding of Hst5 to the cell wall of C. glabrata and reduced uptake due to uncharacterized polyamine transporters. Expression of C. albicans Dur proteins in C. glabrata can overcome this reduced uptake.
galactocerebrosidase (GALC) | galactocerebroside beta-galactosidase | GalCase
yes
RIFIN proteins are variant surface antigens expressed on the surfaces of infected erythrocytes. They exhibit stage-dependent localization patterns.
Cognitive-behavioral treatment (CBT) | Group cognitive-behavioral treatment (CBT) | Individual cognitive-behavioural therapy (FRIENDS) | Group cognitive-behavioural therapy (FRIENDS)
yes
MC1R SNPs | MC1R gene | ASIP, MATP, SLC24A5, TYR, TYRP1 and OCA2
Clinical management of Fanconi anemia includes hematopoietic stem cell transplantation for hematopoietic manifestations, lifelong surveillance for solid tumors, and bone marrow surveillance. Surgery is the primary treatment for head and neck squamous cell carcinoma due to poor tolerance of radiation therapy and chemotherapy.
yes
yes
icatibant | ecallantide
yes
Colitis-associated tumorigenesis | Intestinal tumorigenesis | Skin carcinogenesis | Variety of human cancers
*   Hypertension
*   Long-term blood pressure reduction in patients with severe renal disease who were not on dialysis
no
Upton type 1 to type 3 Apert hand deformities | Short thumb with radial clinodactyly | Complex syndactyly with a bony fusion involving the index, long and ring fingers | Symphalangism | Simple syndactyly of the fourth web space
yes
Multiple myeloma
PTCH1 | SUFU | PTEN | CREBBP | MYT1L | Nfia | Nfib | Tead1 | Tgif2 | Igf2 | PCDH10
0.01% | 0.39/100,000 person-years
Baseball | Softball | Football | Soccer | Cricket | Hockey
yes
Hot water epilepsy is a type of reflex epilepsy triggered by contact with hot water, such as during bathing or hand immersion [3, 4]. VEEG shows fronto-parietal involvement [4]. Intermittent clobazam prophylaxis prior to head water bath might be a preferred mode of treatment [2].
*   Nitric oxide (NO)
*   Derivatives of naphthalene
*   Benzene
*   Alkanes
Here's a list of DNA mutations induced by 2-hydroxy-dATP (2-OH-dATP), based on the provided evidence:

*   Transition mutations
*   Transversion mutations
*   A:T-->G:C mutations
*   A:T-->C:G mutations
*   G:C-->T:A mutations
*   G x C to A x T transition
*   G x C to T x A transversion
*   Substitution mutations
*   Deletion mutations
*   G.C-->A.T transition
*   Tandem (CC-->TT) mutation
*   G.C-->T.A transversions
Erythropoietic protoporphyria | Vitiligo | Photodermatoses
Agrobacterium tumefaciens induces tumors in plants, including Arabidopsis, by transferring and integrating its T-DNA into the plant genome. This T-DNA integration causes neoplastic growth and developmental changes, leading to tumor formation.
yes
Parkinsonism | Depression | Hypoventilation | Severe weight loss | Psychiatric disturbances | Frontal cognitive impairment
Calsequestrin | CASQ | CASQ2
yes
Friedreich's ataxia (FRDA) | Huntington's disease (HD)
yes
bapineuzumab
Are you asking about specific subtypes of calcium channels (e.g., N-type, P/Q-type, etc.)?
The fractal globule is a self-similar, compact polymer conformation where the chain is spatially segregated at all length scales. It is proposed as a model for the non-entangled states of DNA molecules inside cell nuclei and emerges during polymer condensation due to topological constraints. It is also considered a possible transient conformation.
Etoposide | benzoxazoles | benzimidazoles | F14512
Are you asking about SHAPE-Seq in the context of RNA structure probing, or something else?
*   Honokiol
*   Quinoline-3-carbonitrile derivatives
*   Luteolin
*   1,7-naphtyridine-3-carbonitrile
Autosomal recessive | X-linked (FA-B)
Conserved noncoding elements (CNEs) within Hox clusters are thought to be cis-regulatory elements involved in the regulation of Hox genes. Divergence in the sequences of these CNEs may lead to altered expression patterns and functions of the associated Hox genes. Some Hox clusters have lost ancient CNEs.
Oligopaint probes are fluorescently labeled, single-stranded DNA oligonucleotides used to visualize genomic regions ranging from tens of kilobases to megabases using fluorescence in situ hybridization (FISH). This method allows for single and multicolor imaging. Protocols are available for FISH, 3D-FISH, and sample preparation.
Targeted Chromatin Capture (T2C) is a novel technique designed to interrogate large, selected regions of the genome. It provides an unbiased view of spatial organization at high resolution (single restriction fragment resolution) with lower costs than Hi-C. T2C is an efficient, easy, and affordable tool suitable for studying genome compartmentalization and chromatin-interaction networks.
Reported adverse effects of topical minoxidil include hypertrichosis, additional hair growth on areas other than the scalp, central serous chorioretinopathy, pruritus, and local irritation. Central serous chorioretinopathy resolved after discontinuing the drug.
yes
memory loss | loss of memory | dysmnesia
Are you interested in the gastrointestinal or cardiovascular aspects of Heyde syndrome?
yes
MutY | MutM | MutT
Brain tumor progression vs. radiation therapy induced necrosis differentiation | Leukemia classification | Prostate cancer classification | Colon cancer classification | Lymph diseases diagnosis | Parkinson's Disease (PD) vs. Progressive Supranuclear Palsy (PSP) differentiation
no
The CRISPR/Cas9 system's main biological function, based on the provided evidence, is to enable targeted genome editing. This includes generating mutations, knockouts, insertions, and deletions in cell lines and organisms like Drosophila and zebrafish. The system allows for controlled genetic manipulation.
no
Athletes tend to have a lower 2D:4D ratio compared to non-athletes. A lower 2D:4D ratio has been linked to enhanced sporting ability, especially in activities requiring endurance. Kabaddi players also exhibit this lower ratio compared to controls.
The lunar cycle appears to influence the risk of intracranial aneurysm rupture. Specifically, the new moon phase is associated with a statistically significant increase in the incidence of aneurysm rupture and aneurysmal subarachnoid hemorrhage.
Brain natriuretic peptide (BNP) levels increase after traumatic brain injury (TBI) and correlate with the severity of TBI, hyponatremia, and elevated intracranial pressure (ICP). BNP may play an adaptive role in recovery by augmenting cerebral blood flow, and hBNP may improve neurological function and downregulate neuroinflammation. Elevated BNP levels are also observed in TBI patients with cerebral salt wasting (CSW).
CD38 | CD38 epitope
Met1Val (M1V)
mismatch repair | MMR
OikoBase
Elevated NT-proBNP levels are associated with poorer cognitive function and cognitive decline. This association has been observed in patients with vascular disease and may predict cognitive dysfunction even without prior stroke. The relationship between NT-proBNP and cognitive function may be weak but statistically significant.
Establishes the cytokinetic ring that constricts during cell division. | Required for Z ring assembly for cell division. | Required for Z-ring stability. | Regulates bacterial cell division in vivo.
Castration-resistant prostate cancer (CRPC) | Metastatic melanoma
Yes, there is evidence of dysregulated long non-coding RNAs (lncRNAs) in Alzheimer's disease (AD). lncRNAs are implicated in AD and found within mRNA sequences of AD-related genes. Additionally, non-coding RNAs related to AD risk genes like SORL1 have been identified.
Insulin receptor | INSR
yes
yes
yes
What is the purpose of determining the proteome of the FFPE tissue?
Approximately 19% of cancer patients have a Type D personality. This personality trait is associated with negative perceptions of illness, reduced satisfaction with received information, increased comorbidity burden, higher healthcare utilization, and poor quality of life.
Insyght | Genomicus | Sockeye
Aspergillus terreus | Aspergillus terreus SKR10 | Aspergillus terreus TN484-M1 | Aspergillus terreus ATCC 20542 | N45 | UNCS1
Prostate cancer | Melanoma
Dermatitis herpetiformis
MutY | MutS | MutL | UvrD
yes
Ixodes ricinus | Ticks | Arthropod vectors
yes
yes
MEF-2A expression is induced by BMP-2 in cardiac precursor cells, leading to increased expression of sarcomeric myosin heavy chain (MHC). MEF-2A increases MHC expression, and decreased levels of myocyte enhancer factor 2 are linked to impaired ESC differentiation. Furthermore, MEF2 transcriptional activity is important during myoblast differentiation.
mTOR | Raptor | mLST8 | GbetaL
The Menzerath-Altmann law is a statistical law that defines the dependency between the mean size of the whole and the number of parts in quantitative linguistics. It is relevant to the correlation between mean chromosome length and chromosome number.
Mannose 6-phosphate receptors (MPRs) | M6P receptors (MPRs) | mannose 6-phosphate receptor (M6PR) | sortilin
Inflammatory bowel disease | Ulcerative colitis (UC) | Crohn's disease (CD)
yes
NT > or = 3 mm | NT thickness exceeded 4.0 mm | NT exceeded 2.8 mm, 3.0 mm, and 3.4 mm
yes
yes
Catalyzes the excision of introns | Performs splicing | Splicing of mRNA
yes
polC | dnaE
yes
The C-terminal decapeptide of prothymosin alpha stimulates the functions of human neutrophils in vitro, especially those from breast cancer patients. It is also required for the Ca²(+)-dependent interaction between ProTα and S100A13. Furthermore, the C-terminal peptide contains the nuclear localization signal (NLS).
yes
The Ada protein in *E. coli* functions in DNA repair by directly dealkylating mutagenic O6-alkylguanine. Upon methylation, it also acts as a transcriptional activator of genes in the ada regulon.
Monoamine neurotransmitters | Serotonin | Dopamine | Norepinephrine | 5-hydroxytryptamine (5-HT) | Dietary amines
Further studies are required to determine if EMD can improve pulp tissue repair and regeneration | EMD can provide favourable results in DPC procedures | EMD increased the osteogenic potential of hDPCs
yes
The super-SILAC mix is a mixture of five SILAC-labeled cell lines. This mixture is designed to accurately represent the tissue.
32× to 45× | approximately 40× | average coverage of 59×
Reduced by 84-98% | Vaccine efficacy in prevention of CIN 2 or higher lesions in HPV 16 or HPV 18 negative women ranges between 98% and 100% | Insufficient evidence in retrieved documents.
yes
yes
Heart failure symptoms and left ventricular systolic dysfunction | Nonsustained ventricular tachycardia, arrhythmic risk factors, and worse New York Heart Association class | Left atrial and ventricular dysfunction as well as with the severity of heart failure symptoms
Major depression | Depressive patients with gastric ulcers | MDD, OCD, or non-OCD anxiety disorders
Are you asking about using transcranial ultrasound for diagnostic imaging, therapeutic intervention, or something else related to the subthalamic nucleus?
Both hypo- and hypermethylation | Hypomethylation | Hypermethylation
yes
Initial reports suggested intravenous ascorbate was effective in treating cancer, but controlled trials using oral administration did not show a survival advantage. The clinical efficacy of high dose intravenous ascorbate remains a question despite promising preclinical data. Intravenous ascorbate may modulate inflammation, potentially improving outcomes, and could serve as a safe, adjunctive therapy.
antiparallel heterodimers | antiparallel dimers | antiparallel
no
Insufficient evidence in retrieved documents.
Type 1 | Type 2 | Type 3
yes
2.3 MDa | one megadalton | 70S ribosomes
Insufficient evidence in retrieved documents.
LQVVR | (47)LQVVR(51)
ChIRP-seq (Chromatin Isolation by RNA Purification sequencing) is a method where tiling oligonucleotides retrieve specific lncRNAs with bound protein and DNA sequences, which are enumerated by deep sequencing. It illuminates the intersection of RNA and chromatin with newfound precision genome wide. ChIRP-seq reveals that RNA occupancy sites in the genome are focal, sequence-specific, and numerous.
MammaPrint and Oncotype DX are molecular/multigene tests used in early-stage breast cancer to predict recurrence risk and guide adjuvant chemotherapy decisions. They help clinicians stratify risk, avoid unnecessary treatments, and identify patients who would benefit from specific therapies.
yes
no
DUF families can be deciphered by examining domain covariation across metagenomic datasets and through targeted attempts at characterization in the laboratory or in silico. Determining three-dimensional and crystal structures of DUF families can also help in deciphering them.
β-MHC | HCN4 | KCND2 | KCND3 | SERCA
yes
Artificial urinary sphincter | AUS implantation | BAUS implantation
1100delC | CHEK2-1100delC mutation | CHEK2
yes
Elevated thyrotropin (TSH) levels | Exaggerated and prolonged TSH response to thyrotropin-releasing hormone (TRH) injection | Slightly below the normal range TSH bioactivity to immunoreactivity ratio | Growth hormone deficiency | Hypergonadotropic hypogonadism | Prolonged and exaggerated responses of adrenocorticotropin (ACTH) to insulin-induced hypoglycemia and corticotropin releasing hormone (CRH) | Deficient expression of calcitonin
The treatment of choice for gastric lymphoma varies depending on the specific type and stage. Options include H. pylori eradication, radiation therapy, chemotherapy, surgery, or a combination of these approaches. The optimal treatment strategy remains controversial, especially for localized primary GI lymphoma.
TUNEL (terminal deoxynucleotidyl transferase-mediated dUTP-biotin nick end labeling) | ISEL (in situ end labeling) | Terminal deoxynucleotidyl transferase labeling of DNA fragments with digoxigenin-deoxyuridine triphosphate | In situ staining of the genomic DNA in fragmented nuclei
yes
Altered thyroid hormone levels | High serum T3 levels | Disturbed TH parameters
yes
Cell nucleus | Nucleus
Dermarollers are used in microneedling for hair growth stimulation, especially when hair loss is unresponsive to Minoxidil. They are also used in the treatment of scars, stretch marks, wrinkles, and for facial rejuvenation, and can be used for transdermal drug delivery.
yes
yes
Eprotirome is a thyromimetic with selective TRβ1 activity and is liver-selective. It is designed to selectively target the TRβ receptor in the liver.
Music therapy is used in the neurological early rehabilitation of patients with coma and other disorders of consciousness. Music can boost cognitive functions in brain-damaged subjects. Preferred music has a beneficial effect on the cognitive abilities of patients in a minimally conscious state.
Plasmodium falciparum | Plasmodium ovale | human malaria pathogens
Cardiotoxicity
Are you asking about GDF10 as a gene, a protein, or something else?
yes
yes
yes
A-to-I editing
yes
APOBEC3G (A3G) | APOBEC3F (A3F) | APOBEC3D | APOBEC3H
yes
Long non-coding RNAs differ from protein-coding genes in that they display a bias toward two-exon transcripts and are generally lower expressed with more tissue-specific expression patterns. A large fraction of tissue-specific lncRNAs are expressed in the brain.
no
yes
Lack of expression of paternally inherited genes on chromosome 15q11-q13 | Disturbed expression of genes from the imprinted region of 15q11-q13 | Genetic defects in certain regions of chromosome 15q11-13 | Imprinting genes on the proximal long arm of chromosome 15 | Paternal microdeletions of 15q11-q13 | Maternal UPD of chromosome 15 | Absence of function of PWS genes that are normally expressed only from the paternal chromosome 15
10-19 years | < 40 years | 40-59 years
Insufficient evidence in retrieved documents.
*   MosaicFinder
*   FusedTriplets
yes
PLX3397 is a CSF1R inhibitor that traps the kinase in an autoinhibited conformation [2]. It inhibits CSF1R and related kinases, decreasing microglial numbers by promoting microglial apoptosis [3]. PLX3397 also inhibits KIT [5].
Celiac disease
yes
IL-17A | interleukin-17A
Calcineurin | CaN | Calmodulin-dependent protein phosphatase 2B
yes
yes
no
H3K36 trimethylation | H3 trimethylation on lysine 36
To understand the transcriptional network that regulates macrophage differentiation and to uncover novel components of the transcriptome | To better understand the transcriptional network that regulates macrophage differentiation | To uncover novel components of the transcriptome
yes
Iron deficiency can ameliorate restless leg syndrome, especially in end-stage renal disease patients. Additionally, restless legs syndrome is associated with a decreased dopamine transporter in the striatum.
Regulating the timing of sleep | Regulating REM sleep amount | Regulating NREM sleep architecture | Suppress Wnt/beta-catenin | Promote the Wnt/Rac-1/JNK pathway | Promote Wnt/NFAT pathways | Short circadian period | Abnormal entrainment to light cycles | Potentiated resetting responses to light | Heightened sensitivity to light | Regulates the photic entrainment pathway
yes
CYP2C19
Induces skipping of dystrophin exon 51 | Enables dystrophin production | Restores the open reading frame
Parkinsonism with dementia of Guadeloupe syndrome (Gd-PSP) presents with levodopa-resistant parkinsonism, tremor, and dementia. Additional features include myoclonus, hallucinations, REM sleep behavior disorder, abnormal eye movements, and dysautonomia. The syndrome is a tauopathy resembling progressive supranuclear palsy.
yes
ER-positive breast cancers
5-Aza-2'-deoxycytidine (5-Aza-CdR) | 5-azacytosine | procainamide derivatives
Armoured brain is a rare condition involving dense calcification over the brain, sometimes referred to as calcified chronic subdural hematoma [1, 5]. It can be a complication of shunt overdrainage and may mask underlying hydrocephalus [2, 3]. The optimal surgical procedure has not been established due to difficulties in brain re-expansion [4].
H3K4me2 | Hyperacetylation of histones H3 and H4 | Mono-methylation at K4 | Mono-methylation at K9 | H3K4 methylation to monovalent and bivalent domains
Thyrotropin Releasing Hormone (TRH) and its analogs may play a role in treating comatose patients by improving consciousness and neurological symptoms. TRH treatment has been associated with improvement and recovery in comatose patients, and its analog, Montirelin hydrate, has shown promise in improving consciousness in animal models. These effects may be mediated by activation of brain dopamine, noradrenaline, and acetylcholine neurons (PMID 8690305).
yes
yes
Amitriptyline | Multimodal approaches | Multidisciplinary program
Insufficient evidence in retrieved documents. The provided snippets indicate that no significantly different gene expression profiles emerged between chronic and aggressive periodontitis.
DUBm | SAGA | TREX2
yes
ATAC-seq is an assay for transposase-accessible chromatin that uses sequencing to identify open chromatin regions. The technique is based on the direct in vitro transposition of sequencing adaptors into native chromatin, with preferential integration of a transposon into open chromatin regions. This allows for the capture of open chromatin sites.
Upf1p | Upf2p/Nmd2p | Upf3p
H4 lysine 20 methylation
yes
Essential hypertension | Hypertension | Hypertensive patients with either hyperlipidemia or NIDDM
Radiotherapy | Concomitant temozolomide | Adjuvant temozolomide | Radiochemotherapy
COL5A1 | COL5A2
Age | Blood pressure | Clinical features | Duration of symptoms | Diabetes
yes
yes
yes
The genetic basis of Hutchinson-Gilford progeria syndrome (HGPS) involves mutations in the lamin A/C (LMNA) gene. In most cases, this involves a mutation at nucleotide position 1824 of the lamin A gene.
base excision repair pathway | base excision repair | DNA repair
yes
scoliosis | dural ectasia | protrusio acetabuli | ligamentous laxity | pectus excavatum | pectus carinatum | arachnodactyly | Otto pelvis | dolichostenomelia
The "proteomic ruler" is a method that uses the MS signal of histones as a reference point, as this signal is proportional to the amount of DNA and the number of cells in a sample. This approach adds an absolute scale to the MS readout, enabling the estimation of the copy numbers of individual proteins per cell.
The HIV-1-encoded Vif protein allows virus replication by counteracting the antiviral activity of APOBEC3 proteins. Vif primarily overcomes APOBEC3G by mediating its ubiquitination, leading to proteasomal degradation. Vif may also inhibit APOBEC3G mRNA translation, virion encapsidation, and deamination activity.
p38α | p38β | p38γ | p38δ
yes
Wnt/ß-catenin signaling plays a role in cementogenesis. Persistent stabilization of ß-catenin in the dental mesenchyme leads to differentiation of cementoblasts and induces excessive cementum formation. However, the retrieved documents do not explicitly link this mechanism to pulp regeneration.
Adverse effects were noted in 6 children. | Treatment was terminated in 1 due to adverse effects. | Fewer adverse effects.
Ranolazine improves cardiac diastolic dysfunction and exerts beneficial effects on diastolic cardiac function. It can reverse diastolic dysfunction and reduce left ventricular wall stiffness. The mechanism may involve inhibiting the late sodium current and modulation of myofilament calcium sensitivity.
Gemcitabine, particularly in combination therapies, demonstrates potential efficacy in treating recurrent, platinum-resistant epithelial ovarian cancer. Gemcitabine combined with carboplatin shows similar efficacy in both platinum-sensitive and platinum-resistant cases, suggesting a reversal of platinum resistance. Furthermore, gemcitabine-oxaliplatin (GEMOX) and gemcitabine plus endostar have shown encouraging activity and improved progression-free survival, respectively, in this setting.
FoxA exhibits its pioneering function by inducing local DNA demethylation and nucleosome destabilization. It can also bind to mitotic chromatin to "bookmark" active genes, ensuring their reactivation in postmitotic cells, and binds near silent genes.
Gata4 | Mef2c | Tbx5
Ibrutinib
yes
yes
In vivo biotinylation tagging involves fusing a short peptide tag to the N-terminus of a transcription factor, such as GATA-1, and co-expressing it with the bacterial BirA biotin ligase for efficient biotinylation. The biotinylated transcription factor is then captured by direct binding to streptavidin beads. This allows for the isolation and characterization of the tagged factor and its associated protein complexes, which can be identified through mass spectrometry.
yes
The FAA cDNA is 5.5 kb in size and contains an open reading frame of 4,368 nucleotides. The predicted FAA protein has a molecular weight of 162,752 and contains two overlapping bipartite nuclear localization signals and a partial leucine zipper consensus. These characteristics suggest that the FAA protein localizes to the nucleus.
Skeletal muscle satellite cells are stem cells required for postnatal skeletal muscle development and regeneration. They reside between the basal lamina and the plasmalemma of the myofiber or in anatomically defined niches within muscle tissues and account for 2-5% of sublaminal nuclei in muscle fibers. In mature muscles, they are typically quiescent but can be activated in response to muscle injury.
Neurogranin is increased in the cerebrospinal fluid of Alzheimer's Disease patients and may serve as a biomarker for synaptic function and degeneration. Specifically, the Ng peptide 48-76 is the dominant peptide in human brain tissue and is markedly increased in the CSF of AD patients. Reduced hippocampal expression of neurogranin is associated with impaired spatial memory.
yes
Four
Food intolerance, including gluten, may play a role in GERD symptoms. Studies suggest that gluten-free diets can effectively control esophageal symptoms and prevent their recurrence, and that celiac disease patients often experience GERD symptoms. The mechanisms of gluten's involvement in esophageal symptoms are not fully understood.
T68 | S19 | S33/35 | T432
yes
Z-curve | Comparative genomics | Cell division cycle (cdc6) gene location | Location of consensus origin recognition box (ORB) sequences | DnaA-binding sites | CtrA-binding sites | IHF-binding sites | Correlation measure | GC skew measure
Emulsion PCR is used in Next Generation Sequencing for target enrichment and amplification of specific DNA regions. This process generates high coverage of clonally amplified loci, simplifying allelic sequence determination and enabling reliable sequencing, even with poorly preserved DNA.
yes
Thyroid hormone (T3) plays a role in stem cell differentiation by inducing gene regulation programs associated with the formation of adult stem cells (ASCs), particularly in the intestine. It also modulates the expression of target genes implicated in neural stem cell function or neural differentiation. Furthermore, thyroid hormone induces BMP signaling, which modulates the late differentiation stages in MSC chondrogenesis.
5-HT2A receptors | 5-HT2ARs
Wegener's granulomatosis (WG) | Granulomatosis with polyangiitis (GPA) | Type 1 diabetes | Seropositive rheumatoid arthritis | Systemic lupus erythematosus | Hashimoto thyroiditis
Orbital fibroblasts | White adipose tissues | Orbital connective tissues
*   H3K27ac enrichment
*   H3K27me3 depletion
Mitochondrial inner membrane | Outer mitochondrial membrane | OMM
LINE-1 (Long Interspersed Element-1) | Alu elements | SVA elements
Rare congenital erythroid hypoplastic anemia | Red cell aplasia | Congenital anomalies | Predisposition to cancer | Defect of erythroid progenitors | Anemia | Malformations | Hypoplastic anemia | Macrocytic anemia | Reticulocytopenia | Severe hypoplastic anemia | Short stature | Physical malformation | Anemia with reticulocytopenia | Mean corpuscular volume | Macrocytic anemia | Marked erythroid hypoplasia
Temperature-dependent change in mRNA stability | Temperature shift | Environmental regulation
NELF (negative elongation factor) | DSIF (DRB sensitivity-inducing factor)
Cytopenia | Developmental defects | Tumor predisposition | Congenital malformations | Progressive pancytopenia | Predisposition to hematologic malignancies | Predisposition to solid tumors | Stem cell loss | Progressive bone marrow failure | Sterility | Diverse developmental abnormalities | Predisposition to neoplasia | Short stature | Skeletal abnormalities | Skin abnormalities | Increased risk of malignancies | Defective haemopoiesis | High risk of developing acute myeloid leukaemia
cyclophilin | cyclophilins | cyclophilin as the major, if not only, intracellular receptor protein for CsA
bile acid sequestrants | ferrous sulphate | sucralfate | calcium carbonate | aluminium-containing antacids | phosphate binders | raloxifene | proton-pump inhibitors | sevelamer hydrochloride | chromium picolinate
yes
HEXA | gene coding for the beta-hexosaminidase alpha subunit
Nucleotide excision repair (NER) | Transcription-coupled repair (TCR) | Illegitimate recombination
Insufficient evidence in retrieved documents.
yes
Percutaneous Transluminal Angioplasty (PTA) | endovascular treatment (ET) | endovascular treatment
Hypothyroidism | Goiter | Thyroid hormone synthesis abnormalities
Autosomal recessive | Autosomal-recessive
CSBB-ConeExclusion | HADDOCK (High Ambiguity Driven Biomolecular Docking) | ZDOCK | GalaxyDock
GFI1B | NBEAL2 | GATA1
Inhibits | Inhibited
yes
yes
no
MTH1 detoxifies the oxidized DNA precursor, 8-oxo-dGTP, and its overexpression can prevent oncogenic RAS-induced DNA damage and premature senescence. MTH1 acts as a roadblock for the tumor-suppressive effects of oncogenic RAS-induced ROS.
yes
yes
~31,000 | ∼50,000 | Insufficient evidence in retrieved documents.
no
G230C | RYR2-S4153R | RyR2-V2475F
Han Chinese | Thai | Malaysian and Indian
In Fanconi anemia, telomeres undergo accelerated shortening and increased breakage. After ICL damage, XPF fails to localize to telomeres in FA cells with reduced αIISp levels. Restoring αIISp levels corrects these deficiencies.
yes
Tsix is an antisense gene to Xist and plays a regulatory role in X chromosome inactivation. Tsix transcription negatively regulates Xist, protecting one X-chromosome from inactivation. It is located within the X-inactivation center (XIC).
yes
histone H3 | Thr-3 in histone H3 | threonine-3
Psoriasis | Alopecia | Myelosuppression | Liver toxicity
Non-synonymous
Neutral loss detection in phosphoproteomics helps identify novel phosphorylation sites and pinpoint the phosphorylated residue. It also helps in assigning significant ions in the MS/MS spectrum and enhances the fragment ion mass spectra of phosphorylated peptides.
yes
Drug-induced gingival overgrowth, frequently associated with cyclosporin A, involves increased epithelial thickness due to increased proliferative activity in keratinocytes. The mechanism of cyclosporin A-induced fibroblast overgrowth may involve fibroblast proliferation and a cytokine network including IL-6, IL-8, IL-1β, TGF-β1, and PGE2.
yes
p16(Ink4a) | p19(Arf) | p16/p19
miR-1 | miR-133 | miR-208a | miR-206 | miR-494 | miR-146a | miR-222 | miR-21 | miR-221 | miR-20a | miR-133a | miR-133b
yes
Cyclosporine A | Atractyloside | NIM-811 (N-metyl-4-isoleucine-cyclosporine)
Are you asking about ceritinib as a medication, or something else?
frataxin | mitochondrial protein
Development | Gene expression | Transcription
The main mechanism by which human papillomavirus proteins E6 and E7 contribute to cell transformation involves targeting the tumor suppressor proteins p53 and pRb. E6 and E7 either promote the degradation of p53 and pRb or block their function, which abrogates cell cycle checkpoints and induces genomic instability, ultimately leading to malignant conversion. The ability of E6 and E7 to bind to p53 and pRb, respectively, is crucial for this process.
Treponema denticola | Clostridium perfringens | C. ghonii | C. sordellii | Eubacterium tenue | Bacteroides sp. | Vibrio sp. | Sphingomonas sp. | Afipia sp. | Curtobacterium sp. | Microbacterium sp. | Agromyces sp.
mRNA stability | mRNA fate | Degradation rates
Defective control of histone lysine methylation, particularly at H3K9, contributes to the pathogenesis of medulloblastoma. Aberrant patterns of H3K4 and H3K27 histone lysine methylation also occur across subgroups in medulloblastoma. These alterations of the histone code are observed in medulloblastoma.
Orco is an odorant receptor co-receptor involved in forming heteromeric odor-gated ion channels. It is a well-conserved protein that functions as a non-selective cation channel.
Here's a list of ways to reverse Tau hyperphosphorylation in Tauopathies, based on the provided evidence:

*   hUCB-MSC transplantation
*   Administration of 7-nitroindazole
*   Memantine
*   Conditional overexpression of glycogen synthase kinase-3
The balance between 5hmC and 5mC is linked with cell-differentiation processes such as pluripotency and lineage commitment. Tet1 and Tet2 catalyze the conversion of 5mC to 5hmC. Tet1-mediated antagonism of CpG methylation contributes to mESC differentiation and the onset of embryonic development.
H3K4 residues | lysine 4 of histone H3 | H3K4me3
Are you asking about CRISPRi in the context of a specific disease, gene, or research area?
motor neurons | motoneuronal cell | microglia
yes
yes
yes
PI3K-mTORC1 signaling negatively regulates the stress-induced translation of Hsp70 mRNA. Specifically, PI3K-mTORC1 attenuates stress response by inhibiting cap-independent Hsp70 translation, while reduced PI3K-mTORC1 signaling enhances Hsp70 synthesis.
CRSP33 | CRSP150 | CRSP p200 | CRSPs 34 | CRSPs 77 | CRSP130 | CRSP70 | Med220 | Med70
Amyotrophic lateral sclerosis (ALS)
yes
Rolling circle mechanism | Novel mechanism | RNA transcription, processing and ligation
Subunit 6 of ATP synthase (ATPase-6) | NADH dehydrogenase subunit 3 (ND3) | Subunit II of cytochrome-c oxidase | Subunit III of cytochrome-c oxidase
XK gene | XK
yes
mTOR
yes
Alzheimer's dementia | AD
The variable domains of an antibody, VH and VL, interact through a large hydrophobic interface [1]. Secondary structure formation occurs in these domains [2].
Long-range epigenetic silencing (LRES) is a mechanism of gene inactivation affecting multiple contiguous CpG islands or large chromosomal regions. It involves downregulation of gene expression, acquisition of inactive histone marks, and DNA hypermethylation of specific CpG islands. In cancer cells, LRES regions are constrained to a coordinated repression by abolishing boundaries and the autonomous regulation of chromatin domains.
autosomal dominant
yes
Triple therapy | Sequential therapy | Quadruple therapy (bismuth-based) | Quadruple therapy (non-bismuth-based)
Alkaline phosphatase | Carbonic anhydrase | Gremlin-1 | Fetuin A | Midkine | Annexin A1 | Annexin A2 | Collagen α1 | Casein kinase II | Secreted frizzled related protein 4 | Phex | Asporin | Follistatin | Receptor tyrosine-protein kinase erbB-3 | LRP5 | Noggin
AMPK phosphorylates TSC2 under conditions of low energy, energy stress, energy starvation, or energy depletion. These conditions lead to AMPK activation, which then phosphorylates TSC2.
CT cisternography
Sherlocc | LaTcOm | PAUSE
15 | Fifteen | The human tissue Kallikrein family consists of 15 genes
yes
Genome | H19/Igf2 locus | Human cells
Confusion | Oculomotor disturbance | Ataxia | Encephalopathy | Ophthalmoplegia
yes
yes
Three | RyR1 | RyR2 | RyR3
GKT136901 | GKT137831
IL-1β | interleukin-1β
Protein phosphatase 1 (PP1) | Protein phosphatase 2A (PP2A) | Protein phosphatase 2C (PP2C) | Protein phosphatase 2B
AATAAA | AAUAAA
yes
Colonoscopy findings reported in children with autism spectrum disorder (ASD) include nonspecific colitis, lymphoid hyperplasia, focally enhanced gastritis, and ileo-colonic lymphoid nodular hyperplasia (LNH). These findings are often associated with mucosal inflammation.
Intrinsically disordered proteins (IDPs) lack stable tertiary and/or secondary structures under physiological conditions. They do not adopt a well-defined fold and undergo conformational changes to well-folded forms only when binding to a partner. These proteins are involved in various cellular processes.
corepressor | founding member of a family of metazoan corepressors | Gro
telomerase
The catalytic mechanism of DNA (cytosine-5)-methyltransferases involves an enzyme nucleophile attacking the C6 of substrate cytosines. This forms a transient covalent adduct, although covalent intermediate formation may not be essential for all enzymes in this class. The reaction proceeds via an ordered Bi-Bi mechanism where DNA binds first, followed by S-adenosylmethionine.
yes
Geldanamycin is an antibiotic that functions as an HSP90 inhibitor. It binds to HSP90, disrupting HSP90-containing complexes and inhibiting its ATP-dependent chaperone activity. This can lead to the degradation of partner proteins and apoptosis.
Infliximab | Adalimumab | Etanercept
A greater number of pregnancies is associated with a reduced risk or delayed onset of rheumatoid arthritis. Specifically, greater parity significantly reduced the odds of RA, and there was an inverse correlation between the number of pregnancies and the age at onset of RA. A larger number of pregnancies shows a protective effect, delaying the onset of the disease.
yes
*   Discover novel RNAP inhibitors.
*   Identify natural iNOS inhibitors from traditional Chinese herbs.
*   Identify inhibitors of tankyrases.
*   Address potential concerns about the undesirable effects of using selective estrogen receptor modulators.
*   Design novel diastereoisomeric σ ligands.
Viruses in the Flaviviridae family, such as dengue viruses and West Nile Virus, are mosquito-borne and can infect vertebrates, including humans, horses, and birds. West Nile Virus is maintained in a bird-mosquito cycle, allowing it to spread to other vertebrates.
The HAMLET clinical trial studied hemicraniectomy after middle cerebral artery infarction with life-threatening edema. It involved patients with space-occupying hemispheric infarction and compared surgical decompression to best medical treatment.
Amifostine is a cytoprotective agent that has been shown to be effective in preventing chemotherapy-induced mucositis and nephrotoxicity, suggesting it can protect healthy cells during chemotherapy. It also acts as an antioxidant drug in anticancer therapy. However, it does not prevent chloroacetaldehyde nephrotoxicity in vitro.
Alu is primate, B1 is murine | Alu is 300 nucleotides, B1 is 130 nucleotides | Derived from the 7SL RNA gene
yes
2800 and 840 mutants per 10(6) clonable cells per mM | 1 in 1,000 gametes | 1 sequence change per 10(5) bp
Spinal Muscular Atrophy is caused by homozygous disruption of the survival motor neuron 1 (SMN1) gene. This disruption leads to a decrease in the number of GEMs and a subset of U snRNAs. These molecular changes are associated with the degeneration of spinal cord motor neurons and muscle weakness characteristic of the disease.
Genistein | ACE inhibitor drugs
Conserved noncoding elements (CNEs) exhibit fractality. This is evidenced by the power-law-like distributions observed in inter-CNE distances, a feature connected to fractality and self-similarity. Well-developed fractality is characteristic of CNEs that are extremely conserved or of ancient origin.
alpha-synuclein | α-synuclein | alphaS
yes
The Kub5-Hera/RPRD1B interactome preserves genetic stability by regulating DNA mismatch repair. It also maintains genetic integrity by minimizing persistent R-loops and promoting the repair of DNA double-strand breaks (DSBs).
Restless legs syndrome (RLS) | Restless legs syndrome/Willis-Ekbom disease (RLS/WED)
neonatal intrahepatic cholestasis | severe chronic lymphedema
Hepatotoxicity | Low therapeutic efficiency | High incidence of side effects | Impair mitochondrial function and bioenergetics | Perturbations in the mitochondrial PL profile | Changes in the relative abundance of phosphatidylcholine (PC), PE, phosphatidylinositol (PI) and CL | Presence of oxidized phosphatidylserines | Compromising the activity of brain cells
yes
yes
tyrosine hydroxylase (TH) | aromatic L-amino acid decarboxylase (AAAD) | dopamine-β-hydroxylase (DBH) | phenylethanolamine N-methyltransferase (PNMT)
Six | six conserved cysteines
yes
Are you asking about the drug's effects, its history, or something else specifically?
sofosbuvir | ledipasvir
Mff overexpression in mitochondria leads to increased mitochondrial fission. It also stimulates mitochondrial recruitment of Drp1 and increases the interaction between DLP1 and Pex11pβ.
yes
Fatal familial insomnia (FFI) is a rare, fatal, hereditary prion disease characterized by disturbances of sleep. It is caused by a D178N mutation in the PRNP gene and is characterized by damage to select thalamic nuclei, progressive insomnia, and dysautonomia.
Histidine decarboxylase (Hdc) | SLITRK1
PARP
JAMM
ENCODE | ROADMAP | BLUEPRINT | DEEP
Essential Tremor | Tremor-dominant Parkinson's Disease
no
yes
CARMEN is a crucial regulator of cardiac cell differentiation and homeostasis. CARMEN knockdown inhibits cardiac specification and differentiation in cardiac precursor cells.
yes
Teriflunomide
Peginesatide is an erythropoietin-mimetic peptide (EMP) and belongs to the group of erythropoiesis-stimulating agents (ESAs). Therefore, it mimics erythropoietin and stimulates erythropoiesis.
Eteplirsen is a phosphorodiamidate morpholino oligomer designed to induce exon 51 skipping. This mechanism enables dystrophin production in Duchenne muscular dystrophy (DMD) patients with genetic mutations amenable to skipping exon 51.
growth hormone/insulin-like growth factor genes | respiratory complex I genes | genes encoding immunobiological factors and proteases | protein-coding genes related to reproduction | microRNA genes related to reproduction
Janus kinases (JAKs) are important therapeutic targets in dermatology, particularly for inflammatory and autoimmune conditions. JAK inhibitors are being investigated and may soon be used to treat diseases such as psoriasis, lupus erythematosus, alopecia areata and vitiligo.
8% | 5.476% | 8.49%
yes
CD38 | Anti-CD38 IgG1-κ monoclonal antibody
17 bp deletion in the coding region of the SMIM1 gene | 17 nucleotide deletion in the coding sequence of SMIM1
no
Fulvestrant | RAD1901 | GDC-0810 (ARN-810)
ZNF335 is a causative gene for severe microcephaly. It is essential for neural progenitor self-renewal, neurogenesis, and neuronal differentiation, and its absence leads to reduced cortical size. ZNF335 mutations should be considered in infants presenting with microcephaly.
PD-L1 | Programed death-ligand 1
Exonic splice enhancers are one of the principle non-splice site motifs. Information specifying splice sites is not at the splice site. Four high-throughput studies have provided a compendium of motifs that function as exonic splice enhancers, but only one, RESCUE-ESE, has been generally employed to examine the properties of enhancers.
Zika virus infection is associated with microcephaly and other birth defects. There is also evidence of adverse pregnancy and infant outcomes. The evidence suggests a link between Zika virus and these conditions, but a causal relationship has not been scientifically proven.
Neisseria adhesin A (NadA) is an antigen of the Bexsero vaccine against serogroup B Neisseria meningitidis. It is an oligomeric coiled-coil adhesin that mediates adhesion and invasion of human epithelial cells and induces high levels of bactericidal antibodies. NadA is also a component of the 4CMenB vaccine.
CAFE
dbSUPER | Super-Enhancer Archive (SEA)
Formation of neurofibrillary tangles | Dendritic and axonal instability | Synaptic degeneration | Neuronal loss | Impaired glutamate metabolism | Tau inclusions propagate to the dentate gyrus
Oxytocin | OT
Are you asking about the nutritional deficiency that causes scurvy?
Ambras syndrome is a congenital hypertrichosis characterized by excessive hair growth over the body and face. It is often associated with dysmorphic facial features. Dental anomalies may also be present.
Stevens-Johnson Syndrome (SJS) | Toxic epidermal necrolysis (TEN) | acute generalized exanthematous pustulosis (AGEP)
INCA
Are you referring to a specific research study, gene, protein, or something else?
Benserazide functions as a peripheral decarboxylase inhibitor when co-administered with L-DOPA in patients with Parkinson's Disease. It is more potent than carbidopa in this role.
In what context are you asking about regioneR (e.g., genomics, bioinformatics, statistics)?
Multiple myeloma | POEMS syndrome | Refractory inflammatory bowel disease (IBD) in children | Leprosy type 2 reaction | Reactional states of leprosy
Reactive metabolites can cause toxicities and hepatic injury by reacting with biomolecules. They can also form adducts with trapping reagents like glutathione, making them detectable. Reactive metabolites of xenobiotics play a role in the hepatotoxicity of drugs.
The "wearing-off" phenomenon in levodopa-treated patients with Parkinson's Disease is a motor complication arising from chronic levodopa use. It is characterized by the predictable return of motor and nonmotor Parkinson's symptoms before the next scheduled dose of medication. Patients may experience sensory, autonomic, psychiatric, and motor fluctuations, and even shortness of breath, as the dopaminergic drug levels decline.
Are you asking about prions in relation to a specific disease or condition?
yes
Are you asking about sQTLseekeR in the context of a specific disease or gene?
Creutzfeldt-Jakob disease (CJD) is a rare, rapidly progressive, fatal neurodegenerative disease affecting the central nervous system. It is classified as a transmissible spongiform encephalopathy or prion disease caused by infectious prion protein. Sporadic CJD (sCJD) is the most prevalent form, with an unknown origin potentially linked to misfolding of prion protein.
Athelia is a very rare condition defined by the absence of the nipple-areola complex. It is mostly associated with other congenital or ectodermal anomalies and syndromes, such as limb-mammary syndrome, scalp-ear-nipple syndrome, or ectodermal dysplasias.
yes
Are you asking about the BioCreative challenge, or something else?
Treatment of obesity | Potential treatment of obesity
5p15.3 | 5p15.32 | 5p15.33
Insertion of a transposable element | Transposable element | Mutation event
HTT gene | IT15 gene | HTT
PHYLUCE
SLC9A6
Eteplirsen (Exondys 51) is an antisense oligonucleotide designed to induce exon 51 skipping and is developed by Sarepta Therapeutics. It is also a phosphorodiamidate morpholino oligomer that enables dystrophin production in Duchenne muscular dystrophy (DMD) with genetic mutations amenable to skipping exon 51. Intravenous eteplirsen has received accelerated approval from the US FDA for the treatment of DMD in patients with a confirmed mutation of the DMD gene amenable to exon 51 skipping.
SINEUPs are antisense long non-coding RNAs that stimulate the translation of sense mRNAs or increase the synthesis of target proteins. Their function requires an embedded inverted SINEB2 sequence to up-regulate translation. They represent a scalable tool to increase protein synthesis.
Are you asking about the diagnostic criteria, potential causes, or treatment options for trichotillomania?
Raxibacumab is a monoclonal antibody that binds to the protective antigen (PA) of Bacillus anthracis. This binding blocks the effects of the anthrax toxin, leading to improved survival.
Insufficient evidence in retrieved documents.
yes
The Shelterin complex is associated with telomeres and consists of telomere-associated proteins that bind to telomeric DNA [1]. In humans, it binds TTAGGG DNA repeats and provides capping to chromosome ends [4]. TRF2 is a member of the Shelterin complex that protects and stabilizes chromosomal ends [3]. The Shelterin complex protects chromosome ends by compacting telomeric chromatin [5].
Alzheimer's disease | AD
Prader Willi/Angelman regions | Williams syndrome | Smith Magenis syndrome | Velocardiofacial syndrome | Genetic syndromes caused by somatic chromosomal mosaicism
Epilepsy | Ataxia | Sensorineural deafness | Tubulopathy | Renal tubular defects | Seizures in infancy
Early 1950s | 1954 | 1958 and 1959
yes
Statins | Ezetimibe | Bezafibrate | Pravastatin
PD-1 inhibitors are monoclonal antibodies that target the programmed death-1 (PD-1) receptor. Pembrolizumab and nivolumab are examples of PD-1 inhibitors. These inhibitors have shown activity in treating several tumor types.
yes
Rofecoxib | Valdecoxib | Clobutinol | Sibutramine | Diclofenac
yes
crypt base | bottom of the crypts of Lieberkühn | intestinal crypts
Aseptic meningitis | Viral meningitis
Sulphonylurea (SU) drugs
PeakXus | Q-nexus | MACE | MACS2
Statins inhibit HMG-CoA reductase, the rate-limiting step of cholesterol biosynthesis. They are prescribed to lower lipids, reduce serum cholesterol, and prevent cardiovascular events, ultimately reducing cardiac risk.
Paneth cells | crypt of the small intestine | mucosa of the small intestine
yes
Disrupts the microtubular network | Induces metaphase I arrest | Enriched in mitosis
Could you please specify the context in which you encountered "Path2PPI"?
Prostate cancer | Lung cancer | Cervical cancer | Breast cancer
Zika virus infection can cause symptoms such as fever, rash, arthralgia, and conjunctivitis. More severe complications include neurological issues such as brain damage and microcephaly in fetuses of pregnant women, and Guillain-Barre syndrome in adults. Maternal-fetal transmission of the virus can occur.
Oseltamivir is an antiviral drug that functions as a neuraminidase inhibitor. It works by blocking the function of the viral neuraminidase protein and is used for the treatment of influenza.
The gamma-secretase complex consists of four proteins: presenilin (PS), nicastrin, Aph-1, and Pen-2. Presenilin harbors the enzymatic activity of the complex, and there are two mammalian PS homologues: PS1 and PS2.
Aurora A | Plk1 | Cdk1
yes
Sole E2-conjugating enzyme required for sumoylation | SUMO conjugation enzyme | Important conjunction enzyme in the SUMO pathway
yes
yes
II | Ib | IV
yes
Cohesins form chromosomal cis-interactions at the developmentally regulated IFNG locus. They provide the topological and mechanistic basis for cell-type-specific long-range chromosomal interactions in cis at this locus. Cohesin's ability to constrain chromosome topology dynamically defines the spatial conformation of the IFNG locus.
Are you asking about the ECG changes associated with Wellens' Syndrome, or something else?
ALS | ALS with frontotemporal dementia (ALS-FTD) | neurodegeneration
ApoE2
yes
yes
webSDA | Simulation of diffusional association (SDA)
yes
Transthyretin, synthesized in the choroid plexus and secreted into the cerebrospinal fluid, functions to move thyroid hormones from the blood into the cerebrospinal fluid and distribute them in the brain. It also acts as a binding protein for thyroxin.
Iatrogenic neurologic deficits after lumbar spine surgery | Mistaken diagnoses, transoperative error, technique error, poor application, poor indication | Contrast-induced nephropathy
Neural crest cells | Neural crest | Multipotent population of neural crest cells
Gordon syndrome | Marden-Walker syndrome | Distal arthrogryposis type 5
yes
Slitrk1 is localized to excitatory synapses. It is also expressed in brain tissues and the central nervous system.
Harlequin syndrome is characterized by unilateral decreased sweating and flushing of the face, neck, and chest, or unilateral facial flushing and sweating. These symptoms can be triggered by exercise, heat, or emotional factors. It is caused by hemifacial cutaneous sympathetic denervation.
The constitutive photomorphogenesis 9 signalosome (CSN) is a protein complex involved in the ubiquitin proteasome system and plays a central role in the regulation of the E3-cullin RING ubiquitin ligases (CRLs). It is also involved in cell cycle regulation, the DNA damage response, and plant innate immunity. CSN forms dynamic complexes that mediate ubiquitylation.
yes
Legg-Calvé-Perthes Disease is a pediatric disorder characterized by avascular necrosis of the proximal femoral epiphysis or head of the femur. It is a developmental disease of the hip joint that may result in long-term problems. The onset is insidious and idiopathic.
ERAP1-ERAP2 dimerization promotes peptide-trimming efficiency. The stabilized heterodimers produce mature epitopes more efficiently than a mix of the two enzymes unable to dimerize. Physical interaction with ERAP2 changes basic enzymatic parameters of ERAP1 and improves its substrate-binding affinity.
Common foot complaint | Most common cause of plantar heel pain | Chronic degenerative process that causes medial plantar heel pain
deubiquitinase | DUB | linear ubiquitin-specific deubiquitinase
Amyotrophic lateral sclerosis (ALS) | Parkinson's disease (PD) | Alzheimer's disease (AD)
yes
Adhesive capsulitis, also known as frozen shoulder, is a condition characterized by shoulder pain and disability. It involves a loss of active and passive shoulder motion, often due to fibrosis and contracture of the joint capsule. It can also be defined by restriction of external rotation and a history of shoulder pain.
Semantic MediaWiki (SMW), along with MediaWiki, was used to develop SSTAR, a web-based database for the FANTOM5 project. SMW provides the flexibility to model, store, and display the data sets and demonstrates its utility for disseminating large-scale analysis results.
yes
chromDraw
yes
gastrointestinal tracts of humans and animals
yes
Nox1 oxidase | Nox1
yes
Osimertinib is a third-generation EGFR tyrosine kinase inhibitor (TKI). It targets the T790M mutation, a secondary mutation that develops in many patients after treatment with other EGFR TKIs. Osimertinib is used to treat patients with metastatic EGFR T790M-positive NSCLC whose disease has progressed on prior EGFR-TKI therapy.
Bartter syndrome is a hereditary disease and a variety of inheritable renal tubular transport disorders. It is characterized by hypokalemia and hypochloremic metabolic alkalosis. Bartter syndrome type 3 is caused by genetic alterations in the CLCNKB gene.
yes
RMBase | MODOMICS
Hemolysis | Elevated liver enzymes | Low platelets
MITF gene | MITF
Firmicutes | Bacteroidetes | Proteobacteria
beta-globin gene | HBB
Indian hedgehog (Ihh) is essential for chondrocyte differentiation and endochondral ossification. It regulates early chondrocyte differentiation in conjunction with parathyroid hormone-related peptide. Ihh overexpression stimulates late chondrocyte differentiation markers, induces matrix mineralization, and induces Runx2 expression in chondrocytes.
Facilitate expansion of resident stem cells
Recurrent lip and/or face swelling | Fissured tongue | Intermittent facial palsy | Orofacial edema | Facial nerve palsy | Lingua plicata | Facial oedema
type 1 Gaucher disease (GD) | Gaucher disease
Symmetry breaking | Left-right asymmetry | Asymmetric gene expression
Eucaryotes possess a nucleolus for ribosome biogenesis, a structure absent in procaryotes. Additionally, procaryotes exclusively express polycistronic messengers, and their initiator tRNA is formylated, unlike in eucaryotes. There are also differences in DNA sequence run distributions between the two.
The HSP70-HSP110 disaggregase machinery works with UBQLN2 to clear protein aggregates via the 26S proteasome. UBQLN2 recognizes client-bound HSP70 and links it to the proteasome to allow for the degradation of aggregated and misfolded proteins.
yes
GBshape
yes
yes
yes
yes
Insufficient evidence in retrieved documents.
inner mitochondrial membrane
MiRduplexSVM is a useful, accurate predictive model that can identify high confidence potential miRNAs. It shows superior performance with increased prediction accuracy for mammalian hairpins and generalizes well on plant hairpins. It also provides precise information about all four ends of the miRNA duplex.
ACVR1 | BMP | CD20
Unipept is used for metaproteomics analysis, exploring the biodiversity of complex metaproteome samples through interactive visualizations. It can identify unique tryptic peptides for specific taxa and is compatible with tools for taxonomic and functional characterization. The computations are underpinned by the Unipept database, making them extremely fast.
Cleaves a precursor to create amyloid beta peptide | Involved in the Notch pathway | Promotes intramembranous proteolysis of APP
Ascher's syndrome | Waardenburg Syndrome (WS) | congenital Horner's syndrome
Nerve growth factor | β-nerve growth factor
yes
Are you asking about MRSA in general, or in relation to a specific condition or treatment?
CID | HCD | ECD | ETD | MALDI post-source decay (PSD) | MALDI 157 nm photodissociation | tris(2,4,6-trimethoxyphenyl)phosphonium bromide (TMPP) charge tagging in PSD and photodissociation | ESI collision-induced dissociation (CID) | free-radical initiated peptide sequencing (FRIPS) with CID
yes
Epitranscriptome analysis involves detecting post-transcriptional modifications of RNA using methods like high-throughput sequencing and mass spectrometry. This analysis investigates the epitranscriptome to understand its role in gene regulation and how it responds to environmental changes.
HIV-1 infection
Are you asking about Bexsero the vaccine?
yes
Biguanides, such as metformin, increase insulin sensitivity and have a blood glucose regulatory effect. They act as oral insulin-sensitizing agents.
The proteasome is located in the nucleus, cytosol, and perinuclear region. It is distributed in nuclear and cytosolic compartments.
Gardner-Diamond syndrome presents with painful ecchymoses in different parts of the body, sometimes with cutaneous and mucosal hemorrhages. Skin lesions may develop spontaneously, progressing from painful edema to ecchymosis. The condition can also manifest as repeated crops of tender, ill-defined ecchymotic lesions, particularly on the extremities, and external bleeding from other sites.
Eye | Sclera | Optic nerve
To avoid statin induced adverse drug reactions | Statin-associated muscle symptoms | Toxicity response of high dose methotrexate chemotherapy
circRNA_finder | find_circ | CIRCexplorer | CIRI | MapSplice
Spinal muscular atrophy
Alzheimer's disease | early-onset Alzheimer's disease
In what context are you asking about lncRNA?
10(13-14) | 10(14) cells | 100 trillion
Inhibitors of the oxytocinase subfamily of M1 aminopeptidases with immune-regulating properties | Selective inhibitors for ERAP2 and IRAP | Targeted downregulation of immune responses
yes
Northeast Siberia | Sakha (Yakutian) Republic | Yakut Republic of the Russian Federation
Are you asking about septins in relation to a specific disease, cell type, or organism?
LOXL2 | lysyl oxidase like molecule 2 | Insufficient evidence in retrieved documents.
Severe form of epilepsy | Epilepsy syndrome of infantile onset | Epileptic encephalopathy characterized by multiple types of seizures
Telomerase is a good drug target because it is preferentially expressed in cancer cells and present in a high percentage of tumors (80-90%). It is also absent in neighboring healthy tissue, which could minimize off-target effects. Telomerase is necessary for cancer cells to grow without limit.
Are you referring to a specific gene, protein, disease, or something else?
Tomita score | Tokuhashi score | modified Bauer scores
no
Muscle complaints | Gastrointestinal symptoms | Muscle symptoms | Statin-associated muscle symptoms (SAMS) | Muscle problems | Other adverse symptoms
sacubitril | valsartan
The doRiNA database is a resource for RNA interactions in post-transcriptional regulation. It curates, stores, and integrates binding site data for RNA-binding proteins (RBPs) and microRNAs (miRNAs), with data for human, mouse, and worm genomes. The database is linked to the UCSC genome browser.
yes
yes
Multidrug resistance-associated proteins (MRPs) | Transmembrane transport protein for cyclic nucleotides | Sulfonylurea receptors (SURs)
Hepcidin is produced as a propeptide and activated by furin. Furin cleaves pro-hepcidin at a specific site to produce the mature, active hepcidin peptide. Furin, but not PC7, is responsible for this activation in hepatocytes.
CIDEC protein is expressed in adipose tissue, specifically white adipose tissues and mature white adipocytes in humans. It is also expressed in the liver under certain conditions.
weak inverse association | moderate consumption of coffee and risk of stroke | no clear biological mechanisms
The Orpington Prognostic Scale (OPS) is used to predict outcome and response to subacute rehabilitation in older patients with stroke and to estimate the future functional status of patients with stroke. It can also be used as a prognostic indicator for patients with stroke.
yes
methylKit
yes
At least 1.6 per 100,000 | 1.6 per 100,000 | Insufficient evidence in retrieved documents.
yes
yes
Optic nerve hypoplasia | Pituitary hormone abnormalities | Midline brain defects | Absence of septum pellucidum | Pituitary hypoplasia | Pituitary endocrine dysfunction | Hypothalamo-pituitary abnormalities
yes
DAL cluster
The MCAST algorithm is applicable for identifying candidate cis-regulatory modules (CRMs) within genomic sequences, which are clusters of transcription factor binding motifs. It can search long DNA sequences and predict CRMs while considering epigenomic data. MCAST utilizes a hidden Markov model with a P-value-based scoring scheme.
apoE4 | ApoE epsilon4 | ApoE
no
anthrax bacilli
RADAR | http://RNAedit.com
no
Histone H3 | Cse4 histone variant (known in vertebrates as CENP-A) | H4 | H2A | H2B
yes
yes
Clr4 is required for assembling Swi6p into a transcriptionally silent chromatin structure at fission yeast centromeres. The chromo and SET domains of Clr4 are essential for this silencing function. In clr4 mutant cells, Swi6 protein is delocalized from silent chromosomal regions.
LIMT (LncRNA Inhibiting Metastasis) inhibits extracellular matrix invasion of mammary cells in vitro and tumor metastasis in vivo. It is depleted in basal-like and HER2-positive tumors, and its low expression predicts poor patient prognosis. EGF downregulates LIMT expression.
yes
Kupffer cells are macrophages found in the liver [5], originating from the fetal yolk-sack, and infiltrated bone marrow-derived monocytes/macrophages [2]. They play a role in drug-induced liver injury (DILI) [1], are a main source of MMP [3], and contribute to decreased hepatic insulin sensitivity [4].
Saponins are antinutrients found in crops like quinoa and raw seeds. They can have a bitter taste, requiring removal before consumption in some cases. However, saponins are approved by the US FDA for inclusion in beverages intended for human consumption.
yes
Histone variant H2A.W defines heterochromatin, promotes chromatin condensation, and is required for heterochromatin organization. It also maintains transposon silencing, acting in synergy with heterochromatic marks H3K9me2 and DNA methylation. In vitro, H2A.W enhances chromatin condensation by promoting fiber-to-fiber interactions.
Hyperbilirubinemia can cause several brain dysfunctions, including neurodevelopmental disabilities with deficits in auditory, cognitive, and motor processing. It can also lead to neuronal cell death, astrocytic reactivity, microglia activation, alterations in myelination, axonal damage, and glia reactivity, manifesting as bilirubin-induced neurologic dysfunction (BIND) and kernicterus.
yes
X chromosome
Detecting telomerase activity | Determining telomerase activity | Evaluating telomerase activity
The Pediatric Index of Mortality 2 (PIM2) scoring system is used to predict mortality in patients admitted to pediatric intensive care units. It can discriminate between survivors and non-survivors and can be used for evaluation of risk-adjusted mortality. However, PIM2 scoring may need recalibration in some cases.
no
Mutations in the SLC40A1 gene are associated with Ferroportin disease and hereditary haemochromatosis type 4. Ferroportin disease is an inherited disorder of iron metabolism.
yes
no
yes
Sen1
traseR
yes
Exploding head syndrome (EHS) is characterized by the perception of abrupt, loud noises or explosive feelings in the head. These attacks occur during the transition from wake to sleep or from sleep to wake, often awakening individuals from sleep with the sensation of a loud bang. It is considered a rare parasomnia.
yes
Crowned dens syndrome (CDS) is a condition characterized by crystal deposition, often "crown-like" calcifications, around the odontoid process in the cervical spine. This can lead to acute or chronic neck pain, stiffness, and potentially fever. CDS is a rare condition that should be considered in the differential diagnosis of cervical pain and fever of unknown origin.
yes
Insufficient evidence in retrieved documents.
Trauma | Injury | Sexual abuse | Physical trauma
yes
The DGAT1 gene product, acyl-CoA:diacylglycerol acyltransferase 1, catalyzes the final step in triglyceride synthesis. It is a key enzyme in triglyceride biosynthesis. DGAT1 is a microsomal enzyme.
H3.3K27M | H3 K27M-mutant
no
HaploReg v4 is an updated version of HaploReg used for systematic mining of putative causal variants, cell types, regulators, and target genes for human complex traits and diseases. It incorporates increased chromatin state maps, regulator binding data, regulatory motif disruption annotations, and eQTL variants with tissue-specific target genes. It is illustrated with a use case for attention deficit hyperactivity disorder (ADHD)-associated SNPs with putative brain regulatory mechanisms.
Vertigo | Hearing loss | Tinnitus | Aural fullness | Hypoacusia | Dizziness
Connective tissue
Mondor's disease is a rare condition characterized by thrombophlebitis. It is often superficial and can occur in the thoracoabdominal and genital areas, or the thoracoepigastric system of veins. It is considered a benign and self-limiting condition.
Could you specify the metalloenzyme you're interested in?
Immediate-early (IE) genes are the first class of viral genes expressed after primary infection or reactivation. Experimentally, they are defined by their transcription following primary infection or reactivation even when protein synthesis is inhibited.
*   INO80
libFLASM
yes
Are you asking about cardiotoxicity in general, or in relation to a specific condition or treatment regimen?
Waldmann's disease | Hennekam syndrome
no
yes
yes
RNA polymerase II (Pol II) | RNAP II
tyrosinase | TYR gene
en masse repair | double-layer double-row repair
Laser Interstitial Thermal Therapy is used as a minimally invasive treatment for glioma, including glioblastoma multiforme. It can also enhance progression-free survival of difficult-to-access high-grade gliomas.
SWR1 complex | SWR-C chromatin remodeling enzymes
Mcidas | GemC1/Lynkeas
yes
Stress, both perceived and psychological, is associated with shorter telomere length and accelerated cell aging. Chronic stress can affect telomere length, a predictor of disease. Psychological stress may contribute to diseases through damage to telomeres.
Ackee fruit | Ackee apple fruit | unripe arils of the Ackee fruit
PLA2G6 | PLA2G6 gene
Are you asking about a medication, a lab value, or something else?
yes
Are you asking about degrons in the context of protein degradation, or something else?
SOX2 anophthalmia syndrome | anophthalmia/microphthalmia (A/M) | severe ODA
yes
Diabetes mellitus | Diabetes
Lysine 2-hydroxyisobutyrylation (Khib) is a widely distributed active histone mark. In male germ cells, it is associated with active gene transcription in meiotic and post-meiotic cells. It appears to have a broader role than H4K8ac.
Attention Deficit Hyperactivity Disorder (ADHD) | Neuropsychiatric diseases
Corynebacterium diphtheriae | Corynebacterium ulcerans
Maintaining calcium homeostasis | Regulating parathyroid hormone secretion and urinary calcium excretion | Regulator for hormone secretion, gene expression, inflammation, proliferation, differentiation, and apoptosis
Amitriptyline | Topiramate | Placebo
Natural inhibitor of IL-18 | IL-18 antagonist | Anti-inflammatory, antioxidant, and protective effects in I/R-mediated hepatic injury
TFIIB
apixaban | warfarin
Are you asking about REVIGO, the web server for visualizing gene ontology terms?
Onartuzumab is a MET-inhibiting agent. It functions as an anti-MET agent.
yes
poxvirus | human poxvirus
Tay-Sachs disease (TSD) is caused by HEX A deficiency. This deficiency results from mutations in the HEXA gene.
Behçet's disease is a complex, chronic, relapsing inflammatory disorder of unknown etiology that affects many different organs. It is a multisystem disease hallmarked by inflammation of the blood vessels and is related to an autoimmune reaction. The disease can involve mucocutaneous, ocular, articular, vascular, intestinal, urogenital, and neurologic systems.
yes
Obesity | Depression | Smoking cessation therapy
Pro-apoptotic function | Central cell death regulator | Indispensable gateway to mitochondrial dysfunction
Ctf4 recruits the Chl1 helicase to the replisome, and this interaction is required for Chl1's role in sister chromatid cohesion. Chl1 physically interacts with the cohesin complex, potentially to facilitate its acetylation. Ctf4 and Chl1 may also define an acetylation-independent pathway for sister chromatid cohesion establishment.
Primary intestinal lymphangiectasia (PIL) is a rare disorder of unknown etiology.
Congenital disorders of glycosylation (CDG) are a growing group of inherited metabolic diseases caused by defects in glycosylation pathways. These disorders affect glycoconjugates, glycolipids, and/or glycoproteins due to enzymatic deficiencies. There are over 100 known rare genetic disorders related to these deficiencies.
494 new TF binding profiles | 59 updated profiles | Updated structural annotation of the TF DNA binding domains (DBDs) | 130 transcription factor flexible models trained on ChIP-seq data for vertebrates | A new web tool to infer JASPAR TF binding profiles recognized by a given TF protein sequence | A Ruby module complementing the JASPAR API | The JASPAR2016 R/Bioconductor data package
Tafazzin is a phospholipid transacylase that catalyzes the remodeling of cardiolipin. It transfers acyl chains with unsaturated fatty acids from phospholipids to monolysocardiolipin to generate cardiolipin with unsaturated fatty acids. Cardiolipin is a mitochondrial phospholipid required for oxidative phosphorylation.
Assassin bugs are in the family Reduviidae (Hemiptera: Heteroptera), one of the most diverse families of true bugs. The assassin bug subfamily Tribelocephalinae is also mentioned.
no
yes
telomeric repeats | regions where transcription starts and stops | Insufficient evidence in retrieved documents.
CisMapper
Unipolar brush cells are localized in granule cell regions of the cochlear nucleus and the vestibulocerebellum. They are also found in the cerebellum.
H3F3A K27M | HIST1H3B K27M | ACVR1 | PIK3CA | FGFR1 | MET | TP53 | PPM1D | PIK3R1
yes
yes
Could you please provide more context? Are you referring to a gene, a protein, a specific medical condition, or something else?
APOB | ANGPTL3 | ANGPTL4 | PCSK9 | MTP
Catalytic activity | Serine protease | Enzyme activity
yes
A mimotope vaccine utilizes mimotopes, which are peptide mimics of antigens, to stimulate an immune response. These vaccines can be delivered using virus-like particle (VLP) technology and can induce the expansion of tumor-specific T cells or antibodies with antitumor activity. They can provide protection against pathogens in relevant animal models.
Mal de debarquement syndrome (MdDS) manifests as a chronic perception of self-motion, often described as low-frequency rocking. This abnormal sensation of motion/balance can occur after travel by air, land, or sea, and is temporarily relieved by re-exposure to motion/activity. Symptoms can last from minutes to years.
yes
Verubecestat (MK-8931) is a BACE1 inhibitor. It reduces concentrations of Aβ40, Aβ42, and sAPPβ. It is a high-affinity β-site amyloid precursor protein cleaving enzyme 1 (BACE1) inhibitor.
Triple negative gliomas are characterized by being IDH non-mutated, 1p/19q non-codeleted, and p53 expression negative or IDH1 non-mutated, 1p/19q intact, and MGMT unmethylated. This subtype of LGG is considered aggressive and has the worst prognosis.
Ectopia lentis is the dislocation of the optic lens, characterized by the subluxation of the lens resulting from the disruption of the zonular fibers.
yes
Gasdermin D (GSDMD) protein triggers pyroptosis, a lytic form of cell death important for immune defenses and diseases. The gasdermin-N domain of GSDMD can bind membrane lipids and exhibits membrane-disrupting cytotoxicity.
Are you referring to a gene, a drug, or something else?
Acute hemolysis | Chronic hemolysis | Neonatal hyperbilirubinemia | Asymptomatic form | Convulsion (rare) | Hemolytic anemia | Neonatal icterus | Chronic nonsperocytic hemolytic anemia
yes
yes
no
The Genome 10K Project, established in 2009, aims to sequence the genomes of 10,000 vertebrate species. This project, involving biologists and genome scientists, intends to sequence approximately one genome for each vertebrate genus.
PU.1 | C/EBPepsilon | GATA-1
Are you asking about a specific application of MIRA-seq, or are you looking for a general definition?
Insufficient evidence in retrieved documents.
no
Peptide aptamers can specifically bind, track, and inhibit target molecules with high affinity, acting as specific protein function inhibitors. They can inhibit the oncogenic action of proteins in tumor cells. Peptide aptamers are also used as bioreceptors in aptasensors.
Heart failure | Systemic thromboembolic events | Fatal left ventricular arrhythmias | Conduction defects (eg, left bundle branch block) | Supraventricular and ventricular arrhythmias | Thromboembolic events | Sudden cardiac death | Congestive heart failure | Arrhythmias | Systemic thromboemboli
The Glasgow Coma Scale (GCS) is a tool used to classify the level of coma and determine injury severity. It is also used in scoring systems to predict outcomes. The Glasgow Coma Scale is considered a gold standard for classification of the level of coma.
Factor Xa inhibitors | Enoxaparin
Trisomy 13 | Chromosomal disorder | Genotype
XX sex reversal | Intersex | Rearranged chromosome 17
yes
Connective tissue | Musculoskeletal system | Cardiovascular system
Primary sclerosing cholangitis
no
Ebola virus infections | Ebola Virus | EBOV infection
yes
H2AX phosphorylation | Phosphorylated H2AX (phospho-H2AX) levels are measured | γH2AX
yes
Modulates expression of G2A | Novel effect on Foxp1 functioning | Direct interaction
Cornelia de Lange syndrome | CdLS
X-linked recessive | X-linked | X-linked pattern of inheritance
no
Pictilisib, also known as GDC-0941, functions as a PI3K inhibitor. Specifically, it is a class I PI3K inhibitor.
Are you asking about sirtuins in relation to a specific disease, treatment, or area of research?
miR-138
DeepCAGE transcriptomics
yes
treatment of atrial fibrillation and flutter
Organism-independent | Genome-wide TSSs | De novo promoter architectures
ADAMTSL4 | FBN1
no
no
FBN1 gene mutation | FBN1 mutation | FBN1
Familial cold autoinflammatory syndrome and Muckle-Wells syndrome | Two cryopyrin-associated periodic syndromes (CAPS) disorders, namely, familial cold-induced autoinflammatory syndrome (FCAS) and Muckle-Wells syndrome (MWS) | Treatment of two CAPS disorders, FCAS and MWS in adults and children 12 years and older
Are you asking about the ChIPpeakAnno R package for analyzing ChIP-seq data?
Interleukin-4 signaling | Interleukin-13 signaling
yes
actin filaments | microtubules | intermediate filaments
Apis
Xq28
Parasympathetic neurons
Insufficient evidence in retrieved documents.
no
Percutaneous coronary intervention (PCI) | Coronary artery bypass graft surgery (CABG)
Are you asking about a specific aspect of ATR-16 syndrome, such as its genetic cause, symptoms, or diagnosis?
recessive hypolipidemia | hypolipidemia | primary hypolipidemia
Approximately 50-60%
type 2 diabetes | T2D
Sudden unexpected death in epilepsy
Ssu72 | Pap1 | Trf4
Vestibular schwannoma (VS)
X-linked inheritance | X-linked | recessive X-linked inheritance
*   EP-DNN
*   DEEP
no
yes
no
yes
Romosozumab is an antibody against sclerostin. By inhibiting sclerostin, Romosozumab increases bone formation and decreases bone resorption. This dual effect leads to increased bone mineral density.
Posttraumatic stress disorder (PTSD) | Posttraumatic stress | Anxiety
Mis18 is part of the CENP-A recruitment pathway and forms a complex with Mis16 to maintain the deacetylated state of histones in the centromere core. It is an upstream factor in kinetochore assembly and is essential for the incorporation and maintenance of CENP-A.
no
no
Required for the development of cardiac and skeletal muscle in zebrafish. | Expressed in zebrafish embryos at all developmental stages examined. | Knockdown of smyd3 in embryos resulted in pericardial edema and defects in the trunk structure. | Knockdown of smyd3 in embryos was associated with abnormal expression of three heart-chamber markers including cmlc2, amhc and vmhc, and abnormal expression of myogenic regulatory factors including myod and myog. | Highly expressed within developing zebrafish heart. | Knock-down of smyd3 led to severe defects in cardiac morphogenesis without altering the expressions pattern of heart markers, including cmlc2, vmhc, and amhc.
CDK4/6 kinases | CDK4/6
H3F3A K27M mutation
What is the context of your question? Are you referring to a specific sequencing technology, sample type, or research application?
no
Are you asking about the genetic condition, or something else related to Achondroplasia?
Overactive bladder (OAB) syndrome symptoms | Overactive bladder with symptoms of urge urinary incontinence, urgency, and urinary frequency | Urgency, urinary frequency and urge urinary incontinence associated with OAB
Medications that block dopamine receptors | Chronic therapy with classical antipsychotic medications | Antipsychotics
yes
Are you referring to a gene, a study, or something else?
Are you asking about MPE-seq in the context of gene expression, protein analysis, or something else?
Bezlotoxumab is a human monoclonal antibody that neutralizes the cytotoxic/cytopathic effects of Clostridium difficile toxin B (TcdB). It binds to and neutralizes TcdB, and its mechanism of action and epitopes have been revealed by X-ray crystallography.
yes
yes
Bites of infected mosquitoes and ticks | Biting insects | Mosquitoes
Nasuia-ALF (112 kb) | Sulcia-ALF (190 kb) | Insufficient evidence in retrieved documents.
Episodic headache | Increased sweating | Palpitations
CRS type 1 | CRS type 2 | CRS type 3 | CRS type 4 | CRS type 5
Small (~23 nt) noncoding RNAs | Novel molecules that take part in regulating protein-coding gene expression at the post-transcriptional level | Short (15-22 nucleotides) noncoding RNAs
no
The SRY circular RNA (circRNA) functions as a microRNA sponge. Specifically, it serves as a sponge for miR-138 in the testis.
Uhl's anomaly is a rare cardiac defect characterized by congenital partial or complete absence or hypoplasia of the right ventricular myocardium. It is an evolutive disease that can lead to terminal right ventricular failure. Uhl's anomaly was first reported by Uhl in 1952.
no
Aspirin may have anticancer effects and chemopreventive benefits, particularly in colorectal cancer. NSAIDs, including aspirin, might reduce the odds of developing pancreatic cancer. Lower doses of aspirin may be used for chemoprevention.
Origin Recognition Complex (ORC) | Cdc6 | MCM replicative helicase | Cdt1 | MCM (MCM2-7) | Orc1-6 | ORC1 | Sap1/Girdin
Autosomal recessive hypophosphatemic rickets (ARHR) is of autosomal recessive inheritance. | X-linked hypophosphatemic rickets exists.
Amanita phalloides
CD4 T cell gene signature | 12-gene transcriptional 'signature' | Insufficient evidence in retrieved documents.
Bowtie | BWA (Burrows-Wheeler Alignment tool) | SOAP2 | BWA-SW (Burrows-Wheeler Aligner's Smith-Waterman Alignment) | TotalReCaller
yes
Pse-in-One
TNF-alpha inhibition is associated with an increased risk of TB infection, including both reactivation of latent TB and new infections. This is because TNF-alpha is important for the normal immune response against pathogens, and blocking it can impair the body's ability to fight TB.
Ribosomal protein genes | RPS19 | RPS24 and RPS17
chromosome 13 | chromosome 14 | chromosome 15 | chromosome 21 | chromosome 22
no
Coilin
LYST gene | LYST
cereal crops | wheat | small cereals
Adenoviral vectors | Adeno-associated viruses (AAV) | Lentiviruses | Herpes simplex viral vector (HSV)
no
Disruption of a TAD boundary causes ectopic chromosomal contacts and long-range transcriptional misregulation. This disruption can also cause pathogenic rewiring of gene-enhancer interactions, leading to ectopic interactions between promoters and non-coding DNA. This rewiring occurs if the variant disrupts a CTCF-associated boundary domain.
Thrombocytopenia | Hemolytic anemia | Neurologic symptoms | Renal disease | Fever
no
LOLA
ADAR | adenosine deaminase, RNA-specific
CEGA is a catalog of conserved elements from genomic alignments. It is a resource that facilitates the study of Conserved Non-Coding Sequences (CNCs) and Ultraconserved Elements (UCEs) by providing a comprehensive set of CNCs identified at different radiations along the vertebrate lineage. It is accessible at http://cega.ezlab.org.
hCG | free β-hCG | PAPP-A
no
Are you asking about magnetoreception in the context of a specific medical condition, treatment, or research area?
yes
yes
Prader-Willi syndrome (PWS) | PWS
Congenital insensitivity to pain (CIP) | Hereditary sensory and autonomic neuropathy (HSAN) | Unable to feel pain
yes
Global determinants of replication origin timing | Clustering of early origins | Association with the key initiation factor Cdc45 in G1 phase
The CIP-box is a motif found in Ctf4 partners like Pol α and helicase. Mutations in the CIP-box of proteins like Dna2 and Tof2 can lead to shortening of chromosome 12, which contains rDNA repeats, without affecting DNA synthesis genome-wide. Ctf4-dependent recruitment of CIP-box proteins couples processes like rDNA copy-number regulation to DNA synthesis.
double-stranded RNA
Cognitive dysfunction elicited by chemotherapy | Deficits in neuropsychological functioning that may occur as a result of cancer treatment | Decrease in concentration, forgetfulness and slower thinking
DAVF | cranial dural arteriovenous shunts | CS DAVFs and the NCS DAVFs
Enhancer sharing | EP distance | Physical proximity
yes
Mammalian target of rapamycin (mTOR) is a serine-threonine kinase and a master regulator of cellular survival, growth, and metabolism. It controls mammalian cell function by modulating translation, transcription, protein degradation, cell signaling, metabolism, and cytoskeleton dynamics. mTOR also plays a central role in the regulation of cell growth and participates in neuronal development and function.
Tardive dyskinesia | HD-related chorea | Tics associated with Tourette syndrome
Hypotonia | Developmental delay | Intellectual disability | Congenital anomalies | Characteristic facial dysmorphic features | Low cholesterol levels | Reduced growth | Microcephaly | Ocular anomalies (microcornea, strabismus, myopia, and pale optic disk) | Distinctive facial features (narrow palpebral fissures, telecanthus, sparse and laterally broad eyebrows, preauricular tags, and micrognathia) | Mental retardation | Generalized hypotonia | Long narrow face | Long thin hands and feet
Required to suppress T cell activation | Novel model for an intestinal bowel disease phenotype | Enhance DNA damage
Measles | Mumps | Rubella
Achalasia | Alacrima | Adrenocorticotropic hormone (ACTH) insensitivity | Adrenal insufficiency due to adrenocorticotropic hormone (ACTH) resistance
Basset is an open-source package that uses deep convolutional neural networks (CNNs) to learn the functional activity of DNA sequences from genomics data. It can be used to predict the change in accessibility between variant alleles and annotate mutations in the genome. Basset offers a computational approach to interpret the noncoding genome.
no
Francisella tularensis
yes
Retinal vasculitis | Multiple retinal macroaneurysms | Neuroretinitis
Alirocumab (Praluent) | Evolocumab (Repatha)
no
elvitegravir (EVG) | cobicistat (COBI) | emtricitabine (FTC) | tenofovir disoproxil fumarate (TDF)
Intrauterine Growth Restriction (IUGR) | Metaphyseal dysplasia | Adrenal hypoplasia | Genital anomalies | Congenital adrenal hypoplasia | Intra-uterine growth restriction | Genital abnormalities
TLR5(rs5744174) | TLR1(rs4833095) | NLRP3(rs10754558) | FCGR2A polymorphism rs1081274
probabilistic method based on Profile Hidden Markov Models | SSCprofiler | computational tool
no
no
ectodermal dysplasia | ectrodactyly | macular dystrophy
~80.8 times | 80.8 | Approximately 80.8 times
circRNA_finder | find_circ | CIRCexplorer | CIRI | MapSplice
Adipocytes | Adipose tissues | White adipose tissue
LARVA
Fingers | Toes | Metacarpal
no
Respiratory distress syndrome (RDS) | Acute hypoxemic respiratory failure
Nrd1 | Nab3 | Nuclear exosome | TRAMP
yes
no
Proteasome
no
Liver | Acute Liver | Hepatocellular
yes
yes
The MCM2-7 complex is a ring-shaped heterohexamer that unwinds DNA and forms the core of the replicative helicase. It plays a critical role in DNA replication initiation and cell proliferation. MCM-BP regulates the unloading of the MCM2-7 helicase in late S phase.
Classification of DNA sequences | Correcting sequencing errors | Lossless compression
phentermine | topiramate
yes
MethPed
CAMUR was used to analyze RNA-seq data sets from TCGA for Breast, Head and Neck, and Stomach Cancer. CAMUR's use resulted in reliable equivalent classification models, which helped deduce the most frequent genes, their relationships, and their relation to specific cancers.
Chorionic gonadotropin (CG) | α-fetoprotein (AFP) | Unconjugated oestriol (uE3)
Activates transcription | Interacting with transcription factors | Transcription activation
Long noncoding RNAs (lncRNAs) have diverse biological functions, including epigenetic control of gene expression, post-transcriptional regulation of mRNA, cellular proliferation and differentiation, and regulation of the genome. They also play critical roles in growth, development, senescence, death, protection against infection, maintenance of homeostasis, and other important physiological and pathological processes. LncRNAs represent novel regulatory components of various pathways.
Exosomes function as intercellular messengers. They transfer macromolecules to other cells, influencing the recipient cell's function and playing a role in processes such as metastatic spread. Exosomes contain proteins and RNA species.
CUL-2 | UBXN-3
yes
no
yes
yes
Sodium-glucose cotransporter 1 (SGLT1) | Sodium-glucose cotransporter 2 (SGLT2)
Intravenous
Are you asking about metaSPAdes in the context of a specific disease, organism, or type of data analysis?
Nucleosome positioning | DNA methylation | Nucleosome-depleted region (NDR)
The dormancy survival regulator (DosR) regulon is important for the long-term survival and persistence of Mycobacterium tuberculosis (Mtb) in a non-replicating, non-respiring, or dormancy-like state, especially during hypoxia. DosR induces a non-replicating state in the pathogen.
ALDH2 deficiency is a risk factor for upper aerodigestive tract cancers and enhances EtOH-induced disruption of intestinal epithelial tight junctions, barrier dysfunction, and liver damage. Acetaldehyde exposure due to alcohol consumption in ALDH2-deficient individuals is causally related to cancer of the upper digestive tract. Diabetic patients with ALDH2 mutations are predisposed to worse diastolic dysfunction.
The positive effector of transcription (pet) is required for pregenome transcription from circular viral monomers in duck hepatitis B virus (DHBV). Pet is also required for transcription elongation. In the absence of pet-dependent transcription, the expression of viral envelope genes increases.
Kmt5a regulates H4K20Me1 in hepatic cells, which affects RNA Pol II release from promoter-proximal regions. In liver-specific Kmt5a-deficient mice, reduced levels of H4K20Me1 correlated with reduced RNA Pol II release.
yes
Insufficient evidence in retrieved documents.
FIRE (Functional Inference of Regulators of Expression) is a tool to score both noncoding and coding SNVs based on their potential to regulate the expression levels of nearby genes.
no
Napabucasin (BBI608) blocks stem cell activity in cancer cells by targeting the signal transducer and activator of transcription 3 (STAT3) pathway. It inhibits signaling by the STAT3 pathway.
yes
First to fire | Earliest | Early
no
no
yes
yes
yes
Mammalian GA-sequences are longer than 50 bases and consist exclusively of G's and A's. They are found in many copies along the chromosomes of several mammals and contain repeated short GA-containing motifs, sharing a common hexa-nucleotide spectrum. Most GA-sequences shared chains of tetra-GA-motifs and contained upstream poly(A)-segments.
The CVE R package focuses on interactive variant prioritization in precision oncology. It helps expedite the analysis of cancer sequencing studies by exploring variants to identify drivers, resistance mechanisms, and assess druggability.
yes
yes
XUT transcripts in yeast are a class of Xrn1-sensitive antisense regulatory non-coding RNA. A large portion of these transcripts are antisense to open reading frames.
48 | Approximately 50 | 47
yes
yes
Are you asking about oclacitinib in relation to humans or animals?
no
Immune thrombocytopenia | Autoimmune hemolytic anemia
no
no
Insufficient evidence in retrieved documents.
no
emMAW
yes
Stress urinary incontinence
yes
Aicardi-Goutières syndrome | Ubiquitin specific peptidase 18 (USP18)-deficiency | Familial chilblain lupus | Singleton-Merten syndrome
Ufd1-Npl4
Topologically associating domains (TADs) are stable units of replication-timing regulation. The establishment of TADs and the replication-timing program occur within the same timeframe. There is a strong connection between chromatin re-organization during G1, establishment of replication timing.
Cryptic unstable transcripts (CUTs) are transcripts from intergenic regions [2] that are rapidly degraded by the nuclear exosome [3].
At least four | Four | 4
Galunisertib is an inhibitor of TGFβR1 (Transforming growth factor-β receptor I). It functions as a TGF-βRI kinase inhibitor, blocking TGF-β-mediated tumor growth.
Circularized oligonucleotides | circularized oligodeoxynucleotides
Fyn kinase interacts with tau, linking two key pathologies in Alzheimer's Disease. Activation of Fyn kinase leads to hyperphosphorylation of tau, resulting in synaptic dysfunction, neuronal loss, and cognitive deficits.
Joint laxity | Skeletal deformities | Bilateral patella dislocations
Insufficient evidence in retrieved documents.
Ser133 | Ser(133)
Ecm22
Secreted
Stroop tests | consistency tests | psychophysical tests
Reduces body weight | Weight loss
circRNA_finder | find_circ | CIRCexplorer | CIRI | MapSplice | tandem | DCC | CircTest | UROBORUS
Hepatocyte growth factor binding | Hepatocyte growth factor | MET receptor
Insufficient evidence in retrieved documents.
RNA polymerase III transcribes a limited set of small, non-protein-coding RNA genes. These transcripts include tRNAs, small nucleolar RNAs, microRNAs, short interspersed nuclear element-encoded RNAs, and novel classes of ncRNAs. The originally defined transcriptome appears to be expanding with new methods.
Seven
no
yes
GDNF family receptor α-like (GFRAL) | GFRAL
yes
Insufficient evidence in retrieved documents.
abductor pollicis longus | extensor pollicis brevis
yes
Stabilizes microtubules | Microtubule-stabilizing agent | Protects axonal transport and brain function
yes
no
Osh1p-Osh7p | Upc2p
JBP1 | JBP2 | thymidine hydroxylase (TH)
Insufficient evidence in retrieved documents.
DNA topoisomerase II | type II topoisomerase
Mutations in MED12 | MED12 missense mutations | Frameshift mutation (c.5898dupC) of MED12
pembrolizumab | ipilimumab
The purpose of the FRAX® algorithm is to predict the risk of fracture over a given time, usually 10 years. It aims to incorporate non-BMD risk factors into clinical assessment.
yes
Yes, Cas9 gene editing shows potential for correcting inherited hearing loss. CRISPR/Cas9 has been used to correct mutations associated with hearing loss in mice and iPSCs, restoring normal cell function. Genetic correction of iPSCs from patients with sensorineural hearing loss is a promising treatment method.
CTCF can mediate splicing through multiple mechanisms. It can modulate the elongation rate of RNA polymerase II [1]. Also, TET-catalyzed oxidation of intragenic 5-methylcytosine regulates CTCF-dependent alternative splicing [5].
no
ribotype 027
TFIIS (Dst1) in Saccharomyces cerevisiae stimulates transcript cleavage in arrested RNA polymerase II and promotes the intrinsic ability of RNA polymerase II to cleave the 3'-end of newly synthesized RNA. It also cooperates with the Spt8-containing form of SAGA to rescue RNA polymerase II from unproductive elongation complexes.
yes
psygenet2r
Janus kinase 3 | JAK3
Circadian gene mutations are associated with Delayed Sleep-Phase Syndrome (DSPS). Additionally, the frequency of HLA-DR1 is increased in DSPS patients compared to healthy controls, suggesting a possible association.
Are you asking about JAK inhibitors as a type of medication?
Recognizes cytoplasmic viral double-stranded RNA (dsRNA) and initiates rapid innate antiviral responses | Host recognition of non-self RNAs, especially viral RNA | Sensing of viral RNA
Asp(D)-Glu-(E)-Ala(A)-Asp(D)
Individuals in more agrarian societies | Healthy human subjects | AH8.1 non-carriers
GARLIC (GWAS-based Prediction Toolkit for Connecting Diseases and Cell Types) is a user-friendly, multi-purpose software with an associated database and online viewer. It uses global maps of cis-regulatory elements to connect human diseases with relevant cell types and can retrieve potential disease-causative genetic variants overlapping regulatory sequences of interest.
Deletion of DST1 does not have a major effect on cell viability, but some dst1 mutants are partly defective in tRNA synthesis and show reduced Pol III occupancy at a restrictive temperature. Dst1 also appears to play a role in the initiation-elongation transition of transcription.
dabigatran | dabigatran-mediated anticoagulation
Cellular adhesion | Connecting the extracellular medium with the intracellular actin cytoskeleton | Insufficient evidence in retrieved documents.
yes
Polyneuropathy | Organomegaly | Endocrinopathy | Monoclonal plasmaproliferative disorder | Skin changes | Papilledema | Extravascular volume overload | Sclerotic bone lesions | Thrombocytosis | Castleman disease | M protein | Monoclonal gammopathy
RPE65
Insufficient evidence in retrieved documents.
redness | heat | swelling | pain
yes
SMAD4 | BMPR1A
yes
CRTAP | LEPRE1 | FKBP10 | PP1B | SP7/Osterix (OSX) | SERPINH1
Masitinib is a tyrosine kinase inhibitor. It has activity against c-Kit and platelet-derived growth factor receptors (PDGFR), and it inhibits the mast cell-glia axis and acts as a Fyn kinase blocker.
Patisiran
The H19 imprinting control region (ICR) regulates the expression of IGF2 and H19, and its demethylation can alter chromatin accessibility and looping. It also influences CTCF and cohesin recruitment and histone modifications. The imprinting center 1 (IC1), which includes the H19 ICR, functions as a methylation-sensitive chromatin insulator.
Teriparatide is an anabolic drug that increases activity in both osteoblasts and osteoclasts. It increases bone-formation and bone-resorption markers, reverses structural damage seen in osteoporosis, and restores the structure of trabecular bone.
Strelka is a method for somatic SNV and small indel detection using sequencing data from matched tumor-normal samples. It employs a Bayesian approach, representing allele frequencies for both samples and leveraging the normal sample's genotype structure. The method models the normal sample as a mixture of germline variation with noise and the tumor sample as a mixture of the normal sample with somatic variation.
Manta is an algorithm designed to discover structural variants and indels from next-generation sequencing data. It scores variants using paired and split-read evidence, with models optimized for germline and somatic analysis. Manta also assembles a higher fraction of its calls to base-pair resolution.
yes
Long-term intravenous drug addiction | Intravenous drug abuse | Intravenous drug addiction
Ozanimod is an oral selective modulator of sphingosine-1-phosphate (S1P) receptors, specifically S1P1 and S1P5. It acts as an agonist at the S1P1 receptor.
Swirl sign is a marker on NCCT associated with intracerebral hemorrhage. Its presence is associated with larger hematoma volume, increased mortality, and a high risk of evolution toward brain death. It is also an independent predictor of death at one month and poor functional outcome at three months.
Morgellons disease is a rare disease with unknown etiology [2]. It is characterized by skin sensations such as stinging, burning, or crawling, along with the perception of inanimate material extruding from the skin, fatigue, and other systemic symptoms [3]. It is also defined as a dermopathy characterized by multicolored filaments in or projecting from the skin [5]. Some consider it a primary psychiatric disorder, such as a delusional disorder [1, 4].
Are you asking about a specific gene, database, or something else related to Cellbase?
Palatal musculature, which includes the palatine muscle of the uvula, is responsible for the active opening of the eustachian tube. Laser-assisted uvulopalatoplasty (LAUP) may affect these muscles.
yes
General Regulatory Factors (GRFs) bind to sites scattered throughout the genome within promoters, playing a key role in regulating gene expression and partitioning the genome in functionally independent domains [2]. Abf1 and Rap1 are examples of GRFs that contribute to transcriptional activation of a large number of genes, as well as to replication, silencing, and telomere structure in yeast [3]. They also play a role in determining genome-wide chromatin structure [4].
Epstein-Barr virus (EBV) | infectious mononucleosis (IM) | cytomegalovirus (CMV)
Fyn kinase is considered a promising therapeutic target for Alzheimer's Disease because it is activated by amyloid-beta via cellular prion protein. Additionally, Fyn interacts with tau, uniquely linking the two key pathologies in AD.
Clusters of CNEs coincide with TADs and are also described as GRBs. Thus, GRBs, which are clusters of CNEs that define regulatory inputs, are linked to TADs.
Target Explorer is an automated tool for identifying new target genes for a specified set of transcription factors. It automates the creation of binding site libraries, prediction of target genes, and annotation of these genes. While designed for Drosophila melanogaster, it can be used for other genomes and is available at http://trantor.bioc.columbia.edu/Target_Explorer/.
yes
Human IVIG contains a mixture of polyclonal IgG antibodies isolated and pooled from thousands of healthy human donors. The provided information does not specify if the contents are different when used as a treatment for Alzheimer's disease.
yes
The auxin-inducible degron (AID) system allows for the rapid and reversible proteolysis of proteins of interest. This system uses ubiquitin-mediated protein degradation to eliminate the product of a gene of interest.
Corynebacterium species | Corynebacterium minutissimum
SMARCAL1 | SWI/SNF2 related, matrix associated, actin dependent regulator of chromatin, subfamily a-like 1
Glioblastoma multiforme (GBM) | butterfly glioblastoma | neoplastic astrocytes
Chromosome 11 | Chromosome 22
yes
no
recount workflow | recount2 resource | recount2 website
VBP15 protects and promotes efficient repair of skeletal muscle cells upon laser injury. It also improves muscle strength and pathology in DMD model mice.
Are you asking about filgotinib as a medication, or something else?
Are you referring to a specific medical device, a research project, or something else?
Tisagenlecleucel reprograms a patient's T cells with a transgene encoding a chimeric antigen receptor. This receptor identifies and eliminates CD19-expressing cells. It is a CD19-specific CAR-T cell therapy.
Leber Hereditary Optic Neuropathy (LHON) is a visually devastating hereditary optic neuropathy caused by mutations in the mitochondrial genome (mtDNA). It is a well-known clinical entity with ophthalmic manifestations, and mtDNA analysis is important for its diagnosis.
ReliableGenome (RG) is a method for partitioning genomes into high and low concordance regions with respect to a set of surveyed variant calling pipelines. It is also described as an annotation of genomic regions with high/low variant calling concordance.
NEMO | A20 | ABIN-1 | ABIN-2 | optineurin | p62 | TAB2 | TAB3
decline in growth rate | excessive weight gain
USP25 specifically catalyzes the hydrolysis of K48-linked and K63-linked polyubiquitin chains. It cleaves both lysine 48- and lysine 63-linked polyubiquitin chains.
yes
yes
High salt treatment | Heat stress | Exposure to low levels of MDA | Wounding | Elevated NaCl levels
Convergent manner | Convergent CTCF sites | Convergent
yes
Eight
Yes, according to the retrieved evidence, circRNAs can encode for proteins [4]. Translation of several circRNAs has been reported [1].
Gene kissing involves the clustering of genes with similar expression patterns [1]. It can also refer to instances of two different alleles touching each other [4] or the imposition of new chromatin structures [3]. HoxB and HoxC clusters are frequently involved in gene kissing [5].
fibrinogen A alpha chain | fibrinogen A alpha chain deposits | fibrinogen alpha-chain gene
growth failure | weight gain | facial fullness | blood pressure | bone health | cataracts | gastrointestinal symptoms | behavior | hypertrichosis | need for medication interventions
Chordoma | Pediatric chordoma | Insufficient evidence in retrieved documents.
According to the Rabl orientation, centromeres are located peripherally and associated with the nuclear membrane [1]. However, centromeres can also be located perinucleolarly in a non-Rabl orientation [4].
STAR elements, or subtelomeric anti-silencing regions, dampen silencing in yeast telomeres. They counteract silencer-driven repression and inhibit chromatin silencing through antisilencing activity. STARs display characteristics of insulators and can uncouple the silencing of neighboring genes.
OCTAVE Induction 1 | OCTAVE Induction 2 | OCTAVE Sustain
Similar mode of action to bisphosphonates | Fully human monoclonal antibody to the receptor activator of nuclear factor xB ligand (RANKL) | Interferes with the formation, activation, and survival of osteoclasts
Insufficient evidence in retrieved documents.
MINDY (motif interacting with Ub-containing novel DUB family) is a new family of deubiquitinating enzymes (DUBs) found in all eukaryotes. These DUBs are highly selective at cleaving K48-linked polyUb, a signal that targets proteins for degradation. MINDY-1 is a member of this family.
yes
yes
yes
yes
Are you asking about cebocephaly in humans or in an animal model?
Chromatin assortativity can be used to integrate the epigenomic landscape of a cell type with its chromatin interaction network. This allows for the investigation of which proteins or chromatin marks mediate genomic contacts in the three-dimensional structure of the genome. Polycomb group proteins and actively elongating RNA polymerase II are examples of features with high chromatin assortativity.
RA-BEACON study | RA-BUILD study | RA-BEAM study
Obstructive sleep apnea (OSA) | Epilepsy patients at risk for obstructive sleep apnea
Infants born before 29 weeks' gestation | Infants with chronic lung disease of prematurity | Infants and children with hemodynamically significant heart disease | Infants with qualifying high risk conditions
VEGF signaling | NHT (via upregulation of VEGF-C and -D) | Vegfc | Vegfd | VEGF-C | VEGF-D
siG12D-LODER™
CTCF is post-translationally modified by poly(ADP-ribosyl)ation. This modification imparts chromatin insulator properties to CTCF. The poly(ADP-ribosyl)ation of proteins is rapid and transient.
HPG Pore is a toolkit for exploring and analyzing nanopore sequencing data. It is designed to manage the large amounts of data expected from nanopore technologies.
no
yes
CancerSubtypes
no
yes
yes
MEFV gene | MEFV
deepbluer | DeepBlueR
yes
yes
yes
Are you asking about miravirsen in relation to a specific condition, such as hepatitis C?
Acute strep pharyngitis | Streptococcus pyogenes, Lancefield group A streptococci | Sore throat
no
yes
CLOCK | BMAL1
yes
OPT Retreatment (NCT01186744) | OPT Pivotal 1 | OPT Pivotal 2 | OPT Compare Study (NCT01241591)
IL-12 | IL-23
Osteosarcomas
metastatic NSCLC positive for ALK fusions | ALK+ non-small cell lung cancer | NSCLC caused by anaplastic lymphoma kinase gene (ALK) rearrangement
Programmed cell death protein 1 (PD-1) | Programmed cell death protein ligand 1 (PD-L1) | CTLA-4
IAA5 | IAA19 | IAA6 | EgrIAA4
Are you asking about a specific gene, a research project, or something else related to "GenomeVIP"?
Thoracoomphalopagus | Pygopagus | Ischiopagus | Diprosopus | Dicephalus dipus dibrachius
MARS
Sld5 CIP | i,i+6 stapled peptide | stapled Sld5 peptide
SLC2A10 | TGFBR1 and TGFBR2
Tomato | Tomatoes
no
Could you please provide more context? Are you referring to a specific test, tool, or analysis method used in a clinical setting?
yes
The FaceBase Consortium aims to accelerate understanding of craniofacial developmental biology by generating comprehensive data resources and technology for the research community. This is achieved through a central data management and integrated bioinformatics hub, fostering collaborations, and translating science into improved healthcare.
Are you asking about a tool, a file format, or something else related to TCGA data?
no
no
Nursemaid's elbow, also known as radial head subluxation or pulled elbow, is a common injury in young children. It is caused by axial traction on the extended arm while the forearm is pronated, allowing slippage of the radial head. X-rays can show subluxation of the elbow joint.
Are you asking about trismus in relation to a specific medical condition or treatment?
Benralizumab is a humanized monoclonal antibody that targets the interleukin-5 receptor α (IL-5Rα). It is an anti-IL-5 receptor α immunoglobulin G (IgG)1κ monoclonal antibody. Benralizumab's mechanism of action involves targeting IL-5, a key cytokine for eosinophils.
yes
Match BAM to VCF (MBV) is a method designed to quickly solve sample mislabeling and detect cross-sample contamination and PCR amplification bias. It is implemented in C++ as an independent component of the QTLtools software package.
no
yes
yes
yes
Fremanezumab is a humanized monoclonal antibody (CGRP-mAb) directed against calcitonin-gene-related peptide (CGRP). It inhibits thinly myelinated (Aδ) meningeal nociceptors.
Trastuzumab-associated cardiotoxicity is mostly reversible, but some patients may experience chronic heart failure or prolonged left ventricular ejection fraction reduction. In some cases, trastuzumab-induced cardiotoxicity may not be reversible.
Nimotuzumab, an anti-EGFR monoclonal antibody, is used in the treatment of diffuse intrinsic pontine glioma (DIPG) due to the role of EGFR signaling in this condition [5]. It has shown modest activity, with a subset of patients benefiting from the treatment [3]. Nimotuzumab, alone or in combination with radiotherapy or chemotherapy, may improve response rate or survival time [2].
Are you asking about the R package "annotatr" for genomic annotation?
Blount's disease is a disorder of the postero-medial proximal tibial physis that results in genu varum. Infantile Blount's disease also causes internal tibial torsion. The disease can cause progressive bowing of the leg, intoeing, and lateral knee thrust.
Nusinersen is an antisense oligonucleotide that targets intronic splicing silencer N1 (ISS-N1) on the pre-mRNA of the SMN2 gene. By binding to this sequence in the intron downstream of exon 7, Nusinersen modulates the splicing of the SMN2 mRNA transcript to include exon 7. This ultimately increases the production of full-length SMN protein via splicing correction.
Are you asking about the historical concept of King-Kopetzky syndrome related to hearing loss, or something else?
The 959 Nematode Genomes initiative is a community-curated semantic wiki designed to inspire, promote, and coordinate genomic sequencing across the phylum Nematoda. It aims to coordinate the sequencing efforts of individual labs to collectively sequence 959 genomes spanning the phylum. The initiative's website is www.nematodegenomes.org.
Highly conserved noncoding elements (HCNEs) | Developmental regulatory target genes | Phylogenetically and functionally unrelated "bystander" genes
Hepatitis C virus (HCV) infection | chronic HCV genotype 1-6 infection
dual orexin receptor | orexin-1 receptor and orexin-2 receptor
yes
Are you asking about a specific research project, database, or something else related to Cell Maps?
yes
signeR | SignatureEstimation | pmsignature | SomaticSignatures
Abdominal obesity | Hypertension | Dyslipidemia
Alzheimer disease (AD) | Alzheimer's
Enhance the anti-tumor response of the immune system by targeting immune regulatory pathways | Next generation agents with novel mechanisms of action | Promising treatment option in GBM
yes
Cseq-Simulator
Gastroduodenal perforation | Lower GI tract perforation | Increase in the amount of free air
no
yes
Could you please specify the context in which you are asking about SNP2TFBS? For example, are you interested in a specific gene, disease, or research study?
Are you asking about a specific application of SMiLE-seq, such as in cancer research or single-cell analysis?
Could you please provide more context or details about where you encountered "libgapmis"?
yes
yes
Are you referring to a specific gene, protein, disease, or something else?
Tezepelumab is a human monoclonal antibody specific for the epithelial-cell-derived cytokine thymic stromal lymphopoietin (TSLP). It neutralizes TSLP activity.
Kidney donation may be associated with an increased risk of gestational complications such as gestational hypertension, pre-eclampsia, gestational diabetes, and proteinuria. However, one study suggests that kidney donation is not detrimental to future pregnancies, contradicting the other findings.
yes
Unspecified phase | Phase 2-3 | Insufficient evidence in retrieved documents.
The RNA Centric Annotation System (RCAS) is an R package created to simplify gene-centric annotation and analysis of genomic regions of interest from RNA-based omics technologies. Its modular design allows for flexible usage and integration with other bioinformatics workflows. RCAS also features graphical user interfaces, including a Galaxy wrapper and a stand-alone web service.
Chronic Wasting Disease (CWD) is a prion disease that affects cervids, including deer, elk, and moose, primarily in North America and Korea. It is an evolving disease, and cervids are infected through oral and nasal mucosal exposure.
A1c, also known as glycated hemoglobin (HbA1c), is a measure of glycemic control. It is used to assess short to intermediate term glucose control in individuals with diabetes mellitus. A1c has a strong linear correlation with mean plasma glucose.
yes
Are you asking about craniosynostosis in general, or something specific related to it, like a type, cause, or treatment?
McEnhancer | machine learning approach | semi-supervised learning algorithm
Could you please specify the context in which you are asking about Click-PEGylation? For example, are you interested in a specific drug, disease, or research area?
A SLEDAI score is a Systemic Lupus Erythematosus Disease Activity Index score. It is used to evaluate disease activity in Systemic Lupus Erythematosus (SLE) and correlates with a clinician's impression of disease activity.
non-Hodgkin's lymphoma | ALK positive anaplastic large cell lymphoma | non-small cell lung cancer
Community Acquired Pneumonia (CAP) | pneumonia
Subpallial enhancer transgenic lines
yes
PSD95 | Synaptophysin
selective estrogen receptor modulator | selective estrogen receptor modulators | elective estrogen receptor modulator
yes
Limb-Enhancer Genie (LEG) | Limb-Enhancer Genie
Corticosteroids | Prednisone | Anti-TNF agents
Borderline personality disorder (BPD)
DNA replication | Lagging-strand replication | Cell proliferation
no
Gardnerella vaginalis | Gardnerella infection | T vaginalis
HIV core protein p24 (p24 antigen) | Antigen-antibody combination assays
de Quervain's disease
Esophageal squamous cell carcinoma (ESCC) | ESCC | human ESCC
no
Respirable coal dust | Exposure to and retention of respirable coal dust | Inhalation of coal
Beneficence | Respect for autonomy | Non-maleficence | Justice
diffloop
Osteomyelitis (OM) | Diabetic foot OM | DFU
yes
Spatial coding | Contextual representation | Generation of network hyperexcitability
Posterior cruciate ligament (PCL) | PCL | Insufficient evidence in retrieved documents.
Insufficient evidence in retrieved documents.
Facial palsy | Parotid swelling | Uveitis | Fever | Anterior uveitis | Right facial paralysis | High fever | Poor general condition | Anterior and posterior uveitis | Macular edema | Chorioretinal infiltrates
femur | tibia | patella
yes
infliximab | adalimumab
FullSSR
MGA repository | Cistrome Data Browser | Cistrome database | CR Cistrome | CistromeMap
Cryptogenic stroke | Ischemic stroke | New brain infarct
Comparisons of ChIP-Seq datasets from the Human Epigenome Atlas | Comparisons of FANTOM CAGE | Spatial correlation of CAGE clusters with donor splice sites | Spatial correlation of CAGE clusters with poly(A) sites
The 4D Nucleome Network aims to map the structure and dynamics of the human and mouse genomes in space and time. The goal is to gain deeper mechanistic insights into how the nucleus is organized and functions.
Hemolysis | Anemia | Hyperbilirubinemia | Coombs' negative haemolytic anaemia | Hyperlipidaemia | Jaundice | Hemolytic anemia | Hyperlipoproteinemia | Transient haemolytic anaemia | Alcohol-induced liver disease
Depression is associated with increased risk of psoriatic arthritis | Higher rate of depression in PsA patients | Depression reduces likelihood of remission in psoriatic arthritis
no
Gastric leiomyosarcoma | Pulmonary chondroma | Extraadrenal paraganglioma
Prevention of Dementia by Intensive Vascular care trial | A cluster-randomized controlled trial | A 6-year multidomain vascular care intervention to prevent dementia
Inhibitor
Type 2 diabetes mellitus (T2DM) treatment | Glucose-lowering agent | Treatment of patients with type 2 diabetes
Hypoglycemia | Solitary fibrous tumor | Paraneoplastic syndrome
Rabies
no
16S rRNA gene sequencing is used to identify microorganisms and viruses within a complex mixture. It is also used to evaluate the discriminating power of soil bacterial communities and for the taxonomic and metabolic characterization of species.
5-HT-6 receptor | 5-HT6 antagonists | NMDA receptor antagonists
no
Circular RNAs are differentially expressed in breast cancer, with some being upregulated and others downregulated in tumor tissues compared to normal tissues. CircRNA frequency may also be a marker for cell proliferation in breast cancer, and can potentially be used to distinguish breast cancer. These findings suggest that circRNAs play a role in breast cancer carcinogenesis.
Ophthalmoplegia | Ataxia | Acute confusion | Nystagmus | Cognitive disturbances | Changes in mental status | Ocular abnormalities | Mental confusion | Oculomotor dysfunction
Are you asking about a medication, a research study, or something else related to "RIblast"?
Alzheimer's disease resilience refers to the ability of some individuals with AD pathology or genetic risk factors to maintain high cognitive function and avoid developing AD dementia. This resilience can be observed when individuals perform better than expected given their level of pathology or genetic risk. Resilience metrics can be defined by examining the difference between expected and actual brain aging outcomes.
RAPIDR
yes
yes
Are you asking about the pain syndrome also known as paroxysmal finger hematoma?
yes
no
Host-induced gene silencing (HIGS) is a transgenic technology used to silence fungal genes in planta during attempted infection, thereby reducing disease levels. HIGS relies on the host plant's ability to produce mobile small interfering RNA molecules, generated from long double-stranded RNA, which are complementary to targeted fungal genes. These molecules are transferred from the plant to invading fungi to cause gene silencing.
Maternal spindle transfer (MST) is an IVF-based embryonic technique. The UK enacted legislation in October 2015 to permit its clinical use, with the aim of preventing the maternal transmission of serious mitochondrial diseases.
no
Tankyrases promote homologous recombination and checkpoint activation in response to Double Strand Breaks (DSBs).
FGFR | VEGFR | PDGFR | KIT
CircRNAs can have a role in tumorigenesis, with some, like circ-FBXW7, repressing it and others, like circ-Amotl1, promoting it. Circ-Amotl1 promotes tumorigenesis through interactions with c-myc. These noncoding RNAs may represent potential targets in cancer therapy.
Genomiser
no
yes
Phase III
BPP
group A Streptococcus (GAS) | hemolytic streptococcus | S. pyogenes
Automated system for freezing and storing CB | Automated cryopreservation and storage system | System for storing UCB units in liquid nitrogen
SeqArray | BGT | BCF
yes
Actoxumab | Bezlotoxumab
FGF13 | miR-504 | p53 | PTENβ | Nucleostemin (NS)
53BP1
ExpansionHunter
High-grade glioma (HGG) | Paediatric GBM, DIPG and adult GBM
iLIR database
Liquid/liquid phase separation (LLPS) | Physiological liquid-liquid phase transitions (LLPTs) | Intracellular liquid-liquid phase separations
yes
100 nm
yes
yes
Are you asking about bromodomain and extraterminal (BET) family proteins?
no
Protein products with various primary structure alterations | Protein species | Splice variants, single amino acid substitutions, and post-translational modifications of proteins
yes
Induces secretion | Activity-induced secretion | Promotes glioma proliferation
The blood-brain barrier (BBB) plays a key role in maintaining the specialized microenvironment of the central nervous system (CNS) and homeostasis of the brain. It also protects the CNS from toxic and pathogenic agents in the blood. The BBB represents the interface between neural cells and circulating cells of the immune system.
Bone mass | Bone homeostasis | Bone metabolism
PARPi resistance occurs when cancer cells acquire new mutations or events that negate the positive effects of PARPi treatment. This resistance can even occur in BRCA-mutant cells. The underlying mechanisms of PARPi resistance are not well understood.
Potential biomarker of AD
no
yes
Are you asking about pQTLs in relation to a specific disease, protein, or gene?
Dysphoric Milk Ejection Reflex (D-MER) is characterized by an abrupt dysphoria or emotional drop that occurs with the milk ejection reflex (MER) and continues for a few minutes. These negative feelings can range in severity and may last from shortly before initial milk ejection until the baby starts to feed vigorously. The symptoms may decrease by 3 months or continue throughout the breastfeeding period.
yes
The protein inference problem is a challenge in proteomics involving assigning identified peptides to the proteins from which they originate. It involves assembling peptides, often identified from tandem mass spectra, into a list of proteins, or selecting a subset of candidate proteins that best explain the observed peptides.
There was a strong association suggested in the 1970s between maternal lithium treatment during pregnancy and Ebstein's anomaly. However, more recent studies present conflicting evidence, with some showing no increased risk of Ebstein's anomaly and others showing a possible increased risk of congenital anomalies. Therefore, the link between lithium use during pregnancy and Ebstein anomaly remains uncertain.
no
The Ribosome-bound Quality Control complex (RQC) performs translational protein quality control. It recognizes nascent peptides translated from aberrant mRNAs, polyubiquitylates these aberrant peptides, extracts them from the stalled 60S subunit, and escorts them to the proteasome for degradation.
Are you asking about emicizumab in relation to a specific condition or its mechanism of action?
Rickettsia | Ehrlichia | Borrelia | Southern tick-associated rash illness | Anaphylaxis to red meat | Human monocytic ehrlichiosis | Tularemia
Ubiquitin receptors | Link ubiquitinated proteins to the proteasome | Prevent aggregation
DeepLoc
Asia | East Asia | Northeastern Asia
Fever | Rash | Diffuse exanthem | Mucous changes | Sever redness of throat | Strawberry tongue
Salmonella enterica serovar Typhi | Salmonella enterica serotype Typhi | Salmonella spp.
*   Mean corpuscular volume (MCV)
*   Red blood cell count (RBC)
Human African trypanosomiasis/sleeping sickness | HAT | African Trypanosoma brucei gambiense trypanosomiasis
yes
yes
no
no
yes
sofosbuvir | velpatasvir | voxilaprevir
suprachiasmatic nucleus of the hypothalamus | suprachiasmatic nucleus
Here's a list of algorithms used for compression of SAM files, based on the provided evidence:

*   GeneComp
*   NGC
*   SAMZIP
*   QVZ
Metagenomics of the Human Intestinal Tract
Methadone | Buprenorphine | Buprenorphine/naloxone | Naltrexone
yes
Romosozumab is a monoclonal antibody that binds to sclerostin, preventing it from inhibiting bone formation. This allows activation of the Wnt signaling pathway, increasing bone formation and bone mineral density, while also reducing bone resorption.
Nrf2 regulates glutathione reductase, glutathione S-transferase, NAD(P)H quinone oxidoreductase-1 (NQO1), and various antioxidant enzymes. These are Nrf2-regulated targets.
sofosbuvir
yes
Apolipoprotein E4 (E4) | Type 2 diabetes | Hypertension | Clusterin (Apo J) | Advancing age | Obesity
Pretest probability | Immediate risk of VTE | Pulmonary embolism
Tabix is a generic tool that indexes position sorted files in TAB-delimited formats such as GFF, BED, PSL, SAM, and SQL export. Its purpose is to quickly retrieve features overlapping specified regions. Tabix also features data compression and direct FTP/HTTP access.
Could you please provide more context or details about what you are trying to learn about MULTOVL?
The Ser312Gly polymorphism in HSD17B1 is associated with endometriosis, particularly in a Japanese population. Individuals with at least one A-allele of HSD17B1 have a significantly increased risk, and the A/G + A/A genotypes are associated with the severity of endometriosis. Inhibiting HSD17B1 is proposed as a potential therapeutic strategy.
relapsing forms of multiple sclerosis | multiple sclerosis | relapsing-remitting multiple sclerosis
yes
Are you asking about INCB3619 as a drug, or something else?
Are you asking about crenezumab in the context of Alzheimer's disease?
Vanishing lung syndrome (VLS) is a rare form of giant bullous emphysema [1, 2, 3, 4]. It is characterized by the appearance of disappearing lungs on X-ray [5]. VLS typically occurs in young, thin male smokers [3].
CD4 binding site | membrane-proximal external region (MPER) | V1V2 glycan site
Are you asking about calciphylaxis in the context of a specific condition, such as chronic kidney disease?
Alternative lengthening of telomeres (ALT) is a telomerase-independent telomere maintenance mechanism found in about 15% of cancers.
Fibroblast growth factor 21 (FGF21) is expressed in the liver, thymus, adipose tissue, and pancreas. The highest levels of FGF21 expression are found in the pancreas.
Neddylation is important for maintaining cellular homeostasis and regulating dendritic cell function. Specifically, it influences the release of proinflammatory cytokines by dendritic cells, and blocking it may help mitigate immune-mediated diseases. It is also similar to ubiquitination, but has its own enzyme machinery.
Break-induced replication (BIR) is a pathway that repairs one-ended double-strand DNA breaks (DSBs) that occur at collapsed replication forks or eroded telomeres. It initiates with a broken DNA end invading a homologous template, followed by DNA synthesis via a migrating bubble. This process is associated with conservative inheritance of newly synthesized DNA.
Fibrocytes are circulating mesenchymal precursors (CD45+, col 1+) [1] and spindle-shaped fibroblast-like hematopoietic cells [4]. They are also described as unique haematopoietic-derived stem cells [5] and can be identified as CD45+CD34+ cells [3]. They are recruited to fibrotic areas [1].
Autophagy | Cardiomyocyte apoptosis | mTOR phosphorylation | DIRAS3 expression | Left ventricular structure and function
High-risk neuroblastoma | Neuroblastoma
Identifying genomic location of DNA-binding proteins | Identifying protein-DNA interactions | Precise Identification of DNA-Binding Proteins Genomic Location
Sites where DNA ends rejoin | Near sequences with G-quadruplex forming potential | Flanking the deletions
hsa_circ_0058246 | circ-ABCB10
metalloendopeptidase | N-arginine dibasic convertase
TB infection | Tuberculosis
Biomarkers | Proteins | Plasma concentrations of MMP12
no
yes
no
yes
yes
yes
no
yes
no
yes
yes
yes
yes
yes
no
yes
The PhenCode database is a collaborative project aimed at understanding the phenotypes of human mutations using sequence and functional data from genome projects. It connects ENCODE data with mutations and phenotypes.
SP3, or Single-Pot Solid-Phase-enhanced Sample Preparation, is a proteomic sample preparation protocol that uses paramagnetic or magnetic beads. It is performed in a single tube and provides a rapid and unbiased means of sample preparation. The procedure facilitates ultrasensitive analysis.
Enhancer hijacking is a type of CRE (cis-regulatory element) reorganization that can result in cancer-related gene overexpression. It affects enhancer regulation and can target specific genes in certain cancers.
Tinea is a dermatophyte infection. Examples of tinea infections include tinea capitis, tinea cruris, tinea pedis, tinea corporis, tinea manuum, tinea barbae, and tinea unguium.
Deletion breakpoints are defined at the DNA nucleotide sequence level. Sanger sequencing is used for breakpoint confirmation after using methods like real-time quantitative PCR to narrow down the deletion region.
The nuclear localization of the lncRNA BORG is mediated through a novel RNA motif consisting of the pentamer sequence AGCCC with sequence restrictions at positions -8 (T or A) and -3 (G or C) relative to the first nucleotide of the pentamer. This motif mediates the strict nuclear localization of the lncRNA.
Are you asking about ATAC-seq in the context of a specific disease, treatment, or research area?
The TALE-iD method is a methylation-based orthogonal validation method. It is used to show that native interactions resemble cross-linked ones, but display improved signal-to-noise ratios and are more focal on regulatory elements and CTCF sites, while strictly abiding to topologically associating domain restrictions.
Paget's disease of bone (PDB) is a metabolic skeletal disorder characterized by localized excessive osteoclastic bone resorption followed by increased osteoblastic activity, leading to disorganized bone. This results in deformity, enlargement, and changes in the architecture of the bone. The condition is characterized by increased bone cell activity, with bone-resorbing osteoclasts often larger and containing more nuclei than normal.
Beta-lactamases are enzymes that hydrolyze beta-lactam antibiotics, including penicillins, very fast. This hydrolysis leads to β-lactamase-mediated antibiotic resistance.
Carnivora
Ectopic expression of CTCF inhibits cell growth, often through growth retardation. This inhibition can occur at multiple points within the cell cycle and, in some cell types, can promote differentiation. These effects lead to the consideration of CTCF as a potential tumor-suppressor factor.
Dardarin is a protein encoded by the LRRK2 gene, also known as PARK8. LRRK2/dardarin is implicated in autosomal dominant and sporadic Parkinson's disease. Pathogenic mutations in LRRK2, encoding dardarin, are found in patients with Parkinson's disease.
Diamond-Blackfan anemia (DBA)
ancestral DNA exaptation | weak ancestral activity | pre-existing ones
median nerve
Collagen crosslinking | ECM remodeling | Modifying enzyme
herpes zoster | genital herpes | herpes labialis
OR7D4 | Olfactory receptor | Olfactory receptor gene
Medial side of the foot | Proximal to the navicular | Accessory and body of the navicular bone
lncRNA H19
melanocortin-1 receptor (MC1R) | melanocyte-stimulating hormone receptor gene | pro-opiomelanocortin (POMC) gene
Escherichia coli | E. coli | E. coli RY 13
Immunosuppressed patients, most notably those with HIV infection | HIV | AIDS
EPAS1 | EGLN1 | PPARA
Uncoupling protein 1 (UCP1) | UCP1
Proximity extension immunoassay (PEA) | Proximity Extension ImmunoAssay | Insufficient evidence in retrieved documents.
Aggression | Impulsiveness | Severity across mood symptoms | Suicidality | Cognition | High psychopathic traits
Regulate transcription | Influence diverse cellular processes | Cell specification, proliferation, and differentiation
To identify nucleosomes with alternative structures genome-wide | To reveal the precise position of histone H4 in every nucleosome in the genome | To map fission yeast centromeres
POLQ gene | POLQ
Nearly 100%
miR-7
Bacteroidetes and Firmicutes
Fever | Muscle pain with prominent backache | Headache | Shivers | Loss of appetite | Nausea or vomiting | Gastrointestinal symptoms
Ishihara test | Ishihara Test | Isihara colour blindness tests
breast carcinoma cells | ER+ breast cancer cell line
yes
HIV
human chromosome 2
Cell surface | Tumor cells | Cytoplasmic/nuclear
direct anti-Xa | factor Xa
[(18)F]THK523 | [(18)F]THK5117 | [(18)F]THK5105 | [(18)F]THK5351 | [(18)F]AV1451(T807) | [(11)C]PBB3 | T807 | THK-5117 | PBB3 | 18F-THK-5351 | 18F-T807 (18F-AV-1451) | 18F-RO6958948
Assessing pain | Experimental nociception | In vivo antinociceptive activity
Anticoagulant medications | Antiplatelet drugs | Anticoagulant therapy
Huntington's Disease (HD) | Dentatorubral-pallidoluysian atrophy (DRPLA)
High A/T content | A/T-rich sequence | Low sequence conservation
Three-legged heteropolymer | Three-legged pinwheel-shaped heteropolymer | Triskelia composed of three clathrin heavy chains and associated clathrin light chains
Are you asking about myelin in the context of a specific disease or condition?
yes
Low level | 3.6% | Insufficient evidence in retrieved documents.
Dupuytren's contracture is a benign fibroproliferative disease and a common hand problem affecting the palmar fascia. It is characterized by fibrous cords under the skin of the palm, leading to shortening and progressive digital flexion deformity, causing one or more fingers to curl into the palm, resulting in loss of function.
The V60L mutation in the human MC1R gene is associated with red hair and may act as a partially penetrant recessive allele. In vitro studies show that it also leads to impaired cAMP coupling.
mTOR | TOG5 | DNA-dependent protein kinase catalytic subunit (DNA-PKcs) | HEAT repeat-containing protein 1 (HEATR1)
The aim of performing a cycloheximide chase assay is to determine the half-life or stability of a given protein. It is broadly used in cell biology for this purpose.
Small extracellular membrane-based vesicles | A subset of extracellular vesicles (EVs) | Cell-derived extracellular nanovesicle
Insufficient evidence in retrieved documents.
Idarucizumab | Andexanet alfa | Protamine sulfate
Keratin 14 | Keratin 5
Allergic reactions | Inflammatory diseases | Host defense
UV-C | UV-B | UV-A
Hypertension | Heart failure | Diabetes | Sleep apnoea | Obesity | Hyperthyroidism | Atrial ischemia | Age
yes
yes
Are you asking about leishmaniasis in humans or animals?
NSAIDs | Azole antibiotics | Macrolides | Quinolones | Selective serotonin reuptake inhibitors | Omeprazole | Oral corticosteroids
the mesothelial surface of the pleura | pleura | Insufficient evidence in retrieved documents.
In what context did you encounter the term BORSA?
FOXP2 | forkhead box protein P2
In what context did you encounter "PNPPP"?
Mendelian randomization is an approach for obtaining causal inferences on the effect of an exposure on an outcome from observational data, using genetic variants as instrumental variables. It can be used to account for potential confounders.
PD-L1 status of patients
Reactivate Hand2 | Re-express dHAND | Integrate to re-express dHAND
Inflammation | Oxidative stress | Hypoxia | Telomere erosion | Oncogene activation | Tissue injury | Inflammatory states
Same genome positions | Noncoding DNA | Heterochromatic regions
FunImageJ
ABCC11
Maternal gastrointestinal tract
Ticks | Goats | Cattle
Warts | Hypogammaglobulinemia | Infections | Myelokathexis
clust
Oscillospira | Ruminococcus
PPIM: A Protein-Protein Interaction Database for Maize | HPRD (human protein-protein interaction database) | STRING Protein-Protein interaction database | DAPID: a 3D-domain annotated protein-protein interaction database
yes
Mucor racemosus
PARL | Pcp1 | hiGlpG | ecGlpG | YqgP
Membrane-bound
Insufficient evidence in retrieved documents.
Lead poisoning | Lead intoxication | Lead
Mosdepth
Kaposi's sarcoma
Esrrb-Sox2-DNA ternary complex | Dax1 | Esrrb
magnetic resonance imaging
Cutaneous squamous-cell carcinoma | Metastatic or locally advanced cutaneous squamous cell carcinoma
Glioma
Brain | Kidney | Heart | Pericardium | Myocardium | Coronary arteries | Valves | Conduction system | Skin | Hematologic system | Mucocutaneous system | Musculoskeletal system | Neuropsychiatric system
Lipid anchors | Post-translational modification | GPI-APs
Elevated level in lupus CD4+ T cells | Activating epigenetic mark | Potential mechanism leading to DNA hypomethylation
Adds a polyA tail onto the 3'-end of RNAs | Catalyzes the synthesis of 3'-polyadenylate tails onto mRNA | Multifaceted post-translational regulation
Breast cancer | Bladder cancer | Liver cancer
High efficacy against wild-type and mutant ALK proteins | Anchored to Met1199 of hinge region by two hydrogen bonds | Strong electrostatic interaction with Lys1150
3DSNP
phase II clinical trials
Are you asking about gingipains in the context of a specific disease or condition?
the disease
Inhibits bacterial DNA replication
Converts L-fucose to fucose-1-phosphate | Salvage pathway for reutilization of fucose
yes
yes
yes
yes
yes
yes
no
yes
yes
no
yes
no
no
no
Are you asking about the condition where tears are tinged with blood?
yes
yes
no
yes
yes
yes
yes
yes
no
The 3D Genome Browser is a tool for visualizing and exploring 3D genome structures and chromatin interaction data. It is accessible at http://3dgenome.org and allows users to explore publicly available data. The browser also provides methods for linking distal cis-regulatory elements with their potential target genes.
Yes, the provided evidence suggests that gut proteobacteria are associated with inflammatory disease. Increased levels of Proteobacteria are observed in IBD, Crohn's disease, and systemic sclerosis. Furthermore, the onset of inflammatory bowel disease is associated with enteric proteobacterial infection.
Stereotactic laser ablation | Laser interstitial thermotherapy (LITT) | Corpus callosotomy
Could you please specify what you are referring to by "genomiser"?
uc.170+ | T-UCstem1
Are you referring to a specific tool or resource that uses the term "TPMCalculator"?
Escobar syndrome, a nonlethal variant of multiple pterygium syndrome (MPS), is characterized by pterygia and multiple joint contractures. Facial dysmorphism and other congenital anomalies can also be present. In some cases, intrauterine growth restriction (IUGR) is observed.
Small-activating RNAs (saRNAs) are small double-stranded RNAs (dsRNAs) that target promoters. They trigger gene activation, a mechanism known as RNA activation (RNAa).
Ivosidenib is a targeted, small-molecule inhibitor of the mutant IDH1 enzyme. It functions by inhibiting the IDH1 mutant enzyme.
ATAC-seq identifies open, accessible regions of chromatin. This method relies on the preferential integration of a transposon, specifically hyperactive Tn5 transposase, into these open chromatin regions. The transposase inserts sequencing adapters, allowing for the identification of accessible regions.
In what context are you asking about vcfanno?
Nearly all disease-associated STRs (daSTRs) are located at boundaries demarcating 3D chromatin domains. daSTRs specifically localize to ultra-high-density CpG island boundaries, suggesting they might be hotspots for epigenetic misregulation or topological disruption linked to STR expansion. In Fragile X syndrome patients, severe boundary disruption is observed.
Ultraconserved elements (UCEs) are enriched within contact domains, particularly those shared across diverse cell types and linked to kidney-related and neuronal processes. While generally depleted in boundaries, UCEs overlapping boundaries are overrepresented in exonic UCEs. UCEs in loop anchors are neither overrepresented nor underrepresented, but are enriched for splice sites when present. These relationships are conserved in mice, suggesting UCEs contribute to interspecies conservation of genome organization and stability.
Ohnologs are paralogous gene pairs or duplicated genes derived from whole genome duplication events. They are also referred to as paralogs retained from whole genome duplication.
Could you please specify what kind of TissueEnrich you are asking about (e.g., a specific gene, a research tool, or something else)?
Are you asking about OligoSTORM microscopy, or something else?
Estrogen metabolic pathway | Unsaturated fatty acid metabolism pathway | Amino acid metabolism pathway | Glycosphingolipid metabolism | Xenobiotic metabolic pathway involved in estrogen metabolism
Staphylococcus | Streptococcus | Pseudomonas
geck
von Willebrand factor | VWF | glycoprotein-Ib/IX-von Willebrand factor axis
Duodenum | Adipose tissue | Liver | Kidney | Brain
α-synuclein | protein | aggregated intracellular vesicles and proteins
bioactive molecules | IL1B | CXCL8 | CCL2 | TNF | CCL27 | CLEC11A | cytokines | other factors
20% of all annotated C. elegans genes | At least 4% of the annotated C. elegans genes | Insufficient evidence in retrieved documents.
Membrane channels | Channels expressed in almost every organism | Channels involved in the bidirectional transfer of water and small solutes across cell membranes
Recognised cellular antigens | CD | Cluster of Differentiation
Dolutegravir | Rilpivirine
ezTag
TH17 cells | T helper type 17 (TH17) cells | IL-22+ Th17 cells
yes
yes
yes
Ibalizumab is a CD4-directed post-attachment HIV-1 inhibitor. It functions by blocking HIV entry into CD4 cells through binding to CD4. It is a humanized IgG4 monoclonal antibody.
Immunophenotyping, often performed using flow cytometry, allows for cell surface antigen determinations of hematologic cells. It can be used to define circulating immune cells such as B cells, T cells, and dendritic cells, and to determine CD4+ and CD8+ cell counts. Mass cytometry enables comprehensive single-cell immunophenotyping and functional assessments.
Emicizumab is a bispecific antibody that mimics the cofactor function of activated coagulation factor VIII. It binds to factors IXa and X, bridging them to facilitate effective haemostasis. Emicizumab restores the function of missing activated FVIII by bridging activated FIX and FX.
Mutations in ESCO2 gene | Mutations in the cohesin acetyltransferase ESCO2 | Autosomal recessive mutations in cohesin auxiliary factor ESCO2
Are you asking about a specific gene, a database, or something else related to disease enhancement?
yes
GFRAL is a receptor for GDF15. GDF15 binding to GFRAL promotes weight loss and regulates food intake via a central mechanism in the hindbrain. GFRAL signals through the coreceptor Ret.
ZCCHC17 normally supports the expression of a network of synaptic genes. ZCCHC17 dysfunction leads to lower expression of these genes. ZCCHC17 is normally expressed in neurons and is reduced early in the course of Alzheimer's Disease pathology.
yes
no
Latex bead phagocytosis is an assay used to assess macrophage scavenger function. It involves incubating macrophages with latex or polystyrene beads and then quantifying the amount of beads that are bound and internalized by the macrophages. The quantification can be done using methods like scanning cytometry or fluorescence plate readers.
yes
In what context are you asking about CGmapTools (e.g., a specific disease, research project, or type of data analysis)?
no
Regulatory Trait Concordance (RTC) accounts for local LD structure and integrates eQTLs and GWAS results to reveal association signals due to cis eQTLs. The RTC score is adapted to measure the probability of eQTLs being active in multiple tissues and to calculate the probability that a GWAS-associated variant and an eQTL tag the same functional effect. It can also be used to test for a shared causal variant.
Filipin staining is used for observing and measuring cholesterol. It can be used to observe accumulated cholesterol in fibroblasts. It can also be used to measure membrane cholesterol content, intracellular cholesterol, and total cholesterol.
no
CarbonylDB
Nup153 mediates nuclear import and participates in both import and export. It also plays a role in reforming functional nuclear envelopes.
yes
PEGylation can improve recombinant drugs by increasing their molecular mass and shielding them from proteolytic enzymes. This primarily improves pharmacokinetics and helps to prevent adverse drug reactions.
yes
Are you referring to a specific gene, a software program, or something else?
yes
c.1516C>T (p.Arg506Ter) | c.1558C>T (p.Gln520Ter) | c.1482delinsGCCAGG (p.Ile494MetfsTer23)
no
Nup133 | Nup1 | Nup60 | NUP153 | TPR | Mlp1
no
Arimoclomol is a heat shock protein (HSP) co-inducer and amplifier. It promotes nascent protein folding and improves refolding, maturation, and lysosomal activity.
Reduces apical perinuclear actin cables | Increases nuclear height | Impairs nuclear re-orientation | Reduces perinuclear pMLC | Decreases myosin-generated tension at the nuclear envelope | Decreases nuclear stiffness | Reduces expression of TAZ-regulated genes | Drastically reduced dbcAMP-induced neurite outgrowth | Reduced cAMP-induced TC10 inactivation
Fever | Rash | Cough | Coryza | Conjunctivitis | Generalized maculopapular rash | Eruption | Increased serum immunoglobulin M (IgM) antibodies
no
GeneMatcher | PhenomeCentral | DECIPHER | MyGene2 | matchbox | Australian Genomics Health Alliance Patient Archive | Monarch Initiative
no
The Ottawa Ankle Rule is a clinical decision tool designed to minimize unnecessary radiographs and diagnostic imaging for ankle and foot injuries, especially in the emergency department. It helps determine the need for imaging by evaluating areas of tenderness in ankle trauma patients, with the goal of reducing healthcare costs and radiation exposure. The rule also aims to expedite patient care.
CIBERSORT is a computational method used to quantify cell fractions from bulk tissue gene expression profiles or characterize cell composition of complex tissues. It has been applied to infer leukocyte representation in tumor transcriptomes, infer proportions of immune cells in tumors, and determine the relative frequency of immune cell subsets in breast cancers.
yes
Platelet-derived growth factor receptor-α (PDGFRα) | PDGFRα
Pediatric Autoimmune Neuropsychiatric Disorders Associated with Streptococcal Infections (PANDAS) is a newly defined disease in neuropsychiatry occurring with an autoimmune mechanism after Group A Beta Hemolytic Streptococcus (GABHS) infection. It is characterized by obsessive-compulsive symptoms and/or tics triggered by group-A beta-hemolytic Streptococcus infections.
yes
Exceeding 95%
no
yes
TYRO3 | AXL | MERTK | Mer | Tyro-3
Severe axonal arborization defect | Loss of self-avoidance
Are you asking about the drug CPX-351, also known as Vyxeos?
yes
miR-423-5p | miR-214
Are you asking about ivosidenib as a medication, or something else?
PIPKIalpha | Larp7 | CPSF 160 | CPSF 73
Visual snow syndrome is characterized by a persistent visual disturbance described as flickering dots throughout the entire visual field. Additional symptoms can include palinopsia, photophobia, photopsias, entoptic phenomena, nyctalopia, and tinnitus. The condition is continuous and can be debilitating.
The Leucosporidium ice-binding protein (LeIBP), produced by Arctic yeast Leucosporidium sp., lowers the freezing point below the melting point once it binds to ice. Generally, ice-binding proteins inhibit ice growth.
yes
SVM | Multi-stage SVM
no
MIR137
The METABRIC project aims to stratify and predict survival in breast cancer patients using genomic and gene expression data [3]. It also aims to refine breast cancer subtypes and predict outcomes of hormone and chemotherapy [2, 4, 5]. The project utilizes data from over 2000 patients [1].
Chronic lymphatic leukemia (CLL) | Multiple Myeloma (MM) | Non-Hodgkin's lymphoma (NHL)
NF-κB
Are you asking about ferroptosis in the context of a specific disease or treatment?
Esophageal achalasia | Achalasia
Elevated bilirubin level | Diarrhea | Differentiation syndrome | Decreased potassium and calcium levels
no
Suicide risk | Future suicide | Risk scales
Deep learning computer vision systems using convolutional neural networks (CNNs) can be used for melanoma detection via skin lesion analysis. These systems can classify melanoma dermoscopy images with accuracy that exceeds some dermatologists. However, the evidence suggests that these systems are not necessarily more accurate than all dermatologists.
MS | multiple sclerosis | relapsing MS
Defective lysosomal transport of cystine | Mutations in the CTNS gene | Mutations in the human cystinosin gene (CTNS)
no
no
CD38
To assess the expression of folate receptors in tumors | Detects activated but not resting macrophages in vivo | Companion diagnostic with the FRα-targeted folate conjugate
Physiological inhibitor of tissue-type plasminogen activator (tPA) | Inhibited cell adhesion | Crucial regulator of fibrinolysis
Durvalumab is a monoclonal antibody that blocks PD-L1. This prevents PD-L1 from binding to PD-1 and CD80.
Arioc
acute myeloid leukemia (AML)
GeneWeaver is a web-based system and data and analytics website used for integrative functional genomics. It enables researchers to store, share, analyze, and compare results of genome-wide functional genomics experiments from heterogeneous data sources and allows for cross-species integration of functional genomics data.
yes
Amyotrophic lateral sclerosis (ALS) | Insufficient evidence in retrieved documents. | Insufficient evidence in retrieved documents.
Endolymphatic hydrops is associated with Meniere's disease and affects the inner ear endolymphatic space, particularly the cochlea and vestibule. It can be studied using MRI. The provided snippets do not contain information about the symptoms of endolymphatic hydrops.
CD33
Ohio
yes
Ankylosing spondylitis | Birdshot chorioretinopathy | Behçet's disease | Psoriasis
Cellular adhesion function
Type IIA topoisomerase inhibitor
Alpelisib is an oral phosphatidylinositol 3-kinase α (PI3Kα)-selective inhibitor. Therefore, its mechanism of action involves selectively inhibiting PI3Kα.
Suppress tumour development | Key regulator of apoptosis | Protecting genomic fidelity
Are you asking about eravacycline in relation to a specific infection or condition?
Are you asking about PEGylation in general, or in relation to a specific drug or treatment?
Optical coherence tomography
Enasidenib | AG-221
Inner ear | Ears
glecaprevir | pibrentasvir
The 4D-CHAINS algorithm analyzes two 4D spectra recorded using a single, fully protonated protein sample. It uses an iterative ansatz where common NOEs between different spin systems supplement conventional through-bond connectivities to establish assignments of sidechain and backbone resonances at high levels of completeness and with a minimum error rate.
An organoid is a three-dimensional in vitro culture platform constructed from self-organizing stem cells. They can also be stem cell-based three-dimensional tissues. These systems can be single cell-based.
yes
yes
sacubitril | valsartan
yes
yes
Major depressive disorder is associated with disorders of gut microbiota and altered fecal microbiota signatures. Depression is also accompanied by increased translocation of gut commensal Gram-negative bacteria.
yes
Acute myeloid leukemia with activating FLT3 mutations in combination with intensive induction and consolidation therapy | Aggressive systemic mastocytosis (ASM) | Systemic mastocytosis with associated hematological neoplasm (SM-AHN) | Mast cell leukemia (MCL)
no
lumacaftor | ivacaftor
NanoStringNorm | NanoStringNormCNV
HIV-1
Anlotinib functions as a multi-tyrosine kinase inhibitor, targeting receptors such as VEGFR1, VEGFR2, VEGFR3, C-kit, PDGFβ, FGFR1, FGFR2, and FGFR3. It inhibits VEGF/PDGF-BB/FGF-2-induced angiogenesis by inhibiting the activation of VEGFR2, PDGFRβ, and FGFR1, and their downstream ERK signaling.
Could you please specify what you mean by "Canvas SPW"? Are you referring to a specific medical device, software, study, or something else?
Are you interested in markers for a specific type of phagosome or in general phagosomal markers?
Streptococcus pneumoniae | Haemophilus influenzae | Moraxella catarrhalis | Staphylococcus aureus | Klebsiella pneumoniae
Defective activity of β-hexosaminidase | Mutation of the β-subunit gene β-hexosaminidase B (HexB) | Mutations in the HEXB gene
yes
Mogamulizumab
Cemiplimab is a human programmed death receptor-1 (PD-1) monoclonal antibody. It binds to PD-1 and blocks its interaction with programmed death ligands 1 (PD-L1) and 2 (PD-L2).
CNEFinder
transglutaminase-1 (TGase-1) gene mutations | transglutaminase-1 deficiency | recessive, temperature-sensitive mutations in the transglutaminase-1 gene (TGM1)
Phenotypic data | Genetic data | Biological measurements | Lifestyle indicators | Biomarkers in blood and urine | Imaging of the body and brain | Health and medical records | Genome-wide genotype data
yes
Robot-assisted radical cystectomy | Open radical cystectomy
no
Chemical properties of genes | Physical properties of genes | Biological properties of genes
CNV-RF
Antiretroviral preexposure prophylaxis (PrEP) to reduce the risk for HIV acquisition | HIV prevention | PrEP
yes
Are you interested in STING agonists for research, clinical trials, or a specific disease?
Nivolumab | Ipilimumab | Sunitinib
PIK3CA
Are you asking about a gene, a disease, or something else related to "CamurWeb"?
Are you asking about the SLIC classification system for cervical spine injuries or something else?
no
X-linked hypophosphataemia (XLH) | X-linked hypophosphatemia | rare inherited form of rickets
Loss-of-function nuclear factor κB subunit 1 (NFKB1) variants | Heterozygous loss-of-function variants in NFKB1 | Monoallelic loss-of-function mutations in NFKB1
Prophylaxis of CMV infection and disease in adult CMV-seropositive recipients of an allogeneic haematopoietic stem cell transplant (HSCT) | Human cytomegalovirus infection treatment and prophylaxis
Are you asking about the esophageal motility disorder?
yes
Burning Mouth Syndrome (BMS) is a chronic oral pain disorder characterized by a burning sensation in the oral mucosa, usually without clinical or laboratory findings. Primary BMS involves these burning sensations recurring daily for more than 3 months without clinically evident causative lesions. BMS most commonly involves the anterior tongue and primarily affects peri- and postmenopausal women.
Germ cell neoplasms | Yolk sac tumor | Macrovascular invasion in HCC patients
yes
severe rotavirus disease | rotavirus infection | rotavirus disease
yes
The Mcm2-Ctf4-Polα axis facilitates the transfer of parental (H3-H4)2 tetramers to lagging-strand DNA at replication forks. This transfer is important for epigenetic inheritance.
Are you asking about the genetic condition, or something else related to anophthalmia?
Here's a list of the roles of LEM-3 based on the provided evidence:

*   Resolves chromatin bridges during late mitosis.
*   Processes DNA bridges right before cells divide.
*   Involved in the combinatorial regulation of meiotic recombination repair and chromosome segregation in Caenorhabditis elegans.
*   Involved in the DNA damage response in C. elegans.
*   Processes erroneous recombination intermediates that persist into the second meiotic division.
*   Acts cooperatively with the BRC-1/BRCA1 homologous recombination factor to promote genome integrity.
Ultraconserved elements (UCEs) are used to resolve phylogenetic relationships within the radiation of Australasian smurf-weevils (Eupholini). A novel partitioning strategy of loci is also employed to aid in this resolution.
Botulism toxin blocks the release of acetylcholine at the presynaptic synaptic membrane, specifically the motoric end plate. This blockage results in muscle weakness and paralysis. The toxin's effect is irreversible.
Pilocytic astrocytoma (PA)
Adaptor protein in activation of type I interferons | Cytosolic sensor for cyclic dinucleotides | Adaptor molecule for intracellular DNA receptors
UPDtool | AsCNAR | SNPtrio
Apalutamide is a competitive inhibitor and pure antagonist of the androgen receptor (AR). It inhibits androgen binding to AR, nuclear translocation of the androgen-AR complex, and binding of the AR transcription complex to DNA.
TRK kinases | Tropomyosin receptor kinases (TRK)
Bayesian Inference, using haplotype sequences, is used for phylogenetic reconstructions and divergence dating among lineages. It is also used for phylogenetic analyses of mitogenome sequences.
Telangiectasias | Erythrocytosis with elevated erythropoietin | Monoclonal gammopathy | Perinephric fluid collections | Intrapulmonary shunting
Are you interested in the symptoms, causes, diagnosis, or treatment of Herpetic Whitlow?
cystic fibrosis (CF)
Pronounced daily oscillation in leaf orientation | Periodic leaf-movement of legumes | Circadian leaf movement
yes
tmVar | tmVar 2.0
Deep convolutional neural network | DeepVariant
Inflammation | Metabolism
Pitolisant is a histamine H3 receptor antagonist/inverse agonist. It acts on the H3 receptor in the CNS, where it affects neurotransmission.
tmVar: a text-mining approach based on conditional random field (CRF) | nala: combining conditional random fields with word embedding features learned unsupervised from the entire PubMed
Focal Adhesion Kinase (FAK)
Are you asking about chrysophanol as a chemical compound, a medication, or something else?
2.7% | 1 in 38
SGSH | NAGLU | HGSNAT | GNS
Are you referring to a specific diagnostic tool, a research project, or something else?
Cervical squamous cell carcinomas (CSCCs) | Endometrial adenocarcinomas (EACs) | Ovarian cystoadenocarcinomas (OCAs) | Esophageal squamous cell carcinomas (ESCC)
no
ADAM17 mediates the proteolytic cleavage of CD16a, an IgG Fc receptor on NK cells, leading to its downregulation upon cell activation. ADAM17 is considered an inhibitory checkpoint of CD16A. Inhibiting ADAM17 prevents CD16 shedding after NK cell activation.
facial nerve palsy | facial edema | lingua plicata | orofacial edema | recurrent facial paralysis | fissured tongue | lip swelling | furrowed tongue
yes
yes
yes
mmquant | htseq-count | featureCounts | Expectation-Maximization for Allele Specific Expression (EMASE)
no
Clostridium difficile | Clostridum difficile
yes
June 2017
CGRP receptor | calcitonin gene-related peptide receptor
CADD (Combined Annotation-Dependent Depletion) generates predictive scores for single-nucleotide variants (SNVs) in all areas of the genome. It is a measure of variant deleteriousness that can score human single nucleotide variants and short insertion and deletions anywhere in the reference assembly. CADD is an integrative annotation built from more than 60 genomic features.
Are you asking about prolactinomas in humans or in animals?
ITGA4 | ITGB8 | ITGAL | ICAM1
DSMNC
trifluridine | tipiracil
Epigallocatechin gallate (EGCG) plays a protective role in the cardiovascular system and has vascular protective properties. It also has an ameliorative effect on cardiac hypertrophy and fibrosis and attenuates hypertension.
Tucatinib is a potent and selective oral HER2 tyrosine kinase inhibitor. It is a human epidermal growth factor receptor 2 (HER2)-specific tyrosine kinase inhibitor (TKI).
anaplastic lymphoma kinase (ALK) | ALK TKI | tyrosine kinase
Porphyromonas gingivalis | Treponema denticola
yes
Binding to GM1 | Binding to intestinal cell surface | Binds up to five GM1 glycosphingolipids
Lurbinectedin is a selective inhibitor of RNA polymerase II and active transcription of protein-coding genes. This inhibition triggers caspase-dependent apoptosis of cancerous cells, causes DNA-break accumulation, and modulates the tumor microenvironment. It is also a next-generation minor groove binder.
yes
phosphatidylinositol 3-kinase (PI3K)-δ | PI3K-γ | phosphoinositide 3-kinase-δ (PI3K-δ)
X!Tandem | MS-GF+ | MS Amanda | MyriMatch | Comet | Tide | Andromeda | OMSSA | MaxQuant | Proteome Discoverer | Mascot
yes
yes
DNMT3A | PRKCD | C1QTNF4
no
Motolimod is a selective small-molecule agonist of toll-like receptor 8 (TLR8). It stimulates natural killer (NK) cells, dendritic cells, and monocytes. It may also stimulate innate and adaptive immunity.
yes
dolutegravir | abacavir | lamivudine
no
Capillaria hepatica | parasitic nematode | zoonotic parasite of mammalian liver
neuronal ceroid lipofuscinosis type 2 (CLN2) disease | CLN2 disease | rare lysosomal disorder that causes progressive dementia in children
yes
PARP1 plays roles in DNA repair, gene transcription, and differentiation through modulation of chromatin structure and function. It also functions as a transcriptional coactivator of nuclear factor kappaB (NF-kappaB) and hypoxia inducible factor 1 (HIF1), controls adipogenic gene expression and adipocyte function, affects chromatin compaction, and is involved in transcriptional regulation, chromatin modulation, cellular signaling pathways, inflammation, and cellular stress responses.
no
mutant IDH1 | IDH1 mutant enzyme
Are you asking about a gene, a protein, a drug, or something else?
four-channel single-reaction multiplexing with orthogonal CRISPR enzymes | quantitative measurement of input as low as 2 attomolar | 3.5-fold increase in signal sensitivity by combining Cas13 with Csm6, an auxiliary CRISPR-associated enzyme | lateral-flow readout
yes
no
yes
Telomerecat
Activated | Retrotransposons are activated as organisms age
Taraxasterol has a protective effect against rheumatoid arthritis by modulating inflammatory responses in mice.
yes
LIPA enzyme | lysosomal acid lipase (LIPA) | lysosomal acid lipase (LAL)
yes
Are you asking about a gene, a protein, or something else related to MOV10?
yes
Hepatocellular carcinoma (HCC) | Ovarian Sertoli-Leydig cell tumors (SLCTs) | Yolk sac tumor (YST)
no
congenital amegakaryocytic thrombocytopenia | radioulnar synostosis | bone marrow failure | clinodactyly | cardiac malformations | renal malformations | B-cell deficiency | presenile hearing loss
no
CD28 functions as a direct and critical receptor for bacterial superantigen toxins. This receptor role broadens the scope of microbial pathogen recognition mechanisms. CD28, along with its coligand B7-2 (CD86), are critical superantigen receptors.
Secreted protein content | Proteins found outside of the cells | Extracellular proteome of bacterial pathogens
Adrenocorticotropic hormone-resistant adrenal insufficiency | Alacrima | Achalasia | Neurological abnormalities | Dermatological abnormalities | Polyneuropathy
CRT0066101 is an inhibitor of protein kinase D (PKD). It also prevents PAR2-stimulated activation of PKD.
BH3 interacting-domain death agonist (BID) | tBID
Are you asking about PhenomeCentral in the context of a specific disease or research project?
Listeria monocytogenes | Bacteria of the genus Listeria
yes
CGRP receptor | calcitonin gene-related peptide receptor
no
Super-enhancers can be used as potential biomarkers for disease diagnosis because disease-associated sequence variations are enriched in super-enhancer regions of disease-relevant cell types.
Are you interested in sirtuin inhibitors for research purposes, potential therapeutic applications, or something else?
yes
yes
Insufficient evidence in retrieved documents.
p16INK4a (p16) is a marker of human papillomavirus (HPV) oncogenic activity. It can be used as a biomarker to assess the level of pRb dysfunction by high-risk HPV. p16 immunostain is also used in combination with other tests for HPV-associated oropharyngeal tumors.
Car | Relax | Alone | Forget | Friends | Trouble | Family
Bartender is an accurate clustering algorithm used to detect barcodes and their abundances from raw next-generation sequencing data [2, 3]. It uses a modified two-sample proportion test that considers cluster size in addition to sequence similarity, resulting in higher accuracy compared to existing methods [2]. Bartender is available as a set of command-line tools [4, 5].
Alipogene tiparvovec (Glybera®)
yes
B cells | T cells | CD4 T cells | CD8 T cells | NK cells | Th17 cells | regulatory Treg-cells | CD4+ T-cells | CD8+ T-cells | CD3+ T-cells
netupitant | palonosetron
Are you referring to a specific CapSim product, or the general concept of capacity simulation?
Chiesi Pharma
Tetrocarcin-A induces apoptosis in human breast cancer cells and exhibits antitumor activity. It antagonizes Bcl-2 functions, sensitizing tumor cells to cell death signals, and inhibits Bcl-2 function. It also downregulates Junctional Adhesion Molecule-A in conjunction with HER2 and inhibitor of apoptosis proteins and inhibits tumor cell growth.
Serotonin | Gamma-aminobutyric acid | Short-chain fatty acids | Neurotransmitters (NTs)
Parkinson disease | Parkinson's disease
Eliquis(®)
MATLAB environment
yes
SHERLOCK
CRISPR-Cas12a (Cpf1) proteins are RNA-guided enzymes that bind and cut DNA as components of bacterial adaptive immune systems. They generate targeted, double-stranded DNA breaks and, upon RNA-guided DNA binding, unleash indiscriminate single-stranded DNA cleavage activity.
direct oral anticoagulant (DOAC)
yes
11p11.2p12 | 11p11.2
Toxin A | Toxin B | Binary toxin
Visceral adipose tissue | White adipose tissue
Are you interested in adipokines in the context of a specific disease or condition?
Deafness (sensorineural) | Onychodystrophy | Osteodystrophy | Mental retardation | Epilepsy | Cerebral palsy | Delayed development of speech
Here's a list of web-based pedigree editors based on the provided evidence:

*   pedigreejs
*   Madeline 2.0 PDE
Solriamfetol is a selective dopamine and norepinephrine reuptake inhibitor. Its dual activity on dopamine and norepinephrine transporters, combined with a lack of significant monoamine-releasing properties, may explain differences in its effects compared to other drugs like modafinil or amphetamine.
Cas13a and C2c2 are the same nuclease; Cas13a is the new name for what was previously called C2c2.
brown algae | brown seaweeds
Mammalian tissues | Variety of tissue, cell type, and subcellular distributions | Sub-cellular localization and tissue distribution
Cariprazine is a dopamine D3/D2 receptor partial agonist, with preferential binding to D3 receptors. It also shows affinity toward 5-HT2B, 5-HT1A, σ1, 5-HT2A, and histamine H1 receptors. However, the contribution of D2 receptors to cariprazine's effects in vivo is more prevalent than that of D3 receptors.
IRscope
*   ArachnoServer
CRISPR-Cpf1 (CRISPR-Cas12a) | Novel Cpf1 variants | Manipulation of the genome
Bezlotoxumab
Regulation of iron absorption | Modulation of immune responses | Anti-microbial activity | Anti-viral activity | Antioxidant activity | Anti-cancer activity | Anti-inflammatory activity | Tumor suppressor function | Modulation of the host immune-inflammatory response | Modulation of bone metabolism | Involvement in dental implant osseointegration
no
pyNBS | Python 2.7 implementation | network-based stratification (NBS) algorithm
Muscle LIM protein interacts with cofilin 2
yes
yes
Are you asking about a medication, a clinical trial, or something else related to CVT-301?
yes
PF-04523655 | TKM-080301 | Atu027 | SYL040012 | SYL1001 | siG12D-LODER | QPI-1002 | QPI-1007 | patisiran
intestinal epithelial cells | enterocyte | intestine
DCAF17 gene | c.436delC in the DCAF17 gene
TAPAS | PlantAPA | IntMAP
Are you asking about patisiran as a medication, or something else?
Focal epilepsy | Partial epilepsy
MGA repository | Cistrome Data Browser | CR Cistrome
Approximately 50
Inclisiran is an siRNA therapeutic that inhibits PCSK9 synthesis in hepatocytes by targeting PCSK9 mRNA. This promotes the degradation of PCSK9 mRNA transcripts, resulting in a reduction of LDL-C.
Protein Contacts Atlas
Are you asking about Opdivo the medication?
yes
yes
ocular hypertension | open-angle glaucoma
yes
Metastatic melanoma | Metastatic non-small-cell lung cancer | Recurrent or metastatic head and neck cancer | Refractory Hodgkin lymphoma | Urothelial carcinoma
Treatment for cancer patients with positive microsatellite instability-high (MSI-H) markers or mismatch repair deficient (dMMR) markers
Prevnar 13 (PCV13) consists of 13 serotype-specific polysaccharides of Streptococcus pneumoniae (pneumococcus). Each polysaccharide is covalently conjugated to a non-toxic immunogenic carrier protein.
oral
Primary ovarian insufficiency
split-decomposition | NeighborNet | QNet | FlatNJ | SPECTRE
COG133 | COG112 | Ac-hE18A-NH(2)
SAMHD1 exists in a hyperphosphorylated, less active state in male-derived macrophages. In addition, CDK1, the major kinase responsible for SAMHD1 phosphorylation, exhibited lower levels of expression in female-derived macrophages.
Latent enhancers are regions of the genome that, in terminally differentiated cells, are unbound by transcription factors and lack the histone marks characteristic of enhancers. However, these enhancers acquire these features and are activated in response to stimulation.
COG112 is created by fusing COG133 to a protein transduction domain. This modification results in COG112 being a modified apoE-mimetic peptide with enhanced anti-inflammatory bioactivities.
no
yes
yes
no
Neutrophils | Macrophages | Distinct subtypes of dendritic cells
Olive leaf
severe asthma with an eosinophilic phenotype | severe eosinophilic asthma | eosinophilic asthma
Regulator of basal intracellular free magnesium levels | Magnesium transporter | Magnesium transporter 1
yes
Histone acetyltransferase (HAT) | Transcriptional co-activator | Regulates gene expression by acetylating chromatin
ironwort | mountain tea
Gas vesicle proteins are used as contrast agents in ultrasound and MRI due to their unique gas-filled protein nanostructures. They can be genetically engineered to improve imaging capabilities, such as enabling harmonic, multiplexed, and multimodal ultrasound imaging. They are detectable at subnanomolar concentrations.
toad venom | boreal toad
Are you asking about super-enhancers in the context of a specific disease or cell type?
no
Relict mitochondrion with reduced metabolic capability | Simplest and least well-studied type of anaerobic mitochondria | Highly divergent mitochondrion-related organelle
US$475,000
pyrimidine de novo biosynthesis pathway | de novo pyrimidine biosynthetic pathway | pyrimidine biosynthetic pathway
OPRM1 | PTGS2
yes
Treatment of pediatric patients and young adults with refractory or relapse (R/R) B cell precursor acute lymphoblastic leukemia
Driver | Drives astrocyte differentiation | Promotes astrocyte maturation
Tocilizumab is a recombinant humanized anti-human interleukin-6 receptor monoclonal antibody. It inhibits the binding of IL-6 to its soluble and membrane-expressed receptors.
Human sperm | Germ cells | Spermatogenesis
yes
no
In what context are you interested in analyzing exosomes with FACS?
Bristol-Myers Squibb
Are you asking about DMARDs in relation to a specific condition, like rheumatoid arthritis?
To transfer mitochondria from cell type A to cell type B | To transfer mitochondria from donor cells to target cells
yes
no
Poly- and dermatomyositis | Multiple Sclerosis | Autoimmune disease | Immune thrombocytopenia | Systemic lupus erythematosus | Lupus nephritis
yes
Quorum sensing is a communication system in bacteria that involves intercellular signaling via signal molecules dependent on cell density. This system modulates various cellular functions, including sporulation, biofilm formation, bacteriocin production, and virulence responses, and controls bacterial behaviors like virulence factor expression.
Deficiency of galactocerebrosidase | Deficiency of β-galactocerebrosidase | Deficiency of a lysosomal enzyme, galactosylceramidase
c.19G>A, p.Val7Met
Pluripotency | Cancer stem cell marker | Transcription factor
loosening agent in bronchitis | loosening agent in bronchial asthma | against the common cold | against lung emphysema | treatment of inflammation | treatment of gastrointestinal disorders | treatment of coughs | active constituent of dietary supplements for the prevention of anemia
Noonan syndrome is characterized by a variety of phenotypic features including unusual facial characteristics or dysmorphism, short stature, congenital heart abnormalities or cardiac anomalies, and developmental complications. Other features can include webbed neck and cryptorchidism. Coarctation of the aorta, hypertrophic cardiomyopathy, and minor anomalies have also been reported.
no
yes
Are you asking about the primary arthropod vector in a specific geographic region or in general?
no
no
yes
yes
Toxocara canis | Toxocara cati
dbSUPER is an integrated and interactive database of super-enhancers in mouse and human genomes. It is designed to assist studies related to transcriptional control of cell identity and disease by providing a user-friendly web interface and links to other databases and tools. The database is accessible at http://bioinfo.au.tsinghua.edu.cn/dbsuper/.
Central nervous system (CNS) | Human retina | Retinal pigment epithelium (RPE) | Olfactory bulb (OB) | Human hair follicles
no
Are you asking about YESCARTA as a medication or something else?
IgM | IgA | IgG subclasses
A novel conceptual framework that allows for concurrent examination of multiple intrinsic and extrinsic factors, including environmental exposures | Environmental influences | Environmental exposure record
Autologous CD34+ cells transduced to express adenosine deaminase (ADA)
no
The human surfaceome
Luxturna
MIR140, specifically microRNA-140, is essential for normal endochondral bone development and regulates bone morphogenetic protein signaling. It is associated with cartilage development. Furthermore, miR140-5p plays a transcriptional role in the expression of Nrf2 and protects against Cisplatin-induced oxidative stress in acute kidney injury.
Luxturna
Psychological stress | Chronic stress | Cortisol excess/deficiency
Recognition of DNA encoded viruses and self-DNA | Intrinsic antitumor immunity | Vital in the recognition of cytosolic double stranded DNA
no
Why we build models of human performance | What the expectations of a good human performance model are | What the procedures and requirements in building and verifying a human performance model are | How we integrate a human performance model with system design | What the possible future directions of human performance modeling research are
Tc toxins perforate the host membrane and translocate toxic enzymes into the host cell. The TcA subunit forms a translocation channel, and the TcB-TcC subunits shield the toxic enzyme. These toxins act as pathogenicity factors in both gram-negative and gram-positive bacteria.
Runt related factor-2
Forefoot
yes
yes
Acoustic reporter genes are used to detect bacterial gene expression in vivo using ultrasound.
Lipin 1 functions as a phosphatidic acid phosphohydrolase (PAP) enzyme in the triglyceride-synthesis pathway and regulates transcription factor activity, thereby regulating glycerolipid homeostasis and lipid metabolism. It also acts as a lipogenic regulator. Lipin 1 can function as a phosphatidate phosphatase enzyme and/or a co-transcriptional regulator.
Alnylam Pharmaceuticals
moesin (Moe) | Moe
yes
no
Stomach | Gastric mucosa
ezrin | radixin | moesin
Are you asking about the role of epitranscriptomics in a specific disease or condition?
Are you asking about resistin in the context of a specific condition, such as diabetes or obesity?
no
ADP-actin filaments | ATP/ADP-Pi-actin filaments | miR-301a
Forms the gas vesicle wall | Hydrophobic major structural protein | Microbial flotation device
An SMR-based BCI is a brain-computer interface that uses the modulation of sensorimotor rhythms (SMR) as a control signal.
no
Aicardi-Goutieres syndrome (AGS)
RING1 | TRIM proteins | TRAF6 | UHRF1
Mutations in the FAAH gene are associated with increased body weight and obesity in humans. They may also be associated with problem drug use, abuse, and dependence. Additionally, FAAH mutations can lead to elevated plasma levels of anandamide and related NAEs, potentially indicating a risk for severe obesity.
Autoimmune polyendocrinopathy-candidiasis-ectodermal dystrophy (APECED) | Autoimmune polyendocrine syndrome type 1 (APS-1) | Primary immunodeficiency
yes
yes
Are you asking about aphasia as it relates to a specific condition or area of the brain?
yes
Acyl-homoserine lactones (AHLs) are quorum sensing (QS) signals used by bacteria, especially Gram-negative bacteria, to communicate and coordinate behavior at the population level. This includes coordinating gene expression with cell population density and playing a role in biofilm formation.
Antisynthetase syndrome (AS) and interstitial lung disease (ILD) | Poly- and dermatomyositis | Juvenile idiopathic arthritis | Chronic lymphocytic leukemia (CLL)
yes
yes
yes
yes
no
Nephritic syndrome | Sensorineural deafness | Ophthalmological alterations | Hematuric nephritis | Ocular anomalies | Hereditary nephritis | Ocular abnormalities | Hemorrhagic nephritis | Characteristic ocular findings
no
Are you asking about a medication?
no
The Barricaid annular closure device aims to improve outcomes after lumbar discectomy by reducing the risk of recurrent disc herniation at the same level. Early results suggest that the device is beneficial for short-term outcomes, demonstrating a reduction in symptomatic disc reherniation.
Rett syndrome
yes
activin type II receptors (ActRII) | ActRII
transcription initiation region of RNA polymerase III | transcription initiation sites of genomic tRNA genes | U6 gene
Anorectal malformation | Sacral bony defect | Presacral mass | Sacral anomalies | Sacral dysgenesis
June 2014
Are you asking about invasomes in relation to drug delivery, cancer research, or something else?
uc.454 | uc.339
no
yes
Horizontal movement disorders of the eyeballs | Diplopia on right horizontal gaze | Left internuclear ophthalmoplegia (INO) | Left conjugate horizontal gaze palsy | Binocular diplopia on lateral gazes | Ipsilateral one-and-a-half syndrome | Unilateral gaze palsy associated with internuclear ophthalmoplegia (INO) | Wall-eyed bilateral internuclear ophthalmoplegia syndrome | Vertical one-and-a-half syndrome
2015-2016 season
Sarcoma | Breast cancer | Leukemia | Adrenal cortical carcinoma | Brain tumors | Lymphoma | Lung cancer | Laryngeal cancer
yes
Anorexia | Migratory Pain | Local Peritonism | Elevated C-reactive protein | Neutrophilia | Male gender
SSX proteins function as transcriptional co-repressors. They are also involved in transcriptional control and can contribute to the (de)regulation of target genes, potentially acting as transcriptional "activator-repressors" when fused with other proteins like SS18. The SSX moiety is crucial for these functions.
yes
Shigella flexneri Invaplex 50 is a macromolecular complex containing IpaB, IpaC, and LPS, formulated from an aqueous extract of virulent Shigella. It is delivered via nasal administration and acts as a nasal vaccine.
*   Translocated X chromosome
Hotair | Mir155hg | SR-lncRNA-1 | SR-lncRNA-2
Nearly 5,000
GPR151 is an orphan G-protein-coupled receptor (GPCR) highly expressed in the habenula. Its function is largely unknown, though its expression pattern suggests a role in nociception, and loss-of-function variants may protect against obesity and type 2 diabetes. It is expressed in habenular axonal projections.
no
B-lymphocyte stimulator (BLyS) | BAFF | BAFF-receptor interaction
NCSE | Nonconvulsive status epilepticus
Mll4 (Kmt2d) | KMT2C (MLL3) | MLL1 | WDR5 | RBBP5 | ASH2 | DPY30 | SET1 (SETD1A)
yes
Multiple sclerosis (MS) | Central nervous system inflammatory vasculopathies
Monomethylation of Lys4 on histone H3 (H3K4) | Histone methyltransferase | lysine methyltransferase
LMNA | lamin A/C gene | Insufficient evidence in retrieved documents.
Schizophrenia | Bipolar disorder | Attention-deficit/hyperactivity disorder (ADHD)
melanocytes
BANK1 | ATG5 | ATG7
yes
Single-dose | One
acylcarnitines and carnitine | acyl moieties in the form of acylcarnitines | carnitine/acylcarnitine
H1N1 vaccine strain | H3N2 vaccine strain | B vaccine strain
no
Insufficient evidence in retrieved documents.
EGFR | HER2 | ErbB receptor tyrosine kinases | pan-ErbB
Streptobacillus moniliformis | Streptobacillus notomytis
GATA3 is responsible for the induction of Th2 differentiation and represses Th1 differentiation. It also regulates the transcription of Th2-specific genes and plays an important role in the expression of Th2 cytokine genes.
Disambiguate is a program designed to computationally separate sequencing reads from two species in grafted samples. It works by analyzing DNA or RNA-seq alignments to the two species, separating the components with high sensitivity and specificity. This tool addresses the need for an open-source algorithm for separating data from different species in next-generation sequencing data of grafted samples.
yes
yes
Toll receptor | Toll-1 receptor
TALEN | CRISPR/Cas9
yes
In mammals, PRDM9 determines the location of meiotic recombination hotspots and activates these hotspots. Meiotic recombination ensures proper segregation of homologous chromosomes and creates genetic variation.
Neo4j
Oral | Single-dose oral
GS-5734 activity | polymerase inhibitors | target of GS-5734 activity
EphA2 is implicated in acquired drug resistance. Specifically, increased levels and signaling of EPHA2 can mediate resistance to EGFR kinase inhibitors, particularly in lung cancer. EphA2 signaling also promotes tumor survival, metastasis, and maintenance of cancer stem cell-like properties.
Slc22a3 is a maternally expressed gene that is silenced on the paternal allele. This silencing requires cis expression of the Air RNA, which also silences Igf2r and Slc22a2. A silencer for a region containing Igf2r/Slc22a2/Slc22a3 also contains the promoter for Air RNA.
14-3-3 dimers regulate the steady-state phosphorylation of both wild-type and the R406W mutant Tau.
yes
The BioPlex network is a comprehensive map of human protein interactions. It is a large-scale interactome data set based on AP-MS of baits from the human ORFeome, containing 23,744 interactions among 7,668 proteins. It represents the first phase of a long-term effort to profile the entire human ORFEOME collection.
ExpansionHunter
recombinant modified factor Xa protein | coagulation factor Xa (recombinant), inactivated-zhzo
Nucleosomes are organized around hypomethylated regions. Unmethylated CpG islands have reduced nucleosome occupancy. 5hmC connects DNA demethylation to nucleosome remodeling complexes.
trifluridine | tipiracil
Are you asking about 23andMe in relation to genetic testing for disease risk, ancestry, or something else?
no
Pituitary
CVD 103-HgR | Orochol | Mutachol
PRDM9, a DNA-binding protein with a zinc finger array, recognizes specific DNA motifs by binding to its cognate binding sites located at the center of hotspots. This binding directs the positioning of double-strand breaks that initiate meiotic recombination. However, how it binds to DNA remains mysterious.
miR-16 | miR-143-5p | miR-146a | miR-26a | miR-26b
Insufficient evidence in retrieved documents.
Antibiotics | Pleuromutilins | Newly developed class of antibiotics
Ozanimod is a selective sphingosine-1-phosphate (S1P) receptor modulator. It modulates the S1P 1 and 5 receptors (S1PR1 and S1PR5), interfering with lymphocyte recruitment and reducing chronic inflammation.
Are you asking about Syndecans in relation to a specific disease or condition?
Are you asking about chemokinesis in a general biological context, or are you interested in its role in a specific disease or cell type?
Signaling process of growth factors and cytokines | Regulation of innate immunity | Gene transcriptional regulation
The evidence regarding dental x-rays and brain tumor risk is mixed. One study found no correlation between dental x-rays and benign brain tumors, while others suggest an association between dental x-ray exposure and an increased risk of meningioma, particularly with older, higher-radiation techniques. One study also found a link between frequent full-mouth dental x-rays and both glioma and meningioma risk.
yes
Uc.63+
yes
double PHD finger (DPF) | MYST domain | double PHD finger domain
Sanofi
no
no
PTEN pseudogene
Ulcerative Colitis (UC) | IBD (mild to moderate) | Active UC
Are you asking for a list of ACE inhibitor medications?
Androgen deprivation therapy (ADT) in men with prostate cancer is not associated with changes in clinical pain or pain sensitivity. There were no significant changes in pain thresholds or ratings during the course of a 6-month study. Clinical pain did not differ between groups receiving ADT.
Open Access and Collaborative Consumer Health Vocabulary | health-related terms used by lay consumers | OAC CHV
Autosomal dominant Alzheimer's disease is a rare form of the disease caused by mutations in the amyloid precursor protein, presenilin 1, or presenilin 2 genes. The first autosomal dominant mutation in the amyloid precursor protein (APP) gene was described in 1991. Alzheimer's disease is associated with mutated early-onset genes (presenilin 1/2, PSEN1/2 and APP).
Severe proliferative vitreoretinopathy | Thrombocytopenia | Severe pancytopenia | TINF2 mutation | Retinal hemorrhages | Vessel sclerosis | Cotton wool spots in the right eye associated with peripheral retinal nonperfusion | Retinopathy | Aplastic anemia
no
no
no
Modified Vaccinia virus Ankara expressing Antigen 85A
no
yes
Reduced Il17 transcription | Decreased activation of the cAMP response element modulator α (CREM-α) | Reduced activation of the AKT/mTOR pathway | Potential as a therapeutic strategy for Th17-driven autoimmune diseases | CAMK4 knockdown inhibited crocin-mediated HO-1 expression | CAMK4 kinase-dead mutant inhibited crocin-mediated HO-1 expression | CAMK4 knockdown inhibited Nrf2 activation | CAMK4 kinase-dead mutant inhibited Nrf2 activation | CAMK4 knockdown inhibited phosphorylation of Akt | CAMK4 kinase-dead mutant inhibited phosphorylation of Akt
Are you asking for a list of specific conditions caused by mutations in cohesin complex genes?
ferrochelatase | FECH
no
3' untranslated region | TNFR2-196R allele | nt587 (T-->G) (M196R)
In what context are you asking about VISMapper?
Are you asking about a specific disease or a general biological process?
no
yes
A cytokine storm is an intensified and dysregulated immune response, characterized by an overproduction of inflammatory mediators and cytokines. This can lead to tissue injury, multisystem organ failure, and even death. It is triggered by an unregulated activation of the proinflammatory cascade.
SNP2TFBS
phosphonormalizer
yes
Alphacoronavirus | Feline coronavirus (FCoV) | Feline infectious peritonitis virus (FIPV)
A cytokine storm is a hyperinflammatory state mediated by uncontrolled cytokine production and can lead to severe organ damage. It is caused by an overzealous production of inflammatory cytokines and chemokines. Reactive oxygen species (ROS) are responsible for the production of cytokines and chemokines that can mediate cytokine storm.
no
yes
Are you asking about a medication, a medical device, or something else?
yes
yes
Nascent chromatin is more sensitive to DNase I | Nascent chromatin has a shortened repeat length | Dependence on protein synthesis to attain typical subunit structure
yes
yes
yes
The mouse Fxy gene spans the pseudoautosomal boundary. The first three exons of the gene are located on the X chromosome, while the remaining exons are located within the pseudoautosomal region and are present on both the X and Y chromosomes.
no
PET (Positron Emission Tomography) allows the quantitative measurement of regional cerebral flow (rCBF) and the physiological distributions of radiolabeled tracers in vivo in humans and animals. It can also be used to measure changes in regional brain glucose metabolism.
yes
Are you referring to a specific gene, a company, or something else?
no
no
Apoptotic bodies are a type of extracellular vesicle. They are generated during apoptotic cell shrinkage and death and are hallmarks of apoptosis. They are released upon apoptosis.
no
ISW1 and CHD1 are ATP-dependent chromatin remodelers that compete to set nucleosome spacing in vivo [1, 3]. CHD1 directs short spacing, potentially leading to H1 eviction and chromatin unfolding, while ISW1 directs longer spacing, allowing H1 to bind and condense chromatin [4]. Isw1b acts with Chd1 to regulate chromatin structure by preventing trans-histone exchange, maintaining chromatin integrity during transcription elongation [5].
yes
Thyroid cancer | Breast cancer | Leukemia | Lung cancer | Stomach cancer | Colon cancer | Ovary cancer | Urinary bladder cancer | Kidney cancer | Multiple myeloma | Osteosarcoma | Esophageal squamous cell carcinoma
yes
Idiopathic toe walking is a condition where children walk on their toes, sometimes or all the time, with no heel contact, and is diagnosed after the age of three when other medical causes have been excluded. It is a relatively common developmental condition.
no
no
Alzheimer's disease | Multiple sclerosis
Daptacel is a diphtheria, tetanus, 5-component acellular pertussis vaccine [DTaP(5)], while Pentacel is a combination vaccine containing DTaP(5), inactivated poliovirus vaccine (IPV), and Haemophilus influenzae type b (Hib) vaccine. Thus, Pentacel combines Daptacel with IPV and Hib vaccines.
no
yes
Are you asking about radioprotective agents for a specific condition, or in general?
Impaired phosphorylation of signaling molecules in response to TCR crosslinking | Significantly inhibited cell viability and migration, and promoted Schwann cells apoptosis | Deletion of the Satb1 gene from hematopoietic cells
yes
PAR1 | PAR2
Herd immunity is a way vaccines provide immunity to a population. It drives population control of disease beyond those who are vaccinated. Delays in vaccination can impede the development of herd immunity.
no
relapsing-remitting MS | primary progressive MS | secondary progressive MS
Opicinumab (anti-LINGO-1) is a monoclonal antibody being investigated for remyelination and axonal protection/repair in multiple sclerosis (MS). It has been tested in relapsing-remitting MS and has undergone phase 1 and phase 2 (SYNERGY) trials. Initial results suggest it is safe and tolerable.
CD19 | Anti-CD19 antibody | Anti-CD19
The provided evidence suggests that eculizumab may have some effect in treating Guillain-Barré syndrome, but the studies are small and lack statistical comparison with the placebo group. The primary outcome measure did not reach the predefined response rate. Therefore, the efficacy of eculizumab is uncertain based on the available evidence, and larger, randomized controlled trials are needed.
Are you interested in Mcl-1 inhibitors currently in clinical trials, approved for use, or something else?
Are you asking about the role of autophagy in viral infection in general, or a specific virus or type of virus?
The methidiumpropyl-EDTA sequencing (MPE-seq) method is based on the digestion of nuclei with MPE-Fe(II) followed by massively parallel sequencing for genome-wide characterization of chromatin structure. It provides a straightforward means for genome-wide analysis of chromatin structure.
RotaTeq | Rotarix
no
Stata
Could you please specify what "f-scLVM" refers to in this context?
yes
Longer than 200 nucleotides | >200 nucleotides | More than 200 nucleotides in length
Are you asking about a gene, a protein, a drug, or something else?
Treatment of malaria | Treatment of cutaneous lupus erythematosus (SLE) | Treatment of systemic lupus erythematosus (SLE) | Treatment of rheumatoid arthritis (RA) | Inhibitor of SARS coronavirus infection and spread | Disease-modifying antirheumatic drug
no
Are you asking about a specific type of telangiectasia or telangiectasia in relation to a particular condition?
yes
Lung | Kidney | Heart | Islets of pancreas | Pneumocytes | Surface enterocytes of the small intestine | Endothelial cells
chromosome 15 | LiPS-A3S genomic locus | LiPS-A3
A J pouch is a surgically created pouch, specifically via ileal pouch-anal anastomosis (IPAA). It can be either colonic or ileal and is connected to the rectal stump or anus. This procedure is used in the treatment of conditions like ulcerative colitis and after rectal carcinoma resection.
Na-K-2Cl cotransporter function | chloride co-transporter | Na-K-Cl cotransporter
no
yes
Trilaciclib is a small-molecule inhibitor of cyclin-dependent kinases 4 and 6 (CDK4/6). It inhibits progression from the G1 to S phases of the cell cycle.
transdermal drug-coated microneedle patch system
Osteoporosis
CLCNKB | ClC-Kb
Metabolite annotation in metabolomics | Searching by mass values measured using mass spectrometry | Database searching in mass spectrometry-based metabolomics
senktide
Angiotensin II receptor | Angiotensin receptor 1
Insufficient evidence in retrieved documents.
DeepCpG
June 10, 2016
leuprorelin acetate
Astellas Pharma GmbH
edit-distance | distance between a sequence read and reference genome | Insufficient evidence in retrieved documents.
20 | At least 20 copies
MannKind Corporation
DeepSynergy
no
no
easyGWAS
yes
Are you asking about a vaccine?
Soluvia™ | microinjection system
Exubera | Afrezza
The mouse Fxy gene, recently translocated into the pseudoautosomal region, is evolving rapidly. The 3' end of the gene diverges much faster when pseudoautosomal, and the gene has experienced a rapid increase in GC content. Chromosomal position and recombination appear to be key factors in its evolution.
320-kb | 320 kb | Insufficient evidence in retrieved documents.
yes
Niemann-Pick disease A/B | Niemann-Pick disease (NPD) types A (NPD A) and B (NPD B) | Niemann-Pick Disease Types A and B (NPD A and B)
autosomal-recessive omodysplasia
Congenital sensorineural hearing loss | Dystopia canthorum | Abnormal iris pigmentation | Pigmentary changes of the hair or skin | Hearing loss | Heterochromia iridis | Sensorineural deafness | Pigmentation abnormalities | Auditory abnormalities
no
yes
huntingtin gene | HTT gene | huntingtin
Glioblastoma | Breast cancer | Pancreatic cancer
no
yes
Insufficient evidence in retrieved documents.
Bcr-Abl | BCR-ABL tyrosine kinase | ABL1
Severe acute respiratory syndrome (SARS) | Middle East respiratory syndrome (MERS)
Fitz-Hugh-Curtis syndrome is characterized by perihepatic inflammation, often of the hepatic capsule, and is associated with pelvic inflammatory disease. It is frequently linked to sexually transmitted infections like chlamydia, and sometimes gonococcal salpingitis. The inflammation does not affect the liver parenchyma.
Viagra®
Up to 30 structural and non-structural protein products | 4 structural proteins | 14 functional open reading frames
yes
yes
Gait disturbance | Cognitive dysfunction | Urinary incontinence | Dementia
yes
yes
Hiatus hernia | Gallstones | Diverticulosis coli | Abdominal herniae | Cholelithiasis | Umbilical hernia
Erdafitinib is an oral selective pan-fibroblast growth factor receptor (FGFR) tyrosine kinase inhibitor. It functions as an FGFR kinase inhibitor.
Female persons | Women | Insufficient evidence in retrieved documents.
Metaphyseal bony outgrowths | Progressive ossification of skeletal muscles, tendons, ligaments, and joints | Heterotopic bone forms in the soft tissues
no
no
The LINCS project aims to create a network-based understanding of biology by cataloging changes in gene expression and signal transduction that occur when cells are exposed to various perturbations. Its goal is to create a sustainable, widely applicable, and readily accessible systems biology knowledge resource. This is achieved by generating extensive multidimensional datasets of cellular response signatures.
yes
Fuchs' Uveitis (FU), also known as Fuchs Uveitis Syndrome (FUS), is a chronic, low-grade inflammatory disorder involving the anterior uvea and vitreous or anterior segment. It is associated with a gradual onset of decreased visual acuity, typically manifests in young adulthood, and is often unilateral.
no
yes
Risk of death associated with antipsychotic use in elderly patients with dementia
Aip1 | Ede1 | Inn1
Lateral displacement of the inner canthi | Lateral displacement of the inner canthi of the eyes
yes
Heterochromia iridis is asymmetry of iris pigmentation. It is also associated with conditions like congenital Horner syndrome.
Nucleosome arrays inhibit transcription elongation, leading to premature termination of transcripts. Histone octamer dissociation is not essential for transcription elongation through nucleosome arrays. Nucleosome dissociation is also likely not due to the formation of single-stranded DNA by RNA polymerase during elongation.
~ 55 | Approximately 55 | 55
yes
yes
NIH Common Fund Library of Integrated Network-based Cellular Signatures | Library of Integrated Network-based Cellular Signatures | NIH-funded LINCS program
yes
yes
yes
non-lysosomal glucosylceramidase (NLGase) | non-lysosomal glucosylceramidase
yes
The evidence suggests that cellphone radiation may be dangerous. Some studies, particularly those independent of industry funding, have reported an increased risk of brain tumors from cellphone use, while others have not. The Interphone studies found no increased risk of brain tumors from cellphone use, while the Swedish studies reported numerous findings of significant increased brain tumor risk from cellphone and cordless phone use.
yes
yes
Exposure of human skin to ultraviolet radiation (UVR) results in the production of reactive oxygen species (ROS). This ROS production can cause oxidative stress, potentially leading to DNA damage, alteration of fibroblasts and collagen, and damage to cellular components like lipids and proteins. ROS production from UVR exposure is also implicated in the development of skin cancer.
*   Rituximab
*   Cyclophosphamide
In what context did you encounter the term PWMScan?
yes
DamID (DNA adenine methyltransferase identification) is a methylation-based tagging technique used to study DNA-protein interactions. It is used to map the genomic interaction sites of proteins. It allows for profiling protein-DNA interactions on a genomic scale.
Spt6 is a highly conserved factor involved in transcription and chromatin structure. It is essential for rRNA synthesis by RNA Polymerase I and has many roles in transcription initiation and elongation by RNA polymerase II. These functions are mediated through interactions with histones, transcription factors, and RNA polymerase.
Hallucinations and delusions seen in patients with psychosis of Parkinson's disease | Treatment for the hallucinations and delusions associated with Parkinson's disease psychosis
Cyrano (long ncRNA) | miR-7 (microRNA) | Cdr1as (circular RNA) | miR-671 (microRNA)
no
Amifostine | Palifermin
yes
yes
Are you asking about a medication, a research project, or something else?
no
Are you asking about a clinical trial, a medication, or something else related to Q-SYMBIO?
NIPBL facilitates the loading and unloading of cohesin, which regulates sister chromatid cohesion. NIPBL also recruits histone deacetylases to mediate local chromatin modifications.
yes
real-time reverse transcription-PCR (rRT-PCR) assays | RT-PCR | reverse-transcriptase polymerase chain reaction (RT-PCR)
Are you asking about a medication, a research study, or something else related to Xanamem?
Yes, NRF2 activation can lead to resistance to radiotherapy. NRF2 plays a role in anticancer drug resistance [1], and blocking NRF2 activation may enhance chemoradiation sensitivity [3]. Resistance to chemoradiotherapy is a major obstacle to successful treatment [2].
yes
BRAFV600E | BRAF
Capture Hi-C (cHi-C) is an adapted genome conformation assay based on the Hi-C protocol. It incorporates a sequence capture step into the Hi-C protocol, allowing for high-resolution analysis of targeted regions of the genome and enabling the examination of long-range interactions. This allows for characterization of physical interactions on a genome-wide scale.
Scc2/Nipbl stimulates cohesin's ABC-like ATPase and is essential for loading cohesin onto chromosomes. It may also have a post-loading function.
short arm of chromosome 19 | chromosome 19 | chromosome 2
yes
Leukemia | Lung cancer | Breast cancer | Stomach cancer | Thyroid cancer | Skin carcinomas
SBF | MBF
Are you asking about the genetic condition, or something else?
Phospholipids | Phosphatidylcholine | PC
The Hof1-Cyk3 interaction is essential for normal primary-septum formation and a normal rate of cleavage-furrow ingression in yeast. It becomes critical for growth when Inn1 or Myo1 is absent. The interaction is particularly important for Cyk3 function, and possibly for Hof1 function as well.
Severe dermatitis | Multiple allergies | Metabolic wasting
The Smith-Waterman algorithm is a method for high precision sequence matching and local sequence alignment. It is a sensitive approach for local sequence alignment and finds the local alignment with maximal score. It is considered an important technique in computational molecular biology.
yes
The Java Adverse Drug Event (JADE) tool enables the analysis of prescribed drugs in connection with diagnoses from hospital stays. It supports physicians during clinical trial planning by showing the occurrences of adverse drug events with population-based information. The tool calculates the number of days drugs were taken and estimates possible interactions between dispensed drugs. It was implemented using Java, R, and a PostgreSQL database.
nivolumab | ipilimumab | chemotherapy
PAI-1 may have a causal effect on human longevity, possibly through alterations in metabolism. The PAI-1 4G/4G genotype shows different associations with mortality in men and women. Interestingly, a higher frequency of the 4G allele and homozygous 4G4G genotype is observed in centenarians, suggesting compatibility with successful aging despite associations with impaired fibrinolysis.
yes
Radiation necrosis | Microangiopathy | Progressive leukencephalopathy | Radiation-induced tumors | Meningiomas | Radiation-induced gliomas (RIGs) | Sarcomas | Pneumonitis | Disturbance of the blood-brain barrier | Radionecrosis of brain tissue | Radiogenic liver damage | Mucositis | Colitis | Osteitis | Osteoradionecrosis | Myositis | Radiation-induced second malignancies (RISM) | Radiation-induced fibrosis (RIF)
no
Helicobacter pylori | H. pylori
no
Detect absent or reduced NADPH oxidase activity | Measuring the oxidative burst | Evaluate intracellular reactive oxygen species
selective inhibitor of Janus kinase 1 (JAK1) | selective JAK1 inhibitor | selective inhibition of JAK-1
Autosomal dominant | Dominant
RiboTag profiling is a ribosomal capture strategy that allows for the measurement of translating RNAs from specific cell types within complex tissues or heterogeneous cell cultures. It enables the isolation and analysis of cell-specific RNA.
yes
Are you asking about a medication, a research study, or something else related to foliglurax?
Mutations in NIPBL, SMC1A, SMC3, RAD21, and HDAC8 | NIPBL mutations (60% of cases) | Mutations in SMC1A, RAD21, and HDAC8 (5% of cases)
yes
yes
Induced constitutive hyperphosphorylation | Altered the chronology | Modulated the expression
proton beams | hadron beams
yes
yes
yes
Protein Phosphatase 2A (PP2A) | PP2A
Hallucination | Dizziness | Orthostatic hypotension | Pedal edema
Shock | Acute abdominal pain | Pulsatile abdominal mass | Hypotension | Back pain | Abdominal pain | Pain | Continuous abdominal bruit | Left flank pain
Alacrima | Achalasia | Adrenal insufficiency | Progressive peripheral neuropathy | Neurological abnormalities | Dermatological abnormalities | Autonomic abnormalities | Esophageal achalasia | Adrenocorticotropic hormone refractoriness | Neurological manifestations
Water radiolysis is the chemical decomposition of the water molecule into free radicals after exposure to ionizing radiation. These free radicals can have deleterious effects on normal cell physiology and can generate DNA-damaging species against cancerous cells.
Amantadine extended release (ER) reaches plasma concentrations approximately 1.4 to 2 times higher than amantadine immediate release (IR). When given at bedtime, amantadine ER reaches approximately twice the plasma concentration of amantadine IR.
no
Length of stay | Acuity of admission | Comorbidity | Emergency visits in the previous 6 months | Charlson Comorbidity Index
oral viscous lidocaine | antacid | anticholinergic | Benzocaine | Maalox | Donnatal
yes
no
yes
Elagolix is a novel, orally active, non-peptide, competitive gonadotropin-releasing hormone (GnRH) receptor antagonist. It works by antagonizing the GnRH receptor.
Volanesorsen is an antisense oligonucleotide that inhibits the production of Apo C-III by reducing levels of apo C-III mRNA. Apo C-III regulates triglycerides (TGs) metabolism by inhibiting lipoprotein lipase (LPL) and hepatic lipase activity, and also hepatic uptake of TGs-rich particles.
Treating head and neck paragangliomas | Malignant melanomas affecting the choroid and ciliary body | Stereotactic radiosurgery
yes
OncoPPi Portal
yes
Regulation of pre-mRNA splicing | Trafficking of mRNAs containing ALREX-promoting elements | Pre-spliceosomal assembly
HMGB2 loss induces CTCF clustering. Specifically, nuclear depletion of HMGB2 coincides with the spatial clustering of CTCF, and knocking down HMGB2 is sufficient to induce this clustering. Ectopic expression of HMGB2 rescues these effects.
yes
*   HiTSelect
*   MAGeCK
Hemopoietic stem cells (HSCs) are target cells in radiation-induced leukemias. These cells can undergo initiation, inactivation, proliferation, and migration in the development of leukemia.
Parkinson's Disease
no
Thioredoxin 1 (Trx1) | Peroxiredoxin 1 (Prx1) | GSH reductase (GSR) | Superoxide dismutase (T-SOD) | Glutathione peroxidase (GSH-PX)
no
Scalp cirsoid aneurysms, also known as scalp arteriovenous malformations (AVM), are rare arteriovenous malformations of the scalp. They are typically congenital but can also be traumatic or postinfectious. They often present as an enlarging pulsatile scalp mass.
LMNB1 gene | lamin B1
To evaluate correlation with the severity of radiation toxicity | Predictive assay for adverse late reactions after radiotherapy | Insufficient evidence in retrieved documents.
puQTLs (promoter-usage Quantitative Trait Loci) are regulatory variants associated with promoter usage. In one study using CAGE transcriptomes from lymphoblastoid cell lines, 5376 puQTLs were mapped.
Insufficient evidence in retrieved documents.
Are you asking about a specific clinical trial, a research study, or something else related to PRL3-zumab?
vascular endothelial growth factor receptors 1, 2 and 3 tyrosine kinases | VEGFR1-3 | pan-VEGF receptor tyrosine kinase
yes
Are you asking about the experimental technique Perturb-seq, or something else?
The REPAIRtoire database contains information on DNA damage linked to environmental agents, pathways involved in damage removal, proteins participating in DNA repair, and diseases correlated with mutations in genes encoding DNA repair proteins. It also provides links to publications and external databases.
yes
no
As low as 1 in 10(9) hematologic cells | Extremely scare number | A rare cell species
Gamma sterilization is commonly used for a wide range of products. It is also used to minimize the risk of infection transmission through bone allografts and is considered a gold standard method for this purpose. Additionally, it can be the preferred sterilization method for certain devices.
yes
UV-damaged DNA | UV irradiation of primate cells | Damage recognition step of NER
The current regulation for eye lens radiation exposure, according to the European directive 2013/59/Euratom, sets the annual permissible dose at 20 mSv. This regulation was to be implemented by EU member states by February 2018, requiring monitoring arrangements. X-ray safety glasses are now mandatory for complex radiological vascular interventions due to the risk of exceeding the limit.
yes
*   Piecewise constant intensity models with reversible jump Markov Chain Monte Carlo (RJMCMC) method
*   Markov models for segmentation
*   Combinatorial genome segmentation using information on combinations of epigenetic marks
IGF-1 receptor | IGF-IR
Pathogenic variants in ERCC4 | ERCC4 mutations | Mutations in XPA
Are you asking about the classic signs and symptoms associated with Alkaptonuria?
yes
uc.63 | uc.38
One | miR-181b-1 | Insufficient evidence in retrieved documents.
Uc.160 | Uc.160+ | Uc.158+A | Uc.416+A
Systemic lupus erythematosus (SLE) | SLE
G380R
Cyclobutane pyrimidine dimers (CPDs) | Pyrimidine (6-4) pyrimidone photoproducts (64PPs) | (6-4) photoproduct ((6-4)pp) | 8-oxo-7,8-dihydroguanine (8-oxoGua)
yes
Cytoplasm | Cytoplasmic granules
SweeD | SweepFinder
Renal system | Peripheral vascular system | Musculoskeletal system | Cardiovascular system | Neuropsychiatric system
Amyand's hernia is a condition where the vermiform appendix is found within an inguinal hernia sac. It is defined as the incarceration of the vermiform appendix in the hernia sac, which may or may not contain other abdominal contents or pathologic inflammatory changes. It involves a protrusion of abdominal cavity content through the inguinal canal.
The Lupus Severity Index (LSI) is a simple index developed using American College of Rheumatology (ACR) criteria and subcriteria as predictor variables. Regression coefficient estimates from training data were used as item weightings to construct the index. The index correlates with existing severity scores and demographic factors influencing lupus severity.
no
Chronic myeloid leukemia | Sclerotic chronic graft-versus-host disease | Leukemia
yes
CNEFinder
Selective adenosine A2A receptor antagonist
May provide real-time information on patient's disease status. | Non-invasive and repeatable way for the detection and follow-up of biomarkers. | Sensitive and specific diagnostic tool for EGFR mutation analysis in CTC preparations with potential clinical impact.
The 4D-CHAINS algorithm analyzes two 4D spectra from a single, fully protonated protein sample. It uses an iterative approach, supplementing conventional connectivities with common NOEs between different spin systems to assign sidechain and backbone resonances with high completeness and minimal error. The 4D-CHAINS assignments are then used to guide automated assignment of long-range NOEs and structure refinement in autoNOE-Rosetta.
Acromelic frontonasal dysostosis (AFND) | Severe intellectual disability
Are you referring to a specific research study, a type of genetic analysis, or something else?
The aim of iodine prophylaxis is to protect against the intake of radioactive iodine isotopes, especially by blocking radioiodine uptake by the thyroid. This reduces the risk of adverse health outcomes in the case of accidental radioactive iodine release. Potassium iodide (KI) is often used for this purpose.
AMPK/Sirt1 pathway
Acetylsalicylic acid | Hydrochlorothiazide (HCT) | Enalapril (ENA) | Atorvastatin (ATR) | Aspirin | Valsartan
yes
TBC1D24 | SMARCA2
To enable the creation of large radiotherapy cohorts | To exploit advances in genomics | Insufficient evidence in retrieved documents.
Nuclear medicine technologists rely on dosimeters to measure their work-related dose. Dosimetry is also used for the study of medical radiation workers.
modified mRNA
Solid tumors | Chordoma | Medulloblastoma cells
Vestibular schwannoma
Cell-free DNA (cfDNA) is material that can be derived from blood [1]. It is present in the blood of cancer patients and can inform on tumor genetics, tumor burden, and mechanisms of progression and drug resistance [2]. It can also be used in prenatal screening [3, 5].
In vivo, intradermal injection of AZD8601 induces vasodilation, blood flow upregulation, and neovessel formation. In a mouse model of diabetic wound healing, AZD8601 improves vascularization and tissue oxygenation of the wound bed, leading to accelerated re-epithelialization.
N-methyl-D-aspartate (NMDA) receptor | N-methyl-D-aspartic acid | NMDA receptor
central nervous system | vascular | renal | musculoskeletal | serosal | dermal | immunologic | constitutional | hematologic
Aspirin | Atenolol | Ramipril | Hydrochlorothiazide | Simvastatin
Luspatercept is a recombinant, modified activin receptor type II-Fc fusion protein that acts as an activin inhibitor.
SLIC-CAGE | Super-Low Input Carrier-CAGE
LB100 sensitizes ovarian carcinoma cells to cisplatin-mediated cell death by abrogating cisplatin-induced cell-cycle arrest. This sensitization involves decreased Wee1 expression, increased cdc2 activation, increased mitotic entry, hyperphosphorylation of DDR proteins, and modulation of 14-3-3 binding site expression. LB100 also alters the chronology and persistence of JNK activation.
no
Tumor-targeted radionuclides | Treatment with 131I meta-Iodobenzylguanidine and 177Lu Lutetium DOTATATE | Directed at Noradrenaline Transporter Molecule (NAT) and Somatostatin Receptor (SSTR2)
nontranslating mRNAs | mRNAs characterized by extended length and adenylate-uridylate (AU)-rich motifs | transcript localization at the endoplasmic reticulum
Variable detection antibodies | Differing IHC cutoffs | Tissue preparation | Processing variability | Primary versus metastatic biopsies | Oncogenic versus induced PD-L1 expression | Staining of tumor versus immune cells | It is not clear whether expression of the ligand PD-L1 is a biomarker for response | The presence of robust responses in some patients with low levels of expression of these markers complicates the issue of PD-L1 as an exclusionary predictive biomarker.
yes
SAHFs are created through the spatial redistribution of heterochromatin in senescent cells. This process involves the nuclear rearrangement of repressive histone marks like H3K9me3 and H3K27me3. LMNB1 depletion facilitates the relocalization of H3K9me3-positive heterochromatin, promoting SAHF formation.
saracatinib | c-Src/Abl kinase inhibitor
Heterochromatin formation and gene silencing | Positively regulates euchromatic gene expression | Heterochromatic gene silencing
yes
Are you asking about Nextflow in the context of bioinformatics, workflow management, or something else?
Cytoscape (version 3) | Cytoscape app
In what context are you asking about SpatialDE?
Match BAM to VCF (MBV) is a method designed to quickly solve sample mislabeling and detect cross-sample contamination and PCR amplification bias in large combined genotype and sequencing assay datasets. It can also detect technical bias. The method is implemented in C++ as an independent component of the QTLtools software package.
Are you asking about the MAGNIMS criteria for diagnosing multiple sclerosis?
yes
Oramed Pharmaceuticals
nuclear matrix | nucleus
Are you asking about Twiddler's syndrome related to cardiac devices, or something else?
Balancer chromosomes in Drosophila melanogaster are genetic reagents used for stock maintenance and mutagenesis screens. They are multiply inverted chromosomes that suppress exchange with their homologs and are an essential part of the Drosophila genetic toolkit. Their laboratory evolution has implications for the design and interpretation of genetic experiments.
Reduces the risk of developing thyroid cancer | To block the thyroid from exposure to I-131 | ITB
no
yes
Systemic lupus erythematosus (SLE) | SLE
Rogaratinib is a highly potent and selective small-molecule pan-fibroblast growth factor receptor (FGFR) inhibitor (FGFR1-4) for oral application. It functions as an oral pan-FGFR inhibitor.
trimethylation of lysine 27 on histone H3 (K27me3) | H3K27me3
no
Meningitis | Sepsis
no
Are you asking about the oral typhoid vaccine?
Epithelial ovarian cancer (EOC) | Melanoma
Osanetant and talnetant are both selective NK3 antagonists that have demonstrated or indicated significant improvement in positive symptoms in schizophrenia.
Are you interested in diseases directly caused by SLC25A46 mutations, or conditions where SLC25A46 may play a contributing role?
Calcitonin gene-related peptide (CGRP) | CGRP ligand | CGRP receptor
Cervical artery dissection (CAD) | Stroke
Insufficient evidence in retrieved documents.
yes
The Sunnybrook Facial Grading System (SFGS) is used to evaluate facial function in patients with facial palsy. It can be used to study facial asymmetry, evaluate the degree of synkinesis, and grade patients with unilateral peripheral facial palsy.
The PDZ domain in SATB1 mediates dimerization, which is required for high-affinity DNA binding. This dimerization domain bridges homeodomains bound to DNA and contributes to SATB1's function as a transcription regulator. Cleavage of SATB1 disrupts this PDZ domain-mediated dimerization.
Endocytosis | Exocytosis | Virus infection
no
DisProt | MobiDB
gamma | alpha | mu | delta | epsilon
yes
Breaks Labeling In Situ and Sequencing (BLISS) directly labels DNA double-strand breaks (DSBs) in fixed cells or tissue sections. It uses linear amplification for low-input requirements and unique molecular identifiers for DSB quantification. BLISS is a versatile and quantitative method for genome-wide profiling of DSBs and offers easy scalability and multiplexing.
MLE4901 | SB222200 | AZD4901 | ESN364
no
no
no
yes
Intellectual disability | Macrocephaly/hemi/megalencephaly | Seizures | Developmental delay | Dysmorphic facial features
Are you asking about ORMD-0801 in relation to type 1 diabetes, or something else?
no
yes
Are you asking about a specific type of synucleinopathy, or would you like a general overview?
Sphingosine-1-phosphate receptor 1 and 5 | Sphingosine-1-phosphate receptor 5
A zoonotic virus is a virus that causes a disease that can be passed from animals to humans (PMID 28202592). Examples of zoonotic viruses include Rift Valley fever virus, Hepatitis E virus, and Nipah virus (PMID 29563201, PMID 29655214, PMID 29351657). Rodents and bats are important sources of zoonotic virus infections (PMID 29495551).
PF-05190457
BRD4 mediates E2-dependent transcriptional activation and interacts with E2 proteins. It also plays a role in cellular differentiation and resistance to oncogenic dedifferentiation by altering genome-wide binding patterns. Knockdown of BRD4 releases transcriptional activators.
80-100%
Minoxidil is a topical drug approved for the treatment of both female and male pattern hair loss. In the US, it is approved over-the-counter at a maximum concentration of 5%.
yes
Src/Abl kinase | Src | Abl
yes
Insufficient evidence in retrieved documents.
Erenumab is a monoclonal antibody that inhibits the calcitonin gene-related peptide receptor. It is used for the prevention of episodic and chronic migraines. Specifically, a 70 mg monthly dosage significantly reduces migraine frequency and acute migraine-specific medication use in episodic migraine.
Viral attachment to cells | Cell to cell fusion | Induction of cell to cell fusion
yes
The Open Targets platform is a data integration and visualization platform designed to identify and prioritize biological targets by associating known and potential drug targets with diseases using genome-wide data. It supports target-centric and disease-centric workflows and is accessible at https://www.targetvalidation.org. The platform facilitates the identification of potential therapeutic drug targets.
yes
yes
Are you asking about a drug, a gene, or something else?
no
no
no
SNV | MNV | InDels | Complex variants | Structural variants
yes
Are you asking about the initial licensing date, or a more recent period?
no
WAPL and PDS5 interact, and they can function together as "Wapl-Pds5". PDS5 is a binding partner of WAPL.
no
Protein kinases mediate phosphorylation. For example, mycobacterial protein tyrosine kinase (PtkA) phosphorylates PtpA at tyrosine residues, and diacylglycerol kinase (DGK) phosphorylates diacylglycerol (DG). Src family kinase tyrosine phosphorylates Toll-like receptor 4, and cyclin-dependent kinases (CDK) can mediate phosphorylation of steroid receptors.
Vaxchora
atezolizumab (TECENTRIQ®, Genentech) | durvalumab (IMFINZI®, Astra-Zeneca) | avelumab (BAVENCIO®, EMD Serono
yes
Facilitates cohesin's timely release from chromosome arms | Controls the dynamic association of cohesin with chromatin | Cohesin-binding protein
TPO-receptor | THPO-mimetic
Cetuximab | Gefitinib | Erlotinib
Insufficient evidence in retrieved documents.
The TSA-Seq method can estimate mean chromosomal distances from nuclear speckles genome-wide. It can also predict several Mbp chromosome trajectories between nuclear compartments. Additionally, it can map 3D genome organization relative to nuclear compartments.
Markov Clustering (MCL) | MPI and OpenMP
CR elements, specifically complement receptors (CR), are present on some B cells (CR+). CR+ B cells respond faster than CR- B cells. CR- B cells cooperate with T helper cells, and this cooperation is influenced by the presence of macrophages and whether the T cells are primed or unprimed.
PARP | PARPi
The Gardasil vaccine is used for the HPV virus. It is a quadrivalent HPV vaccine. The vaccine would have been useful in the prevention of 28% of infections.
antigen-specific human T cells | T-lymphocytes | thymocytes
eRNA-producing centers (EPCs) are DNase hypersensitive sites with evidence of bidirectional transcription. They are found very close to transcription start sites of lncRNAs and exhibit attributes of both enhancers and promoters.
Brain Radiation Information Data Exchange (BRIDE) is a data integration platform for low-dose ionizing radiation (LDIR) omics datasets. It uses a hybrid, distributed solution with local storage and cloud technology to store, analyze, and distribute data. BRIDE facilitates molecular research on the systems biology of LDIR response in mammals and captures experimental information for genomics, epigenomics, transcriptomics, and proteomics.
1983
Are you asking about Herceptin the medication, or something else?
yes
Dromedary camels | Camels
FLT3 | AXL
yes
Loss-of-function nuclear factor κB subunit 1 (NFKB1) variants | Heterozygous loss-of-function variants in NFKB1 | Monoallelic loss-of-function mutations in NFKB1
Measles | Mumps | Encephalitis
Multisystem disease with abnormal neurodevelopment
PD-1 | programmed death-1 pathway
Estrogen receptor (ER) | Progesterone receptor (PR) | Human epidermal growth factor receptor 2 (HER2)
rats
IFIT1 is a candidate gene for SLE that may function by interacting with Rho/Rac guanine nucleotide exchange factor, potentially activating Rho proteins. This interaction may be involved in the pathogenesis of SLE, and IFIT1 and the interferon-related pathway may provide potential therapeutic targets.
yes
Here's a list of genes with variants that cause nonsyndromic retinal degeneration, based on the provided evidence:

*   DYNC2H1
*   IFT81
*   USH2A
Omecamtiv Mecarbil is an activator of cardiac myosin. It increases ejection fraction and prolongs the actin-bond life time of cardiac and slow-skeletal muscle isoforms of myosin, thereby improving cardiac function. It affects contractile characteristics of the ventricles.
α-defensins | β-defensins
HA stands for hemagglutinin and NA stands for neuraminidase. Both are related to the influenza virus, such as the H1N1 virus.
no
G1P[8] | G2P[4] | G3P[8] | G4P[8] | G9P[8] | G12P[8]
THOC1 | THOC2 | THOC5 | THOC6 | THOC7
The Liverpool Elbow Score (LES) is used to assess outcomes of total elbow replacement and evaluate joint function in patients with elbow stiffness. It is a valid elbow-specific scoring system. The LES is also used as an outcome score.
no
yes
The zinc-finger protein Zelda (Zld) functions as a transcriptional activator in *Drosophila melanogaster*. It binds to specific DNA sequences, such as CAGGTAG, and activates the transcription of early-activated genes involved in sex determination, patterning, and early development. Zelda is a key activator of the early zygotic genome.
targeted synthetic DMARDs | targeted synthetic disease-modifying antirheumatic drugs
Severe developmental delay | Intellectual disability | Epilepsy | Focal segmental glomerulosclerosis | Proteinuria | Declining kidney function | Need for dialysis
Are you asking about the use of LY-CoV555 in a specific clinical trial, its mechanism of action, or something else?
Soluble interleukin-2 receptor-α | CXC chemokine ligand 13 | Soluble CD30 | Soluble tumor necrosis factor receptor-2 | B-cell activating factor | GALECTIN-3
no
no
Non-TNFi | Rheumatoid arthritis | bDMARD/tsDMARD
Sarcoma was included in the UK's 100,000 Genomes Project, ranking third in the number of patient samples sequenced. WGS data was generated from 597 sarcoma patients, with 350 genomes analyzed, leading to modified diagnoses for 3% of patients. The project highlighted the need for continued refinement of variant-calling bioinformatic pipelines and further research on germline mutations and hypermutation in sarcomas.
The goal of the RadRAT calculator is to estimate the lifetime risk of radiation-related cancer following a user-specified exposure history. It can estimate lifetime cancer risk from both uniform and non-uniform doses that are acute or chronic.
Ebola virus | Marburg virus | HIV | Filoviruses | influenza viruses
Nivolumab | Ipilimumab
Insufficient evidence in retrieved documents.
no
KIF1A-related disorders in children manifest as a range of neurological issues affecting both the central and peripheral nervous systems. These manifestations include movement disorders (spasticity and/or dystonia), dysautonomia, sensory axonal neuropathy, optic atrophy, learning and/or behavioral difficulties, and white matter changes on MRI. In severe cases, congenital contractures, respiratory insufficiency, and a complete lack of neurodevelopmental progress can occur, and epilepsy is common among severely affected children.
Pitolisant is a histamine H3 receptor inverse agonist/antagonist. It is a rapidly dissociating agent and the first of its kind to be marketed.
Endoplasmic reticulum stress is an imbalance between protein folding load and capacity, resulting in the accumulation of unfolded proteins in the endoplasmic reticulum lumen [1]. It also mediates the accumulation of abnormal proteins [2].
An operon is a multigene cluster containing genes linked together in a linear fashion and controlled by a single promoter. These genes produce a polycistronic mRNA.
no
NY-ESO-1 targeted vaccine | NY-ESO-1 protein vaccine | Glycopyranosyl lipid A
Biallelic mutations
no
yes
Rheumatoid arthritis | RA
Emergency granulopoiesis functions to rapidly mobilize bone marrow granulocyte progenitors during infections to aid in host defense. It also promotes neutrophil-dendritic cell encounters, which can prevent organ acceptance. This process demands both differentiation and proliferation of granulocyte precursors.
G1P[8]
GRIA3 | FHF2/FGF13
yes
IgM | IgG1 | IgG2 | IgG3 | IgG4 | IgD | IgA | IgE | IgG
CRAO stands for central retinal artery occlusion. It is a rare but blinding disorder that can cause vision loss.
yes
conventional synthetic disease-modifying antirheumatic drugs
Defective endochondral bone formation | Impaired Ihh-mediated chondrocyte differentiation | Impaired Ihh-mediated chondrocyte proliferation | Impaired osteoblast differentiation of -/- bone-marrow mesenchymal stromal-cell cultures
no
Lysine Specific Demethylases (LSD) | Histone deacetylases (HDACs)
16,569 | 16.5 kb | ca.16 kB
yes
no
Primary microcephaly | A novel laminopathy
The 10- and 20-year cumulative rates for all secondary tumors after proton beam therapy were 8% and 16%, respectively. For malignant secondary tumors, the rates were 5% and 13%, and for malignant nonhematologic secondary tumors, they were 3% and 11%. Proton beam therapy has the potential to reduce the risk of late mortality and secondary malignancy, especially in pediatric cancer.
Leucine | Isoleucine | Valine | Tryptophan | Cysteine | Methionine | Lysine | Phenylalanine
Cutaneous bacterial infections | Methicillin-susceptible S. aureus and streptococcal infections | Impetigo and other uncomplicated superficial skin infections
H3K27ac | H3K27me3
disease-modifying antirheumatic drugs | csDMARDS
yes
CSF1 receptor, KIT, and FLT3 | CSF1R | Tyrosine kinases
Interaction between microbiota, sex hormones and the immune system | Sexually dimorphic microbiome | Sex hormone modulation of the gut microbiota
Jaundice, characterized by the yellow coloration of the skin and eyes, results from the accumulation of bilirubin in the skin and mucous membranes. This accumulation can occur due to a deficiency in the enzyme required to convert bilirubin into a soluble form.
yes
yes
Joubert syndrome
yes
Viral polymerase | nsp12 polymerase | polymerase
Pleuromutilin can be isolated from *Pleurotus mutilus*. Pleuromutilin is a naturally occurring tricyclic diterpenoid.
Transition to a stable epiblast stem cell condition | Primed pluripotency | Pluripotency of porcine iPS cells
no
De novo SOX6 variants cause a neurodevelopmental syndrome, also referred to as a SOXopathy, associated with developmental delay and/or intellectual disability. Additional features can include ADHD, craniosynostosis, and osteochondromas.
yes
yes
ABO antigens | Rhesus D antigen (RhD) | A antigen | B antigen | O antigen | Rh-positive | Rh-negative
Five | 5 | Insufficient evidence in retrieved documents.
Tocilizumab can improve the outcomes of patients with severe or critical COVID-19 while maintaining a good safety profile.
c.G2873A (p.R958H) | Novel and rare missense variants in ABCC8 | 11 additional heterozygous predicted damaging ABCC8 variants
Essential Tremor (ET) | SCA | Parkinson's Disease
SNAP-25 | Syntaxin 1 | VAMP-2 | VAMP2 | Syntaxin
Are you asking about septicemia in general, or in relation to a specific patient or condition?
TAL1
Vaxigrip | Begrivac | Influsplit/Fluarix | Influvac | Agrippal
Are you asking about the canSAR database related to cancer research?
Magrolimab is an anti-CD47 antibody. Insufficient evidence in retrieved documents to describe the mechanism of action beyond this.
Point mutations | Deletions | Translocations | Inversions | Insertions | Small insertion/deletion | Large deletions
Epidermal growth factor receptor (EGFR) family | human epidermal growth factor (EGF) receptor (HER) family
Etanercept is a fusion protein composed of the extracellular domain of the tumor necrosis factor receptor (TNFR) linked to the Fc portion of IgG1. It is a highly glycosylated protein containing multiple N- and O-glycosylation sites. Specifically, it possesses three N- and 13 O-glycosylation sites.
biological disease-modifying antirheumatic drug
yes
no
H1 | H2A | H2B | H3 | H4
no
783
no
no
Obstructive Sleep Apnea Syndrome (OSAS) | Sleep-Disordered Breathing (SDB)
An additional X chromosome in males (47,XXY) | 47,XXY | Extra X chromosome (47,XXY)
Essential for lncRNA function | RNA domains | Repeat Insertion Domains of LncRNAs
Multiple sclerosis (MS)
pro-drug
Hereditary hemochromatosis
Germline expression may drive operon organization in C. elegans. Additionally, operons may provide an evolutionary advantage via the conservation of transcriptional machinery during recovery from growth arrested states and increased transcriptional efficiency in the context of certain developmental processes.
X chromosome | Xp22.3
DNA elements that regulate transcription | Transcriptional activity | Functional components of the LCR
yes
Differential analysis | Differential gene expression analysis | Moderated estimation of fold change and dispersion
A protein degron targets itself and attached proteins for degradation, often through the proteasomal pathway. Degrons can be designed to be inducible, allowing for dynamic protein depletion. They can also be designed to remove themselves under specific conditions.
DomainTeam software | Cinteny | SynBlast pipeline | OrthoClusterDB
yes
B-cells can transdifferentiate into macrophages through ectopic expression of any C/EBP, enhanced by endogenous C/EBPα and β activation [4]. The absence of PAX-5 could also trigger this transdifferentiation [1]. C/EBP-induced transdifferentiation reveals granulocyte-macrophage precursor-like plasticity of B cells [3].
ChromHMM is a software that annotates the noncoding genome using epigenomic information across one or multiple cell types. It learns chromatin-state signatures, generates genome-wide annotations, and provides automated enrichment analysis to facilitate functional interpretations of each chromatin state. It combines multiple epigenomic maps and uses combinatorial and spatial mark patterns to infer a complete annotation for each cell type.
Counting reads from sequencing experiments | Read summarization | Assigning sequence reads to genomic features
NANOG and OTX2 exhibit mutual antagonism that specifies cell fate during neural patterning. OTX2 drives cells towards a rostral fate, while NANOG and OTX2 together specify heterogeneous identities in embryonic stem cells and predispose them to respond to different inducing factors. This antagonism is critical for regulating early neural development.
no
yes
no
IL-1α | IL-1β
DeepCC
Antidepressants
median nerve | the median nerve
Anakinra
double-stranded DNA | linear, double-stranded DNA
yes
The FDA reported an increased risk of cancer with lorcaserin. A meta-analysis suggests a trend towards increased cancer risk, particularly lung and pancreatic cancer, but does not confirm it. The CAMELLIA-TIMI 61 trial heavily influenced this result.
no
Prostate cancer | Castration-resistant prostate cancer (CRPC) | Hormone-dependent prostate cancer
RET-altered thyroid cancers | Non-small cell lung cancer (NSCLC) | RET fusion-positive non-small-cell lung cancer | RET fusion-positive thyroid cancer | RET-mutant medullary thyroid cancer | RET-mutated medullary thyroid cancer | Advanced medullary thyroid cancer
apoC-III | apolipoprotein C-III | apoC3
Chronic plaque psoriasis | Psoriasis
Givosiran is a small interfering RNA (siRNA) that acts through RNA interference (RNAi) to silence the ALAS1 gene. This results in the downregulation of ALAS1 mRNA and inhibits ALAS1 expression, ultimately reducing the levels of neurotoxic metabolites associated with acute porphyria attacks.
yes
Corkscrew esophagus, also known as rosary bead esophagus, is a radiological diagnosis characterized by twisted segments in the distal third of the esophagus. It is a classic finding of diffuse esophageal spasm (DES) in barium studies, reflecting abnormal contractions that lead to compartmentalization and curling of the esophagus, giving it an appearance similar to a corkscrew or rosary beads. Nonpropulsive esophageal contractions radiologically described as "corkscrew" esophagus suggest an underlying motility disorder.
Methotrexate | Sulfasalazine | Leflunomide | Hydroxychloroquine
no
yes
Lundbeck Seattle BioPharmaceuticals
Adenopathy | Extensive skin patch overlying a plasmacytoma | Rare paraneoplastic condition due to an underlying plasma cell dyscrasia | Monoclonal gammopathy | Osteolytic chest wall plasmacytoma | Regional lymphadenopathy
Vinorelbine | Cisplatin | 5-Fluorouracil
dactinomycin | vincristine
no
metPropagate | network-based analysis | label propagation
irinotecan | oxaliplatin
FGFR1 | FGFR2 | FGFR3
yes
Here's a list of tools for identifying and visualizing ncRNA promoters, based solely on the provided evidence:

*   EPD (Eukaryotic Promoter Database)
*   UCSC Genome Browser
*   ncPro-ML
Intradermal delivery
Are you asking about SAR425899 as a medication, or in another context?
Neurodevelopmental disorders | Intellectual disability (ID) | Autism spectrum disorder (ASD)
yes
Cell membrane | Transmembrane | Extracellular domain of plasma membrane
Narrow-spectrum protein antibiotics | Ribosomally produced antimicrobial peptides of bacteria | Natural food preservatives
SWI/SNF complex | chromatin remodeling complex
Are you asking about the causes, symptoms, diagnosis, or treatment of aortitis?
TAFRO syndrome
Curli is a bacterial α-synuclein (αSyn) and cell surface amyloid protein expressed by certain gut bacteria. It is a major component of bacterial biofilms and can exacerbate αSyn-induced behavioral deficits. Curli deposits first in the enteric nervous system and then propagates to the central nervous system.
LGALS7 | ASPN | HSP90AA1 | HSP90AB1 | COL1A1 | SCGB1A1 | TAGLN | PSEN2 | TSPAN1 | CTSB | AGR2 | CSPG2 | SERPINB3 | emilin-1 | fibronectin | versican | decorin
yes
yes
no
yes
Exosomes that act as a decoy | Exosomes displaying tumor antigens | NKG2D ligand-bearing exosomes
Myasthenia Gravis is a rare autoimmune neuromuscular disorder characterized by muscle weakness and fatigability. It affects the neuromuscular junction, where autoantibodies like IgG target components such as the nicotinic acetylcholine receptor. It is one of the most common disorders of neuromuscular transmission [2].
Hydrometrocolpos | Postaxial polydactyly | Congenital heart disease
yes
Alcohol | 70% ethanol | 0.12% benzalkonium chloride (BZK)
FTY720 (Fingolimod)
Fingolimod binds to all S1P receptors except S1P2, acting as a non-selective agonist.
Fingolimod was synthesized from myriocin. Myriocin is a metabolite of the fungus Isaria sinclairii.
Fingolimod may have a protective effect on focal and diffuse grey matter damage. Treatment with fingolimod is associated with a lower percentage of grey matter volume change and less volume loss in several brain regions. However, the mechanism of action of fingolimod within the central nervous system is not completely understood.
0.5 mg | 1.25 mg
1272
Are you asking about the symptoms, causes, or treatment of blepharospasm?
Balovaptan is a selective vasopressin 1a receptor antagonist administered orally. It has been evaluated for the improvement of social communication and interaction.
Bisphenol A (BPA) is an endocrine disruptor that affects male fertility and modulates the immune response to infections. BPA exposure is also associated with an increased risk of obesity and diabetes.
Mucins | Amylases | Cystatins | Immunoglobulins
no
MIENTURNET
CAV1 | COL5A1 | COL6A3 | FLNB | HMMR | ITGA3 | ITGA5 | MET | SDC1 | THBS1 | VEGFC
Are you referring to a specific application of SWItchMiner (SWIM) in a particular disease or context?
apoE4-165 | specific apoE4 fragment
EpiMethylTag | M-ATAC or M-ChIP
KLF4
Ventral hypothalamus (VHT) | Arcuate nucleus | Hypothalamus
Acts as a protein kinase | Phosphorylating and activating PRPS1 | Metabolism-reprogramming marker
yes
TADCompare | SpectralTAD
regutools
yes
CLCN1 | SCN4A
yes
yes
A susceptibility locus on chromosome 13 | A genetic determinant | DNA methylation changes at imprinted genes
Aromatic amino acids | Natural products with aromatic moieties | Aromatic amino acid synthesis
Uber-operons are groups of functionally or transcriptionally related operons with conserved gene sets across multiple genomes. These operons are evolutionarily or functionally associated through operons in other genomes and often correspond to parts of known regulons or biological pathways. They can provide insights into prokaryotic genome structures and evolution.
MIR137 | DPYD
yes
yes
yes
dysplasia of all of the bony components of the elbow joint, abnormalities in the shape of carpal bones, and brachydactyly | transformation of the upper limbs to reflect lower limb characteristics
Enasidenib | Ivosidenib
Are you asking about RADICL-seq in the context of gene expression analysis, or something else?
Eosinophilic gastritis and duodenitis | Allergic, inflammatory, and proliferative diseases
Mammalian melatonin receptors are G protein-coupled receptors (GPCRs) that include the MT1 and MT2 subtypes. These receptors are involved in regulating circadian rhythms, the immune system, and reproduction, and are located on cells of the pituitary pars tuberalis (PT) and suprachiasmatic nucleus (SCN). There are three subtypes that bind melatonin and one related receptor that does not bind melatonin.
Are you asking about holoprosencephaly in the context of a diagnosis, research study, or something else?
In Drosophila neuroblast lineages, Notch signaling from neural progenitors to neuroblasts is regulated by the retromer complex. This unidirectional Notch signaling is critical for stem cell homeostasis, and retromer prevents aberrant Notch activation, which can lead to neural progenitor dedifferentiation and brain tumor formation.
SAR425899 has been tested in two randomized, placebo-controlled, double-blind clinical trials. The first trial involved healthy overweight volunteers receiving single-ascending doses. The second trial involved healthy normal- to overweight volunteers and overweight/obese patients with T2D receiving daily doses over 21 or 28 days.
no
Pexidartinib is a tyrosine kinase inhibitor that selectively inhibits colony-stimulating factor 1 receptor (CSF1R). Inhibition of CSF1R by pexidartinib reduces tissue macrophage levels.
Cytolysin A | α-hemolysin | Leukocidins | Streptolysin O (SLO) | Pneumolysin | Listeriolysin
Kabuki syndrome
yes
yes
32
Excessive daytime sleepiness (EDS) | Cataplexy | Sleep paralysis | Hypnagogic/hypnopompic hallucinations | Disturbed nocturnal sleep | Sleep fragmentation | Sleep-related hallucinations
Growth factor for hematopoietic progenitor cells | Bone growth factor | Maintain adult skeletal bone mass
Are you asking about ECMO as a medical procedure or something else?
Autoimmune diseases | SLE-associated antiphospholipid syndrome | Lupus-like syndrome
Activin type II receptors
yes
yes
Liver | Retina
yes
RNA polymerase II | Insufficient evidence in retrieved documents. | Insufficient evidence in retrieved documents.
EVOLVE-1 | EVOLVE-2 | REGAIN
no
Ticagrelor | Clopidogrel
Mast cells (MCs) | MCs | Tryptase-positive MC
Bladder cancer | High-grade non-muscle invasive bladder cancer (NMIBC) | Stage I and II malignant melanoma
Histone H2A monoubiquitination (H2Aub1) | H2A monoubiquitination | H2Aub1
no
ARID1B | ZDHHC14 | 6q25.3
Bronchiectasis
Transcription factor | Copper acquisition and detoxification | Copper-sensing
Seven | 7 | seven "Baltimore classes"
Dkk1 inhibits Wnt signaling. It antagonizes canonical Wnt signaling and is part of a negative feedback loop. This inhibition is Dkk1-dependent.
Are you asking about bimagrumab in relation to a specific condition or its mechanism of action?
CCT271850 | BOS172722 (CCT289346)
yes
Commensal bacteria are microbes usually found in the gut microbiota [2]. They are a major factor in human health and disease pathogenesis [4]. Maintaining commensal bacteria is essential to gut and systemic health [3].
Kabuki syndrome | KS | Kabuki syndrome (type 1 [KMT2D] and 2 [KDM6A])
C/EBPβ | Stat3 | Icsbp
February 2020
http://braineacv2.inf.um.es/
no
Are you asking about pyroptosis in the context of a specific disease or condition?
A haplotype map | An essential database for studies of human population genetics and genome-wide association | Tool to facilitate the study of possible associations of genome changes and common diseases
Breast cancer | Prostate cancer
The RESILIENT study was a global, randomized, double-blind, placebo-controlled study. It investigated whether BYM338 (bimagrumab) improves motor function in patients with sporadic inclusion body myositis after 52 weeks of treatment.
Anemia | Thrombocytopenia | Fever | Elevated creatinine | Altered mental status | Microangiopathic hemolytic anemia | Neurologic abnormalities | Renal failure | Neurological dysfunction | Kidney dysfunction | Renal injury | Neurological deficits | Acute kidney injury
Are you asking about organoids in the context of research, disease modeling, or something else?
Relieving focal spasticity resulting from upper motor neuron injuries | Treatment of migraine | Treatment of chronic migraine
Tcf3 plays a role in the maintenance of pluripotency by co-occupying promoters with pluripotency regulators. TCF3 mediates the effect of TERRA in mESC maintenance and regulates E-cadherin, which is critical for maintaining ESC pluripotency. TCF3 also represses pluripotency genes.
Migraine
yes
Satralizumab is an anti-interleukin-6 (IL-6) receptor monoclonal antibody. It functions by blocking IL-6 actions.
yes
Alobar | Semilobar | Lobar | Middle interhemispheric fusion variant
Smc2 and Smc4 | Smc2p and Smc4p
erenumab
A meta-analysis of genome-wide association studies identified genetic risk loci for common epilepsies. For all epilepsy, loci at 2q24.3 (SCN1A) and 4p15.1 (PCDH7) were implicated. For genetic generalized epilepsy, a signal at 2p16.1 (VRK2 or FANCL) was noted, while no significant loci were found for focal epilepsy.
no
Alcohol acyl-transferases (AAT) synthesize volatile esters, which are a major class of compounds contributing to fruit aroma. CM-AAT1 plays a major role in aroma volatile formation in melon, and the AAT1 locus is critical for the biosynthesis of esters contributing to 'ripe apple' flavor.
Hikikomori syndrome is a clinical condition characterized by prolonged and severe social withdrawal. It is defined as spending the majority of time confined, often to one's room, for 6 months or more. It is also described as a Japanese culture-bound syndrome with no evident psychosis.
TWIST1 | TWIST
Tofacitinib | Baricitinib | Filgotinib | Upadacitinib
miR-301b | miR-182
daratumumab | carfilzomib | dexamethasone
Basal body | Hook | Filament | Rod | Junction | Cap | Bi-directional rotary motor | Helical propeller | Universal joint
Male calico cats are rare because the calico coat color requires two X chromosomes to express both black and orange coloration. Male calico cats typically have an XXY chromosome makeup, which is an abnormality that allows for the expression of both colors.
HNF4α | Hepatocyte nuclear factor 4-alpha
yes
putamen | caudate nucleus | hippocampal volume
acute hepatic porphyria | acute intermittent porphyria (AIP)
beta-tryptase | histamine | heparin proteoglycan | vascular endothelial growth factor (VEGF) | chymase | tryptase | cytokines | urinary N-methyl histamine (N-MH) | leukotriene (LT)E4 | 11β-prostaglandin (PG) F2α | 2,3-dinor-11β-PGF2α (BPG)
Are you asking about exencephaly in humans or in animal models?
Macrophage-derived TNF-alpha contributes to insulin resistance and hepatic steatosis in diet-induced obesity, but its contribution is negligible in the presence of host-derived TNF-alpha. TNF-alpha expression in omental adipose tissue may contribute to cardiovascular risk in central obesity. Membrane-bound TNF-alpha also influences obesity and glucose metabolism.
no
The Enhancing NeuroImaging Genetics through Meta-Analysis (ENIGMA) Consortium is a collaborative network of researchers integrating neuroimaging and genetic data from numerous institutions worldwide. ENIGMA utilizes meta-analyses to identify factors affecting the brain, often focusing on psychiatric disorders, by combining data from many sites. The consortium has established standard protocols for imaging analysis and includes various working groups.
Autoimmune pulmonary alveolar proteinosis (aPAP) | Pulmonary alveolar proteinosis | aPAP
Bind to phospholipids in a calcium (Ca2+) - dependent manner. | Modulate the phagocytic cell removal by acting as bridging molecules to phosphatidylserine. | Fulfill opsonin-like function in cell death recognition. | Act as a Ca2+-dependent phospholipid and membrane binding protein. | Associated with the survival and spread of multiple neoplasms.
Zostavax | Shingrix
Other intronless genes or multiexon genes | Derived from other intronless genes | Derived from multiexon genes
Agios Pharmaceuticals
yes
no
Binding to natural cyclic dinucleotide (CDN) ligands | Detection of cytosolic DNA by the cGAS-STING pathway | Detection of intracellular DNA by the cGAS-STING pathway
Radio-frequency ablation (RFA) is a treatment used in various medical fields. It can be used for early liver cancer, endoscopy (to promote mucosal necrosis), reducing clinical symptoms and fibroid volume, pain relief (using cooled RFA), and managing chronic peripheral nerve pain.
28 joint counts | 28 joints | 28-joint
Are you asking about a clinical trial, a research project, or something else related to EPICCURE?
Expanded CORE collection with 245 new PFMs | 156 PFMs were updated | Novel collection of unvalidated TF-binding profiles | Q&A forum | Updated genomic tracks | Updated inference tool | Updated TF-binding profile similarity clusters
yes
yes
Are you asking about the genetic condition Hutchinson-Gilford Progeria Syndrome?
Could you please specify what field you're asking about (e.g., genetics, cardiology, oncology) in relation to CrossICC?
mineralocorticoid receptor | MR
yes
yes
no
CYP3A4 inducer
yes
Couvelaire uterus, also known as uteroplacental apoplexy, is a rare complication of placental abruption [2]. It involves hematic infiltration of the uterine myometrium due to a retroplacental hematoma [4]. The uterus exhibits dark purple patches with ecchymosis and blue-purple discolorations due to hemorrhages [3, 5].
otoferlin | otoferlin protein
Are you asking about hypercapnia in relation to a specific medical condition or situation?
TSA-Seq is a mapping method used for estimating chromosomal distances from nuclear speckles genome-wide and predicting chromosome trajectories between nuclear compartments. It is also used for genome-wide mapping of nuclear structure.
Polyclonal antibody
Participants in the 100,000 Genomes Project underwent whole genome sequencing, requiring additional appointments and travel. Their participation stemmed from trust in the NHS and a hope for improved future care. Some participants expressed concerns about their future relationships with NHS healthcare professionals and the security of the Genomics England biorepository.
Elagolix is being tested and developed for the treatment of heavy menstrual bleeding associated with uterine fibroids. It is currently in clinical trials, with Phase III study results expected.
Along the length of the cochlear spiral | Cochlear sensory epithelium | In the middle turn of the gerbil cochlea
Retinochoroiditis | Posterior uveitis | Infectious uveitis | Herpetic iridocyclitis | Uveitis
Caenorhabditis elegans | Ciona intestinalis | Nematode genomes | Multiple animal phyla
In May 2020, capmatinib received FDA approval in the USA for the treatment of adults with metastatic non-small cell lung cancer (NSCLC) whose tumors have a mutation that leads to MET exon 14 skipping, as detected by an FDA-approved test.
no
no
Transfer phosphatidylcholine | Mediate binding of lipids | Binds lipids
yes
TNF | TNF-α | TNF-alpha
CYP2D6
Epidermal CYLD inactivation sensitizes mice to the development of sebaceous and basaloid skin tumors. In a mouse model with epidermis-targeted expression of a catalytically deficient CYLDm, topical challenge induced sebaceous and basaloid tumors.
Lisocabtagene maraleucel is a CAR T-cell therapy being tested in patients with CD19 B-cell malignancies. It has antitumor potency and is being investigated in patients with relapsed/refractory non-Hodgkin lymphoma or chronic lymphocytic leukemia.
Mutation in the EHMT1 gene | Subtelomeric 9q34.3 deletion | Chromosomal deletion at 9q34.3
yes
Mediator plays a significant role in genome organization by binding to chromosomal interaction domain (CID) boundaries and associating with proteins that interact with these boundaries. It contributes to genome organization at different scales, affecting transcription, DNA replication, and locus rearrangement. Mediator is an architectural protein involved in DNA looping.
fremanezumab | galcanezumab
Are you asking about a specific gene, protein, disease, or something else related to "LowMACA"?
yes
TNAP (tissue nonspecific alkaline phosphatase)
Ubrogepant | Rimegepant | Atogepant
whole-genome duplicates | small-scale duplicates
Fingolimod is considered a prodrug because it is converted in vivo to its active phosphorylated form.
yes
Hemophilic pseudotumor is an encapsulated haematoma in patients with hemophilia that tends to progress and produce clinical symptoms related to its anatomical location [2]. It is a rare complication resulting from repeated episodes of bleeding into bone, subperiosteum, and soft tissue [4, 5].
The aim of the Translating Ribosome Affinity Purification (TRAP) method is to isolate and detect translating mRNAs. This allows for the study of cell type-specific gene expression patterns. The TRAP method can be used in various organisms, including Arabidopsis thaliana and C. elegans.
Herpes zoster | HZ
HP1a is a heterochromatin-associated protein found in Drosophila melanogaster. It is an abundant component of heterochromatin and is required for epigenetic gene silencing. HP1a interacts with Piwi and may function as a chromatin regulator.
yes
human long non-coding RNAs (lncRNAs) | lncRNAs | long noncoding RNAs (lncRNAs)
Programmed death-1 (PD-1) | PD-1 inhibitors
Arterial wall cells with excessive lipid inclusions | Derived from monocyte-differentiated macrophage and VSMCs | Key feature is lipid droplet accumulation
Statins | 3-hydroxy-3-methylglutaryl coenzyme A reductase inhibitors
TGF-β1 | TGF-β
The Oncomine Dx Target Test is a next-generation sequencing-based companion diagnostic test. It is also an investigational test that could facilitate access to multiple biomarker testing using small tissue samples to support therapy decisions for patients with advanced NSCLC.
Hippocampal volume
KRAS p.G12C mutation | KRASG12C
After OMA1-dependent cleavage | After mitochondrial stress | When OMA1 is activated
Ciliopathies are a group of developmental and degenerative disorders caused by defects in ciliogenesis, ciliary protein trafficking, or the structure/function of cilia. These hereditary disorders are linked with dysregulation of ciliary dynamics and can arise from genetic variants. Ciliopathies can manifest in various ways, including microcephaly, polycystic kidney, situs inversus, and polydactyly.
Histone H3 methylated at lysine 9 | Methylated lysine 9 of histone H3 | Me9H3
Are you asking about AZD8601 as a potential treatment for a specific condition?
ACTB | RNF216
HER2 (human epidermal growth factor receptor 2)
Stimulate ATPase activity of HSP70 chaperone | May bind with ubiquitinated substrates | Function in protein degradation
Acute treatment for migraine | Treatment of migraine | Acute oral treatment for migraine
Approximately 15% | \>17%
phase IV
Primary aldosteronism
Transurethral resection of the prostate (TURP) | Thulium laser transurethral vaporesection of the prostate (ThuVARP)
Slit ligands | Slit protein family
Kisspeptin induces GnRH release and preserves mitochondrial function by inducing mitophagy and autophagy in the aging rat brain hippocampus. It also regulates energy intake and reproduction by acting centrally on the hypothalamus-pituitary-gonadal axis.
no
Oral
yes
Dog bite
Antimicrobial enzymes of the innate immune system | Defense against pathogenic fungi, insects and bacteria | Marker of Paneth cell function
Amniotic band syndrome is a rare congenital disorder caused by the entrapment of fetal parts by fibrous amniotic bands. This syndrome presents with variable manifestations, including constricting bands or defects of the extremities, trunk, and craniofacial regions. It can cause distinctive structural abnormalities.
High linearity in all analyses | Best fit to the linear model studied | Reduces runtime | Improves performance | Radically simplified the quantification of transcripts in RNA-sequencing experiments
Immunohistochemistry (IHC) | DAKO-HercepTest™
signatureSearch
Janus kinase 1 | JAK 1
Natriuretic peptide receptor A (NPRA), also known as NPR1 or guanylyl cyclase A, binds ANP and BNP to initiate transmembrane signal transduction. It is involved in the regulation of blood pressure and may play a role in cardiac metabolism. This role in cardiac metabolism could be mediated by circRNA.
Dexamethasone, a glucocorticoid, is used to treat lymphoid malignancies and acute graft-versus-host disease. In lymphoid leukemia, it induces cell death by initiating autophagy, potentially upstream of apoptosis. It also has immunosuppressive activity, but can reduce the graft-versus-leukemia effect.
Complex coacervation is a charge-mediated, electrostatically and entropically-driven associative liquid-liquid phase separation (LLPS) phenomenon. It can result in the formation of bulk liquid phases or the self-assembly of hierarchical, microphase separated materials, and behaves as a membrane-less organelle.
Insufficient evidence in retrieved documents.
yes
vincristine | cyclophosphamide | adriamycin | actinomycin | doxorubicin
yes
chromosome D2
heat shock RNA omega (hsrω) | long noncoding RNAs (lncRNAs)
Higher in Southeast Asians | Insufficient evidence in retrieved documents.
INDEED
yes
yes
Cytokine release syndrome is a potentially lethal, unconstrained inflammatory cytokine storm caused by a severe immune response. It can be caused by novel T cell-engaging therapies and monoclonal antibodies, resulting in the sustained release of cytokines.
GATA6 | Pdgfrα
According to the provided evidence, the European Medicines Agency (EMA) and the FDA recommend or suggest that abacavir administration must be preceded by a specific genotyping test.
In what context are you asking about PWMScan (e.g., a specific disease, genetic analysis, or research study)?
no
MRJP1 | MRJP2 | MRJP4 | MRJP5 | mrjp1 | mrjp2 | mrjp3 | mrjp4 | mrjp5 | mrjp6 | mrjp7 | mrjp8 | mrjp9
Biological Expression Language (BEL) is a syntax representation used for the structured representation of biological relationships. It assembles knowledge networks from biological relations and collates findings from scientific literature into biological network models. It is also used to extract knowledge and transform it into BEL networks.
ExpressDB | yStreX | MOPED
CYP2B6 G516T (rs3745274)
Regulating cytokine expression, secretion, and cell proliferation during Th2 lymphocyte activation | Promotes T helper cell differentiation | Resolving secretory stress and accelerating proliferation
yes
Extracellular matrix (ECM) proteins | Apolipoprotein A-I (apoA-I) | Biglycan | Lumican | FBLN1C | APOE | CDH13
Severe, early onset epilepsies | Refractory seizures | Developmental delay or regression associated with ongoing epileptic activity | Generally poor prognosis | Devastating disorders caused by epileptic activity | Deterioration in developmental, cognitive, and motor functions | Seizures | Developmental impairments | Stagnation or decline of cognitive and behavioral abilities | Genetically heterogeneous | Severe childhood-onset epilepsies | Cognitive deficits
Linear programming-based tree search | EFMEvolver approach | EFM-Ta
Vosoritide is a biologic analogue of C-type natriuretic peptide. C-type natriuretic peptide is a potent stimulator of endochondral ossification.
The "flight-or-fight response" is a fundamental physiological response related to an organism's awareness of its environment under an impending predator attack [3]. It is mediated by the autonomic nervous system [1] and the cAMP intracellular signaling pathway [4]. It is also contrasted with chronic stress [2].
The Burke-Fahn-Marsden Dystonia Rating Scale (BFMDRS) is used to measure motor responses, assess dystonia symptoms, and evaluate disease severity. It is also used to document pre-surgical and post-surgical assessments using the BFMMS and BFMDS. The scale is used to estimate the minimal clinically important difference in generalized or segmental dystonia.
yes
Next generation sequencing (NGS)
PRAM
Idasanutlin is a selective small-molecule MDM2 antagonist. It activates the tumor suppressor TP53.
Adrenal levels | Adrenocortical activity | Adrenal glucocorticoids
Kidney | Murine renal cells/kidney tissues
male pseudohermaphroditism | human intersex | intersex
no
Are you asking about a specific application of DeepTRIAGE, or the general concept?
Pseudomelanosis duodeni is a rare condition characterized by a dark, speckled appearance of the duodenal mucosa, often observed during endoscopy. This pigmentation is due to the deposition of pigmented granules, specifically hemosiderin, within macrophages in the lamina propria of the duodenal villi. It has been associated with conditions such as gastrointestinal bleeding, hypertension, chronic heart failure, chronic renal failure, and certain drug use.
yes
Obesity | Insulin resistance | Hyperglycemia | Dyslipidemia | Hypertension | Elevated waist circumference | Elevated triglycerides | Reduced high-density lipoprotein cholesterol | Elevated blood pressure | Elevated fasting glucose | Systolic blood pressure | Diastolic blood pressure | Blood glucose | Body mass index | Type 2 diabetes | Low HLD/hypertriglyceridemia
PITX1 gene | PITX1
HLA-B*15:02 screening is recommended prior to administering carbamazepine, especially in Asian populations and others with a high prevalence of HLA-B*15:02. This is because HLA-B*15:02 is a biomarker for carbamazepine-induced Steven-Johnson Syndrome and Toxic Epidermal Necrolysis (SJS/TEN).
yes
Mesna | Adriamycin | Ifosfamide | Dacarbazine | Doxorubicin
cortisol | Glucocorticoids | GCs
Emmanuelle Charpentier | Jennifer Doudna
Super-enhancers are large clusters of transcriptional enhancers. They are defined by extensive acetylation of histone H3 lysine 27 (H3K27ac) or by ChIP-seq analysis for active histone marks. Super-enhancers drive the expression of genes controlling cell identity.
yes
ExpansionHunter Denovo | ExpansionHunter
Nirsevimab is used for the prevention of RSV-associated lower respiratory tract infection in healthy preterm infants. A single injection protects infants for an entire RSV season and results in fewer medically attended RSV-associated lower respiratory tract infections and hospitalizations than a placebo.
Tsukushi (TSK) is a member of the small leucine-rich repeat proteoglycan (SLRP) family. It plays multifunctional roles by interacting with signaling molecules during development.
no
yes
etanercept | ustekinumab | adalimumab
Adamts18 links luminal hormone receptor signaling to basement membrane remodeling and stem cell activation. Estrogens and progesterone induce Adamts18 expression, connecting hormone receptor signaling to these processes.
yes
d-lactate | l-lactate
Initiating eye development | Regulates development of CX subtypes | Normal eye and brain development
no
yes
In what context are you interested in ReactomeGSA (e.g., a specific disease, pathway, or research question)?
Sodium phenylbutyrate-taurursodiol (PB-TURSO) has a role in treating ALS by slowing functional decline and improving survival. Specifically, treatment with PB-TURSO has been shown to result in a 6.5-month longer median survival compared to placebo. These findings suggest that PB-TURSO provides both functional and survival benefits for individuals with ALS.
Growth arrest-specific 6 (Gas6) protein is a vitamin K-dependent protein encoded by the GAS6 gene and expressed in fibroblasts, immune cells, endothelial cells, vascular smooth muscle cells, and adipocytes. Gamma-glutamyl-carboxylated Gas6 mediates a positive role of vitamin K on lowering hyperglycemia in type 2 diabetes. It may also be involved in the pathogenesis of obesity, systemic inflammation, and insulin resistance.
Neoplastic leptomeningeal disease (LMD) is defined as the infiltration of the leptomeninges by tumor cells.
30% | 18.6% | Insufficient evidence in retrieved documents.
vedolizumab | siltuximab | ramucirumab | pembrolizumab | nivolumab | blinatumomab
Lymphocyte-maturation defects | Immunoglobulin deficiency | Intestinal inflammation
no
yes
The venom of Conus tulipa contains both paralytic and non-paralytic conotoxins. Specifically, it contains conantokin-T, which induces sleep-like symptoms in young mice and affects excitatory synaptic transmission.
H5 influenza vRNA
VKORC1 | CYP2C9
Are you asking about the MSstatsTMT R package for proteomics data analysis?
no
yes
Anti-inflammatory effects | Decreases inflammatory response | Pain and inflammation-reducing effects
The inactive X chromosome has a particular 3D structure consisting of two superdomains of frequent intrachromosomal contacts separated by a boundary region. Lamina recruitment changes the 3D structure of DNA, enabling Xist and silencing proteins to spread. Genes that escape X inactivation are located near the periphery of this 3D structure.
Mothers with a CYP2D6 ultrarapid metabolizer phenotype may expose their infants to risk of adverse events when taking codeine while breastfeeding because they produce more of the active metabolite, morphine.
Rtpca
Evinacumab is a monoclonal antibody that targets angiopoietin-like protein 3 (ANGPTL3). By targeting ANGPTL3, Evinacumab reduces LDL-C independently of residual LDLR activity.
yes
1967
Rheumatoid arthritis (RA)
HLA-B*57:01
yes
Acetylsalicylic acid | Ramipril | Simvastatin | Atorvastatin | Aspirin
Liver
Neutrophil drumsticks contain the inactive X chromosome [1, 3, 4]. The X centromere is located towards the tip of the drumstick appendage [2]. Fluorescent staining can distinguish true drumsticks from pseudo-drumsticks [5].
tumor necrosis factor alpha | TNF-α | TNF
Thermo Fisher Scientific
INSPEcT is an R package designed for the integrative analysis of RNA- and 4sU-seq data to study the dynamics of transcriptional regulation. It quantifies rates at the gene level and provides a modeling framework to identify regulatory processes that explain mRNA and pre-mRNA concentrations. The software's performance is tested using a synthetic dataset.
insulin-like growth factor-I receptor | IGF-1R | IGF-IR
apolipoprotein B mRNA editing enzyme catalytic polypeptide-like 3C | apolipoprotein-B mRNA-editing catalytic polypeptide-like 3C (A3C) | apolipoprotein B mRNA-editing enzyme catalytic subunit 3C
yes
DNA thermodynamic stability | DNA sequence-specified nucleosome positioning | Sequence
CYP2C19
Somatic mosaicism | Common genetic variation | Rare Mendelian disorders | Primary immunodeficiency | Enteropathy | IBD polygenic risk scores | Variants in TRIM22 that affect NOD2 signaling | Excessive deubiquitination of NLRP3-R779C variant
Hemophilia A
ROCK inhibitor | Directly targets Rho-associated kinase (ROCK) | Increases expression of pluripotency factors
Barr bodies are chromatin structures formed by the condensation of an inactivated X chromosome in female somatic cells. A Barr body represents this inactivated X chromosome. However, the frequency of Barr bodies can vary in different cell types.
yes
The CYP2C19*2 and *3 alleles are loss-of-function alleles, meaning they reduce or eliminate the normal function of the CYP2C19 enzyme.
Full Spectrum of Intolerance to Loss-of-function (FUSIL) is a cross-species gene classification that integrates measures of gene essentiality from mouse and human cell line screens. Genes are classified into five mutually exclusive categories with differing biological properties. This classification is proposed as an approach for disease gene discovery.
no
yes
1990 (initiation) | 2003 (completion)
SPRITE | Trac-looping | Maximum-entropy model
324
c-Myc
no
Aberrant proteolytic activity has been observed in several diseases. In Alzheimer's disease, it is associated with presenilin proteins and amyloid tangle deposition. In non-obese diabetic mice, it occurs in the salivary glands and results in increased fractalkine cleavage, potentially contributing to autoimmunity. Aberrant proteolytic activity is also implicated in skin disorders.
no
Formative pluripotency is an intermediate stage between naive and primed pluripotency. It involves a switch from the gene regulatory network of the naive state and the dismantling of the transcription factor network that governs the naive state. This stage comprises capacitation of enhancers, signaling pathways and epigenetic machinery in order to install competence for lineage specification.
yes
dagLogo
Philadelphia chromosome-positive acute lymphoblastic leukemia | Ph-positive ALL
yes
Carpal tunnel syndrome (CTS) | Compressive upper limb neuropathies
Interferon (IFN) gene signature | Type I IFN gene signature | Four-gene expression assay
yes
massPix | lipidr
Uterine fibroids | Advanced prostate cancer | Localised intermediate-risk prostate cancer
Carbendazim likely weakens bee colonies by reducing the expression of major royal jelly proteins, potentially contributing to colony collapse disorder. It is suggested to be an environmental risk factor for bees.
Bile duct | Pancreatic duct | Duodenum
Atypical patterns of dystonia evolution | Non-dystonic neurodevelopmental phenotype | Risk of status dystonicus | Intrauterine growth retardation | Endocrinopathies | Chromosomal deletions | Protein truncating variants | Missense variants
Preventive treatment of migraine | Prophylaxis of migraine | Prevention of migraine
yes
Blocker of vascular leakage | Anti-leukemia effect on both ATRA-sensitive cell line NB4 and ATRA-resistant APL cell lines, NB4-LR2, NB4-LR1, and NB4-MR2 | Induces the apoptosis of ATRA-resistant acute promyelocytic leukemia cells by inhibition of the NF-κB pathway
no
Gain-of-function variants in SYK cause immune dysregulation and systemic inflammation in humans and mice. These variants also result in a potentially treatable form of inflammatory disease.
yes
transporter proteins for serotonin | serotonin and dopamine transporters | serotonin transporter
yes
yes
yes
Thelazia callipaeda | Nematode parasite | Drosophilid flies
Innate antiviral immunity | Restrict endogenous retrotransposable element multiplication | Somatic hypermutation and class-switch recombination
Spinocerebellar ataxia type 3/Machado-Joseph disease (SCA3/MJD) is an autosomal dominant neurodegenerative disease. It is caused by the expansion of a CAG repeat tract in ATXN3, specifically in exon 10.
p38 MAPK pathway | p38 mitogen-activated protein kinase (MAPK) pathway
Intellectual disability | Speech delay | Dysmorphism | Growth failure | Feeding difficulties | Non-specific MRI abnormalities | Epilepsy and/or abnormal EEG | Predisposition to recurrent infections (mostly bacterial) | Ophthalmological abnormalities | Gait/balance disturbance | Joint hypermobility | Similar dysmorphic facial features
yes
Transduce mechanical signals into biological signals by mediating Ca2+ influx | Key element of the mechanotransduction process | Mechanosensitive cation channel
Erenumab | Fremanezumab | Galcanezumab
RRACH motif
Are you referring to a specific gene, acronym, or something else?
Glucose-dependent insulinotropic polypeptide (GIP) receptor | Glucagon-like peptide-1 (GLP-1) receptor
yes
Chaperonins assist proteins in acquiring their native structure by providing a shielded environment for folding polypeptide chains. This environment isolates the folding chain from the crowded cytoplasm while confining it within the chaperonin folding cage.
no
Oguchi disease
Metastatic uveal melanoma
yes
Neuromedin U (NmU) is a neuropeptide discovered in 1985 and found in many species. It is involved in various physiological and pathophysiological roles, including smooth muscle contraction, feeding, energy balance, tumorigenesis, and the stress response. It also belongs to the neuromedin family and has associations with several cancers.
yes
Are you referring to a specific gene, protein, or something else when you say SPar-K?
Donanemab is a monoclonal antibody that targets pyroglutamate forms of amyloid-beta (Aβ), specifically Aβ(p3-42) or AβpE3, found in plaques. This passive immunization clears amyloid plaques. It also targets the N-terminus of pyroglutamate Aβ.
yes
tumor-associated macrophages | tumour-associated macrophages | TAMs
FTO influences RUNX1T1 by enhancing its expression and controlling its exonic splicing. This modulation of RUNX1T1 by FTO affects adipogenesis and differentiation.
JUCHMME
Etesevimab is a neutralizing monoclonal antibody to SARS-CoV-2. It is indicated for the treatment of COVID-19.
Are you interested in pseudokinases in a specific organism, disease, or signaling pathway?
Small intestine | Ileal | GIT-associated lymphoid tissue
yes
The GenomeAsia 100K Project aims to enable genetic discoveries across Asia by creating a whole-genome sequencing reference dataset from 1,739 individuals across Asia. This dataset catalogues genetic variation, population structure, disease associations and founder effects and can be used in imputation to facilitate genetic studies. The project addresses the underrepresentation of non-Europeans in human genetic studies.
spinal muscular atrophy (SMA) | SMA
Protein palmitoylation, also known as S-acylation, is a post-translational modification where a fatty acid, often palmitate, is reversibly attached to cysteine residues of proteins. This modification anchors intracellular regions of proteins to membranes. It is a common acylation that can enhance the membrane stability of ion channels.
yes
September 2018
yes
Amyotrophic lateral sclerosis (ALS) due to SOD1 mutations | Amyotrophic lateral sclerosis (ALS)
Lactase deficiency | Reduced ability to metabolize lactose | Deficiency in the lactase enzyme
Are you asking about Etizolam as a medication, or something else?
no
De novo VPS4A mutations cause multisystem disease with abnormal neurodevelopment. These mutations affecting VPS4A result in a distinct multisystem disorder.
Treatment for paroxysmal nocturnal hemoglobinuria (PNH) | Controls GA progression | Improves hemoglobin and clinical and hematologic outcomes in patients with PNH | Provides broad hemolysis control, including control of intravascular and extravascular hemolysis | C3 inhibitor
Transfer of N-glycan intermediates | Catalyze the attachment of glycans | Transfer polysaccharides to engineered carrier proteins
chromosome 20p12
Mothers with a CYP2D6 ultrarapid metabolizer phenotype may expose their infants to risk of adverse events when taking codeine while breastfeeding. This is due to the increased production of morphine, the active metabolite of codeine.
VICTOR is a fully interactive and dependency-free visual analytics web application for the visual comparison of the results of various clustering algorithms. It can handle multiple cluster set results simultaneously, comparing them using ten different metrics with data tables or interactive visualizations like heatmaps, bar plots, correlation networks, sankey and circos plots.
Are you asking about a medication, a gene, or something else?
yes
LASIK | laser in situ keratomileusis | laser-assisted in situ keratomileusis
'RRACH' motif
SCUBE3 loss-of-function causes a recognizable recessive developmental disorder due to defective bone morphogenetic protein signaling. This disorder is characterized by reduced growth, skeletal features, distinctive craniofacial appearance, and dental anomalies.
capecitabine | oxaliplatin
yes
oxytocin | oxytocin-like neuropeptide
S1P1 | S1P receptors | S1P2
yes
no
Insufficient evidence in retrieved documents.
Streptomyces anulatus 3533-SV4 | Streptomyces anulatus
Ammi visnaga
Are you asking about a specific clinical trial, a company, or something else related to Antisoma?
Factor XI | Factor XIa
Could you please provide more context, such as where you encountered this term or what medical field it relates to?
intravenous (IV) administration
clinical approaches | radiological approaches | genetic approaches
Vericiguat is a stimulator of soluble guanylate cyclase (sGC). It is under investigation as a therapy for worsening chronic heart failure.
human larynx epidermoid carcinoma | laryngeal cancer | oropharyngeal cancer
yes
BYM338
Are you asking about a specific gene, a research project, or something else related to STATegra?
baloxavir marboxil | baloxavir acid
no
yes
Ubrogepant
2183
Are you referring to a gene, protein, drug, or something else?
Salt-inducible kinases (SIKs) | SIK1 | SIK2
no
Next-generation sequencing
Whole genome sequencing (WGS) is an important tool in diagnosing primary ciliary dyskinesia (PCD), particularly in cases with atypical disease history. WGS is effective when prior gene panel testing has found no variants or only heterozygous variants, as it may detect structural variants and aid in novel gene discovery.
Daratumumab
Non-coding RNA | Circular RNA | circRNA
Are you interested in the symptoms, causes, diagnosis, or treatment of Fanconi anemia?
CYP2D6
Are you asking about SBGNview in the context of a specific disease, pathway, or biological process?
Asthma | Chronic obstructive pulmonary disease (COPD)
Complex of DNA, RNA, and probably protein | Multicopy single-stranded DNA covalently linked to RNA | Small, structurally unique satellite DNAs
yes
50%
Syndromic form of thoracic aortic aneurysm (TAA) | Syndromic thoracic aortic aneurysm
Evinacumab is a monoclonal antibody against angiopoietin-like protein 3 (ANGPTL3). As an ANGPTL3 inhibitor, Evinacumab effectuates TG reductions. It may also provide benefit in reducing plaque volume and in patients with homozygous familial hypercholesterolemia.
hypopharyngeal glands | HPGs
Proliferative diabetic retinopathy (PDR) | Diabetic retinopathy
CYP1A2 polymorphisms modify the effect of habitual coffee consumption on appetite. High coffee consumption is associated with lower appetite perception only in rapid metabolizers.
SDE2 is an RNA binding protein and a trans-acting adaptor protein that regulates RNA splicing and ribosome biogenesis. It also plays a key role in maintaining active replication and counteracting replication stress by regulating the replication fork protection complex (FPC). SDE2 interacts with TIMELESS (TIM), enhancing its stability and aiding TIM localization to replication forks.
Cabotegravir | Rilpivirine
Shone's complex is a rare congenital cardiac malformation characterized by serial obstructive lesions of the left heart at multiple levels, affecting the mitral valve and left ventricular outflow tract. It consists of mitral valve stenosis in addition to left ventricle outflow obstruction. Shone's syndrome includes these characteristics.
Double-contrast barium enema (DCBE) | Transrectal endoscopic ultrasonography (REU) | Multidetector computerized tomography enema (MDCT-e) | Computed tomography colonoscopy (CTC) | Transvaginal ultrasonography (TVS) | Speckle sign
March 26, 2021
N6-methyladenosine RNA modification is important for leukemia stem cell (LSC) survival in AML. Specifically, Methyltransferase Like 3 (METTL3) and Methyltransferase Like 14 (METTL14), as well as YTH domain-containing family protein 2, are vital for LSC survival, and their loss has detrimental effects on AML cells. The loss of these genes has little to no effect on normal hemopoietic stem cells.
no
Treatment of parasitic diseases | Treating helminth infections | Kills arthropods feeding on treated subjects
DEAD-box proteins are ATP-dependent RNA helicases that participate in all aspects of RNA metabolism. They function by coupling ATP binding and hydrolysis to changes in affinity for single-stranded RNA, rearranging structured RNAs. They are required for all processes involving RNA molecules and can act as RNA chaperones.
Improved vascular permeability | Ameliorated hypercholesterolemia
MTH1
Gemogenovatucel-T is an autologous tumour cell vaccine. Its mechanism of action involves specifically reducing the expression of furin and downstream TGF-β1 and TGF-β2.
Detaching stem cell sheets | Preparing follicular thyroid carcinoma cells suspension | Containing trypsin
no
no
βII-spectrin stability | Binding to key molecular partners | Cytoskeleton organization and dynamics
Bevacizumab is used to treat perilesional edema, a late complication of radiosurgery for arteriovenous malformations, especially when the edema is resistant to steroids. It has also been used to manage radiation necrosis following radiosurgery. Bevacizumab has demonstrated long-term effectiveness in reducing symptoms and radiological edema.
yes
COVID-19 treatment | Antiviral
no
Alport syndrome
yes
telogen | anagen | catagen
Bow Hunter's syndrome is caused by posterior circulation insufficiency due to occlusion or compression of the vertebral artery during neck rotation [2]. It can also be caused by dissection of the contralateral vertebral artery leading to a failure in compensatory blood flow [5].
single-targeted antibodies | bi-specific antibodies (BsAbs) | antibody-drug conjugates (ADCs)
Bosch-Boonstra-Schaaf optic atrophy syndrome (BBSOAS)
MET exon 14 skipping mutation | MET exon 14 skipping | MET exon 14
In what context are you asking about second messengers?
yes
yes
yes
Atopic dermatitis | Pruritus
Could you specify what context you're asking about hemoglobin's antimicrobial properties in?
arginine vasopressin | oxytocin
MEK
Syndromic neurodevelopmental disorder | A neurodevelopmental disorder
SGLT2 | SGLT1
Primary structure interrogation of intact proteins | Native and top-down protein analysis | Analyte fragmentation
Bartter syndrome is a rare, hereditary salt-losing tubulopathy associated with congenital tubular dysfunction and different genetic origins. It is characterized by hypokalemia, metabolic alkalosis, polyuria, and a defect in sodium-potassium-chloride transport in the thick ascending limb of Henle, often presenting with normal or low blood pressure.
yes
*   Poretti-Boltshauser syndrome
Lactin-V can be used to prevent the recurrence of bacterial vaginosis after treatment with vaginal metronidazole. It is also associated with a reduction in recurrent UTI after treatment for cystitis.
Testing biofilm-forming ability | Evaluating biofilm formation | Indicator of biofilm-formation ability
lamin A | prelamin A
Ibrutinib increases cell viability and expansion of CLL patient-derived CART cells, enriches them with a less-differentiated phenotype, decreases exhaustion marker expression, and increases cytokine release capacity, ultimately improving the yield and function of CART cell products.
miR-193b acts as a tumor suppressor in prostate cancer. Overexpression of miR-193b inhibits invasion and induces apoptosis in prostate cancer cell lines, while silencing of miR-193b may contribute to prostate cancer progression. It is also epigenetically regulated in prostate cancer.
Pembrolizumab plus neoadjuvant chemotherapy | Pembrolizumab added to chemotherapy | Adjuvant pembrolizumab
Fibrolamellar carcinoma | FLC
The Nerve Tissue Contrast Index (NTI) is a ratio of average brightness levels of surrounding tissue and the median nerve, calculated from a US image. It is used to assess the loss of visualization of the nerve fascicular pattern in carpal tunnel syndrome.
2017
Could you please provide more context about what you mean by "bigPint"?
Alzheimer's disease (AD)
yes
Bats | SARS-like CoVs in bats | Bats and pangolins
yes
Are you asking about CLICK-Seq in the context of RNA sequencing, or something else?
Lumasiran is a small interfering RNA (siRNA) that targets the mRNA for hydroxyacid oxidase 1 gene (HAO1), which encodes glycolate oxidase. By silencing the gene encoding glycolate oxidase, Lumasiran depletes glycolate oxidase and inhibits the synthesis of oxalate in the liver. This reduces hepatic oxalate production and urinary oxalate levels.
Intestine | Conjunctiva | Lungs
Are you asking about Oral Health-Related Quality of Life?
VKORC1-1639GA | VKORC1-1639AA
CNVRanger | seqCNA | iGC
no
yes
Aimovig | AIMOVIG™
MET | mutant MET variant
Schizophrenia | Autism | Mental retardation | ADHD | Epilepsy
Carcinoma en cuirasse (CeC) is a rare form of cutaneous metastasis of breast cancer. It is characterized by diffuse sclerodermoid induration of the skin.
Are you asking about carboxyglutamate in relation to a specific condition, medication, or lab test?
Morton's neuroma is a neuralgia or entrapment degenerative neuropathy involving the common plantar digital nerve branch located between the lesser metatarsal heads. It is a common cause of forefoot pain and metatarsalgia.
Dako
yes
no
Lipocalin | Cystatin S (CST4) | Calcyclin (S100A6) | Calgranulin A (S100A8) | Matrix metalloproteinase 9 (MMP9) | LTF | LYZ | ZAG | DNAJC3
1884
ALD403 (eptinezumab) | AMG 334 (erenumab) | LY2951742 (galcanezumab) | TEV-48125 (fremanezumab)
yes
Ertugliflozin | Metformin
Mitochondrial
no
stage 1 and stage 2 hATTR polyneuropathy | Hereditary Transthyretin Amyloidosis
yes
yes
Myeloproliferative Neoplasm (MPN) | Essential Thrombocythemia (ET) | Oncogenesis
yes
no
GprotPRED
The CHALICE rule is a clinical prediction rule used in the management of children with head injuries. It can be used as a basis for CT scanning strategies and is the basis for NICE guidelines. Its application has also been studied outside of the UK.
ER retention sequence | Retention signal sequence characteristic of many proteins localized to the ER | Retention signal
Insufficient evidence in retrieved documents.
Summer 1999
no
no
Creatine phosphokinase (CPK) | Cardiac Troponin I | Cardiac Troponin T | Aldolase
Induction of maternal tolerance to fetal alloantigens | RANTES production | RANTES may be implicated in the local induction of a Th1-type response
Could you please provide more context? Are you referring to a medication, a gene, or something else?
no
yes
Are you asking about Preterm Premature Rupture of Membranes?
Two to three generations | Short half-lives | Ten generations (at least)
Metformin | Rosiglitazone
mTOR | mTOR-inhibitor
yes
Substantial decrease in RNA abundance | Downregulated | Decreased
diffuse multibacillary leprosy | diffuse lepromatous leprosy | leprosy
Neuronal presynaptic terminals | Presynaptic proteins | Synaptic proteins
Skin prick test (SPT) | Phadiatop | Nasal provocation test (NPT) | Rhinomanometry (RM)
yes
The AIMS65 score is used in upper gastrointestinal bleeding (UGIB) practice. It is superior to the Glasgow-Blatchford score and Rockall score in predicting mortality in patients with UGIB, and also predicts the need for blood transfusion and a composite endpoint in patients with variceal UGIB.
ATP binding cassette (ABC) transporter | ATP‑binding cassette sub‑family G member 1
Schistosomiasis | Leishmania donovani | Malaria | Toxoplasma gondii
May 2019
yes
yes
Three | 8 Lbx paralogons | Insufficient evidence in retrieved documents.
United States Food and Drug Agency | Health Canada | European Commission
The CAHP score is used for prognostication in hospitalized patients and for neurological prognostic performance in survivors of out-of-hospital cardiac arrest (OHCA). It also performs well in predicting in-hospital death in patients presenting OHCA secondary to acute coronary syndrome (ACS).
Treatment of Alzheimer's disease | Treatment of Alzheimer's
Squamous cell carcinoma | Adenocarcinoma | Large cell carcinoma | Small cell carcinoma
Are you referring to a gene, protein, drug, or something else?
Edasalonexent has shown promise in slowing disease progression and preserving muscle function in Duchenne muscular dystrophy patients. While it did not achieve statistically significant improvement in primary endpoints in a general population, subgroup analysis suggests it may be beneficial if initiated before 6 years of age. Further trials are warranted to investigate its efficacy, especially in younger patients.
Familial Alzheimer's disease | Alzheimer's disease
Lateral face | Orofacial region | Cheek
MEK/ERK | PI3K/AKT/eNOS-MMP2/9 | RHO-GTPases | integrin
no
Electromotility of outer hair cells | Acute sensitivity and frequency selectivity in the vertebrate auditory system | Cochlear amplifier
no
Are you asking about piRNAs in the context of a specific disease, treatment, or area of research?
moderate-to-severe psoriasis | psoriatic arthritis
The white mutation in Drosophila affects behavior, mobility, life span, and stress tolerance. It also affects eye color.
Pneumonia | Meningitis | Endocarditis
Approximately 25 times greater than DNA sequence changes | Spontaneously | Short half-lives of two to three generations
yes
Are you asking about Upadacitinib as a medication, or something else?
Pyoderma gangrenosum usually affects the upper and lower legs and feet or peristomal sites, while chronic venous ulcers are limited to the lower legs and feet. | Pustules and purulent discharge are features of pyoderma gangrenosum but not of chronic venous ulcers. | Crater-like holes or cribriform scarring is commonly seen in pyoderma gangrenosum but not in chronic venous ulcers. | Pathergy is a specific but not sensitive finding of pyoderma gangrenosum. | Pyoderma gangrenosum is characterized by wounds with blue-to-purple undermined borders surrounding purulent necrotic bases.
Are you asking about Mobilome-seq in the context of a specific disease, organism, or research area?
Asymmetry | Leukocytosis | Tachycardia | age ≥70
NLRP3 | CD45RO on T lymphocytes | CoQ10 | Procalcitonin (PCT)
no
Are you asking about the use of Waylivra for a specific condition?
Malaria
yes
Major adverse cardiac event | Major adverse cardiovascular events | Major cardiac adverse events
APPROACH and COMPASS studies
no
yes
yes
Ionis Pharmaceuticals through its subsidiary company, Akcea Therapeutics | Ionis Pharmaceuticals | Akcea Therapeutics
no
FANK1 is an evolutionarily conserved gene highly expressed in the testis, where it functions as an anti-apoptotic protein and activates the AP-1 pathway [1, 2, 3]. It contains a fibronectin type III domain and ankyrin repeats [3], and may function as a transcription factor [4]. Knockdown of Fank1 in mice results in oligospermia via apoptosis [5].
Intravenous iron | Ferric carboxymaltose (FCM)
yes
yes
Classic dissection | Aortic rupture | Aneurysmal dilation
Dapagliflozin | Saxagliptin
Are you interested in autoantibodies used for diagnosis, those associated with specific disease manifestations, or both?
Nephropathic cystinosis is an autosomal recessive lysosomal storage disorder characterized by the accumulation of cystine crystals in various tissues of the body. This condition is caused by a mutation in the CTNS gene, which encodes the cystinosin protein.
Bupropion | Naltrexone
Untreated non-small cell lung cancer with ALK changes | To overcome ALK resistance mutations | To personalize treatment in ALK-positive NSCLC patients
Muscle and nervous system | Muscle and heart | Neural and muscle
no
Activation of innate immune response | Immune response against virus infection | Interferon-stimulating
yes
Trifluridine | Tipiracil
Cathepsin L is a SARS-CoV-2 entry-associated protease that plays a key role in the virus's entry into the cell and subsequent infection. SARS-CoV-2 entry and activation can be mediated by endosomal pathways such as cathepsin L.
yes
PredictProtein | Jpred | Jnet algorithm | Porter 4.0 | PaleAle 4.0
p85α | RAS
surface-exposed basic patch
Subarachnoid hemorrhage (SAH) | Aneurysmal Subarachnoid Haemorrhage (ASAH) | Aneurysmal subarachnoid hemorrhage
Breast cancer | NSCLC (Non-Small Cell Lung Cancer) | PDA (Pancreatic Ductal Adenocarcinoma) | Glioma
p53 pathway | Rb pathway | p21WAF1/CIP1 pathway | p16INK4A/pRB pathway
Defective cDMD | Low Left Ventricular Dilation-Free Survival Rate | More severe disease
ALS may have origins in neonatal derangement of the GABA-ergic system [4]. Additionally, altered expression of ALS-associated genes involved in neurogenesis and axon guidance suggests a link between developmental pathways and ALS [5].
yes
In what context are you asking about p85α homodimerization?
H-bond donors | H-bond acceptors | Molecular weight (MWT) | Calculated Log P (CLogP) | MlogP | Absorption, Distribution, Metabolism and Excretion (ADME) properties | Pan-Assay Interference Compounds (PAINS) | Parallel artificial membrane permeability assay (PAMPA) | Caco-2 permeability | P-glycoprotein (Pgp) affinity | Plasma protein binding | Metabolic stability | Drug-drug interaction-assays | Mutagenicity | HepG2-hepatotoxicity risk tests | Molar refractivity | Total atom count | ATD | log P(o/w)
no
Mycro1 | Mycro2 | Mycro3 | IIA6B17 | celastrol | 10058-F4 | 10074-G5
*   Cumulative distribution function using a nonlinear mixed-effects approach
*   Nonlinear mixed effects modeling
*   Latent process model
Muscle tissue exhibits pathological changes before disease onset in ALS and has a secretory function that is toxic to motor neurons. Molecular mechanisms essential for muscle cell and tissue homeostasis, such as muscle metabolism, mitochondrial activity, RNA processing, stem cell function for muscle regeneration, and proteostasis, are deregulated in ALS. These factors link muscle cellular pathways to ALS.
G12C mutation | G12V mutation | G12D mutation | G12A mutation | KRAS codon 146 mutations
p110δ | homodimerized p85α
Here's a list of computational tools for predicting allosteric pathways in proteins, based on the provided evidence:

*   Monte Carlo (MC) path generation approach
*   MutInf
*   Gaussian network model (GNM)
*   Sector analysis (SCA) in a python-based software package (pySCA)
Cerebrospinal fluid rhinorrhea | Cerebrospinal fluid otorrhea | Periorbital ecchymosis (raccoon eyes) | Retroauricular ecchymosis (battle sign) | Cranial nerve injuries | Raccoon eyes | Battle's sign | Otorrhea | Rhinorrhea | Hemotympanum
MRI measurements | malate dehydrogenase 2 | glutamate dehydrogenase (GLDH) | cardiac troponin I | creatine kinase | muscle injury panel | Myostatin | Extracellular microRNAs (miRNAs)
Dysfunction of lipid metabolism is linked to ALS, with abnormal levels of cholesterol and other lipids reported in ALS patients [2, 5]. ALS risk genes are enriched with genes involved in ceramide metabolism [4]. Higher blood high density lipoprotein and apolipoprotein A1 levels are associated with reduced risk of developing ALS [3].
Multisystem inflammatory syndrome in children (MIS-C) is a rare but serious inflammatory condition associated with prior COVID-19 infection or exposure, typically occurring weeks after the initial infection. It is initiated by an overactive immune response and can have features of Kawasaki disease. It is a post-infectious inflammatory response.
Muscular Dystrophy Surveillance, Tracking, and Research Network (MD STARnet) | Universitaire Ziekenhuizen Leuven | DMD Italian Group | The Cooperative International Neuromuscular Research Group | ImagingDMD | PRO-DMD-01 study | GSE38417 | GSE3307 | GSE6011 | Japanese Registry of Muscular Dystrophy (Remudy)
In ALS, neuromuscular pathology involves the regulation of inflammatory markers active on T-cell immune responses [1]. Activated microglia accumulate at sites of motor neuron injury and correlate with disease progression [2, 3]. Microglia can have both pro-inflammatory and anti-inflammatory responses that influence disease progression, suggesting a complex role in the inflammatory mechanisms of ALS [4, 5].
Vitamin E deficiency | Vitamin B12 deficiency | Thiamine deficiency
Deep learning models are used with ultrasound imaging to classify patients with Duchenne Muscular Dystrophy based on their ambulatory function [3]. These models enable muscle ultrasound imaging to perform DMD evaluations [2, 5].
Are you asking about the symptoms, causes, diagnosis, or treatment of long-COVID?
yes
MRI | VEP | BAEP
Are you asking about pseudotumor cerebri in adults or in children?
Are you asking about pseudodementia related to depression, or another cause?
Acetaminophen | NSAIDs with caution | Insufficient evidence in retrieved documents.
yes
6.0 days (95% CI 5.6-6.5) globally | Median of 8.50 days (95% CI [7.22; 9.15]) | 4.0 days (Delta VOC)
Guillain-Barre syndrome (GBS) is an acute immune-mediated neuropathy or polyradiculoneuritis, also described as an acute inflammatory polyneuropathy. It is characterized by rapid onset of symmetric extremity muscle paralysis, areflexia, and albuminocytological dissociation in the cerebrospinal fluid (CSF). GBS is associated with antecedent infections and can be described as a demyelinating polyneuropathy.
no
Increased serum ferritin | High C-reactive protein | High erythrocyte sedimentation rate (ESR) | Leucocytosis | Lymphopenia | Platelet abnormalities | Elevated alanine aminotransferase (ALT) | Elevated aspartate aminotransferase (AST) | Albumin abnormalities | Elevated creatinine | Elevated creatine kinase (CK) | Elevated lactic dehydrogenase (LDH) | Elevated procalcitonin (PCT) | Elevated D-dimer | Elevated hypersensitive cardiac troponin I (hs-CTnI) | Elevated high sensitivity C-reactive protein (hs-CRP)
no
Factor XIa | FXIa
Serine protease | Cytotoxic protein | Non-specific cytotoxic cell marker
yes
Condensin promotes sister chromatid decatenation, aiding topoisomerase II in removing catenanes between sister chromatids. Complete resolution of sister chromatids relies on condensin, particularly for larger chromosomes. Condensin and topoisomerase II may work together in DNA overwinding and relaxation during mitosis.
PI3K/Akt signaling pathway | PI3K/AKT signaling
no
casirivimab | imdevimab
familial hemophagocytic lymphohistiocytosis type 2 (FHL 2) | haemophagocytic lymphohistiocytosis (HLH) | familial hemophagocytic lymphohistiocytosis
progranulin (PGRN) | Progranulin protein (PGRN) | progranulin
Tcf3 has β-catenin-independent repressor activity, represses Wnt-β-catenin signaling, and directly represses transcription of Lef1. In contrast, Tcf1 has β-catenin-dependent functions. However, both Tcf3 and Tcf1 interactions with β-catenin contribute to Wnt stimulation of self-renewal and gene expression.
γ-cyclodextrin (γCD) is mixed with grapefruit juice to attenuate the juice's inhibition of CYP3A activity. This is achieved by γCD encapsulating compounds within the grapefruit juice that cause this inhibition. This process may be applicable to juice processing for preventing drug-grapefruit juice interactions.
mitophagy
Morel-Lavallée lesion is a post-traumatic or closed degloving soft-tissue injury caused by a shearing force, resulting in a collection of fluid (hemolymphatic, blood, lymph, or necrotic tissue) between the skin/superficial fascia and the deep fascia. It often develops in the area around the greater trochanter. The lesion is characterized by a fusiform fluid collection between the subcutaneous fat and the underlying fascia.
Patatin is the major protein found in potatoes and is considered a valuable plant protein by the food industry. It has several isoforms, a high essential amino acid content, and is an O-linked glycoprotein. Patatin also has lipid metabolism regulatory effects.
Kills liver dormant forms of P. vivax and P. ovale | Eliminates P. falciparum gametocytes | Prevents P. vivax relapses from dormant stages
*   3DIV
*   3D Genome Browser
B-cell maturation antigen (BCMA) | CD3
no
yes
yes
Nuclear import of proteins | Macromolecular transport between the cytoplasm and the nucleus | Cancer progression
3% | 3 percent | approximately 3%
belantamab mafodotin | daratumumab | elotuzumab | isatuximab
A novel neurodevelopmental syndrome with progressive microcephaly, seizures, and joint anomalies | A novel autosomal recessive neurodevelopmental disorder
yes
yes
VEGF-A | Ang-2 | Tie-2/angiopoietin pathway
Stress condition | Ca2+ signaling | Reduced transcription termination
Stimulates migration of HCAEC and EA.hy926 cells | Stimulate EC migration | Promote re-endothelialization
yes
Pulmonary embolism | Septic embolus | Lung infarction
Catalyzing the conversion of tryptophan (Trp) to kynurenine (Kyn) | Catalyzes the rate-limiting step in the oxidation of tryptophan (Trp) to kynurenine (Kyn)
Internalization | Endocytosis | Gonococcal entry into cells
Saccharomyces cerevisiae | Magnaporthe oryzae | Insufficient evidence in retrieved documents.
Are you asking about chromones as a general class of chemical compounds, or in relation to a specific disease or medication?
Myeloid leukaemia | AML
Lanifibranor is a peroxisome proliferator-activated receptor (PPAR) agonist. Specifically, it is a pan-PPAR agonist.
yes
DHX36 is a DEAH box helicase that unwinds both G4 DNA and G4 RNA. G4s are alternative nucleic acid structures that influence cellular pathways, and DHX36's G-quadruplex unwinding activity can be inhibited.
YY1 is a transcriptional regulator that can both activate and inhibit transcription depending on the context. It regulates the c-fos promoter by bending DNA to control protein interactions and increases transcription from the FE65 minimal promoter. Additionally, YY1 inhibits c-Myc transforming activity.
CYP1A2 | CYP3A
NPM1 | MLL | CEBPA
Renal cell carcinoma (RCC) with clear cell histology (ccRCC) | von Hippel-Lindau (VHL) disease-associated RCC | Renal cell carcinomas and non-renal cell carcinoma neoplasms associated with VHL disease
Nucleoskeleton underneath the INM | INM | plant
no
yes
yes
Intellectual disability | Spastic-dystonic cerebral palsy | Epilepsy | Hearing loss | Sensorineural hearing loss | Microcephaly | Developmental delay
atezolizumab | bevacizumab
ALS can be a heritable disease. Approximately 5-10% of cases are associated with familial inheritance. At least 30 genes have been implicated in both familial and sporadic ALS.
Could you please provide more context? Are you referring to a drug, a gene, or something else?
CPX-351 is indicated for the treatment of adults with newly diagnosed therapy-related acute myeloid leukemia or acute myeloid leukemia with myelodysplasia-related changes.
moderate-to-severe developmental delay | progressive neurological and neurosensory abnormalities | variable white matter involvement | autism | hyperactive behavior | pontine hypoplasia | cerebellar atrophy with prevalent vermian involvement
Synthetic cannabinoids | Synthetic marijuana
Are you asking about the AlphaFold protein structure prediction tool?
Fragile X-related disorders (FXDs) | Spinocerebellar ataxia type 1 | Machado-Joseph disease
Are you asking about a medication, a research study, or something else?
Biallelic variants in HPDL cause a syndrome that varies from juvenile-onset pure hereditary spastic paraplegia to infantile-onset spastic tetraplegia associated with global developmental delays. The variants can also cause complicated hereditary spastic paraplegia.
Interleukin-36 receptor | IL-36 receptor
yes
yes
Inhibition | Attenuation of inhibition
Retinal dystrophy
yes
secretory granules | cytotoxic granules | leukocytes
no
critical COVID-19 pneumonia | life-threatening COVID-19
yes
yes
no
yes
KAT7 is a genetic vulnerability in AML, particularly in those driven by MLL rearrangements. Loss of KAT7 leads to loss of H3K14ac and H4K12ac marks, reduced proliferation, increased apoptosis, and differentiation of AML cells. The acetyltransferase activity of KAT7 is essential for the proliferation of these cells.
Capecitabine | Irinotecan
Insufficient evidence in retrieved documents.
Circular RNAs (circRNAs) are involved in transcriptional and post-transcriptional gene regulation, physiological processes, and the pathogenesis of diseases including cancer and hepatocellular carcinoma (HCC). They are also important for the development and regeneration of the nervous system. Generally, circRNAs function as regulators.
khellin
Protein Contacts Atlas
primary hemophagocytic lymphohistiocytosis | hemophagocytic lymphohistiocytosis
yes
Translational regulation of target mRNAs | RNA-binding protein | Developmental regulator
Are you asking about CPX-351 as a medication?
1.1%
A wide range of KIT mutations | A wide range of PDGFRA mutations | Full spectrum of mutant KIT kinases | Full spectrum of mutant PDGFRA kinases | Drug-resistant KIT variants | Oncogenic KIT variants | Drug-resistant PDGFRA variants | Oncogenic PDGFRA variants
PYHIN proteins are a family of proteins involved in innate immunity and inflammatory responses. They can act as receptors that recognize dsDNA, leading to the formation of inflammasomes. Some PYHIN proteins, such as IFI16, PYHIN1, and MNDA, can restrict viral pathogens.
Cytotoxic drugs
Rhabdomyolysis
trfermikit
yes
yes
Toripalimab is a type of anti-PD-1 monoclonal antibody.
yes
Postural headaches | Nausea | Vomiting | Dizziness | Photophobia | Tinnitus | Vertigo
no
yes
Stearoyl-CoA desaturase (SCD1) | Stearoyl CoA desaturase 1 (SCD1) | hepatic stearoyl-CoA desaturase (SCD1)
Ribosomal gene mutations | Ribosomal proteins
Influence many cellular pathways on a transcriptional and post-transcriptional level. | Regulate transcription. | Regulate translation. | Regulate splicing. | Regulate replication.
Epiregulin (EREG) expression promotes tumor progression and metastasis. In gastric cancer, high EREG expression is associated with increased tumor size, lymph node metastases, distant metastases, and poor overall survival.
*   CellVGAE
Bruton's tyrosine kinase (BTK)
Are you asking about Cereblon in relation to a specific disease, drug, or research area?
The Abbreviated Injury Scale (AIS) is used to assess injury severity. It provides a summary of values for each injured organ or body part and is used to determine the Injury Severity Score (ISS).
epidermal growth factor (EGF) family
Cap Trap RNA-seq is a technology combining cap trapping and long read MinION sequencing. It was developed to confirm transcription.
The Canadian C-Spine Rule is a clinical decision rule used to risk-stratify patients needing radiography and to assess low-risk trauma patients.
Class I helix-loop-helix transcription factor in Drosophila | Broadly expressed transcriptional regulator | da gene in Drosophila
no
Epidermal growth factor receptor (EGFR)
NCAM1 | CADM2 | PHF2/FAM120A | DOCK9 | CKAP2/TPTE2P3 | BAG6
yes
Chaperone | Ca2+ buffer | Assists correct protein folding
Rheumatoid arthritis | Stickler syndrome | Loeys-Dietz syndrome | Marfan syndrome | Morquio syndrome | Ehlers-Danlos syndrome (EDS) | Grisel's syndrome | Spondyloepiphyseal dysplasia (SED) | Drug-induced cervical dystonia (DICD)
Increased leptin production and secretion | Induction of leptin secretion | EREG increased leptin production
9th release
no
Metalloprotease | Protease | Enzyme for DNA-protein crosslink proteolysis repair
Lumbosacral root | Dermatomes of cauda equina roots | Lumbar spine
Runt-related transcription factor 1
Are you asking about the R/Bioconductor package "InteractiveComplexHeatmap" or something else?
Brain Metastasis Velocity (BMV) is a metric that describes the rate of new brain metastases development after initial stereotactic radiosurgery (SRS). It is used as a prognostic tool to predict outcomes after initial distant brain failure and is a biomarker for survival and neurologic death in brain metastasis patients treated with SRS. BMV can also be used in the prognostication of brain metastasis outcomes.
Cell competition is a fitness-sensing process where fitter cells eliminate neighboring less-fit cells [1]. It is a social phenomenon where unfit cells are eliminated to maintain tissue homeostasis [2]. This process relies on fitness comparison among individual cells [4].
Imminent death donation (IDD) involves procuring organs from patients before life support is withdrawn, with death anticipated. It is described as living organ donation prior to a planned withdrawal of life-sustaining care in an imminently dying patient. IDD has been proposed as a distinct category of organ donation, separate from living donation and donation after cardiac death.
m6A "writer"
The 4D Nucleome Network project aims to map the structure and dynamics of the human and mouse genomes in space and time to understand nuclear organization and function. The project will develop experimental and computational approaches for measuring genome conformation and nuclear organization, and investigate how these contribute to gene regulation and other genome functions.
atenolol | ramipril | hydrochlorothiazide | a statin
Aβ oligomers | Amyloid plaques
no
Pathogen recognition | Immune cell activation | Immune cell fate decisions | Immune reactions
Are you asking about a specific clinical trial, a medical device, or something else related to nextNEOpi?
The ATRIA score is used for predicting major bleeding in atrial fibrillation patients and categorizing patients into different bleeding risk levels. It can also be used to predict coronary artery disease (CAD). The ATRIA score demonstrates acceptable performance in discriminating major bleeding events.
ErbB2 | HER2
Insufficient evidence in retrieved documents.
Amphiregulin decreases the anti-proliferative effect of cetuximab via AKT and ERK activation in SNU-C4 and Caco-2 cells.
Could you please specify what you are referring to by "RCandy"?
Multilobular infiltration | Hypo-lymphocytosis | Bacterial coinfection | Smoking history | Hyper-tension | Age | Total Leucocyte Count (TLC ≤ 0.8 x 109/L)
Caenorhabditis elegans | nematodes | parasitic flatworms
no
prostate cancer-associated transcript 6
yes
The ASTRAL score stands for acute stroke registry and analysis of Lausanne score. It is a tool used to predict prognosis and functional outcomes in patients with ischemic stroke. Studies suggest it has high predictive accuracy, especially for 2-year outcomes in Chinese patients.
yes
prostate
FTO suppresses pancreatic cancer tumorigenesis by demethylating PJA2, which reduces its mRNA decay. This process suppresses Wnt signaling, ultimately restraining the proliferation, invasion, and metastasis of pancreatic cancer cells.
GLYCO
Tubulin polymerization | Src kinase signaling | Peptide substrate site of Src
yes
BACH1 is a heme-binding transcription factor and a master regulator of the cellular response to oxidative stress. It is also a transcriptional repressor of the heme oxygenase-1 (HO-1) gene. BACH1 belongs to the basic region leucine zipper (bZIP) family and is a member of CNC (cap 'n' collar).
epiregulin
MBPpred
ANCA vasculitis | GPA/MPA | ANCA-associated vasculitis
yes
Ankylosing spondylitis
EGFR/MAPK pathway
yes
no
yes
yes
yes
yes
KRASG12C | KRAS G12C protein | KRAS-G12C mutation
yes
Are you asking about luteolin as a supplement, a medication, or something else?
no
PheneBank
relapsed or refractory multiple myeloma | RRMM (relapsed and refractory multiple myeloma) | multiple myeloma
Pancreatic cancer (PANC) | NSCLC | Triple-negative breast cancer
PCAT6 is involved in the progression of multiple human cancers and is abnormally elevated in various human malignant tumors. It affects tumor cell proliferation, migration, invasion, cycle, apoptosis, radioresistance, and chemoresistance, facilitating tumor progression.
yes
KIT | PDGFRA | Tyrosine kinase
Jackhammer esophagus (JE) is a hypercontractile esophageal motor disorder. It is defined by at least two swallows with a distal contractile integral (DCI) >8000 mm Hg.s.cm during high-resolution manometry (HRM). It is also known as a hypercontractile esophageal motility disorder characterized by hypercontractile peristalsis.
yes
recessive hereditary motor neuropathy
The Apfel simplified risk score is a tool used for risk stratification of postoperative nausea and vomiting (PONV). It can be used to identify patients at high risk of PONV and predict the likelihood of PONV in the delayed phase. However, there is variation in how the Apfel risk factors are defined and applied.
Insufficient evidence in retrieved documents.
Are you asking about a specific gene, a research tool, or something else related to EpiMethylTag?
C1s protein | Complement factor C1s | C1s inhibitor
yes
Multilocus Inherited Neoplasia Allele Syndrome (MINAS) occurs when patients with hereditary cancer have more than one pathogenic mutation in high and/or moderate-risk-associated cancer genes. MINAS has been potentially linked to more severe clinical manifestations.
no
Schizophrenia
yes
Are you asking about Sublocade, the brand name medication?
no
Gilteritinib is an fms-like tyrosine kinase 3 (FLT3) inhibitor and a 2nd generation tyrosine kinase inhibitor (TKI).
N-acetylgalactosamine (GalNAc) conjugation of siRNAs is primarily used to improve liver uptake and enable effective liver-directed delivery. This conjugation facilitates uptake mediated by the asialoglycoprotein receptor (ASGPR), leading to gene silencing in the liver.
Synthetic lethality occurs when the simultaneous perturbation of two genes results in cell death, while the perturbation of either gene alone is viable. It describes a relationship between two genes where the deficiency of one gene alone does not abolish cell viability, but the combined deficiency of both genes leads to cell death. This concept provides a framework for developing cancer-specific treatments by targeting genes that are synthetic lethal to cancer-relevant mutations.
Two
Whole-exome sequencing (WES) | Multiplex ligation-dependent probe amplification (MLPA) | Serum creatine kinase (CK)
yes
Both inherited and acquired | Congenital
Upstream of the gene | Proximal to the transcription start site (TSS) | Directly upstream or at the 5' end of the transcription initiation site
24 weeks
Facial weakness | Proximal weakness of the upper limbs | Lower limb muscle involvement | Truncal muscle involvement | Asymmetric weakness | Periscapular weakness | Foot dorsiflexor weakness | Hip girdle weakness | Hearing loss | Respiratory issues
Adagrasib is a KRASG12C inhibitor. It works by irreversibly and selectively binding to KRASG12C, which locks it in its inactive state.
yes
Are you asking about enhancers in genetics, or something else?
Microneedle-based device | Suprachoroidal use
Duchenne muscular dystrophy | Becker muscular dystrophy | Myotonic dystrophy type 1 | Facioscapulohumeral dystrophy | Dystroglycanopathies | Merosin-deficient CMD | Collagen VI-deficient CMD | SELENON-related rigid spine muscular dystrophy | LMNA-related CMD | Dystrophinopathies | Limb-girdle muscular dystrophies | Emery-Dreifuss muscular dystrophy
Fazirsiran targets liver disease associated with Alpha1-Antitrypsin Deficiency. The trial investigated the safety and efficacy of fazirsiran in patients with this condition.
Myocardial cell origin | Heart
yes
yes
Myotonic dystrophy type 1 (DM1) | Myotonic dystrophy type 2 (DM2) | Congenital myotonic dystrophy (CDM1)
Nivolumab | Relatimab
Eyes | Schlemm's canal | Open-angle glaucoma patients
yes
autosomal recessive
Duchenne muscular dystrophy (DMD) is characterized by a virtual absence of dystrophin, while Becker muscular dystrophy (BMD) involves a reduced amount (10% to 40% of normal) of dystrophin. DMD and BMD also differ in age of onset, severity of disease and rate of progression.
Lance-Adams syndrome is a rare syndrome also known as chronic or late post-hypoxic myoclonus, resulting from brain damage caused by cerebral hypoxia following cardiopulmonary resuscitation. It is often accompanied by action myoclonus, which may manifest as generalized, focal, or multifocal movements.
Mitapivat is an oral activator of erythrocyte pyruvate kinase. It upregulates both wild-type and mutant forms of the enzyme, increasing ATP production and hemoglobin levels, and reducing 2,3-diphosphoglycerate levels. It is used in the treatment of pyruvate kinase deficiency.
Are you asking about the general term for this arrangement of genes, or are you interested in a specific example in a particular prokaryote or related to a specific function?
triamcinolone acetonide
Exons 47, 48 and 50 | Exons 45-55 | Exons 45-52 | Exons 45-54 | Intron 44
yes
no
Are you asking about promoters in the context of genetics, drug development, or something else?
no
FLACC scale | Face, Legs, Activity, Cry, and Consolability (FLACC) scale | Face, Legs, Activity, Cry, Consolability-revised scale (FLACC-r)
Daridorexant is a dual orexin receptor antagonist (DORA). Specifically, it is an orexin type 1 and type 2 (OX1 and OX2) receptor antagonist.
Early detection of drug's hepatotoxicity | Signal confirmation in early drug development | DILI causality assessment
Persistently positive RT-PCR tests for SARS-CoV-2 can occur for weeks to months after clinical recovery, but these tests generally do not reflect replication-competent virus. Immunocompromised patients can have prolonged positive RT-PCR results. The detection of viral RNA may not correlate with infectivity.
Friedreich ataxia is caused by transcriptional silencing of the FXN gene. This silencing is due to hyperexpansion of the GAA·TTC triplet repeat sequence in the first intron of the FXN gene, leading to chromatin histone modifications.
DNA test using Southern Blotting and hybridization to a set of probes | EMG | Muscle biopsy | Detection of deletions of a 3.3 kb-tandem repeat array in the locus | PCR probe synthesis and labelling procedure | Detecting contractions of the unique D4Z4 repeat array at the chromosome 4q35 locus in the presence of a permissive 4q35A haplotype
yes
yes
Direct expression of the genes | Modulate gene expression | Regulate gene expression
Are you asking about Concerta® as a medication, or something else?
Autism spectrum disorders (ASDs) | Attention-deficit hyperactivity disorder (ADHD) | Depression | Anxiety disorders | Obsessive-compulsive disorder (OCD) | Low IQ scores | Epilepsy
IL-4 | IL-13
Chondrocytes | Stem cells | Autogenous chondrocytes | Other chondrogenic cells | Osteocytes | Progenitors of osteocytes | Progenitors of chondrocytes | Mesenchymal Cells Isolated from Microfracture Repairs | Autologous cells
yes
2021
yes
yes
yellow light
TATA box | TATA-binding protein (TBP) | TFIID
9 | Nine | 9 subjects
1:8000 | 1 in 20000
spinal muscular atrophy
Radiologically isolated syndrome (RIS) | Multiple sclerosis (MS)
DNase-seq | ATAC-seq | FAIRE-seq | MNase-seq
1.8 g/day | 9.0 g/day
PIPP | NFCS | NIPS | NPASS | Neonatal Pain, Agitation, and Sedation Scale (N-PASS) | Neonatal Infant Pain Scale (NIPS) | Premature Infant Pain Profile-Revised (PIPP-R) | COMFORT
no
frataxin (FXN) gene | FXN gene | frataxin
no
yes
no
Antisense oligonucleotides are single-stranded nucleic acids that bind to RNA to alter or reduce its expression, while siRNAs are double-stranded RNA molecules that hybridize with mRNA to block translation. Antisense oligonucleotides are single stranded while siRNAs are double stranded.
Are you asking about the Yutiq intravitreal implant?
1:5,000 live male births | 1 in 5076 live born males | 1 per 3500-6000 males born
Atezolizumab | Cobimetinib | Vemurafenib
Amniotic fluid is produced by fluid from the fetal lung and bladder/urine. Small contributions also come from fetal membranes. The fluid is also partly reabsorbed by fetal swallowing and transfer across the amnion.
Non-muscle invasive bladder cancer
Dystroglycanopathies | Merosin-deficient CMD | Collagen VI-deficient CMD | SELENON-related rigid spine muscular dystrophy | LMNA-related CMD | Laminin α-2 (merosin) deficiency | Ullrich congenital muscular dystrophy | Fukutin-related proteinopathy | Rigid spine syndrome | Glycosylation disorders of α-dystroglycan | Collagen VI related muscular dystrophies (COL6-RD) | LAMA2-related dystrophies
Multiple myeloma | Relapsed or refractory multiple myeloma | Triple-class-exposed relapsed or refractory multiple myeloma
pro-atrial natriuretic peptide (proANP) | brain natriuretic peptide (BNP) | NT-proBNP | ANP | CNP | DNP | urodilatin | uroguanylin | osteocrin | musculin
yes
Facioscapulohumeral Muscular Dystrophy type 1 (FSHD1) and type 2 (FSHD2) are phenotypically indistinguishable but have different genetic causes. FSHD1 is caused by a deletion on chromosome 4q affecting DUX4 expression, while FSHD2 is caused by mutations in SMCHD1, a protein regulating chromatin methylation, leading to hypomethylation and DUX4 derepression. FSHD1 is contraction-dependent, and FSHD2 is contraction-independent.
recurrent C. difficile infection | Clostridioides difficile recurrence | rCDI
yes
Trichotillomania is an obsessive-compulsive or related disorder. It is characterized by patients recurrently pulling out hair from any region of their body.
X chromosome (Xp21) | Xp21 | Xp21.2
Tolebrutinib is a potent Bruton's tyrosine kinase (BTK) inhibitor. It covalently binds to BTK, resulting in durable inhibition. BTK is an essential signaling element downstream of the B-cell receptor and Fc-receptors and is expressed in B cells and cells of innate immunity, including microglia.
no
PD-L1-positive mTNBC
Eteplirsen is an antisense oligonucleotide designed to induce exon 51 skipping. It promotes dystrophin production by restoring the translational reading frame of DMD through specific skipping of exon 51 in defective gene variants. Eteplirsen is a phosphorodiamidate morpholino oligomer-based splice-switching oligonucleotide (SSO) targeting DMD exon 51.
yes
The DESTINY-Breast04 trial found that trastuzumab deruxtecan is effective for patients with inoperable/metastatic HER2-low breast cancer. Specifically, trastuzumab deruxtecan resulted in significantly longer progression-free and overall survival than the physician's choice of chemotherapy.
In what context are you asking about LOQ and LOD?
Histone acetyltransferases (HATs) transfer acetyl groups from acetyl-CoA to lysine residues on histones to change chromatin architecture and regulate gene expression by opening or closing the chromatin structure. This modification also affects chromatin structure by offering binding signals for reader proteins.
SERPING1 gene
Casimersen is a phosphorodiamidate morpholino oligomer designed to bind to exon 45 of the DMD gene pre-mRNA, causing exon 45 to be skipped during mRNA processing. This allows for the production of an internally truncated, but functional, dystrophin protein in patients with DMD who are amenable to exon 45 skipping.
Tiragolumab is an anti-TIGIT inhibitory immune checkpoint agent. It targets TIGIT.
*   Aquaporin-4 (AQP4)-immunoglobulin G (IgG)
*   GFAP
Thrombus formation in coronary and cerebral vessels | Myocardial infarction | Cerebrovascular accidents | Venous thrombotic events | Arterial thrombotic events | Deep venous thrombosis | Pulmonary embolism | Venous thromboembolism | Myocardial injury/infarction | Stroke
Are you asking about Cinryze as a medication?
yes
COVID-19 | SARS-CoV-2
Indian muntjac | female Indian muntjac
lysine | arginine
Pharming
4.43 years | 4.9 years | 2.2 years
no
The R value is a biochemical feature used to characterize drug-induced liver injury (DILI) signatures. It is calculated as ALT × ULN/alkaline phosphatase × ULN and can be used to predict acute liver failure. AST can replace ALT in the calculation, and GGT can substitute ALP when the R value scores as hepatocellular.
yes
Hereditary angioedema (HAE) is a rare disease characterized by episodic attacks of subcutaneous and submucosal edema, which can be painful, incapacitating, and potentially fatal. These attacks are mediated by excessive bradykinin production, resulting from uncontrolled activation of the plasma kallikrein/kinin system, caused by a C1 esterase inhibitor deficiency or dysfunction in HAE types 1 and 2, respectively.
Viltolarsen is designed to skip exon 53 of the DMD gene. It binds to exon 53 of the dystrophin mRNA precursor and restores the amino acid open-reading frame by skipping exon 53, resulting in the production of a shortened dystrophin protein.
no
Iron homeostasis | Iron metabolism | Iron export
yes
Conestat alfa | Ruconest | rhC1INH
DMD amenable to exon 53 skipping | Duchenne muscular dystrophy (DMD)
Coloboma of the iris | Anorectal malformations | Auricular abnormalities
yes
Are you asking about initiating, continuing, or discontinuing inhaled glucocorticoids?
no
Duchenne muscular dystrophy | exon-51 amenable
no
Hepatocytes | Liver
H3K4me1 | H3K27ac | H3K4me2 | H3K4me3 | H3K9ac
yes
DMD in patients who have a confirmed mutation of the DMD gene that is amenable to exon 45 skipping
Plasmodium falciparum infection | P. falciparum infection | malaria
Cal-Light is a photoactivatable calcium sensor that translates neuronal-activity-mediated calcium signaling into gene expression in a light-dependent manner. It drives the expression of genes, including effectors, activators, indicators, or other constructs, and enables dissection of neural circuits underlying complex mammalian behaviors with high spatiotemporal precision. Cal-Light drives expression of the reporter EGFP with high spatiotemporal resolution only in the presence of both blue light and calcium.
Promoters | Promoter sequences | Proximal promoter region
yes
7-13 years of age | 9-11 years | 9-10 years of age
yes
Indocyanine green (ICG) is used for hepatic function evaluation before surgical procedures, fundus evaluation, and in patients with nonmetastatic gastric adenocarcinoma via endoscopic injections before surgery. It is also used in indocyanine green angiography (ICG). Furthermore, ICG could be used with biotechnological techniques like fluorescent endoscopy and photoacoustic equipment.
Could you please specify the context in which you're asking about this process? For example, are you interested in a specific gene, disease, or organism?
no
Increasing from late teens to over 30 years | ∼25 years | 28.1 years (patients born after 1990)
yes
Erythroid cells | Erythroblasts | Erythroid precursors
The Mediator complex plays a critical role in gene expression by bridging transcription factors and RNA polymerase II. It relays signals from transcription factors to RNA polymerase II, facilitating transcription and regulating gene expression. Mediator affects multiple steps in transcription, including chromatin looping, pre-initiation complex formation, transcriptional elongation, and mRNA splicing.
Fragment-based drug discovery
yes
Wakefulness/sleep cycles | Pain perception | Appetite | Food intake | Sleep and wakefulness states | Feeding behavior | Energy homeostasis | Reward system | Goal-directed behaviors
yes
Treatment of patients with metastatic non-small cell lung cancer (mNSCLC) whose tumors express programmed death-ligand 1 (PD-L1) | First-line treatment of patients with mNSCLC whose tumors have high PD-L1 expression (tumor proportion score [TPS] ≥50%), with no epidermal growth factor receptor (EGFR) or anaplastic lymphoma kinase (ALK) genomic tumor aberrations | Treatment of patients with mNSCLC whose tumors express PD-L1 (TPS ≥1%), with disease progression on or after platinum-containing chemotherapy
Achard-Thiers syndrome is characterized by overt diabetes and marked hirsutism. Additional clinical features observed in most patients include obesity, hypertension, and angiopathy.
no
Are you asking about coactivators in the context of gene expression, or something else?
Are you asking about PROTACs in relation to a specific disease or treatment?
Albumin | Bilirubin
Prednisone | Cyclophosphamide | Recombinant feline interferon | Glucocorticoid | Feline interferon-omega | Antibiotics | Feliserin | Propentofylline
no
TNBC
MM (multiple myeloma) | Relapsed/refractory multiple myeloma
Feline spongiform encephalopathy (FSE) is a transmissible spongiform encephalopathy affecting cats, including domestic and captive wild Felidae. It is caused by consuming feed contaminated with tissue from cattle affected by bovine spongiform encephalopathy. FSE is characterized by the accumulation of an abnormal prion protein in the central nervous system and manifests as a progressive, fatal neurological syndrome.
yes
yes
no
Liver hepatocytes | Hepatocytes | Liver
Rebound COVID-19 occurs after antiviral treatment, typically five to eight days following the cessation of treatment. Most cases have been associated with the antiviral nirmatrelvir/ritonavir (Paxlovid), with patients experiencing a recurrence of infection and symptoms.
Mantle cell lymphoma (MCL) in adults who have received at least one prior therapy | Waldenström macroglobulinemia (WM) in adults | Relapsed or refractory marginal zone lymphoma (MZL) in adults who have received at least one anti-CD20-based therapy
yes
Lower grade gliomas (LGGs) | Oligodendroglioma, IDH-mutant and 1p/19q codeleted | Fibrillary astrocytomas | Diffuse glioma
A long noncoding RNA | A spliced noncoding polyadenylated transcript | A functional RNA
Are you asking about microexons in a specific gene or disease context?
yes
The Fenton reaction involves hydrogen peroxide and ferrous iron, generating free radicals such as hydroxyl radicals. This reaction can induce DNA cleavage and produce peroxidation products.
tryptophan
SOX9 functions as a transcription factor critical for neurodevelopment and the differentiation of mesenchymal progenitor cells into chondrocytes. In cancer, SOX9 is upregulated and promotes tumor progression and metastases by fostering an immunosuppressive tumor microenvironment, specifically by suppressing CD8+ T cell responses and modifying macrophage function.
Degradation by the proteasome | Degradation by lysosomes | Transcriptional regulation | DNA repair | Regulation of protein-protein interactions | Association with ubiquitin-binding scaffolds | Activation of protein kinases | Cell cycle progression | Differentiation | Antigen presentation | Retrovirus assembly | Apoptosis | Signal transduction | Transcriptional activation | Biological clocks | Receptor downregulation | Endocytosis
Safety | Tolerability | Pharmacokinetic analysis
Expansion of a GAA repeat in intron 1 of the frataxin gene | Reduced expression of the mitochondrial protein Frataxin (FXN) | Abnormal expansion of the GAA triplet of the first intron of the X25 gene on chromosome 9
Chemotherapy agents | Peripheral infusion of chemotherapy agents | 5-FU | Docetaxel | Fotemustine | Vinorelbine | Intravenous injection of chemotherapeutic agent | Intravenous infusion of 5-fluorouracil
Alpha-synuclein (a-syn) aggregation and misfolding are linked to cell death. Specifically, a-syn aggregation can cause neuronal dysfunction and cell death, while misfolding triggers toxicity and cell death. Furthermore, a-Syn interaction with TrkB receptors inhibits BDNF/TrkB signaling, leading to dopaminergic neuronal death.
proto-oncoproteins | proto-oncogenes
autosomal dominant
Early onset (usually before the age of 25) | First or second decade | Before 10 years of age
Hip fracture
no
no
Omaveloxolone
Loss or deletion of the SMN1 gene | Mutations in SMN1 | Homozygous loss of the telomeric copy of the survival motor neuron (SMNT) gene
no
Are you asking about Luminopsins in the context of research, a specific disease, or something else?
Sustaining proliferative signaling | Evading growth suppressors | Resisting cell death | Enabling replicative immortality | Inducing angiogenesis | Activating invasion and metastasis | Genome instability | Inflammation | Reprogramming of energy metabolism | Evading immune destruction | Selective growth and proliferative advantage | Altered stress response favoring overall survival | Vascularization | Metabolic rewiring | Abetting microenvironment | Immune modulation | Escape from apoptosis
phase III
lamin A/C gene | EMD (or STA) gene | nesprin-1 | nesprin-2
no
AL3 ((S,E)-2-(6-hydroxy-5-(3-methoxy-3-oxoprop-1-en-1-yl)benzo[d]thiazol-2-yl)-4,5-dihydrothiazole-4-carboxylic acid) | AL4 ((S,E)-2-(5-(2-cyanovinyl)-6-hydroxybenzo[d]thiazol-2-yl)-4,5-dihydrothiazole-4-carboxylic acid) | AL2 ((S,E)-2-(6-hydroxy-7-(3-methoxy-3-oxoprop-1-en-1-yl)benzo[d]thiazol-2-yl)-4,5-dihydrothiazole-4-carboxylic acid) | photorecovered FMNH2 | long-chain aldehydes--decanal (C10) | dodecanal (C12) | tetradecanal (C14) | native coelenterazine | luciferin
Master regulatory genes are transcription factors that regulate the identity and patterning of embryonic structures and the development of individual organs [1, 5]. These genes control development and can play a role in carcinogenesis [2, 3]. Mutations in master regulatory genes can lead to major diseases [4].
Phase I/II double-blind, comparator-controlled trial | Randomized, clinical trial
Polymyositis (PM) | Dermatomyositis (DM) | Inclusion Body Myositis (IBM) | Necrotizing Myopathy (NM) | Antisynthetase Syndrome (ASS) | Overlap Myositis (OM) | Immune-mediated Necrotizing Myopathy (IMNM)
Malaria
yes
Genome-wide association studies (GWAS) are studies that test genetic variants across the genomes of many individuals to identify genotype-phenotype associations and detect associations between genetic variants and human phenotypes. GWAS can identify genetic variants of a trait and evaluate the association between common genetic variants and risk of disease. They have successfully mapped thousands of loci associated with complex traits.
proteolysis targeting chimeras | proteolysis targeting chimera
1:40,000 - 1:77,000 liveborn infants a year | 1:77,000-1:34,000 live births | 1 in 40,000 live births
Hypothermia | Acidosis | Coagulopathy
A glossectomy is a surgical procedure involving the tongue. It can be either a partial or total removal of the tongue. Total glossectomy is used in the treatment of advanced carcinoma of the tongue.
DNA methylation | Histone modifications (methylation, acetylation etc) | Changes in non-coding RNA | Chromatin remodeling | RNA-based alterations | Histone deacetylation | mi-RNA expression
BTK | BTK more specifically than ibrutinib
Typical-onset Friedreich's ataxia | Late-onset Friedreich's ataxia (age of onset 25-39 years) | Very-late-onset Friedreich's ataxia (age of onset >40 years)
Fulvestrant | Capivasertib | Placebo
Are you asking about gene knockdown in general, or in relation to a specific disease, gene, or treatment?
Splicing | Capping at the 5' ends | Cleavage/polyadenylation at the 3' ends | 5'-end capping | 3'-end cleavage and polyadenylation | Exons are ligated to form the mature linear RNA and the introns are excised as branched or lariat RNAs | pre-mRNA cleavage and polyadenylation
HIV-1 pre-exposure prophylaxis (PrEP) | PrEP to reduce the risk of sexually acquired HIV-1 infection
SMA type 1 | SMA type 2 | SMA type 3 | SMA type 4
relapsing multiple sclerosis | MS
Symmetric, blanchable, slightly warm, nonscaling erythema | "Liver palms"
yes
Trichotillomania treatment requires a comprehensive plan and interdisciplinary approach. Treatment options include behavioral therapy and pharmacotherapy such as tricyclic antidepressants, selective serotonin reuptake inhibitors, and glutamate-modulating agents. N-acetylcysteine is a good first-line pharmacotherapy option.
Abnormal expansion of the alanine-encoding (GCN)n trinucleotide repeat in the exon 1 of the polyadenosine (poly[A]) binding protein nuclear 1 gene | Short expansion of a GCG or GCA trinucleotide repeat in PABPN1 gene
Respiratory Syncytial Virus (RSV)
durvalumab
Tumor-suppressor genes (TSGs) | antioncogenes | p16
September 4, 2014
Approximately 1 in 80,000 individuals worldwide | 1:600 in some populations
Vomiting | Severe chest pain | Subcutaneous cervical emphysema
Could you please provide more context? Are you referring to a medication, a gene, a person, or something else?
no
Are you asking about Ruconest the medication?
Amyotrophic lateral sclerosis (ALS) | Spinal and bulbar muscular atrophy (SBMA) | Spinal muscular atrophy (SMA) | Hereditary spastic paraplegia (HSP) | Hereditary motor neuropathies (HMN) | Lower motor neuron syndromes
hereditary angioedema
Kidney disease | Metastatic melanoma | Fulminant Hepatic Failure in Dengue Fever | Septic shock
proteins that import and metabolize lactose | lac operon gene products | Insufficient evidence in retrieved documents.
Colorectal cancer | CRC
Autosomal recessive | X-linked | Maternal transmission
Seminal vesicle cyst | Unilateral renal agenesis | Ipsilateral ejaculatory duct obstruction | Ejaculatory duct obstruction | Cystic dilations of one seminal vesicle and/or ejaculatory duct
A regulon is a group of genes controlled as a unit, often by the same repressor or activator gene, or by a transcription factor. In bacterial cells, regulons are the basic units of the response system and consist of transcriptionally co-regulated operons. They are controlled by two-component systems.
yes
CAG repeat expansion mutation in the androgen receptor (AR) gene | CAG trinucleotide repeat expansion in the androgen receptor (AR) gene
Asthma
no
yes
Zanidatamab is a humanized, bispecific monoclonal antibody that targets two non-overlapping domains of HER2.
Transcription factors are proteins that bind to DNA sequences to regulate gene transcription. SOX10 is a transcription factor that plays a critical role in the development of neural crest-derived melanocytes and may confer cell specificity to the function of other transcription factors. Transcription factors also serve as integration centers of different signal-transduction pathways affecting a given gene.
Friedreich's ataxia is a rare, progressive, autosomal recessive genetic disorder that primarily affects the nervous system and the heart. It is caused by mutations in the gene frataxin or a deficiency of frataxin protein, and is associated with neurological dysfunction. Characteristic clinical features include progressive ataxia of gait and limbs, dysarthria, loss of joint position and vibratory sense, absent knee and ankle jerks, and Babinski signs.
no
Homeotic transformation is defined as the transformation of one body part into something that resembles another body part or something else [1, 2]. In Drosophila, misexpression of genes can result in homeotic transformations [3]. These transformations are described as "bizarre" [4].
Spinal Muscular Atrophy (SMA) is an autosomal recessive neuromuscular or neurodegenerative disease characterized by muscle atrophy, muscle weakness, hypotonia, and degeneration of spinal cord motor neurons. It is also a common genetic cause of infant mortality. In some cases, it can be lower extremity-predominant.
Obesity | Heart failure | Diabetes | Chronic kidney disease | Dementia | Age >45 years | Age >60 years | Age >70 years | Age >80 years | Male gender | Black race/ethnicity (vs non-Hispanic white) | Bangladeshi ethnicity (vs British white) | Homelessness | Low income | Hispanic ethnicity | Asthma history | Cerebrovascular disease | Immunocompromising conditions | Receipt of immunosuppressive medications | Cytotoxic chemotherapy | Leukemias or lymphomas | Cardiovascular disease | Malignancy | Surgery/trauma | Human immunodeficiency virus infection | Liver disease
no
DNA and protein | Higher-order structures | Nucleoprotein complex
no
Enhancer dysregulation is an important characteristic of cancer, often involving variations in enhancer regions and mutations in regulatory genes. This dysregulation can lead to a 'cell identity crisis,' promoting oncogenesis and an undifferentiated cellular state. Altering the activity of onco-enhancers can repress oncogene expression and suppress tumorigenesis and metastasis.
Breastfeeding | Swaddling | Sweet solutions | Sucrose 24% liquid with non-nutritive sucking | Sucrose 24% gel with non-nutritive sucking
no
FSHD1 | FSHD2
MITF | SOX10 | TFAP2A | YY1
Mutations in SMCHD1 | SMCHD1 mutation combined with a permissive 4q35 allele
Spinal and bulbar muscular atrophy (SBMA) is an adult-onset, X-linked neuromuscular disorder caused by CAG expansions in the androgen receptor gene. It is characterized by slowly progressive weakness and atrophy of the proximal limb and bulbar muscles. It is also known as Kennedy's Disease (KD).
Muscle weakness | Cardiomyopathy | Pseudohypertrophy of calf muscles | Compensatory movements | Longer timed performance on functional tasks | Asymmetrical muscle weakness | Increased serum creatine kinase (CK) levels | Cardiac abnormalities
CMT1 | CMT2 | CMT3 | CMT4 | CMTX | CMTX1 | CMTX6 | CMT5
Contraction of the D4Z4 repeat array on 4qter | Copy number variation of the D4Z4 macrosatellite repeat on chromosome 4 | Partial deletion of the D4Z4 repeats on the 4th chromosome
Kearns-Sayre syndrome (KSS) is a rare, multisystem mitochondrial disorder/disease. It is characterized by a primary dysfunction of the mitochondrial respiratory chain and a triad of features including progressive external ophthalmoplegia, pigmentary retinopathy, and alteration of cardiac conduction/atrioventricular block. The actual incidence of KSS is unknown.
Golodirsen is an antisense oligonucleotide that induces exon 53 skipping during pre-mRNA processing. This exon skipping restores the reading frame of the DMD transcript, resulting in the production of truncated, but partially functional dystrophin.
Emery-Dreifuss Muscular Dystrophy (EDMD) is an inherited muscular disorder characterized by early-onset contractures, muscle weakness, and cardiac abnormalities. It is a slowly progressive myopathy and an X-linked form exists that is caused by mutations in the gene encoding emerin. It can also result in rigid spinal deformity.
no
Critical Appraisal and Data Extraction for Systematic Reviews of Prediction Modeling Studies | Checklist for critical Appraisal and data extraction for systematic Reviews of prediction Modelling Studies | methodological appraisals of predictive models
Srrm4 | Nova1
Here's a list of the most common mutation types in Duchenne Muscular Dystrophy, based on the provided evidence:

*   Deletions
*   Duplications
*   Point mutations
*   Small mutations (nonsense/frameshift types)
*   Mutations in splice sites
BDCA2 | humanized monoclonal antibody against BDCA2
Area under the receiver operating characteristic curve | Area under receiver operator curve | auROC
yes
yes
Tirzepatide is a dual GIP/GLP-1 receptor agonist. It targets both the glucose-dependent insulinotropic polypeptide (GIP) and glucagon-like peptide 1 (GLP-1) receptors.
Could you please clarify what context you're asking about, such as a specific condition or treatment goal?
The CYP1A2 rs762551 polymorphism modifies the association of habitual coffee consumption with appetite. High coffee consumption is associated with lower appetite perception, specifically in rapid metabolizers of CYP1A2. This relationship is more evident in subjects with a high genetic predisposition to obesity.
yes
Darolutamide is an approved treatment option for non-metastatic, castration-resistant prostate cancer (nmCRPC). It is considered an efficacious option with a favorable tolerability profile compared to other treatments. It is also being studied in the context of metastatic, hormone-sensitive prostate cancer.
Here's a list of the main clinical features of small-fiber neuropathy (SFN) based on the provided evidence:

*   Pain
*   Sensory disturbances
*   Autonomic dysfunction
*   Neuropathic pain
*   Restless legs syndrome
*   Pain aggravated at rest that improved by moving
October 24, 2016
Gene replacement | Exon skipping | Suppression of stop codons | CRISPR/Cas9 | Antisense oligonucleotide-mediated pre-mRNA splicing modulation
yes
CDK9 is a kinase involved in regulating physiological processes, phosphorylating the retinoblastoma protein, and playing a role in cell differentiation. It is also indirectly involved in cell cycle progression through transcription elongation.
RBM24 controls the cardiac QT interval through CaMKIIδ splicing. RBM24 is a critical regulator of CaMKIIδ to control the cardiac QT interval.
yes
Rilzabrutinib is a Bruton tyrosine kinase (BTK) inhibitor. Specifically, it is a covalent reversible BTK inhibitor.
astrocytoma, isocitrate dehydrogenase (IDH)-mutant | oligodendroglioma, IDH-mutant and 1p/19q codeleted | glioblastoma, IDH-wildtype
yes
yes
yes
no
About 8%
no
CD20 on B cells | CD3
yes
KEYNOTE-024 | KEYNOTE-010
yes
Wilkie's syndrome, also known as superior mesenteric artery (SMA) syndrome, is a rare condition where the third part of the duodenum is compressed between the abdominal aorta and the superior mesenteric artery. This compression leads to bowel or upper gastrointestinal tract obstruction. It is a rare cause of small bowel obstruction.
PROteolysis TArgeting Chimeras (PROTACs) are molecules that induce protein degradation. They are heterobifunctional molecules that recruit E3 ubiquitin ligases to a protein of interest, resulting in ubiquitination and subsequent degradation of the protein.
yes
Teclistamab is a bispecific antibody that targets CD3 on T cells and B-cell maturation antigen (BCMA) on myeloma cells. By binding to both, it redirects T-cells to myeloma cells, resulting in T-cell-mediated cytotoxicity.
Serum bile acids | Plasma bilirubin | Alkaline phosphatase | Alanine aminotransferase
Merck & Co., Inc.
no
Thalidomide | Immunomodulatory drugs (IMiDs) | DHFO and its analogs
no
tixagevimab (AZD8895) | cilgavimab (AZD1061)
Nivolumab | Pembrolizumab
Dermatillomania or skin picking disorder (SPD)
Rickettsia japonica | SFG rickettsiae
PD-1 interacts with ligands, including PD-L1. PD-1 engagement with PD-L1 is associated with the suppression of tumor-reactive T cells. Inhibitors of PD-1 and PD-L1 are used in cancer therapy.
A virtual digital twin could guide nutrition in a personalized manner. This may revolutionize the management of obesity and its comorbidities, and provide a pillar for healthy aging.
no
Hyperammonaemic encephalopathy | Lethal neonatal hyperammonemic events | Vomiting | Lethargy | Hyperventilation | Death | Extreme irritability | Episodic vomiting | Protein avoidance | Ataxia | Stage II coma | Delayed physical growth | Developmental delay | Seizures
SRSF11 contributes to the metastasis potential of colorectal cancer by inhibiting the alternative splicing of HSPA12A pre-RNA. This suggests a PAK5/SRSF11/HSPA12A axis as a potential therapeutic target and prognostic biomarker in CRC.
Rheumatoid arthritis
Trophinin-associated protein (TROAP) is a cytoplasmic protein involved in embryo transplantation and microtubule regulation. It is also required for spindle assembly and cell invasion. Its biological function in cancer remains to be elucidated.
SRSF11 promotes colon cancer metastasis by inhibiting the alternative splicing of HSPA12A pre-RNA. This suggests a PAK5/SRSF11/HSPA12A axis as a potential therapeutic target and prognostic biomarker in CRC.
HIV-1 infection | Multi-drug resistant HIV infection
yes
yes
Catamenial pneumothorax is a menstrual-related condition that can be the first expression of thoracic endometriosis syndrome (TES). Thoracic endometriosis is the leading cause of catamenial pneumothorax and one of the most frequent manifestations of TES.
Are you asking about haptenization in the context of a specific drug, allergy, or disease?
no
Absent or defective abdominal wall muscles | Urinary tract abnormalities | Bilateral cryptorchidism
B-cell | B-cell non-Hodgkin lymphoma
10-12% | 8%
PDE4B | phosphodiesterase 4 (PDE4)
REMS requirements include medication guides, communication plans, elements to ensure safe use, implementation systems, and specified assessment intervals. RMP requirements are increased pharmacovigilance and risk minimization activities.
yes
Recessive dystrophic epidermolysis bullosa (RDEB)
Progressive renal disease | Alopecia
Metastasis in colorectal cancer
ASPA gene | aspartoacylase
no
Are you asking about the use of genetics in telemedicine, or something else?
Mitapivat is an oral activator of pyruvate kinase (PK) in red blood cells (RBCs). By activating pyruvate kinase and glycolysis, it increases adenosine triphosphate (ATP) levels and decreases the 2,3-diphosphoglycerate (2,3-DPG) concentration.
yes
Dermatillomania is a pathologic grooming disorder characterized by repetitive, ritualistic, impulsive skin picking without an underlying dermatologic condition. It is also described as a chronic, recurrent, and treatment-resistant neuropsychiatric disorder.
DLBCL | relapsed/refractory B-cell non-Hodgkin lymphoma
Hemophilia A | Hemophilia B
More extracolonic cancers | Endometrial cancer | Insufficient evidence in retrieved documents.
no
no
Oculopharyngeal muscular dystrophy (OPMD) is a rare, late-onset muscle disease characterized by progressive dysphagia. It is also associated with ptosis and weakness of proximal muscles. OPMD is primarily autosomal dominant.
Dersimelagon is a selective melanocortin 1 receptor (MC1R) agonist. It increases levels of skin eumelanin.
2.62% (95% CI not provided) | Insufficient evidence in retrieved documents.
yes
A spillover event involves the physical transfer of viral particles across species (PMID 29134435). This can occur from animals like bats to humans (PMID 35537080) or from a natural transmission cycle into the human population (PMID 37672628). Conditions of host ecology and environment can directly promote spillover events (PMID 29134435).
X-linked recessive | Autosomal dominant | Autosomal recessive
no
Dietary fiber | Dietary calcium | Yogurt | Alcohol | Red meat | Processed meat | Fat | Starch | Non-starch polysaccharide | Vegetable | Fruit | Protective phytochemicals | Whole grains
EP augments immunogenicity of DNA vaccines | EP increases immunogenicity of DNA | EP is a potent method for stimulating humoral responses induced by DNA vaccination
yes
DMD amenable to exon 53 skipping | Duchenne muscular dystrophy (DMD)
elexacaftor | tezacaftor | ivacaftor
Insufficient evidence in retrieved documents.
Upadacitinib | Filgotinib | Tofacitinib | Deucravacitinib
no
Prednisone | Deflazacort | Prednisolone
Relapsed/refractory multiple myeloma (RRMM) | RRMM | Multiple myeloma
APC | KRAS | TP53 | BRAF | EGFR | NRAS | PIK3CA | POLE | POLD1 | SMAD4 | PTEN
Prurigo nodularis (PN) is a chronic inflammatory skin disease characterized by pruritic, hyperkeratotic nodules. It presents as single to multiple symmetrically distributed, intensively itching papules and nodules. It can be debilitating.
Human land modification | Climate change, biodiversity loss and globalization | Intermediate levels of habitat loss
Critical-Care Pain Observation Tool (CPOT) | Behavioral Pain Scale (BPS) | Zurich Observation Pain Assessment (ZOPA)
Pembrolizumab | Lenvatinib
The colonic microbiota can contribute to colorectal cancer initiation and progression by increasing carcinogenic metabolite/toxin production, inducing inflammation, and activating oncogenic signaling. This is driven by the generation of reactive metabolites and carcinogens, alterations in host carbohydrate expression, and induction of chronic mucosal inflammation. Alterations in communication between the mucosal immune system and gut microbial communities also contribute to cancer development.
no
tenofovir | emtricitabine
Defects of mitochondrial enzyme complexes | Mutations in one of over 75 different genes | Pyruvate dehydrogenase complex E1 alpha subunit (PDHA1) deficiency
Primary Diffuse Meningeal Melanomatosis (PDMM) is a rare leptomeningeal tumor and a rare form of meningeal melanoma characterized by diffusely invasive lesions of the pia mater with a tumor of melanocytic origin, without signs of extracranial metastases. It is a rare type of central nervous system neoplasm.
yes
yes
yes
Pegozafermin is a long-acting glycopegylated analog of human fibroblast growth factor 21 (FGF21). Its mechanism of action involves acting as an FGF21 analog.
Treatment of hypercholesterolaemic patients unable to meet LDL-C targets | Hypercholesterolaemia | As an adjunct to diet in addition/alternative to LLT
no
metastatic uveal melanoma (mUM)
2016 | late 2016
yes
Cabozantinib | Nivolumab | Ipilimumab
Domperidone is a dopamine antagonist. It is a dopamine-2 (D2) receptor antagonist that stimulates the release of stored prolactin and pituitary gonadotropins. It also has anti-nausea and anti-emetic activity.
Insufficient evidence in retrieved documents.
no
Carbon dioxide concentration in a gas mixture | Exhaled carbon dioxide | End-tidal carbon dioxide (EtCO2)
Yes, men should be immunized against HPV. HPV vaccination is a priority for both genders, as HPV contributes to several cancers in men, including cancers of the mouth, throat, anus, and penis. The HPV vaccine is an effective public health measure for preventing HPV-related cancers and other diseases.
no
Surgical resection of adipose tissue | Liposuction | Lipectomy | Open surgical approach
Unpredictable effect on menstrual bleeding | Breakthrough bleeding | Poor cycle control | Bleeding problems
Peresolimab is a humanized IgG1 monoclonal antibody designed to stimulate the endogenous programmed cell death protein 1 (PD-1) inhibitory pathway. Stimulation of this pathway is its mechanism of action.
Eosinophilic esophagitis (EoE) is a food allergen-induced disease characterized by eosinophil-predominant inflammation, while reflux-induced esophagitis is related to gastroesophageal reflux disease (GERD). Differentiating between the two can be challenging, although EoE diagnosis depends on a high eosinophil count. The usefulness of proton pump inhibitors (PPIs) in distinguishing between the two is debated.
Heavy menstrual bleeding | Pelvic pressure | Pain | Abnormal menstrual bleeding leading to anaemia | Tiredness | Chronic vaginal discharge | Pain during periods | Protrusion of the abdomen | Pain during intercourse | Dysfunctions of bladder/bowel leading to urinary incontinence/retention | Constipation | Reproductive issues like impaired fertility | Conceiving complications | Adverse obstetric outcomes | Abnormal uterine bleeding | Reproductive dysfunction | Painful menstruation | Urinary problems | Infertility | Recurrent pregnancy loss | Menorrhagia that may result in anemia | Bulk symptoms with bladder and bowel dysfunction | Abdominal protrusion | Dysmenorrhea
RET | RET gene rearrangements | RET-fusion-positive non-small cell lung cancer (NSCLC)
Are you asking about IL-35 as it relates to a specific disease or condition?
Contact with infected bodily fluids | Human-to-human transmission | Sexual transmission from EVD survivors
Sotorasib is a small molecule inhibitor of KRAS p.G12C. It is a mutant-specific KRAS inhibitor used in the treatment of KRAS G12C-mutated non-small cell lung cancer (NSCLC).
Ticks | African argasid tick Ornithodoros moubata | Tick feces and saliva
yes
no
yes
Self-deprecation | Difficulty making choices | Dysphoric mood | Self-deprecatory ideation | Agitation | Loss of energy | Reduced socialization | Altered school performance | Altered school attitude | Sleep disturbance | Appetite disturbance | Somatic complaints | Reductions in positive affect | Sadness | Irritability
Nirmatrelvir | Ritonavir
Examination of underlying effect sizes | Identify sources of heterogeneity across studies | Presenting results of diversely reported studies in a systematic review
Recognize an opioid overdose | Respond with naloxone | Administer naloxone | Initiate cardiopulmonary resuscitation if the individual is unconscious and not breathing normally | Carry out time-sensitive medical interventions
Sparsentan is a single-molecule dual endothelin angiotensin receptor antagonist (DEARA). Specifically, it antagonizes both the endothelin type-A and angiotensin II type 1 receptors. It also possesses hemodynamic and anti-inflammatory properties.
MuSK antibody-positive Myasthenia Gravis (MG) is an antibody-mediated disease characterized by focal muscle weakness (neck, facial, and bulbar muscles) and fatigability, with pathogenic antibodies mostly of the IgG4 subclass. It is predominantly seen in women of childbearing age and can occur in patients with generalized MG who are negative for acetylcholine receptor antibodies.
Could you please specify what disease or condition you're referring to?
yes
Gastro-esophageal reflux disease, dyspepsia, and gastroparesis | Increase breast milk production | Promote lactation
Dopamine | Serotonin | Glutamate | Gamma-amino butyric acid (GABA)
yes
Are you asking about a specific drug, gene, or medical condition related to "DEXTR"?
Shunt surgery | VP-shunt insertion | Shunt treatment
yes
yes
no
Early symptomatic and asymptomatic Alzheimer's disease (AD) | Alzheimer's disease
Afibrinogenemia | Dysfibrinogenemia | Hypodysfibrinogenemia | Congenital fibrinogen qualitative disorders
Lupus erythematosus | Multiple myeloma | Erythema nodosum leprosum | Aphthous stomatitis | Chronic graft-versus-host disease | Actinic prurigo | Epidermolysis bullosa pruriginosa
Intranasally | Nasal spray
Are you asking about the diagnosis of BGH in adults or children?
yes
yes
yes
Parenteral artesunate (ARS) | Intravenous artesunate | Artemisinin combination therapies
P85-Ab is a novel biomarker used for nasopharyngeal carcinoma screening. It demonstrates high sensitivity and specificity and can be combined with the standard two-antibody method to improve the positive predictive value.
atropine diphenoxylate | hyoscyamine | scopolamine butylbromide | atropine sulfate | loperamide hydrochloride | atropine
FAM134B facilitates ER-phagy during ER stress. It can also inhibit autophagy of HCC cells by reducing the expression of ER stress-related degradation proteins, and its upregulation can promote hepatocellular carcinogenesis.
Neck and head squamous cell carcinoma | Esophageal cancer | Cervical cancer | Head and neck cancer | Brain tumours | Lung tumours | Cancers of the mouth (male) | Cancers of the throat (male) | Cancers of the anus (male) | Cancers of the penis (male)
TFAP2 regulates tumorigenesis through various pathways, including stemness, EMT, cell cycle regulation, and DNA damage repair. Specifically, AP-2α facilitates melanoma metastasis by transcriptionally activating genes within the E2F pathway, including EZH2. AP-2α expression can potentially serve as a biomarker to predict responsiveness to EZH2 inhibitors in treating advanced melanomas.
Tetanus toxoid (TT) | Tetanus, diphtheria, acellular pertussis (Tdap) | Flu vaccines | Inactivated vaccines
Treatment of moderate-to-severe atopic dermatitis (AD) | Targeting interleukin (IL)-13 | Alternative biologic to dupilumab
yes
no
microcephalic | reduction in neuron numbers and neuronal death | decrease in neuronal number | microcephaly | cerebral palsy (CP) associated with congenital Zika infection
GLI-1/2/3 | E2F1-8 | STAT3 | HIF-1/2 | NFI-A/B | TBXT | MYT1 | MYT1L | FOXM1 | FOXOs | ETS1 | EGR1
Genotypes 1 and 3 | G1-G5
Atezolizumab | Vemurafenib | Cobimetinib
Laboratory abnormalities | Hand foot skin reactions (HFSR) | Diarrhea | Hypertension | Fatigue | Oral mucositis | Anorexia | Increased aspartate aminotransferase (AST) | Decreased appetite | Increase in serum creatinine | Malaise | Nausea | Eye disorders
yes
Burkitt lymphoma is a hematologic malignancy linked to Epstein-Barr virus (EBV), although not all cases are associated with it. The prevalence of EBV varies in different populations of Burkitt lymphoma patients. The precise role of EBV in the pathogenesis of Burkitt lymphoma and the carcinogenic process is not fully understood.
PTEN | TP53 | p16 | RB
no
Sigmoid volvulus (SV) | Volvulus | Hirschsprung disease (HD)
High expression levels of epiregulin and amphiregulin are associated with a positive response to EGFR inhibitors like cetuximab in colorectal cancer. Amphiregulin expression can be a predictive biomarker.
Addition of terminal cytosine-cytosine-adenosine (CCA) trinucleotides to all mature tRNAs | Addition of the trinucleotide cytosine/cytosine/adenine (CCA) to the 3' end of transfer RNAs (tRNAs) | Synthesis of the 3'-terminal CCA sequence in tRNA molecules
end-stage cardiopulmonary failure | single-ventricle | tetralogy of Fallot | major aortopulmonary collateral arteries | prior Potts shunt palliation
yes
8% | 8.0%
STAT4 | signal transducer and activator of transcription 4
yes
cholesterol
yes
chromosome 10 | LOH#10
Are you asking about a specific gene, disease, or something else related to KineDMD?
no
yes
Are you asking about the biogenesis of circRNAs in general, or are you interested in a specific type of circRNA or a circRNA related to a particular disease or gene?
Transgender individuals may have higher mortality rates compared to cisgender or nontransgender individuals. This includes elevated rates of suicide attempt, suicide mortality, suicide-unrelated mortality, and all-cause mortality. Limited prior research suggests this trend.
EGFR amplification | Overstimulation of the EGF-pathway | High FHL1 expression
Assessment of upper limb function
Mezigdomide is a cereblon E3 ligase modulator (CELMoD). It exhibits antiproliferative and tumoricidal activity, including in multiple myeloma cells resistant to other treatments. It also demonstrates enhanced autonomous cell-killing activity in multiple myeloma cells.
Insufficient evidence in retrieved documents.
mTORC1 regulates cell growth in response to nutritional status and controls aging, lifespan, and healthspan. It influences cell growth and proliferation by controlling ribosome biogenesis, mRNA translation, carbohydrate and lipid metabolism, protein degradation, autophagy as well as microtubule and actin dynamics.
no
no
yes
Insulin icodec is administered once weekly as a basal insulin analogue. The injection region may affect its exposure and glucose-lowering effect.
no
NSAIDS | Bisphosphonates | Denosumab | Extracorporeal shockwave therapy (ESWT) | Iloprost | Surgical decompression | Zoledronic acid
Emergency contraception | Postexposure prophylaxis (PEP) for chlamydia | Postexposure prophylaxis (PEP) for HIV | Hepatitis B vaccination | Presumptive gonorrhea and chlamydia treatment
The tumor microenvironment (TME) plays a critical role in glioblastoma recurrence by promoting treatment resistance and tumor invasiveness. Glioma stem cells (GSCs) and cancer stem cells (CSCs) within the TME contribute to disease progression and maintenance, leading to recurrence. The TME also fosters immunosuppression, hindering effective treatment and contributing to recurrence.
yes
yes
*Bacteroides fragilis* is associated with colorectal cancer development by changing signaling pathways, including the WNT/β-catenin pathway. Additionally, the virulence factor BFT, found in enterotoxigenic *B. fragilis* (ETBF), mediates intestinal inflammation and promotes colon tumorigenesis.
Brain | GPi | GP
Approximately one in ten individuals
IDH mutations are closely related to the occurrence and development of glioma. These mutations result in the production of 2-HG, which inhibits glioma stem cell differentiation, upregulates VEGF, and induces HIF-1α. IDH mutations can also alter the immune microenvironment and change immune-cell function.
yes
sitagliptin | simvastatin
yes
The exposome is the totality of an individual's exposures over their life course, encompassing all non-genetic environmental exposures from conception onwards. These exposures can be from environmental, dietary, or occupational sources, as well as endogenous chemicals formed from normal metabolism and other natural metabolic processes. It is considered analogous to the genome, but from an environmental exposure perspective.
Polysomnography (PSG) recordings | PSG recordings | formal sleep study including overnight polysomnography
Platelet-derived growth factor receptor α (PDGFRA) | PDGFRA | platelet derived growth factor-alpha (PDGFRA)
yes
Black Americans | Blacks | African Americans
low-density lipoprotein receptor superfamily
Infection | Pregnancy | IUD expulsion | Deleterious effects on the vaginal environment
Are you asking about episignatures in the context of a specific disease or condition?
yes
Pamrevlumab is a fully human monoclonal antibody that targets connective tissue growth factor (CTGF). It works by binding to connective tissue growth factor.
Unresectable intrahepatic tumours with no vascular invasion or metastasis to other organs | Irresectable liver metastases | Unresectable chemotherapy refractory
Alzheimer's disease is a neurodegenerative disorder characterized by amyloid accumulation in the brain. Amyloid beta plaque and neurofibrillary tangles are considered two main hallmarks of the disease.
yes
yes
KRAS mutations | NRAS mutations | BRAF mutations
Management of emergencies | Safety of pharmacological treatments for psychiatric symptoms | Chronic pain management | Increasing caregiver burden | Nutritional management | Long-term steroid usage | Orthopedic problems | Ventilation problems | Cardiac problems | Gastrointestinal problems
Infiltrating lymphocytes | Poor grade | Mucinous appearance | High-grade | Signet cell | Partially neuroendocrine histology
no
RAF1 inhibitor | dual blockade of VEGF receptors and TIE2 | FGF, PIGF, and PDGF signaling | macrophage modulation | Vascular Endothelial Growth Factor Receptors (VEGFR-1, 2, and 3) blockade | Platelet-Derived Growth Factor Receptors (PDGF) blockade | Fibroblast Growth Factor (FGF) receptor 1 blockade | TIE-2 blockade | KIT blockade | RET blockade | BRAF blockade
Autosomal dominant polycystic kidney disease (ADPKD) | Autosomal recessive polycystic kidney disease (ARPKD)
yes
yes
Taiwan | Monaco | Andorra | Greenland | Brunei | Hungary | India | Poland | United States | Israel | United Kingdom | Germany | Australia | Sweden | Canada | Italy | Ecuador | Thailand | Finland | Netherlands | Costa Rica | Slovenia | Japan | Slovakia | Denmark | New Zealand | Ireland | China-Hong Kong | China-Shanghai | Brazil
Change from baseline in percent predicted forced vital capacity (ppFVC) | Other pulmonary function tests | Upper limb function and strength assessments | Changes in upper arm fat and fibrosis scores on magnetic resonance imaging
Genetic alterations of genes in the EGFR-RAS-RAF-MEK signaling pathway | Genetic alterations of receptor tyrosine kinases | KRAS mutations | Reactivation of MEK-ERK | Reactivation of AKT
yes
yes
22%
yes
no
no
Alzheimer's disease (AD) | Lewy body disease (LBD) | multiple system atrophy (MSA) | frontotemporal lobar degeneration-TDP-43 (FTLD-TDP) | progressive supranuclear palsy | Parkinson's disease | amyotrophic lateral sclerosis | Glaucoma | age-related macular degeneration | cardiovascular disease | cancer | traumatic brain injury | diabetes
Ixodes
yes
Fezolinetant is used for the treatment of moderate to severe vasomotor symptoms (VMS) or hot flashes due to menopause. It is a nonhormonal treatment option. Fezolinetant is also described as being under investigation for the treatment of menopausal symptoms.
KRAS K117N | A146T mutations | BRAF V600E | AKT1 E17K | PIK3CA E542K | FGFR1 amplifications | ERBB2 amplifications | ARID1A mutations
Surgical correction | Vacuum bell therapy | Nuss operation (minimally invasive approach using a metal bar)
Air pollution, both indoor and outdoor, has a negative impact on asthma outcomes in both adults and children [4, 5]. Pollution can also contribute to the aggravation of asthma [1]. Outdoor air pollution from traffic and human activities can also enhance the allergenicity of some plants [3].
yes
Zilebesiran is an RNA interference therapeutic agent that inhibits hepatic angiotensinogen synthesis. It uses small-interfering RNA to silence liver angiotensinogen, the sole source of Ang II, resulting in reduced blood pressure.
Inflammatory bowel disease (IBD) increases the risk of colorectal cancer due to chronic inflammation, which drives neoplastic progression and exposes patients to tumorigenic signals such as nuclear factor kappa B (NF-κB) activation and proinflammatory signals. The underlying mechanism is still not fully understood. The microbiome and host immune system may also play a role.
Hip and knee joints | Lower extremity | Joint
Worst health profiles for children exposed to socioeconomic deprivation | Important role in diabetes control and management | Contribute to life expectancy
no
Monkeypox | Smallpox
5HT3RA, DEX, and NK1RA | NEPA | Insufficient evidence in retrieved documents.
Tinnitus | Visual problems | Vertigo | Cognitive difficulties | Complex and persistent neurological symptoms consistent with brain injury | Unusual neurologic symptoms
respiratory distress | bronchopulmonary dysplasia | retinopathy of prematurity | periventricular leukomalacia | necrotizing enterocolitis | neonatal sepsis
The ANGEL-ASPECT trial studied patients with large cerebral infarctions and acute large vessel occlusive (LVO) anterior circulation strokes. The trial focused on patients with a large infarct core, indicated by an Alberta Stroke Program Early CT Score (ASPECTS) of 3-5.
Left-sided colon cancer is more sensitive to anti-EGFR antibodies than right-sided, although the mechanism is unclear. Right- and left-sided tumors exhibit different molecular characteristics, including mutations in different genes, which may contribute to the differential response to EGFR inhibitors.
yes
no
Narcolepsy | Narcolepsy type 1
yes
Acute pancreatitis-induced splanchnic vein thrombosis (APISVT) is an important complication of acute pancreatitis that may cause poor prognosis. These poor prognoses can include severe gastrointestinal hemorrhage, bowel ischemic necrosis, and liver failure. Splanchnic vein thrombosis (SVT) in general can be a potentially severe and life-threatening complication of acute pancreatitis.
no
Glucose-dependent insulinotropic polypeptide (GIP) receptors | Glucagon-like peptide 1 (GLP-1) receptors | Glucagon receptors
The microbiota modulates the effectiveness of chemotherapy by modulating the pharmacokinetics and pharmacodynamics of chemotherapeutic compounds [3]. This modulation occurs through biotransformation of drugs, altering their bioavailability, bioactivity, or toxicity [5].
Are you asking about Tagraxofusp in relation to a specific condition or treatment?
Male breast cancer is rare, accounting for approximately 1% of all breast cancer cases. Men generally present with breast cancer at an older age compared to women. Risk factors include increased longevity, obesity, testicular diseases and tumours, and germline mutations of BRCA2.
chronic hepatitis D | chronic hepatitis delta (CHD) | chronic HDV-infected patients
FOLFOXIRI, FOLFOX, or CAPEOX | mFOLFOXIRI | mFOLFOX-6 or CAPOX
Membranes | Intracellular | Opposing membranes
The microbiome is relevant to cancer initiation, progression, and treatment responsiveness through shared molecular pathogenic mechanisms. Dysbiosis can alter metabolite profiles and increase toxins responsible for oncogenesis. Microorganisms and their metabolites may be harnessed as precision cancer therapeutics.
Type 1 diabetes | T1D
yes
Diphthamide (DPH) is a post-translational modification on eukaryotic translation elongation factor eEF2. It is synthesized via a complex, multi-enzyme pathway and can be ADP-ribosylated. DPH1 is involved in the biosynthesis of diphthamide.
yes
KRAS G12C | KRAS G12C-positive tumors
Tucatinib plus trastuzumab | Trastuzumab deruxtecan | Trastuzumab combined with chemotherapy
A basket trial is a clinical trial where eligibility is based on the presence of specific molecular characteristics or a genomic alteration, irrespective of cancer type. These trials enable the simultaneous assessment of treatment effects of an agent in multiple cancer types or patient subgroups. They are used for early signal detection and to identify tumors with promising responses to treatment.
Hematological abnormalities | Paraesthesia | Numbness in hands and feet | Marked thinness | Extreme thrombocytosis | Severe anemia | Mild electrolyte imbalance | Stunted growth | Underweight
no
The microbiota modulates the effectiveness of immunotherapy by regulating the host immune system and tumor microenvironment. Some bacteria activate immunity to fight tumors, while others mediate immunosuppression, helping cancer cells escape the immune system.
Diphthamide deficiency can result in developmental delay, short stature, and sparse hair syndrome (DEDSSH/DPH1 syndrome). It is also associated with abnormal head circumference (microcephaly or macrocephaly), congenital heart disease, embryonic lethality, and profound neurodevelopmental delays. The DPH1 syndrome is an autosomal recessive disorder.
Sydenham's chorea is an immune-mediated hyperkinetic movement disorder that develops after a group A beta-hemolytic streptococcal (GABHS) infection. It is considered a rheumatic chorea that can occur with or without carditis or arthritis.
insulin degludec | liraglutide
no
blood | bone marrow | adipose tissue | platelet-rich plasma | bone marrow aspirate | stem cells
Are you asking about the general purpose of advanced directives or about a specific type of advanced directive?
sotorasib | panitumumab
no
yes
antenatal corticosteroids
no
yes
Ketamine | Esketamine | Psilocybin | MDMA
live attenuated MMR vaccine | measles | mumps | rubella | varicella | poliomyelitis
The PATCH-Trauma trial tested whether prehospital administration of tranexamic acid (TXA) followed by an infusion over 8 hours, compared to a placebo, would result in a greater number of adults with major trauma and suspected trauma-induced coagulopathy surviving with a favorable functional outcome at 6 months. The trial was conducted in the setting of advanced trauma systems.
825 mg/m | 900 mg/m(2) orally twice daily | 1650 mg/m(2)
no
Interferons | Glatiramer acetate | Teriflunomide | Sphingosine 1-phosphate receptor modulators | Fumarates | Cladribine | Monoclonal antibodies | Ocrelizumab
yes
yes
The sodium leak channel (NALCN) encodes a sodium ion leak channel that regulates nerve-resting conductance and neuronal excitability. It mediates sodium leak currents and is important for maintaining proper resting membrane potential. NALCN also regulates cancer metastasis and nonmalignant cell dissemination.
Transgender individuals may face altered cancer risks due to factors such as lower adherence to screening programs, higher incidence of HIV- and HPV-associated cancers, and hormone therapy. Their needs are not optimally addressed in the cancer care continuum, and they face barriers such as discrimination and lack of cultural sensitivity.
no
Here's a list of colon cancer molecular subtypes associated with smoking, based on the provided evidence:

*   MSI-high
*   CIMP-positive
*   BRAF mutation-positive
*   KRAS wild type
*   Type II colorectal neoplasms
Mitochondria | Lysosomes
Statins are associated with an increased risk of hemorrhagic stroke. The benefit of statins for stroke is debatable.
NaV1.8 voltage-gated sodium channel | NaV1.8
Insufficient evidence in retrieved documents.
Enlarged pore treatment | Skin tightening | Reducing skin wrinkling
chronic pain | anxiety | depression | debilitating symptoms | dysmenorrhea | pelvic pain | recurrent abdominal pain | cramping
Mirvetuximab Soravtansine is an antibody-drug conjugate (ADC) that targets folate receptor α (FRα). It comprises an FRα-directed antibody conjugated to a microtubule inhibitor via a cleavable linker.
yes
yes
Rickettsia rickettsii | bacterium Rickettsia rickettsii
yes
Chemotherapy with bevacizumab | FOLFOXIRI plus bevacizumab | Cytotoxic chemotherapy plus bevacizumab
Cardiac amyloidosis | Cardiac sarcoidosis | Cardiac hemochromatosis | Mutations in the thin filament regulatory protein cardiac troponin I (cTnI) | Mutations in desmin | Mutations in cardiac troponin T (TNNT2) | Mutations in cardiac troponin I (TNNI3)
Acute epiglottitis in children is declining [3, 4]. The average annual incidence has decreased since 1990 [4, 5]. This trend was observed in Quebec, Canada, starting in 1988 [3].
yes
Endometrial | Upper urinary tract | Small intestine | Ovarian | Gastric | Biliary duct cancers | Glioblastoma | Kidney | Renal pelvis | Ureter | Bladder | Prostate | Breast carcinoma with medullary features | Sarcomas
no
Positive margin | Extrahepatic disease | Node-positive primary | Disease-free interval from primary to metastases <12 months | Number of hepatic tumors >1 | Largest hepatic tumor >5 cm | Carcinoembryonic antigen level >200 ng/ml | AST·MLR index | Operation injury condition | Regional lymph node metastatic status | Age | Gender | Adjuvant chemotherapy | Tumor site | CEA level | Tumor differentiation | Tumor size | Distribution of liver metastases
Lennox-Gastaut syndrome (LGS) is a severe, often drug-resistant, epileptic encephalopathy typically with childhood onset. It is characterized by multiple seizure types, a specific EEG pattern, and intellectual disability. LGS often persists into adulthood and is associated with intractable seizures, behavioral problems, and physical comorbidities.
NF1 pooled prevalence was 1 in 3,164 | NF1 prevalence among 6-year-old German children was estimated to be 1:2996 | Worldwide incidence of NF1 is approximately 1 per 2500 to 3000 individuals.
Microphthalmia-associated transcription factor (MITF) | MITF | Mitf
Mutations in the phenylalanine hydroxylase (PAH) gene | Deficiencies in phenylalanine (Phe) metabolism | c.1222C>T (p.Arg408Trp) phenylalanine hydroxylase (PAH) variant
Respiratory syncytial virus (RSV) lower respiratory tract infection (LRTI) | RSV | Infant RSV disease
Rectal cancer has a worse prognosis than other colon tumors because the anatomic complexity of the pelvis makes therapy more complicated, and local recurrence is a greater concern.
yes
Borderline personality disorder (BPD) is characterized by extreme sensitivity to perceived interpersonal slights, an unstable sense of self, intense and volatile emotionality, and impulsive behaviors that are often self-destructive. It is found in a small percentage of the general population but is more prevalent in psychiatric settings. Many patients with BPD experience social disabilities related to depression or self-harming behaviors.
FOXA1 functions as a pioneer factor for the estrogen receptor (ER) in ER+ breast cancer. Estrogen upregulates FOXA1 mRNA, and increased ERα recruitment to FOXA1 gene binding sites occurs in the presence of estrogen. High FOXA1 expression promotes metastasis in ER+ breast cancer.
Huntington's Disease is inherited in an autosomal dominant pattern.
Scabies
doxycycline | topical steroid | topical corticosteroid
no
subperiosteal abscess | sinus thrombosis | cerebral abscess | postauricular subperiosteal abscess
GPN-MSA | Genomic Pre-trained Network (GPN) | DNABERT
PCT | CRP | ESR | WBC
Mirikizumab is a humanized IgG4 monoclonal antibody that targets the p19 subunit of IL-23. By targeting the p19 subunit, Mirikizumab specifically antagonizes IL-23.
Palliation of malignant colorectal obstruction | Bridge to elective surgery for resectable colorectal cancers | Bridge to surgery in those who are a high surgical risk
B cells | Follicular dendritic cells
yes
yes
Pain in Ehlers-Danlos Syndrome patients is treated using a multidisciplinary approach. This includes physical therapy, psychotherapy, pharmacotherapy, interventional pain procedures, pain education, lifestyle changes, and tailored neurocognitive rehabilitation programs focused on movement and pain perception. Medication optimization is also part of the treatment.
yes
Activation of alternative mechanisms that sustain tumor vascularization and growth. | VEGF-dependent alterations | Non-VEGF pathways | Stromal cell interactions | Alternative angiogenic "escape" pathways | Extracellular matrix stiffening drives bevacizumab resistance by stimulating hepatic stellate cells to provide fuel for mCRC cells in the liver | High levels of circulating VEGF
no
Lower segment Caesarean section with a transverse incision | Laparotomy followed by hysterotomy with a low transverse incision | Low vertical incision
melanocytic state | mesenchymal-like state | intermediate state | neural crest-like cells | pigmented melanocytic cells
yes
Sulbactam | Durlobactam
1 mg/m(2)/min | 85 min | 68 min
Drug resistant epilepsy | Intractable epilepsy | Medically refractory epilepsy
no
Enhancer RNAs (eRNAs) are non-coding RNAs transcribed from enhancer regions. They play an important role in transcriptional regulation and enhancer activity. eRNAs are also implicated in cellular differentiation.
yes
mutant isocitrate dehydrogenase 1 | mutant isocitrate dehydrogenase 2 | IDH1 | IDH2
Are you asking about screening recommendations for individuals at average risk, or those with specific risk factors?
Are you asking about a specific condition treated with acupotomy, or are you looking for a general definition of the procedure?
approximately one-quarter | 26.3% | Insufficient evidence in retrieved documents.
Open chromatin conformation | Histone H3 lysine 27 acetylation (H3K27ac) | Histone H3 lysine 4 mono-methylation enrichment (H3K4me1) | Enhancer RNAs production | High mono-methylation and low tri-methylation levels of lysine 4 of histone H3 | H3K4me1/K36me2 marks | H3K4me1/K36me3 combinations | H3K4me1/K79me2 combinations
classical | classical-like | cardiac-valvular | vascular | hypermobile | arthrochlasia | dermosparaxis | kyphoscoliotic | brittle cornea syndrome | spondylodysplastic | musculocontractural | myopathic | periodontal
yes
Pembrolizumab (first-line use) | Nivolumab plus ipilimumab | Pembrolizumab (second-line use)
The paraoxonase (PON) multigene family functions as a protective mechanism against cellular damage from toxic agents and oxidized lipids, and prevents LDL oxidation [1, 3]. PONs also have an antiatherogenic role [2]. Additionally, the PON multigene family is involved in the development of various diseases with an inflammatory component [5].
no
no
Mutations in the PKD1 gene or PKD2 gene | Mutations in PKD1 or PKD2
yes
First-line treatment of advanced colorectal cancer when 5-FU is inappropriate | Treatment for patients with advanced and previously untreated colorectal cancer | Raltitrexed-based chemotherapy for advanced colorectal cancer
Vertigo | Nystagmus | Diplopia | Ipsilateral Horner syndrome | Facial ruddiness and dry skin | Dysphonia | Dysphagia | Dysarthria | Ipsilateral loss of gag reflex | Ipsilateral ataxia | Ipsilateral impaired taste | Ipsilateral facial pain and paresthesia | Decreased ipsilateral blink reflex | Contralateral hypoalgesia and thermoanaesthesia in the trunk and limbs | Ipsilateral facial hypoalgesia and thermoanaesthesia | Ocular motor deficits | Vestibular deficits | Loss of pain and temperature sensation on one side of the face ipsilateral to the lesion | Ipsilateral facial and contralateral trunk and limb thermal hypesthesia and hypoalgesia
New treatments for cystic fibrosis include CFTR modulator drugs such as ivacaftor, lumacaftor, tezacaftor, and elexacaftor. A triple combination therapy of elexacaftor, tezacaftor, and ivacaftor is a disease-modifying and life-changing treatment option for many patients.
mRNA degradation or translational repression | Pairing with target mRNAs to repress protein production | Post-transcriptional gene expression regulation
Variants of the PKHD1 gene
Delta-like ligand 3 (DLL3) | CD3
no
Are you asking about the risk factors, the infectious agent, or something else related to the cause of Mucormycosis?
1970
yes
Hypermobility spectrum disorders | Marfan syndrome | Loey-Dietz syndrome | Cutis laxa syndromes | Autosomal dominant polycystic kidney disease | Osteogenesis Imperfecta Type 1 | Fibromyalgia | Depression | Chronic fatigue syndrome
Nemolizumab is a monoclonal antibody that targets the interleukin-31 receptor α. It acts as an antagonist of this receptor, down-regulating key pathways involved in the pathogenesis of prurigo nodularis and also involved in pruritus and inflammation in atopic dermatitis.
Colonoscopy | Cost-effective strategy | Preferred strategy
no
Are you asking about factors affecting mortality rates, or are you interested in a specific cause of death in individuals with schizophrenia?
no
yes
yes
United States | North America | eastern US
Melanoma responds to immunotherapy, suggesting that this is the rationale for its use. Melanoma is considered an immunologic malignancy.
no
UBA1 mutation | Somatic mutations in the UBA1 gene
no
Clazosentan | Sitaxentan | Atrasentan | Ambrisentan | Zibotentan
Human Hendra virus infections result from transmission from a horse infected with the virus that is efficient at transmitting it. The person infected also has high exposure to infectious secretions from the horse.
Deficiency of paternally expressed genes in chromosome 15q11-q13 | Absence of certain paternally inherited genes on the long arm of chromosome 15 | Absence of function of genes normally expressed from the paternal chromosome
yes
10 weeks | Less than 25 days | 8 weeks or less
yes
Yes, before the age of 18 | Pediatric MS | POMS
Liver-tropic recombinant AAV2/8 vectors to deliver CRISPR/Cas9 machinery | Co-administration of a non-homologous end joining (NHEJ) inhibitor, vanillin, with the viral drug
Rett syndrome
Insufficient evidence in retrieved documents.
Resemble many other dermatologic conditions | Posterior scalp | Solitary and the eruptive form
Irritable bowel syndrome (IBS) is a multifactorial disorder with several proposed mechanisms. These include abnormal gut motility, visceral hypersensitivity, disturbances in the brain-gut axis, low-grade inflammation, altered gut microbiota, altered gut immune system, increased epithelial permeability, disordered bile salt metabolism, abnormalities in serotonin metabolism, genetic factors, post-infectious changes, and chronic infections. Psychosocial factors and abnormalities in the autonomic nervous system also play a role.
Mutation in MECP2 | Mutations of the X-linked gene encoding methyl-CpG-binding protein 2 (MECP2) | MECP2 rearrangements
MILTON
Nipocalimab is a monoclonal antibody that targets the neonatal Fc receptor (FcRn). By blocking this receptor, nipocalimab decreases systemic IgG, including autoantibodies, and inhibits transplacental IgG transfer, which lowers maternal IgG levels.
Are you asking about theragnostics in general, or are you interested in a specific disease or application?
Intra-articular steroid injections are used to relieve symptoms of knee osteoarthritis and manage pain. However, these injections did not significantly change cartilage and tendon thicknesses.
Cancer-associated fibroblasts (CAFs) contribute to immune evasion in tumors through multiple mechanisms. These mechanisms include physically impeding the immune system, interacting with myeloid and lymphoid cells, secreting cytokines and chemokines, mediating the recruitment and functional differentiation of immune cells, and directly abrogating the function of cytotoxic lymphocytes. These actions collectively promote tumor immune escape.
In what context are you asking about Mantis-ML 2.0 (e.g., a specific disease, research project, or type of data analysis)?
ANGPTL3 | Expression of ANGPTL3 in the liver
Cerebral cortex | Brain | Frontal cortex and parahippocampal gyrus
Varicocele | Most common reversible cause of male infertility
BRAF V600E mutation | BRAF mutations
PTGES2 | RNASET2
yes
Fever | Headache | Arthralgia | Musculoskeletal discomfort | Inflammation | Arthritis | Rash | Neurologic disease | Persistent rheumatic symptoms
Oral valaciclovir | Valaciclovir | Valacyclovir and CMV HIG
ten-eleven translocation (TET) family enzymes | Tet family of enzymes | TET proteins
no
Remibrutinib is an oral, highly selective Bruton tyrosine kinase (BTK) inhibitor. It reduces mast cell activation.
Are you asking about pendelluft in the context of respiratory physiology, mechanical ventilation, or something else?
Incomplete termination of pregnancy | Delayed or excessive bleeding | Need for evacuation of uterus due to incomplete abortion | Haemorrhage requiring transfusion | Pain requiring hospital treatment | Suspected infection | Incomplete evacuation | Excessive postabortal bleeding | Uterine perforation | Retained bone fragments in utero | Persistent vaginal discharge | Severe pelvic pain | Bilateral renal cortical necrosis (BRCN) | Anuric acute renal failure | Septic abortion
no
MiDAS 4
Warts | Hypogammaglobulinaemia | Infections | Myelokathexis | Severe neutropenia | Increase the number of circulating mature neutrophils and lymphocytes
Radiofrequency ablation | Cryoablation | Microwave ablation | Laser ablation | Magnetic resonance-guided focused ultrasound
CMV infection | Congenital cytomegalovirus infection (cCMV) | Congenital rubella
yes
yes
no
Prolactinomas | Parkinson's disease | Cabergoline-resistant prolactinomas
yes
yes
14 | 4 | Insufficient evidence in retrieved documents.
cefepime | enmetazobactam
Ponseti method | Accelerated Ponseti method | Ponseti method with botulinum toxin type A (Botox) injection | Ponseti method with early tibialis anterior tendon transfer (TATT) | Kite method | Surgical treatment | Tibialis anterior tendon transfer (TATT) | Splinting | Stretching
Tezepelumab | Omalizumab | Benralizumab | Mepolizumab | Infliximab | Adalimumab | Etanercept | Rituximab
Are you interested in the impact of these mutations on a specific type of glioma, such as astrocytoma or oligodendroglioma?
NM_017785.5:g.169588475 G > A p.Arg20Gln | p.Arg20Gln | Arg20Gln
Hemophilia B
The Pringle maneuver is used to avoid hemorrhage or reduce intraoperative blood loss during liver surgery, including hepatectomy and hepato-pancreato-biliary surgery. It has also been used in trauma and oncological surgery.
Histoplasma capsulatum favors environments such as confined spaces with bat guano or bird droppings, caves, and areas where soil is disrupted. It is also associated with activities like bird and bat watching.
PD-1 | PD-L1 | CTLA-4
9,950
Chronic rhinosinusitis (CRS) with nasal polyps (NPs) | Asthma | Intolerance to cyclooxygenase-1 inhibitors | Aspirin sensitivity | Nasal polyposis
Inhibiting adenosine triphosphate-citrate lyase (ACL) | Reduces hepatic cholesterol synthesis | Inhibits hepatic cholesterol synthesis
Obesity during adolescence is associated with increased risk of mortality from cardiovascular disease and type 2 diabetes in adulthood, as well as other chronic health conditions and psychosocial issues. It can also lead to greater arterial stiffness. Childhood obesity can also have causal effects on several cancers.
Less than 15 months | 12-15 months | 15-18 months
DrugnomeAI
The Eiffel-by-Night sign is associated with idiopathic hypertrophic pachymeningitis (IHP) and immune-mediated hypersensitivity pneumonitis (HP). It is characterized by a hypointense center ("fibrosis") and enhancing periphery ("active inflammation") in the posterior falx and tentorium. The sign is more commonly associated with IHP.
The current hypothesis is that Guillain-Barre syndrome (GBS) is an immune-mediated or autoimmune disorder affecting the peripheral nervous system. It is often triggered by a recent infection, leading to an immune attack targeting the peripheral nervous system.
CFTR F508del | delta F 508 del mutation | c.1521_1523delCTT (p.(Phe508del))
Extracellular matrix (ECM) | Glioma cells | Glioma stem cells (GSCs) | Immune cells (microglia, macrophages, neutrophils, lymphocytes) | Neuronal cells | Endothelial cells | Astrocytes | Pericytes | Fibroblasts | T cells | B cells | Natural killer (NK) cells | Dendritic cells | Myeloid-derived suppressor cells | Soluble factors | Bone marrow-derived macrophages | Myeloid cells
BioPAXViz
yes
Kisspeptin plays a role in cancer by suppressing metastasis in melanoma and breast cancer and retarding tumor growth in lung carcinoma cells. It also regulates endometrial cancer cell motility and inhibits colorectal cancer cell invasiveness. These findings suggest kisspeptin and related signaling pathways could be therapeutic targets.
Periprosthetic joint infection | Sepsis | Hospital-acquired infections | Neonatal sepsis
no
Are you referring to a specific gene, a genetic test, or something else related to Gene-SCOUT?
yes
yes
phenylketonuria | cystic fibrosis | hemoglobinopathies | Inborn errors of immunity
EGFR amplification | Overexpression of the EGFR gene
Could you please provide more context or specify what you are referring to with "gwRVIS"?
NTLA-2002 is an in vivo gene-editing therapy based on CRISPR-Cas9. It works by targeting the KLKB1 gene, which encodes prekallikrein/kallikrein B1. The intended outcome is lifelong control of angioedema attacks.
Remedy for morning sickness | As an antiemetic | For pleasure
Democratic Republic of the Congo (DRC) | Democratic Republic of Congo
The tumor microenvironment plays a role in the mesenchymal-like (MES-like) state of glioblastoma cells. Macrophages within the tumor microenvironment induce a transition of glioblastoma cells into MES-like states through factors such as oncostatin M (OSM) and glycoprotein nonmetastatic B (GPNMB). This transition is driven by crosstalk between glioblastoma cells and the tumor microenvironment through ligand-receptor interactions.
no
Tumor necrosis factor-like cytokine 1A (TL1A) | TL1A | tumor necrosis factor-like cytokine 1A
Acquired aphasia | Encephalographic alterations | Epileptic seizures | EEG abnormalities | Psychological disturbances | Epileptic fits
Potential health threat to very young children | Cardiovascular disease (CVD) | Stroke | IQ loss in children | Altered testosterone concentrations | Delayed puberty | Neurotoxic impacts
Glioblastoma stem-like cells (GSCs) play a critical role in tumor progression and therapy resistance. They contribute to tumor recurrence and growth, are radioresistant and chemoresistant, and utilize mechanisms to overcome current therapeutic approaches. GSCs are also implicated as mediators of therapeutic resistance and tumor progression.
Simpler to use | Reduced run time
FXI | FXIa
no
N-acetylcysteine | Administration of N-acetylcysteine | Acetylcysteine
TGF-β | IL-10
yes
Secondary syphilis | HIV
Extended operative times | Increased transfusion rates | More frequent returns to the operating room | Longer OR times | Increase in the number of patients going home with a drain
no
E-boxes are DNA control elements that regulate gene transcription by binding transcription factors [1, 4]. The transcription factor MYC binds to E-box sequences to regulate gene expression [2]. Overexpression of c-MYC, which binds to E-boxes, has been observed in many human tumors [5].
Are you referring to a specific medication, a research project, or something else?
Programmed cell death protein 1 (PD-1) | Vascular endothelial growth factor (VEGF)-A
Calcitonin gene-related peptide (CGRP mAb) | Calcitonin-gene-related peptide (anti-CGRP mAb)
Ophthalmologic loa-loa, also known as ocular loasis, refers to ocular conditions caused by the Loa loa nematode. These conditions include pain and redness resulting from the movement of the worm through the subconjunctival space of the eye. Ocular symptoms are secondary to the migration of the worms within the eye.
yes
14,287
Imlunestrant is a next-generation oral selective estrogen receptor (ER) degrader. It is designed to deliver continuous ER target inhibition.
yes
Yes, brain abnormalities have been found in people with anxiety. These abnormalities include aberrant coordination in the striatum, reduced amygdala activation, and functional abnormalities in those with HIV-associated anxiety. Specific anxiety disorders also show distinct anatomical abnormalities, such as those in the orbital frontal regions, basal ganglia, temporal lobe, and hippocampus.
yes
GNB1 | GATAD2A | GBP2 | MACROD1 | EIF5B
Ebola virus infection | EVD | ebolaviruses
Fluid or cystic masses | Surgical trauma related complication | Common complication
yes
Twist | Snail1 | Slug | ZEB1 | ZEB2 | SNAIL | TWIST1 | ZEB1/2
>54,000
Pulmonary embolism | Pulmonary artery occlusion | High risk of PE
no
recombinant measles vaccine expressing foreign virus antigen(s) | DNA vaccines that encode MV-H and MV-F
yes
TET2-CH and increased FLT3 levels
HER2 protein | HER3 protein | NRG1 binding
Uterine cavity and fallopian tubes | Endometrial cavity, fallopian tubes, pelvic peritoneal cavity | Uterus and fallopian tubes
Age 50 | Age 55 | Between 50 and 70 years
yes
rs11665831 | rs11083925 | rs2043211
yes
Activation likelihood estimation (ALE) is a meta-analysis technique used in functional neuroimaging to analyze brain activation patterns. It models reported foci as Gaussian functions, pools them to create a statistical whole-brain image, and facilitates quantitative meta-analysis of neuroimaging results. ALE has advanced voxel-based meta-analysis research.
BRCA1 mutation | BRCA2 mutation | CDKN2A | ARMCs | ERBB2(HER2) | KRAS mutation alleles
Intratumoral heterogeneity in glioblastoma (GBM) contributes to treatment resistance and tumor relapse. The genetic diversity within the tumor allows the most adaptive tumor clones to develop treatment resistance, ultimately leading to disease recurrence. Therefore, treatment procedures are often unsuccessful because of cellular heterogeneity.
Are you asking about the FINDbase database of mutations and allelic variants?
Bortezomib | Lenalidomide | Dexamethasone
yes
The low-FODMAP diet is recommended for people with Irritable Bowel Syndrome. It is considered a first-line therapy to manage symptoms and improve health outcomes.
Macrophages are major non-neoplastic components of the glioblastoma microenvironment that promote tumor proliferation, survival, metastasis, and malignant progression. They can also induce a transition of glioblastoma cells into a mesenchymal-like state. Glioma-associated macrophages and microglia (GAMs) are crucial elements of the glioma tumor microenvironment (TME), regulating tumor growth, invasion, and recurrence.
Half (50%) of patients have undetectable plasma EGFR T790M at disease progression and/or treatment discontinuation. | Fifteen patients (19%) have >1 resistance-related genomic alteration. | MET amplification (14/78, 18%) | EGFR C797X mutation (14/78, 18%)
no
Xylazine is increasingly being found as an adulterant in illicit drugs, such as fentanyl and heroin. This has led to incidents of xylazine poisoning and fatalities. Xylazine's presence is notably high in the fentanyl supply in Philadelphia.
yes
Up to 30-50% | Up to 40% | Up to 50%
Are you asking about the genetic phenomenon, the mythological creature, or something else?
Talquetamab is a bispecific antibody that targets GPRC5D and CD3+ T-cells. It redirects T-cells to target multiple myeloma cells.
Formoterol has a faster onset of action | Formoterol's duration of action is shorter | Numeric improvements in the 6MWT and rescue medication use were also observed with formoterol.
yes
The main function of plasmacytoid dendritic cells (pDCs) is to participate in the antiviral response and orchestrate innate and adaptive responses. They achieve this primarily through the recognition of pathogens and the subsequent secretion of high levels of type I interferons.
*   UBASH3A
*   PRKD2
*   ETS2
*   AP003774.1/CCDC88B
*   SH2B3
Glucose-dependent insulinotropic polypeptide (GIP) receptors | Glucagon-like peptide-1 (GLP-1) receptors
no
Diminishing the incidence of pneumothorax post-lung biopsy | Scoliosis surgery | Recalcitrant, bilateral phono-traumatic lesions
PD-1 | TIGIT | TIM3 | LAG3
High-resolution 'patient-centric' omics data sets | Advanced in silico tools (systems biology, connectivity mapping, and machine learning) | 'State-of-the-art' experimental systems (complex 3D systems in vitro, CRISPR gene editing, and various model biological systems in vivo)
velpatasvir | sofosbuvir
Phosphorylated tau (P-tau181) | Amyloid-beta (Abeta)42/40 | Glial fibrillary acidic protein (GFAP) | Neurofilament light (NfL) | APOD | B2M | CFH | CLU | C3
Based on the provided documents, multiple types of poliovirus vaccines are currently used. These include inactivated poliovirus vaccine (IPV), bivalent OPV (bOPV), a new type 2 OPV (nOPV2), and trivalent OPV (tOPV).
T central memory (TCM) | central memory | CD45RO+CCR7+
Xalnesiran is a small interfering RNA (siRNA) molecule. It functions by targeting a conserved region of the hepatitis B virus (HBV) genome and silencing multiple HBV transcripts.
Are you asking about Tenecteplase as a medication?
yes
Reactive | Constructive | Invasive
CLDN18.2 | Claudin 18.2
Tonkinensisol | Bayin | Vitexin | Lupeol | Cytisine | Sophocarpine | Matrine | Lehmannine | Sophoranol | Oxymatrine | Oxysophocarpine | (-)-14 beta-hydroxymatrine | (-)-5 alpha-hydroxysophocarpine | (-)- N-methylcytisine | Tonkinochromane I | Glabrol | Lupinifolin | 8-C-prenylkaempferol | 7,2'-dihydroxy-4'-methoxy-isoflavanol | Formononetin | Genistein
Medication | High-risk surgery (gastrointestinal, cardiothoracic) | Iatrogenic trauma of non-cardiological origin | Opioid-related death | Anesthetic mishaps
Chromosome 10q | Chromosome 19q | LOH on chromosome 10
Nexiguran ziclumeran (nex-z) is an investigational therapy based on CRISPR-Cas9. It targets the gene encoding transthyretin (TTR).
yes
yes
CCL2 | CCL7 | CXCL12
yes
Anthropogenic gadolinium is gadolinium introduced into the environment by humans, primarily from the use of gadolinium-based contrast agents in magnetic resonance imaging (MRI). It is detected in water systems, including rivers and groundwaters, often entering through wastewater treatment plant effluents.
Testicular neoplasms | Epididymo-orchitis
yes
yes
The primary symptoms of Ankylosing Spondylitis (AS) are inflammatory back pain and stiffness. Other symptoms include peripheral joint involvement, potential extra-articular manifestations (eyes, heart, lungs), and reduced spinal flexibility and mobility. Morning stiffness and dull low back pain that improves with exercise are also characteristic symptoms.
Girls with ADHD often present with inattention, internalizing problems, and emotional dysregulation, and these symptoms can persist or worsen into adolescence. Compared to boys, girls with ADHD tend to exhibit fewer hyperactive and impulsive behaviors, with attention deficits and verbal aggression being more common. They also face a heightened risk for problems in close relationships and self-harm.
enhancer hijacking | Hijacked enhancer-promoter loops | enhancer-promoter loops
Vutrisiran is an RNA interference therapeutic that inhibits the production of hepatic transthyretin by acting on the 3'-untranslated regions of target mRNAs, resulting in rapid TTR knockdown.
Active components | Cytotoxic agents | Hyper-toxic payloads
yes
Tumor Treating Fields (TTFields) therapy is a locoregional anticancer treatment for glioblastoma (GBM). TTFields disrupt mitosis in cancerous cells, leading to mitotic arrest and apoptosis. TTFields are FDA-approved for use in newly diagnosed and recurrent GBM.
Colony-stimulating factor 1 receptor (CSF-1R) | CSF1R
Molecular polaritons are formed through strong interactions between light and matter. This occurs via light-matter coupling between optical resonances and molecular electronic or vibrational transitions, or when molecular transitions interact strongly with confined electromagnetic fields. The resulting hybrid states possess both photonic and molecular characteristics.
no
Bone marrow | Bone marrow-derived myeloid cells from the periphery | Infiltrating macrophages
Capecitabine | Irinotecan
Nucleic acid sequences | Synthetic single-stranded short nucleotides or peptides | Single-stranded short nucleotides
yes
Restricting antigen recognition | Inhibiting the immune system | Inducing T cell exhaustion | Accumulating specific metabolites within the TME | Accumulating signal factors within the TME | Limiting the nutrients available to immune cells | Camouflage (hiding cancer cells from immune recognition) | Coercion (directly or indirectly interfering with immune effector cells) | Cytoprotection (shielding malignant cells from immune cytotoxicity) | Downregulating antigen presentation | Rendering the HLA class I antigen presentation system defective | Change of tumor immunogenicity | Production of tumor-derived regulatory molecules | Interaction of cancer cells with tumor-infiltrating immune cells
HIV | Multidrug-resistant HIV | HIV-2
yes
Dopamine agonists | Stellate ganglion block | Botulinum toxin | Intravenous ferric carboxymaltose
Are you asking about the RankMHC software, or something else?
13% | mixed features, 13% | unclassified group (mixed features, 13 %)
Sildenafil | Vardenafil
The pathophysiology of irritable bowel syndrome (IBS) is multifactorial and includes epithelial barrier dysfunction. The intestinal epithelial barrier is compromised throughout the gastrointestinal tract, with IBS-soluble mediators increasing Caco-2 permeability via a downregulation of tight junction gene expression. Furthermore, blood vessel density and vascular permeability are increased in the IBS colonic mucosa.
AXL is overexpressed in various hematologic and solid malignancies, driving processes like epithelial to mesenchymal transition, tumor angiogenesis, and resistance to therapies. Its inhibition can block tumor formation, highlighting its role in malignancy and potential as a therapeutic target.
yes
Neurodegenerative disorder with spasticity, ataxia, neuropathy, and optic atrophy
Chemotherapy agents' combinations (fluoropyrimidine, irinotecan and oxaliplatin), with or without targeted agents (cetuximab, panitumumab, bevacizumab) | FOLFOXIRI-Bev | mFOLFOXIRI and bevacizumab
yes
Aedes genus | Aedes aegypti | Aedes albopictus
TFAP2A | FOSL1 | CEBPG
Interruptions in complex motifs | Benign (AAAGG expansions) | Part of pathogenic AAAGG repeat configuration expansions
no
Toxic megacolon | Functional symptoms reminiscent of Post-Infectious Irritable Bowel Syndrome (PI-IBS) | Pseudomembranous colitis (PC)
overweight/obese | irregular menstrual cycle/chronic anovulation | hyperandrogenism | infertility | acne | hirsutism | insulin resistance | menstrual abnormalities
OLIG2 | ASCL1 | SOX10 | NKX2.2
POPLAR (NCT01903993) | OAK (NCT02008227)
Total colectomy with ileorectal anastomosis | Proctocolectomy with stapled or hand-sewn ileal pouch-anal anastomosis | Total proctocolectomy with end ileostomy | Total proctocolectomy with ileostomy | Continent ileostomy
no
Repeat cesarean delivery | Nonreassuring fetal status | Malpresentation | Maternal indications (e.g., placenta previa or genital herpes simplex virus) | Failed labor (any stage labor arrest) | Fetal anomaly | Elective | Foetal distress | Cephalo-pelvic disproportion | Antepartum haemorrhage | Mal-position | PROM | Prolonged labour | Cord prolapse | Post-dated pregnancy | Severe pre-eclampsia | Secondary subfertility | Hypertension | Ophthalmological | Uterine myomas | Women heart diseases | Pelvic pathology | Neurological disorders | Obstructed labour | Previous CS | Failure of progress | Impending danger to maternal or fetal life
melanocytic | transitory | neural crest-like | undifferentiated | mesenchymal-like
BioASQ Synergy
Trifluridine/Tipiracil's increased activity compared to other fluoropyrimidines is due to its primary mechanism of action involving incorporation into DNA, leading to DNA dysfunction, whereas other fluoropyrimidines primarily inhibit nucleotide synthesis. Additionally, tipiracil increases trifluridine exposure by inhibiting its degradation, improving its bioavailability.
yes
2-8% | 3.04% | 3-8%
yes
yes
Right ventricular outflow tract obstruction | Ventricular septal defect | Abnormally located aorta (overriding aorta) | Right ventricular hypertrophy
While several chromosomal regions and genes are implicated in bipolar disorder, including a specific polymorphism in ADCY2, no single gene or mutation has been definitively identified as the cause of the disorder [1, 3, 5].
Hypoxia influences GBM cell states, inducing a shift towards mesenchymal-like (MES) and astrocyte-like (AC) states. In IDH-mutant gliomas, hypoxia induces a shift to the AC state, while in IDH-wildtype gliomas, cells shift mainly to the MES state. Hypoxia also acts as a long-range tissue organizer in glioma.
20% increase
Baclofen reduces the release of excitatory neurotransmitters in pre-synaptic neurons while stimulating inhibitory neuronal signals in post-synaptic neurons. It is a gamma-aminobutyric acid (GABA) receptor agonist and reduces spastic hypertonia of striated muscle due to a mechanism of GABA.
Lactic acidosis | Gastrointestinal adverse effects | Diarrhoea | Decreased serum vitamin B12 concentrations
neural progenitor-like (NPC-like) | oligodendrocyte progenitor-like (OPC-like) | astrocyte-like (AC-like) | mesenchymal-like (MES-like)
yes
Wide local excision | Mohs micrographic surgery | Wide surgical resection
Aedes aegypti | Mosquitoes | vector of dengue viruses
yes
Could you specify which ethnicity or geographic location you're interested in?
yes
Trypanosoma brucei | Protozoan parasites of the genus Trypanosoma | Trypanosoma brucei gambiense and Trypanosoma brucei rhodesiense
MCAT element | M-CAT (GGTATG) | M-CAT 5'-CATTCCT-3'
Could you please specify what type of Variant Ranker you are referring to (e.g., a specific software, a ranking method for genetic variants in a particular disease, etc.)?
yes
yes
EGFRvIII | EGFR variant type III | EGFR variant III
Myocardial infarction (MI) | Increased cardiovascular (CV) events | Cardiovascular (CV) mortality | Overall mortality
Rare and severe adverse drug reaction | Severe multiorgan adverse drug reaction | Drug reaction with eosinophilia and systemic symptoms
Type 2 diabetes mellitus | Muscular symptoms | Liver toxicity | Kidney diseases | Cataracts | Hemorrhagic strokes | Psychiatric complications | Myopathy | Rhabdomyolysis | Peripheral neuropathy | Impaired myocardial contractility | Autoimmune diseases | Liver damage
Could you please specify what aspect of oncoEnrichR you'd like to know more about?
Endocrine endometriosis therapy | Transvaginal ethanol sclerotherapy | Surgical approaches | Ethanol Sclerotherapy | Laparoscopic Excision | Surgery
Hypothyroidism and depression are often comorbid, with subclinical hypothyroidism being prevalent in major depressive disorder. However, the causal relationship between different types of hypothyroidism and the risk of major depression remains unclear. The relationship between depression and thyroid diseases requires further research.
SEGCOND
Umbilical cord Wharton's Jelly | Wharton's jelly | WJ
Cardiotropic viruses | Cardiotropic enteroviruses (Coxsackieviruses B) | Parvovirus B19 | Human herpes virus 6
Germline-mediated immunoediting influences somatic evolution, and individuals with a high germline-epitope burden in certain genes are less likely to develop specific breast cancer subtypes. Tumors that overcome this immunoediting are more aggressive and exhibit an "immune cold" phenotype.
Osteoarthritis | Cancer | Type 2 diabetes mellitus
There is evidence for potential biomarkers of depression, including sNfl, MDD-related metabolites, inflammatory responses, and metabolic markers. However, there is currently no defined or agreed-upon biomarker for depression that can be readily tested.
Multisystem syndrome | Neurodevelopmental phenotypes | Cardiac dysrhythmias | Frequent infections | Developmental delay | Early-onset epilepsy | Hypotonia
Anesthesia | Sevoflurane with Desflurane Anesthesia | sevoflurane- and desflurane-induced anesthesia
Insufficient evidence in retrieved documents.
POLR2M
Heart
yes
yes
Plasma membrane repair | Escape of the pathogen from the phagosome into the cytosol | Pore forming
0.89-2.6 per 1000 women | 1.1 to 16.7 per 1000 births | 1.1 per 1000
Maintaining cholesterol homeostasis | Regulates cholesterol homeostasis | Key role in maintaining cholesterol homeostasis
no
Herpes genital infection can manifest as recurrent, self-limited genital ulcers, and may extend to the buttocks and thighs. Additional manifestations include necrotic ulcers of the labia minora, urinary retention, discomfort, pain and burning sensation and swelling of the vulva, and ulcerated and crustal lesions of the vagina and cervix.
Early childhood onset distal myopathy with chronic neurogenic features | Early infantile epileptic encephalopathy-5 (EIEE5)
Berberine alleviates ischemic brain injury and cerebral ischemia/reperfusion injury. It improves nerve function deficits in ischemic stroke by inhibiting inflammation and attenuates neuronal apoptosis induced by cerebral ischemia-reperfusion injury. Berberine also confers neuroprotective effects.
Eating disorders commonly co-occur with ADHD, and ADHD symptoms are associated with disordered eating, including binge eating. Both conditions are linked to difficulties with inhibitory control. Binge eating disorder is the most common eating disorder and is frequently associated with ADHD.
ORM1 regulates cell-free DNA (cfDNA) levels in plasma. ORM1 is a potential regulator of plasma levels of cell-free DNA.
yes
Evolving dementia in conjunction with neurological symptoms such as ataxia, myoclonus, pyramidal and extrapyramidal signs | Isolated visual symptoms | Isolated anomic aphasia | Non-convulsive status epilepticus | Psychiatric and visual symptoms | Epileptic seizures | Otologic symptoms | Presentation as an acute vascular event
SATB1
Neoantigens are created through several mechanisms. These include the expression of nonsynonymous mutations resulting in mutant proteins, aberrant gene expression, alternative splicing events, and RNA transcription/splicing errors. These processes lead to the formation of tumor-specific antigens.
Viral infection | Vascular occlusion/factors/insufficiency | Cochlear membrane rupture/tear away of labyrinthine membranes | Acoustic trauma | Allergy | Unknown/idiopathic causes | Neurovascular conflict | Autoimmune disorder | Stress | Neoplasm | Stroke | Irradiation
clinical data | neuromuscular imaging | neuromuscular histopathology | biological data | genetic data | patient-reported outcomes
Ovary, fallopian tube, or surrounding tissues
Insufficient evidence in retrieved documents.
SEQUOIA is a transformer model that predicts cancer transcriptomes from whole-slide histology images. It is pre-trained on normal tissues and fine-tuned on tumor samples from nine cancer types. The model's performance is evaluated at the gene and pathway levels.
Regulates cell adhesiveness, migration and activation | Mediates cell-to-cell communication | Prevents phagocytosis
no
yes
Chronic | Chronic inflammatory lung disease | Chronic lung disorder
yes
yes
neurokinin 3 receptor | NK3R
Miscarriage | Pregnancy complications | Risk of spontaneous abortion
Palivizumab | Nirsevimab | Monoclonal antibodies
The cancer-immunity cycle is a series of events required for immune-mediated control of tumor growth and the generation of anti-cancer immune responses. It is an iterative process initiated by T cell killing of tumor cells, which leads to antigen presentation and T cell stimulation. Interruption of one or more steps of the cycle enables tumors to evade immunosurveillance.
Iptacopan is an oral, selective, and highly potent complement inhibitor. It functions by specifically binding to factor B and inhibiting the alternative pathway (AP).
NAFLD | MAFLD
The genetic basis of addiction involves multiple genes and genetic variations. OPRM1 variants are linked to opioid addiction, TAAR1 polymorphisms to methamphetamine use, and CNR1 and FAAH gene mutations to dependence on various drugs. Differentially expressed genes such as MAPKs, STAT, IRF7, and TNF are also implicated in alcohol use disorder.
no
CD19 | CD3
Erdosteine is being investigated as a treatment for bronchiectasis. A pilot study showed some benefits of Erdosteine in elderly patients with bronchiectasis and chronic mucus hyper-secretion when used with chest physiotherapy. A multicentre, double-blind, randomised controlled trial is also being conducted to study Erdosteine in children and adults with bronchiectasis.
no
yes
yes
Praziquantel (PZQ) | Metrifonate | Artemisinin compounds
Radiomic features | Tissue characteristics | Lesion characteristics | Heterogeneity | Shape | Histogram | Shape-based features | Texture-based features | Wavelet features | Gray Level Co-Occurrence Matrix (GLCM) | Run-Length Matrix (RLM) | Gray size area matrix | Gray co-occurrence matrix features | Gray level size zone matrix (GLSZM) | Gray level dependence matrix (GLDM) | Morphology | Statistic/histogram | Texture features
Recurrent Clostridioides difficile infections | Chronic diarrhea | Colorectal Cancer | Clostridium difficile infection
yes
Dendritic cells (DCs)
yes
Autistic girls were more likely to have parent-reported depression and anxiety compared to autistic boys. | Girls with ASD had lower IQs than boys. | Severity of symptoms of ASD was greater in boys than in girls. | Scores on psychopathological measures were greater in boys than in girls. | With increasing age, boys with ASD showed greater impairment in social communication skills than girls. | Older girls showed fewer restricted and repetitive behaviors. | Girls had higher reported instances of Bullying. | Girls had less Anger Control. | Girls had poorer Emotional Self-Control. | Higher overall levels of parent-reported repetitive and restricted behavior symptoms were less predictive of an autism spectrum disorder diagnosis in girls than in boys. | Higher overall levels of parent-reported emotional and behavioral problems increased the probability of an autism spectrum disorder diagnosis more in girls than in boys.
IgG | IgM | IgA | IgD | IgE
suvorexant | daridorexant | lemborexant
no
Are you asking about the general concept of radiomics, or are you interested in its application to a specific disease or condition?
Unknown | Disputed | Neuroinflammation (underlying pathological mechanism)
Traditional Chinese fitness exercises | Eggshell powder and vitamin D | Balanced diet with adequate intake of calcium and vitamin D | Regular exercise | Measures to prevent falls or to minimize their impact | Smoking cessation | Moderation of alcohol intake | Estrogen replacement therapy | Healthy lifestyle behaviors | Medroxyprogesterone acetate
Astrocytes play a key role in numerous functions within the CNS, including maintaining homeostasis of ions, pH, and neurotransmitters; regulating blood flow; and modulating synapses. They also provide structural, metabolic, and trophic support to neurons, contribute to defense against oxidative stress, energy storage, tissue repair, and clearance of protein aggregates. Additionally, astrocytes regulate synapse formation and elimination, blood-brain barrier integrity, and immune function.
no
Obesity | Metabolic dysfunction-associated steatotic liver disease (MASLD) | Radiation | No significant association between seafood intake and the risk of thyroid cancer.
no
Macintosh-style VL device | Hyper-angulated VL device | Channeled VL device | KingVision® (channelled) | C-MAC® (non-channelled) | A.P. Advance | C-MAC PM | Channeled blade KingVision
yes
The M1/M2 macrophage paradigm in the tumor microenvironment involves M1 macrophages, which are historically regarded as anti-tumor, initiating an immunological response. M2 macrophages, often called tumor-associated macrophages (TAMs), are pro-tumorigenic, contributing to angiogenesis, immune suppression, and metastasis. The tumor microenvironment influences macrophage polarization, leading to these outcomes.
Surgical procedure for GERD | Effective treatment for gastroesophageal reflux disease | Antireflux surgical treatment
Complete or partial absence of a single X chromosome | 45, X | 45, X/46, XX mosaicism
Mitochondria | Single mitochondrion
neonates | children
diarrhea | abdominal bloating | dyspepsia | iron deficiency anemia | infertility/miscarriages | dermatitis | osteoporosis | elevated transaminase levels | irritable bowel syndrome | neurological disorders | dermatological disorders | joint disorders | respiratory disorders | meteorism | nausea
yes
Are you asking about urolithiasis in humans or in animals?
*Legionella pneumophila* can be acquired from public bath facilities and wastewater treatment plants. These are major sources of Legionella infections and Legionnaires' disease, respectively.
The choroid plexus (ChP) serves as a gateway for immune cells to enter the CSF, enabling continuous immune surveillance by cells like CD4+ T cells, macrophages, and dendritic cells. It regulates immune cell trafficking, and its epithelial cells, macrophages, and dendritic cells play a role in controlling immune responses within the nervous system, especially during disease and trauma.
yes
Snake antivenoms can target multiple components from different snake species. They can be traditional plasma-derived antivenoms or can be created using biotechnological innovations, including recombinant antibodies, small-molecule drugs, monoclonal antibodies and synthetic antivenoms. The available treatment is serotherapy.
Could you please clarify the context of your question? Are you asking in relation to a specific disease, treatment, or research area?
A gastric pacemaker uses non-excitatory stimulation to influence the amplitude of gastric contraction. It modulates slow wave activity and can potentially restore rhythmic slow wave activity. It is a potential treatment option for GI motility disorders.
yes
*   Immune checkpoint inhibitors (ICIs)
*   Cancer vaccine
*   Adoptive cell transfer (ACT)
*   Chimeric antigen receptor-T (CAR-T) cell therapy
*   Monoclonal antibodies
*   Cytokines
*   Cellular immunotherapy
*   Vaccines
yes
Could you please specify what you'd like to know about phobias affecting humans? For example, are you interested in types, causes, treatments, or something else?
Convolutional neural networks can be used for automated segmentation and radiomics feature extraction. CNN models can achieve high agreement with manual delineation for extracting first-order radiomics features. Furthermore, CNN performance can potentially be improved by incorporating shape and texture features, which are characteristic of radiomics, as auxiliary inputs.
Graves' disease is an autoimmune disorder and the most common cause of hyperthyroidism. It is characterized by autoantibodies that stimulate the thyroid hormone receptor, leading to overproduction of thyroid hormones. Genetic factors contribute to the risk of developing Graves' disease.
yes
Phosphorylation | Ubiquitination | Glycosylation | Methylation | SUMOylation | Short-chain acylation modifications | Long-chain acylation modifications | Redox modifications | Acetylation | Lactylation | Succinylation | Carboxylation | Hydroxylation | Sulfation | Amidation | Palmitoylation
yes
G. duodenalis | Hookworm | Schistosoma haematobium | Schistosoma mansoni
Acetylcholine (ACh) | Nicotinic acetylcholine receptors (nAChRs)
Gadolinium-based contrast agents (GBCA) use | Gadolinium-containing agents | Gadolinium-based contrast agents
yes
Tumor angiogenesis | Growth | Metastasis | Evasion of immune destruction
X inactivation | Transcriptional silence | Epigenetic silencing of multiple genes
20 to 50 years | 30-50 years | 37±14.7
Oligodendrocytes | Microglia | Astrocytes
Are you asking about a specific gene, condition, or something else related to BIONDA?
unipolar depression | schizophrenia spectrum | psychotic disorder | bipolar disorder | treatment-resistant major depression | treatment-resistant schizophrenia | treatment-resistant mood disorder/psychosis | catatonia | neuroleptic malignant syndrome | refractory self-injurious behavior
gain of chromosome 7 | chr 7 gain
HER2 | ERBB2
HIV infection can be diagnosed by detecting antibodies to the virus, the viral p24 antigen, viral nucleic acid, or by culturing HIV. A common approach involves a screening test with an enzyme immunoassay (EIA) or ELISA, followed by a confirmatory Western blot test. In infants under 18 months, virologic assays like HIV DNA PCR and HIV RNA detection are used.
Are you asking about SNPs and mutations in the context of a specific gene or condition?
Yes, melatonin is found in human milk. The concentration is higher at night and elevated in colostrum.
Are you interested in a specific type of alopecia?
Phenotype switching in melanoma refers to the dynamic shifting between different transcriptional states or phenotypes. This involves changes in cell cycle states, invasiveness, signaling pathways, and immune cell composition. This plasticity confers advantages to the tumor and can promote metastasis.
Neoantigens are mutated antigens specifically generated by cancer cells but absent in normal cells. They are derived from somatic mutations in tumors and are highly immunogenic, capable of activating T cells to generate an immune response. Neoantigens can be gained and lost throughout tumorigenesis and treatment.
yes
NFIA | ATF3 | RUNX2 | ZBTB20 | SOX transcription factors
yes
Anaerobe | Anaerobic bacterium
Improve glycemic control | Reduce insulin dosing | Reduce risk of hospitalization for heart failure | Improve cardiovascular outcomes | Promote weight loss | Provide cardiovascular and kidney benefits to patients with heart failure and/or chronic kidney disease | Improve clinical outcomes for patients with heart failure and a left ventricular ejection fraction greater than 40%
Escherichia coli | Uropathogenic Escherichia coli (UPEC) | Klebsiella spp.
yes
Asymptomatic | Lower abdominal discomfort | Salpingitis | Pelvic peritonitis | Peritonitis in the upper abdomen
